,Tipo do Ato,Nome do Servidor Substituto,Matrícula do Servidor Substituto,Nome do Servidor a ser Substituido,Matrícula do Servidor a ser SubstituidoCargo,Símbolo do cargo do servidor substituto,Cargo comissionado objeto da substituição,Símbolo do cargo do objeto da substituição,Símbolo do cargo comissionado objeto da substituição,Hierarquia da Lotação,Órgão,Data Inicial da Vigência,Data Final de Vigência,Matrícula SIAPE,Motivo,text
0,Substituição de Funções, EDUARDO ALVES DE ALMEIDA NETO,25.235-2,nan,92.937-9,nan,CNE-06,nan,,nan,nan,nan,nan,nan,nan,"Designar EDUARDO ALVES DE ALMEIDA NETO, matricula no 25.235-2, Subsecretario da
Receita, Simbolo CNE-06, para substituir, interina e cumulativamente, sem acumular vencimen-
tos, VALDIVINO JOSE DE OLIVEIRA, matricula no 92.937-9, Secretario de Fazenda e Planeja-
mento do Distrito Federal, Simbolo CNE-03, no periodo de 17 a 27 de janeiro de 2002, por
motivo de ferias regulamentares"
1,Substituição de Funções, RANDEL MACHADO DE FARIA,106.888-1,nan,nan,nan,DFG-14,nan,nan,nan,nan,nan,nan,nan,nan,"Designar RANDEL MACHADO DE FARIA, matricula no 106.888-1, Gerente de Administra-
cao Geral, da Diretoria de Apoio Operacional, para responder, interina e cumulativamente, sem acumular salarios, pelo Cargo em Comissao, Simbolo DFG-14, de Diretor de Apoio Operacional,
da Secretaria de Estado de Coordenacao das Administracoes Regionais do Distrito Federal, ate a
nomeacao do novo titular"
2,Substituição de Funções, JUSCELINO SANTANA GUEDES,30.257-0,"AMAURI
JOSE LARA",92.364-8,Chefe do Nucleo de Apoio Tecnico-Administrativo,nan,nan,nan,nan,nan,nan,nan,nan,nan,"Designar JUSCELINO SANTANA GUEDES, matricula no 30.257-0, para substituir AMAURI
JOSE LARA, matricula no 92.364-8, Chefe do Nucleo de Apoio Tecnico-Administrativo, Simbo-
lo DFG-07, da Gerencia de Arrecadacao da Subsecretaria da Receita  da Secretaria de Fazenda e
Planejamento do Distrito Federal, no periodo de 13 a 27 de fevereiro de 2002, por motivo de
ferias regulamentares"
3,Substituição de Funções, a servidora Jacy Freire Frazao,39.816-0,nan,"Processo  Ormezinda Pacheco e Silva 
Floricena Maria de Souza 
Marilene da Costa Baptista Carvalho  21.570-8 
22.391-3 
30.836-6 
040.004.742/01  Jose Carneiro de Souza 
Antonio Claudio Pimentel Mota 
38.999-4 
39.753-9 
040.001.895/01   
SALMA ALVES RODRIGUES
Presidente FUNDACAO DE APOIO A PESQUISA DO DISTRITO FEDERAL
DIVISAO DE APOIO OPERACIONAL DESPACHO DA DIRETORA SERVIDOR: LEVAIR APARECIDO DA CRUZ
MATRICULA: 46.174-1
Conceder na forma do artigo 97",nan,nan,nan,nan,nan,nan,nan,nan,nan,nan,"Designar a servidora Jacy Freire Frazao, matricula 39.816-0, como secretaria e os demais mem-
bros integrantes desta CPTCE  que atuarao nos processos de TCE abaixo descritos:
Nome  Matricula  Processo  Ormezinda Pacheco e Silva 
Floricena Maria de Souza 
Marilene da Costa Baptista Carvalho  21.570-8 
22.391-3 
30.836-6 
040.004.742/01  Jose Carneiro de Souza 
Antonio Claudio Pimentel Mota 
38.999-4 
39.753-9 
040.001.895/01   
SALMA ALVES RODRIGUES
Presidente FUNDACAO DE APOIO A PESQUISA DO DISTRITO FEDERAL
DIVISAO DE APOIO OPERACIONAL DESPACHO DA DIRETORA SERVIDOR: LEVAIR APARECIDO DA CRUZ
MATRICULA: 46.174-1
Conceder na forma do artigo 97, item III alinea b, da lei 8.112/90, Licenca Nojo por 08 (oito) dias
consecutivos, a partir de 19/12/2001, conforme certidao de obito n.o 547, livro 10-C, folha 36,
apresentado em 16/01/2002"
4,Substituição de Funções, GIBRAIL NABIH GEBRIM,60.312-0,a Subsecretaria de Suporte Educacional da Secre,nan,nan,nan,nan,nan,nan,nan,nan,nan,nan,nan,"DESIGNAR GIBRAIL NABIH GEBRIM, matricula no 60.312-0, Diretor da Diretoria de Enge-
nharia, Producao e Manutencao, para substituir a Subsecretaria de Suporte Educacional da Secre-
taria de Estado de Educacao do Distrito Federal, CNE-05, no periodo de 16/1/02 a 30/1/02, por
motivo de ferias de seu titular"
5,Substituição de Funções, ELIANA MOYSES MUSSI FERRARI,77.226-7,a Subsecre,nan,nan,nan,nan,nan,nan,nan,nan,nan,nan,nan,"DESIGNAR ELIANA MOYSES MUSSI FERRARI, matricula no 77.226-7, Diretora da Diretoria
de Pesquisa da Subsecretaria de Planejamento e de Inspecao do Ensino, para substituir a Subsecre-
taria de Planejamento e de Inspecao do Ensino da Secretaria de Estado de Educacao do Distrito
Federal, CNE-05, no periodo de 17/1/2002 a 31/1/2002, por motivo de ferias de seu titular"
6,Substituição de Funções, a servidora Mariza de Souza Silva,nan,nan,nan,nan,nan,nan,nan,nan,nan,nan,nan,nan,nan,"Designar a servidora Mariza de Souza Silva, Tecnico de Administracao Publica Ag"
7,Substituição de Funções, o servidor Jose Roberto Piveta,133.333-X,a Chefe do Nucleo de Operacao de Com,nan,nan,DFG-07,nan,nan,nan,nan,nan,nan,nan,nan,"Designar o servidor Jose Roberto Piveta, Assistente Intermediario de Saude II (Operador de
Computador), Matricula no 133.333-X, para substituir a Chefe do Nucleo de Operacao de Com-
putadores da Gerencia de Suporte Tecnico da Diretoria de Gestao de Tecnologia da Informacao da
Subsecretaria de Planejamento e Politicas de Saude da Secretaria de Estado de Saude do Distrito
Federal, Simbolo DFG-07, no periodo de 07 a 21 de janeiro de 2002, por motivo de ferias"
8,Substituição de Funções, o servidor Levite Goncalves da Silva Filho,128.115-1,"o Gerente de Sistemas de Saude
da Diretoria de Gestao de Tecnologia da Informacao da Subsecretaria de Planejamento e Politicas
de Saude da Secretaria de Estado de Saude do Distrito Federal",nan,nan,DFG-11,nan,nan,nan,nan,nan,nan,nan,nan,"Designar o servidor Levite Goncalves da Silva Filho, Assistente Intermediario de Saude II (Ope-
rador de Computador), Matricula no 128.115-1, para substituir o Gerente de Sistemas de Saude
da Diretoria de Gestao de Tecnologia da Informacao da Subsecretaria de Planejamento e Politicas
de Saude da Secretaria de Estado de Saude do Distrito Federal, Simbolo DFG-11, no periodo de
17 de janeiro a 02 de fevereiro de 2002, por motivo de ferias"
9,Substituição de Funções, a servidora Maria Aparecida Ferreira Fonseca,108.807-6,"o Chefe do Nucleo de Contabilidade
Patrimonial da Gerencia de Contabilidade da Diretoria de Contabilidade e Financas da Subsecre",nan,nan,DFG-,nan,nan,nan,nan,nan,nan,nan,nan,"Designar a servidora Maria Aparecida Ferreira Fonseca, Assistente Intermediario de Saude (Agente
Administrativo), Matricula no 108.807-6, para substituir o Chefe do Nucleo de Contabilidade
Patrimonial da Gerencia de Contabilidade da Diretoria de Contabilidade e Financas da Subsecre-
taria de Apoio Operacional da Secretaria de Estado de Saude do Distrito Federal, Simbolo DFG-
07, no periodo de 21 de janeiro a 09 de fevereiro de 2002, por motivo de ferias"
10,Substituição de Funções, o servidor Cesar Eduardo Goncalves,133.303-8,a Chefe do Nucleo de Manu,nan,nan,nan,nan,nan,nan,nan,nan,nan,nan,nan,"Designar o servidor Cesar Eduardo Goncalves, Assistente Intermediario de Saude II (Artifice 
Carpintaria e Marcenaria), Matricula no 133.303-8, para substituir a Chefe do Nucleo de Manu-
tencao Predial da Gerencia de Execucao e Supervisao da Diretoria de Engenharia e Tecnologia da Subsecretaria de Apoio Operacional da Secretaria de Estado de Saude do Distrito Federal, Simbo-
lo DFG-07, no periodo de 15 de fevereiro a 01 de marco de 2002, por motivo de ferias"
11,Substituição de Funções, a servidora Talissa Giesel,140.981-6,o Gerente de Contro,nan,nan,DFG-11,nan,nan,nan,nan,nan,nan,nan,nan,"Designar a servidora Talissa Giesel, Matricula no 140.981-6, para substituir o Gerente de Contro-
le de Reservatorios e Zoonoses da Diretoria de Vigilancia Ambiental da Subsecretaria de Vigilancia
a Saude da Secretaria de Estado de Saude do Distrito Federal, Simbolo DFG-11, no periodo de 02
a 21 de janeiro de 2002, por motivo de ferias"
12,Substituição de Funções, a servidora Maria de Fatima Pimenta Weitzel,nan,nan,nan,nan,nan,nan,nan,nan,nan,nan,nan,nan,nan,"Designar a servidora Maria de Fatima Pimenta Weitzel, Ag"
13,Substituição de Funções, a servidora Mariza de Souza Silva,nan,nan,nan,nan,nan,nan,nan,nan,nan,nan,nan,nan,nan,"Designar a servidora Mariza de Souza Silva, Tecnico de Administracao Publica Ag"
14,Substituição de Funções, o servidor Sebastiao Geraldo G,nan,nan,nan,nan,nan,nan,nan,nan,nan,nan,nan,nan,nan,Designar o servidor Sebastiao Geraldo G
15,Substituição de Funções, a servidora Nemizia Farias Souza,127.605-0,"o Chefe do Nucleo de Servicos Contratados
da Gerencia de Apropriacao de Custo da Diretoria de Contabilidade e Financas Subsecretaria de
Apoio Operacional da Secretaria de Estado de Saude do Distrito Federal",nan,nan,DFG-07,nan,nan,nan,nan,nan,nan,nan,nan,"Designar a servidora Nemizia Farias Souza, Assistente Intermediario de Saude II (Agente Admi-
nistrativo), Matricula no 127.605-0, para substituir o Chefe do Nucleo de Servicos Contratados
da Gerencia de Apropriacao de Custo da Diretoria de Contabilidade e Financas Subsecretaria de
Apoio Operacional da Secretaria de Estado de Saude do Distrito Federal, Simbolo DFG-07, no
periodo de 14 de janeiro a 02 de fevereiro de 2002, por motivo de ferias"
16,Substituição de Funções, o servidor Apenzeler Ribeiro Dutra,134.949-X,"o Chefe do Nucleo de Pessoal da
Gerencia de Pessoal Ativo da Diretoria de Recursos Humanos da Subsecretaria de Apoio Opera",nan,nan,DFG-07,nan,nan,nan,nan,nan,nan,nan,nan,"Designar o servidor Apenzeler Ribeiro Dutra, Assistente Intermediario de Saude II (Agente
Administrativo), Matricula no 134.949-X, para substituir o Chefe do Nucleo de Pessoal da
Gerencia de Pessoal Ativo da Diretoria de Recursos Humanos da Subsecretaria de Apoio Opera-
cional da Secretaria de Estado de Saude do Distrito Federal, Simbolo DFG-07, no periodo de 04
de fevereiro a 05 de marco de 2002, por motivo de ferias"
17,Substituição de Funções, o servidor Eduardo Barbosa Moreira,40.937-5,"o Chefe do Nucleo de Inspecao da Gerencia de Fiscalizacao da
Diretoria de Vigilancia I da Subsecretaria de Vigilancia a Saude da Secretaria de Estado de Saude
do Distrito Federal",nan,nan,DFG-10,nan,nan,nan,nan,nan,nan,nan,nan,"Designar o servidor Eduardo Barbosa Moreira, Inspetor de Atividades Urbanas, Matricula no
40.937-5, para substituir o Chefe do Nucleo de Inspecao da Gerencia de Fiscalizacao da
Diretoria de Vigilancia I da Subsecretaria de Vigilancia a Saude da Secretaria de Estado de Saude
do Distrito Federal, Simbolo DFG-10, no periodo de 07 de janeiro a 05 de fevereiro de 2002,
por motivo de ferias"
18,Substituição de Funções, a servidora Tania Claudia Lopes Martins,41.153-1,"o Chefe do Nucleo de Inspecao da Gerencia de Fiscalizacao da
Diretoria de Vigilancia I da Subsecretaria de Vigilancia a Saude da Secretaria de Estado de Saude
do Distrito Federal",nan,nan,DFG-10,nan,nan,nan,nan,nan,nan,nan,nan,"Designar a servidora Tania Claudia Lopes Martins, Inspetor de Atividades Urbanas, Matricula
no 41.153-1, para substituir o Chefe do Nucleo de Inspecao da Gerencia de Fiscalizacao da
Diretoria de Vigilancia I da Subsecretaria de Vigilancia a Saude da Secretaria de Estado de Saude
do Distrito Federal, Simbolo DFG-10, no periodo de 18 de fevereiro a 04 de marco de 2002, por
motivo de ferias"
19,Substituição de Funções, a servidora Helena Toledo Kaminski Fink,128.791-5,"a Gerente de Biologia Medica da
Diretoria do Laboratorio Central de Saude Publica da Subsecretaria de Vigilancia a Saude da
Secretaria de Estado de Saude do Distrito Federal",nan,nan,DFG-12,nan,nan,nan,nan,nan,nan,nan,nan,"Designar a servidora Helena Toledo Kaminski Fink, Assistente Superior de Saude (Farmaceutico
Bioquimico Farmacia), Matricula no 128.791-5, para substituir a Gerente de Biologia Medica da
Diretoria do Laboratorio Central de Saude Publica da Subsecretaria de Vigilancia a Saude da
Secretaria de Estado de Saude do Distrito Federal, Simbolo DFG-12, no periodo de 26 de feverei-
ro a 27 de marco de 2002, por motivo de ferias"
20,Substituição de Funções, o servidor Jackson Mendonca Figueiredo,114.713-7,"o Gerente de Suporte Tecnico da Diretoria de
Gestao de Tecnologia da Informacao da Subsecretaria de Planejamento e Politicas de Saude da
Secretaria de Estado de Saude do Distrito Federal",nan,nan,DFG-11,nan,nan,nan,nan,nan,nan,nan,nan,"Designar o servidor Jackson Mendonca Figueiredo, Assistente Superior de Saude (Analista de
Sistemas), Matricula no 114.713-7, para substituir o Gerente de Suporte Tecnico da Diretoria de
Gestao de Tecnologia da Informacao da Subsecretaria de Planejamento e Politicas de Saude da
Secretaria de Estado de Saude do Distrito Federal, Simbolo DFG-11, no periodo de 14 de janeiro
a 02 de fevereiro de 2002, por motivo de ferias"
21,Substituição de Funções, o servidor Douglas Shiguemi Watanabe,134.976-7,"o Gerente da Rede de Comunicacao de
Dados da Diretoria de Gestao de Tecnologia da Informacao da Subsecretaria de Planejamento e
Politicas de Saude da Secretaria de Estado de Saude do Distrito Federal",nan,nan,DFG-11,nan,nan,nan,nan,nan,nan,nan,nan,"Designar o servidor Douglas Shiguemi Watanabe, Assistente Intermediario de Saude II (Agente
Administrativo), Matricula no 134.976-7, para substituir o Gerente da Rede de Comunicacao de
Dados da Diretoria de Gestao de Tecnologia da Informacao da Subsecretaria de Planejamento e
Politicas de Saude da Secretaria de Estado de Saude do Distrito Federal, Simbolo DFG-11, no
periodo de 02 a 31 de janeiro de 2002, por motivo de ferias"
22,Substituição de Funções, a servidora Adriana C,nan,nan,nan,nan,nan,nan,nan,nan,nan,nan,nan,nan,nan,Designar a servidora Adriana C
23,Substituição de Funções, os servidores ALBERTO VILAR TRINDADE,nan,nan,nan,nan,nan,nan,nan,nan,nan,nan,nan,nan,nan,"DESIGNAR os servidores ALBERTO VILAR TRINDADE, mat.120.139-5, CM - Cirurgia
Geral, MARIA DO PERPETUO SOCORRO C"
24,Substituição de Funções, a servidora JOELCI CARVALHO DE OLIVEIRA BELO,nan,nan,nan,nan,nan,nan,nan,nan,nan,nan,nan,nan,nan,"Designar a servidora JOELCI CARVALHO DE OLIVEIRA BELO, AIS (Agente Administrati-
vo), matricula n"
25,Substituição de Funções, a servidora JEANETTE DEL CARMEN LIBUY ARAYA,nan,nan,nan,nan,nan,nan,nan,nan,nan,nan,nan,nan,nan,"Designar a servidora JEANETTE DEL CARMEN LIBUY ARAYA, ASS (Enfermeiro), matricu-
la n"
26,Substituição de Funções, a servidora ANTONIA DA MOTA E SILVA ARAUJO,nan,nan,nan,nan,nan,nan,nan,nan,nan,nan,nan,nan,nan,"Designar a servidora ANTONIA DA MOTA E SILVA ARAUJO, AIS (Enfermeiro), matricula
n"
27,Substituição de Funções, a servidora FLAVIA ALMEIDA DE SOUSA FARIA,n.o,o cargo de Gerente do Centro de Saude n,nan,nan,DFG-08,nan,nan,nan,nan,nan,nan,nan,nan,"Designar a servidora FLAVIA ALMEIDA DE SOUSA FARIA, chefe do Nucleo de Apoio
Operacional, matricula n.o 140.921-2, para substituir o cargo de Gerente do Centro de Saude n.o 03 da Diretoria Regional de Saude de Sobradinho, Simbolo DFG-08, do Quadro de Cargos em
Comissao da Secretaria de Estado de Saude do Distrito Federal, no periodo de 18 a 28.12.2001,
por motivo de Licenca Medica do titular"
28,Substituição de Funções, a servidora LUCIANA DO CARMO NASCIMENTO,nan,nan,nan,nan,nan,nan,nan,nan,nan,nan,nan,nan,nan,"Designar a servidora LUCIANA DO CARMO NASCIMENTO, ASS (Fisioterapeuta), matricu-
la n"
29,Substituição de Funções, a servidora NOELDINA ZANINA LIMA,nan,nan,nan,nan,nan,nan,nan,nan,nan,nan,nan,nan,nan,"Designar a servidora NOELDINA ZANINA LIMA, ASS (Enfermeiro), matricula n"
30,Substituição de Funções, a servidora RONISSE RODRIGUES DE MATOS DOS REIS,nan,nan,nan,nan,nan,nan,nan,nan,nan,nan,nan,nan,nan,"Designar a servidora RONISSE RODRIGUES DE MATOS DOS REIS, AIS (Auxiliar de Enfer-
magem), matricula n"
31,Substituição de Funções, os servidores ANA MARIA GOMES,101.935-X,nan,101.717-9 e MONICA PATRICIA AZOLINO,nan,nan,nan,nan,nan,nan,nan,nan,nan,nan,"Designar os servidores ANA MARIA GOMES, matricula no 101.935-X, JOSE MARI-
ANO CUNHA VIEGAS, matricula no 101.717-9 e MONICA PATRICIA AZOLINO, matricula
no 103114-7, para sob a presidencia do primeiro, comporem Comissao de Sindicancia para, no
prazo de 30 (trinta) dias, a contar do dia 02 de fevereiro de 2002,, apurar os fatos constantes do
Processo acima referenciado"
32,Substituição de Funções, IARA MARTINS DOS SANTOS MIRANDA,nan,nan,nan,nan,DFA-12,nan,nan,nan,nan,nan,nan,nan,nan,"Designar IARA MARTINS DOS SANTOS MIRANDA, Assessora do Gabinete do Secretario,
simbolo DFA-12, matricula no"
33,Substituição de Funções, a servidora ANA PAULA INACIO DA SILVA,96.866-8,nan,nan,nan,nan,nan,nan,nan,nan,nan,nan,nan,nan,"Designar a servidora ANA PAULA INACIO DA SILVA, matricula no 96.866-8, para compor
a Comissao constituida pela Portaria no 43-ST, de 10 de dezembro de 2001, publicada no DODF
no 235, de 11 de dezembro de 2001, pag"
34,Substituição de Funções, RUI EVANOWICH RODRIGUES,97.749-7,"JOSE JAIR
MARTINS MIRANDA",97.742-X,"Chefe da Divisao de Administracao do Terminal                                                                       Diario Oficial do Distrito Federal
PAGINA   39
No 12",nan,nan,nan,nan,nan,nan,nan,nan,nan,"Designar RUI EVANOWICH RODRIGUES, matricula no 97.749-7, para substituir JOSE JAIR
MARTINS MIRANDA, matricula 97.742-X, Chefe da Divisao de Administracao do Terminal                                                                       Diario Oficial do Distrito Federal
PAGINA   39
No 12, quinta-feira, 17 de janeiro de 2002 da Asa Sul da Divisao de Administracao de Terminais, da Secretaria de Transportes do Distrito
Federal, no periodo de 14 de janeiro a 12 de fevereiro de 2002, por motivo de ferias regulamenta-
res daquele Titular"
35,Substituição de Funções, o servidor ABSAI VIEIRA DA FONSECA,37.680-9,"o
servidor ANTULIO RIBEIRO GONCALVES",92.028-2,"no Cargo em Comissao de
Supervisor",DFG-10,nan,nan,nan,nan,nan,nan,nan,nan,"Designar o servidor ABSAI VIEIRA DA FONSECA, matricula no 37.680-9, para substituir o
servidor ANTULIO RIBEIRO GONCALVES, matricula no 92.028-2, no Cargo em Comissao de
Supervisor, Simbolo DFG-10, da Gerencia de Fiscalizacao e Vistoria, da Coordenacao Operacio-
nal, do Departamento Metropolitano de Transportes Urbanos do Distrito Federal, nos termos
do paragrafo 3o, do Art"
36,Substituição de Funções, o Delegado de Policia WILMAR COSTA BRAGA,27.965-X,nan,nan,nan,DFG-,nan,nan,nan,nan,nan,nan,nan,nan,"Designar o Delegado de Policia WILMAR COSTA BRAGA, matricula no 27.965-X, para
responder pelo Chefe da Assessoria da Chefia de Policia Civil do Distrito Federal, Simbolo DFG-
14, por motivo de vacancia, a partir de 13.12.2001"
37,Substituição de Funções, o Delegado de Policia BENITO AUGUSTO GALIANI TIEZZI,47.175-5,nan,nan,nan,DFA-13,nan,nan,nan,nan,nan,nan,nan,nan,"Designar o Delegado de Policia BENITO AUGUSTO GALIANI TIEZZI, matricula no
47.175-5, para responder pelo o Assessor da Chefia de Policia Civil do Distrito Federal, Simbolo
DFA-13, por motivo de vacancia, a partir de 13.12.2001"
38,Substituição de Funções, a Delegada de Policia ROSA MARIA RODRIGUES,24.448-1,nan,nan,nan,DFA-13,nan,nan,nan,nan,nan,nan,nan,nan,"Designar a Delegada de Policia ROSA MARIA RODRIGUES, matricula no 24.448-1, para
responder pela Assessora da Chefia de Policia Civil do Distrito Federal, Simbolo DFA-13, por
motivo de vacancia, a partir de 13.12.2001"
39,Substituição de Funções, a Agente de Policia AYRISON ROBERTO PEQUENO,19.243-0,nan,nan,nan,DFG-12,nan,nan,nan,nan,nan,nan,nan,nan,"Designar a Agente de Policia AYRISON ROBERTO PEQUENO, matricula no 19.243-0, para
responder pelo Secretario Executivo da  Chefia de Policia Civil do Distrito Federal, Simbolo
DFG-12, por motivo de vacancia, a partir de 13.12.2001"
40,Substituição de Funções, o Delegado de Policia LUIZ ANTONIO SILVA OLIVEIRA,20.784-5,nan,nan,nan,DFG-13,nan,nan,nan,nan,nan,nan,nan,nan,"Designar o Delegado de Policia LUIZ ANTONIO SILVA OLIVEIRA, matricula no 20.784-5,
para responder pelo Ouvidor da Policia Civil do Distrito Federal, da Corregedoria-Geral de
Policia Civil, Simbolo DFG-13, por motivo de vacancia, a partir de 13.12.2001"
41,Substituição de Funções, o Delegado de Policia HAENDEL SILVA FONSECA,57.425-2,nan,nan,nan,DFG-11,nan,nan,nan,nan,nan,nan,nan,nan,"Designar o Delegado de Policia HAENDEL SILVA FONSECA, matricula no 57.425-2, para
responder pelo Chefe da Divisao de Investigacao, da Corregedoria-Geral de Policia Civil, Simbolo
DFG-11, por motivo de vacancia, a partir de 13.12.2001"
42,Substituição de Funções, o Delegado de Policia CARLOS LUCIO FERREIRA DA SILVA,23.492-3,nan,nan,nan,DFG-13,nan,nan,nan,nan,nan,nan,nan,nan,"Designar o Delegado de Policia CARLOS LUCIO FERREIRA DA SILVA, matricula no
23.492-3, para responder pelo Diretor da Divisao de Cadastro de Roubos e Furtos de Veiculos,
do Departamento de Policia Especializada da Policia Civil do Distrito Federal, Simbolo DFG-13,
por motivo de vacancia, a partir de 13.12.2001"
43,Substituição de Funções, o Delegado de Policia ELTON DE SOUZA ZANATA,31.933-3,nan,nan,nan,DFG-12,nan,nan,nan,nan,nan,nan,nan,nan,"Designar o Delegado de Policia ELTON DE SOUZA ZANATA, matricula no 31.933-3, para
responder pelo Delegado-Adjunto da Delegacia de Falsificacao e Defraudacao, do Departamento de Policia Especializada da Policia Civil do Distrito Federal, Simbolo DFG-12, por motivo de
vacancia, a partir de 13.12.2001"
44,Substituição de Funções, o Delegado de Policia ITAMAR DOMINGOS GUIMARAES,24.878-,nan,nan,nan,DFG-12,nan,nan,nan,nan,nan,nan,nan,nan,"Designar o Delegado de Policia ITAMAR DOMINGOS GUIMARAES, matricula no 24.878-
9, para responder pelo Delegado-Adjunto da Delegacia de Roubos e Furtos de Veiculos, do
Departamento de Policia Especializada da Policia Civil do Distrito Federal, Simbolo DFG-12,
por motivo de vacancia, a partir de 13.12.2001"
45,Substituição de Funções, o Delegado de Policia JOSE REIS SANTOS,24.796-0,nan,nan,nan,DFG-12,nan,nan,nan,nan,nan,nan,nan,nan,"Designar o Delegado de Policia JOSE REIS SANTOS, matricula no 24.796-0, para responder
pelo Delegado-Adjunto da Delegacia de Homicidio, do Departamento de Policia Especializada da
Policia Civil do Distrito Federal, Simbolo DFG-12, por motivo de vacancia, a partir de 13.12.2001"
46,Substituição de Funções, o Delegado de Policia RARIO TEMPORIM DE LACERDA,25.481-,nan,nan,nan,DFG-12,nan,nan,nan,nan,nan,nan,nan,nan,"Designar o Delegado de Policia RARIO TEMPORIM DE LACERDA, matricula no 25.481-
9, para responder pelo Delegado-Adjunto da Delegacia da Crianca e Adolescente, do Departa-
mento de Policia Especializada da Policia Civil do Distrito Federal, Simbolo DFG-12, por motivo
de vacancia, a partir de 13.12.2001"
47,Substituição de Funções, o Delegado de Policia MARCELO DE PAULA ARAUJO,57.414-7,nan,nan,nan,DFG-12,nan,nan,nan,nan,nan,nan,nan,nan,"Designar o Delegado de Policia MARCELO DE PAULA ARAUJO, matricula no 57.414-7,
para responder pelo Delegado-Adjunto da Delegacia de Toxico e Entorpecentes, do Departamen-
to de Policia Especializada da Policia Civil do Distrito Federal, Simbolo DFG-12, por motivo de
vacancia, a partir de 13.12.2001"
48,Substituição de Funções, a Delegada de Policia MYRIAM DE OLIVEIRA,42.189-8,nan,nan,nan,DFG-12,nan,nan,nan,nan,nan,nan,nan,nan,"Designar a Delegada de Policia MYRIAM DE OLIVEIRA, matricula no 42.189-8, para
responder pelo Delegado-Adjunto da Delegacia de Atendimento a Mulher, do Departamento de
Policia Especializada da Policia Civil do Distrito Federal, Simbolo DFG-12, por motivo de
vacancia, a partir de 13.12.2001"
49,Substituição de Funções, o Delegado de Policia MAURO CEZAR LIMA,25.514-9,nan,nan,nan,DFG-12,nan,nan,nan,nan,nan,nan,nan,nan,"Designar o Delegado de Policia MAURO CEZAR LIMA, matricula no 25.514-9, para
responder pelo Delegado-Adjunto da Delegacia da Ordem Tributaria, do Departamento de Poli-
cia Especializada da Policia Civil do Distrito Federal, Simbolo DFG-12, por motivo de vacancia,
a partir de 13.12.2001"
50,Substituição de Funções, a Delegada de Policia NAICE LANDIM TEIXEIRENSE PINHEIRO,47.176-3,nan,nan,nan,DFG-12,nan,nan,nan,nan,nan,nan,nan,nan,"Designar a Delegada de Policia NAICE LANDIM TEIXEIRENSE PINHEIRO, matricula no
47.176-3, para responder pelo Delegado-Adjunto da Delegacia do Consumidor, do Departamen-
to de Policia Especializada da Policia Civil do Distrito Federal, Simbolo DFG-12, por motivo de
vacancia, a partir de 13.12.2001"
51,Substituição de Funções, o Delegado de Policia ALEXANDRE NICOLAU LINHARES,47.270-,nan,nan,nan,DFG-12,nan,nan,nan,nan,nan,nan,nan,nan,"Designar o Delegado de Policia ALEXANDRE NICOLAU LINHARES, matricula no 47.270-
0, para responder pelo Delegado-Adjunto da Delegacia Especial do Meio Ambiente, do Departa-
mento de Policia Especializada da Policia Civil do Distrito Federal, Simbolo DFG-12, por motivo
de vacancia, a partir de 13.12.2001"
52,Substituição de Funções, o Delegado de Policia APARICIO XAVIER MARTINS FONTES,32.230-X,nan,nan,nan,DFG-12,nan,nan,nan,nan,nan,nan,nan,nan,"Designar o Delegado de Policia APARICIO XAVIER MARTINS FONTES, matricula no
32.230-X, para responder pelo Delegado-Adjunto da Delegacia de Protecao a Crianca e ao Ado-
lescente, do Departamento de Policia Especializada da Policia Civil do Distrito Federal, Simbolo
DFG-12, por motivo de vacancia, a partir de 13.12.2001"
53,Substituição de Funções, a Delegada de Policia CLAUDIA APARECIDA DA S,nan,nan,nan,nan,nan,nan,nan,nan,nan,nan,nan,nan,nan,Designar a Delegada de Policia CLAUDIA APARECIDA DA S
54,Substituição de Funções, a Delegada de Policia MONICA CHMIELEWSKI FERREIRA,47.174-,nan,nan,nan,DFG-12,nan,nan,nan,nan,nan,nan,nan,nan,"Designar a Delegada de Policia MONICA CHMIELEWSKI FERREIRA, matricula no 47.174-
7, para responder pelo Delegado-Adjunto da Delegacia de Capturas e Policia Interestadual, do
Departamento de Policia Especializada da Policia Civil do Distrito Federal, Simbolo DFG-12,
por motivo de vacancia, a partir de 13.12.2001"
55,Substituição de Funções, o Delegado de Policia ADVAL CARDOSO DE MATOS,27.817-3,nan,nan,nan,DFG-12,nan,nan,nan,nan,nan,nan,nan,nan,"Designar o Delegado de Policia ADVAL CARDOSO DE MATOS, matricula no 27.817-3,
para responder pelo Delegado-Adjunto da Delegacia de Repressao a Roubos, do Departamento
de Policia Especializada da Policia Civil do Distrito Federal, Simbolo DFG-12, por motivo de
vacancia, a partir de 13.12.2001"
56,Substituição de Funções, o Delegado de Policia JORGE LUIZ XAVIER,57.656-5,nan,nan,nan,DFG-12,nan,nan,nan,nan,nan,nan,nan,nan,"Designar o Delegado de Policia JORGE LUIZ XAVIER, matricula no 57.656-5, para respon-
der pelo Delegado-Adjunto da Delegacia de Repressao ao Latrocinio, do Departamento de Policia
Especializada da Policia Civil do Distrito Federal, Simbolo DFG-12, por motivo de vacancia, a
partir de 13.12.2001"
57,Substituição de Funções, o Delegado de Policia LUIZ HENRIQUE DOURADO SAMPAIO,57.304-3,nan,nan,nan,DFG-12,nan,nan,nan,nan,nan,nan,nan,nan,"Designar o Delegado de Policia LUIZ HENRIQUE DOURADO SAMPAIO, matricula no
57.304-3, para responder pelo Delegado-Adjunto da Delegacia de Repressao a Furtos, do Depar-
tamento de Policia Especializada da Policia Civil do Distrito Federal, Simbolo DFG-12, por
motivo de vacancia, a partir de 13.12.2001"
58,Substituição de Funções, o Delegado de Policia ANTONIO ANAPOLINO DE SOUZA,32.671-,nan,nan,nan,DFG-12,nan,nan,nan,nan,nan,nan,nan,nan,"Designar o Delegado de Policia ANTONIO ANAPOLINO DE SOUZA, matricula no 32.671-
2, para responder pelo Delegado-Adjunto da 1a Delegacia Policia, do Departamento de Policia
Circunscricional da Policia Civil do Distrito Federal, Simbolo DFG-12, por motivo de vacancia,
a partir de 13.12.2001"
59,Substituição de Funções, a Delegada de Policia WALESKA ROMCY,58.393-6,nan,nan,nan,DFG-12,nan,nan,nan,nan,nan,nan,nan,nan,"Designar a Delegada de Policia WALESKA ROMCY, matricula no 58.393-6, para responder
pelo Delegado-Adjunto da 2a Delegacia Policia, do Departamento de Policia Circunscricional da
Policia Civil do Distrito Federal, Simbolo DFG-12, por motivo de vacancia, a partir de 13.12.2001"
60,Substituição de Funções, o Delegado de Policia VICENTE FRANCIMAR DE OLIVEIRA JUNIOR,nan,nan,nan,nan,DFG-12,nan,nan,nan,nan,nan,nan,nan,nan,"Designar o Delegado de Policia VICENTE FRANCIMAR DE OLIVEIRA JUNIOR, matri-
cula no 47.173-9, para responder pelo Delegado-Adjunto da 3a Delegacia Policia, do Departamen-
to de Policia Circunscricional da Policia Civil do Distrito Federal, Simbolo DFG-12, por motivo
de vacancia, a partir de 13.12.2001"
61,Substituição de Funções, o Delegado de Policia MILTON BARBOSA RODRIGUES JUNIOR,57.421-X,nan,nan,nan,DFG-12,nan,nan,nan,nan,nan,nan,nan,nan,"Designar o Delegado de Policia MILTON BARBOSA RODRIGUES JUNIOR, matricula no
57.421-X, para responder pelo Delegado-Adjunto da 4a Delegacia Policia, do Departamento de
Policia Circunscricional da Policia Civil do Distrito Federal, Simbolo DFG-12, por motivo de
vacancia, a partir de 13.12.2001"
62,Substituição de Funções, o Delegado de Policia MOISES MARTINS DE SOUSA,27.530-1,nan,nan,nan,DFG-12,nan,nan,nan,nan,nan,nan,nan,nan,"Designar o Delegado de Policia MOISES MARTINS DE SOUSA, matricula no 27.530-1,
para responder pelo Delegado-Adjunto da 6a Delegacia Policia, do Departamento de Policia
Circunscricional da Policia Civil do Distrito Federal, Simbolo DFG-12, por motivo de vacancia,
a partir de 13.12.2001"
63,Substituição de Funções, o Delegado de Policia VIVALDO JOSE RODRIGUES NERES,24.924-,nan,nan,nan,DFG-12,nan,nan,nan,nan,nan,nan,nan,nan,"Designar o Delegado de Policia VIVALDO JOSE RODRIGUES NERES, matricula no 24.924-
6, para responder pelo Delegado-Adjunto da 9a Delegacia Policia, do Departamento de Policia
Circunscricional da Policia Civil do Distrito Federal, Simbolo DFG-12, por motivo de vacancia,
a partir de 13.12.2001"
64,Substituição de Funções, o Delegado de Policia GILBERTO ALVES MARANHAO BEZERRA,57.433-3,nan,nan,nan,DFG-12,nan,nan,nan,nan,nan,nan,nan,nan,"Designar o Delegado de Policia GILBERTO ALVES MARANHAO BEZERRA, matricula
no 57.433-3, para responder pelo Delegado-Adjunto da 10a Delegacia Policia, do Departamento
de Policia Circunscricional da Policia Civil do Distrito Federal, Simbolo DFG-12, por motivo de
vacancia, a partir de 13.12.2001"
65,Substituição de Funções, a Delegada de Policia MARTHA GENY VARGAS BORRAZ,33.633-,nan,nan,nan,DFG-12,nan,nan,nan,nan,nan,nan,nan,nan,"Designar a Delegada de Policia MARTHA GENY VARGAS BORRAZ, matricula no 33.633-
5, para responder pelo Delegado-Adjunto da 11a Delegacia Policia, do Departamento de Policia
Circunscricional da Policia Civil do Distrito Federal, Simbolo DFG-12, por motivo de vacancia,
a partir de 13.12.2001"
66,Substituição de Funções, o Delegado de Policia ALBERTO VIEIRA PASSOS,27.516-6,nan,nan,nan,DFG-12,nan,nan,nan,nan,nan,nan,nan,nan,"Designar o Delegado de Policia ALBERTO VIEIRA PASSOS, matricula no 27.516-6, para
responder pelo Delegado-Adjunto da 12a Delegacia Policia, do Departamento de Policia Cir-
cunscricional da Policia Civil do Distrito Federal, Simbolo DFG-12, por motivo de vacancia, a
partir de 13.12.2001"
67,Substituição de Funções, o Delegado de Policia JULIO LOPES HOTT,23.510-5,nan,nan,nan,DFG-12,nan,nan,nan,nan,nan,nan,nan,nan,"Designar o Delegado de Policia JULIO LOPES HOTT, matricula no 23.510-5, para responder
pelo Delegado-Adjunto da 13a Delegacia Policia, do Departamento de Policia Circunscricional da
Policia Civil do Distrito Federal, Simbolo DFG-12, por motivo de vacancia, a partir de 13.12.2001"
68,Substituição de Funções, a Delegada de Policia LUCIA CANDIDA DA SILVA,42.190-1,nan,nan,nan,DFG-12,nan,nan,nan,nan,nan,nan,nan,nan,"Designar a Delegada de Policia LUCIA CANDIDA DA SILVA, matricula no 42.190-1, para
responder pelo Delegado-Adjunto da 14a Delegacia Policia, do Departamento de Policia Cir-
cunscricional da Policia Civil do Distrito Federal, Simbolo DFG-12, por motivo de vacancia, a
partir de 13.12.2001"
69,Substituição de Funções, o Delegado de Policia JAIR FRANCISCO DOS SANTOS,57.303-5,nan,nan,nan,DFG-12,nan,nan,nan,nan,nan,nan,nan,nan,"Designar o Delegado de Policia JAIR FRANCISCO DOS SANTOS, matricula no 57.303-5,
para responder pelo Delegado-Adjunto da 15a Delegacia Policia, do Departamento de Policia
Circunscricional da Policia Civil do Distrito Federal, Simbolo DFG-12, por motivo de vacancia,
a partir de 13.12.2001"
70,Substituição de Funções, a Delegada de Policia DEUSELITA PEREIRA MARTINS,27.180-2,nan,nan,nan,DFG-12,nan,nan,nan,nan,nan,nan,nan,nan,"Designar a Delegada de Policia DEUSELITA PEREIRA MARTINS, matricula no 27.180-2,
para responder pelo Delegado-Adjunto da 16a Delegacia Policia, do Departamento de Policia
Circunscricional da Policia Civil do Distrito Federal, Simbolo DFG-12, por motivo de vacancia,
a partir de 13.12.2001"
71,Substituição de Funções, o Delegado de Policia ALEXANDRE DIAS NOGUEIRA,58.341-3,nan,nan,nan,DFG-12,nan,nan,nan,nan,nan,nan,nan,nan,"Designar o Delegado de Policia ALEXANDRE DIAS NOGUEIRA, matricula no 58.341-3,
para responder pelo Delegado-Adjunto da 17a Delegacia Policia, do Departamento de Policia
Circunscricional da Policia Civil do Distrito Federal, Simbolo DFG-12, por motivo de vacancia,
a partir de 13.12.2001"
72,Substituição de Funções, a Delegada de Policia ADRYANI FERNANDES LOBO,57.305-1,nan,nan,nan,DFG-12,nan,nan,nan,nan,nan,nan,nan,nan,"Designar a Delegada de Policia ADRYANI FERNANDES LOBO, matricula no 57.305-1,
para responder pelo Delegado-Adjunto da 18a Delegacia Policia, do Departamento de Policia
Circunscricional da Policia Civil do Distrito Federal, Simbolo DFG-12, por motivo de vacancia,
a partir de 13.12.2001"
73,Substituição de Funções, o Delegado de Policia ELIVALDO FERREIRA DE MELO,21.741-7,nan,nan,nan,DFG-12,nan,nan,nan,nan,nan,nan,nan,nan,"Designar o Delegado de Policia ELIVALDO FERREIRA DE MELO, matricula no 21.741-7,
para responder pelo Delegado-Adjunto da 19a Delegacia Policia, do Departamento de Policia
Circunscricional da Policia Civil do Distrito Federal, Simbolo DFG-12, por motivo de vacancia,
a partir de 13.12.2001"
74,Substituição de Funções, o Delegado de Policia FRANCISCO ANTONIO DA SILVA,22.974-,nan,nan,nan,DFG-12,nan,nan,nan,nan,nan,nan,nan,nan,"Designar o Delegado de Policia FRANCISCO ANTONIO DA SILVA, matricula no 22.974-
1, para responder pelo Delegado-Adjunto da 20a Delegacia Policia, do Departamento de Policia
Circunscricional da Policia Civil do Distrito Federal, Simbolo DFG-12, por motivo de vacancia,
a partir de 13.12.2001"
75,Substituição de Funções, o Delegado de Policia JOAO CARLOS COUTO LOSSIO FILHO,47.167-4,nan,nan,nan,DFG-12,nan,nan,nan,nan,nan,nan,nan,nan,"Designar o Delegado de Policia JOAO CARLOS COUTO LOSSIO FILHO, matricula no
47.167-4, para responder pelo Delegado-Adjunto da 21a Delegacia Policia, do Departamento de
Policia Circunscricional da Policia Civil do Distrito Federal, Simbolo DFG-12, por motivo de
vacancia, a partir de 13.12.2001"
76,Substituição de Funções, o Delegado de Policia EMERSON CANDIDO DOS SANTOS,24.094-,nan,nan,nan,DFG-12,nan,nan,nan,nan,nan,nan,nan,nan,"Designar o Delegado de Policia EMERSON CANDIDO DOS SANTOS, matricula no 24.094-
X, para responder pelo Delegado-Adjunto da 23a Delegacia Policia, do Departamento de Policia
Circunscricional da Policia Civil do Distrito Federal, Simbolo DFG-12, por motivo de vacancia,
a partir de 13.12.2001"
77,Substituição de Funções, o Delegado de Policia FERNANDO BATISTA FERNANDES,38.841-6,nan,nan,nan,DFG-12,nan,nan,nan,nan,nan,nan,nan,nan,"Designar o Delegado de Policia FERNANDO BATISTA FERNANDES, matricula no
38.841-6, para responder pelo Delegado-Adjunto da 24a Delegacia Policia, do Departamento
de Policia Circunscricional da Policia Civil do Distrito Federal, Simbolo DFG-12, por moti-
vo de vacancia, a partir de 13.12.2001"
78,Substituição de Funções, o Delegado de Policia PEDRO LUIS DE MORAES,57.308-6,nan,nan,nan,DFG-12,nan,nan,nan,nan,nan,nan,nan,nan,"Designar o Delegado de Policia PEDRO LUIS DE MORAES, matricula no 57.308-6, para
responder pelo Delegado-Adjunto da 26a Delegacia Policia, do Departamento de Policia Cir-
cunscricional da Policia Civil do Distrito Federal, Simbolo DFG-12, por motivo de vacancia, a
partir de 13.12.2001"
79,Substituição de Funções, o Delegado de Policia AMARILDO FERNANDES,57.662-X,nan,nan,nan,DFG-12,nan,nan,nan,nan,nan,nan,nan,nan,"Designar o Delegado de Policia AMARILDO FERNANDES, matricula no 57.662-X, para
responder pelo Delegado-Adjunto da 27a Delegacia Policia, do Departamento de Policia Cir-
cunscricional da Policia Civil do Distrito Federal, Simbolo DFG-12, por motivo de vacancia, a
partir de 13.12.2001"
80,Substituição de Funções, o Delegado de Policia ALBERTO LEOVEGILDO LOPES FILHO,26.688-4,nan,nan,nan,DFG-12,nan,nan,nan,nan,nan,nan,nan,nan,"Designar o Delegado de Policia ALBERTO LEOVEGILDO LOPES FILHO, matricula no
26.688-4, para responder pelo Delegado-Adjunto da 29a Delegacia Policia, do Departamento de
Policia Circunscricional da Policia Civil do Distrito Federal, Simbolo DFG-12, por motivo de
vacancia, a partir de 13.12.2001"
81,Substituição de Funções, o Delegado de Policia MIGUEL LUCENA FILHO,57.424-4,nan,nan,nan,DFG-12,nan,nan,nan,nan,nan,nan,nan,nan,"Designar o Delegado de Policia MIGUEL LUCENA FILHO, matricula no 57.424-4, para
responder pelo Delegado-Adjunto da 30a Delegacia Policia, do Departamento de Policia Cir-
cunscricional da Policia Civil do Distrito Federal, Simbolo DFG-12, por motivo de vacancia, a
partir de 13.12.2001"
82,Substituição de Funções, o Perito Medico,37.897-,nan,nan,nan,DFA-13,nan,nan,nan,nan,nan,nan,nan,nan,"Designar o Perito Medico-Legista LUIZ CARLOS GARCEZ NOVAES, matricula no 37.897-
6, para responder pelo Assessor do Departamento de Policia Tecnica, da Policia Civil do Distrito
Federal, Simbolo DFA-13, por motivo de vacancia, a partir de 13.12.2001"
83,Substituição de Funções, o Perito Papiloscopista IVERTON BATISTA DE CARVALHO,24.062-1,nan,nan,nan,DFG-14,nan,nan,nan,nan,nan,nan,nan,nan,"Designar o Perito Papiloscopista IVERTON BATISTA DE CARVALHO, matricula no
24.062-1, para responder pelo Diretor do Instituto de Identificacao, do Departamento de
Policia Tecnica, da Policia Civil do Distrito Federal, Simbolo DFG-14, por motivo de vacancia,
a partir de 13.12.2001"
84,Substituição de Funções, a Perito Papiloscopista MARY BESSA MONTEIRO CHERULLY,19.325-9,nan,nan,nan,DFA-11,nan,nan,nan,nan,nan,nan,nan,nan,"Designar a Perito Papiloscopista MARY BESSA MONTEIRO CHERULLY, matricula no
19.325-9, para responder pela Assessora do Instituto de Identificacao, do Departamento de                                                                       Diario Oficial do Distrito Federal
PAGINA   41
No 12, quinta-feira, 17 de janeiro de 2002 Policia Tecnica, da Policia Civil do Distrito Federal, Simbolo DFA-11, por motivo de vacancia, a
partir de 13.12.2001"
85,Substituição de Funções, o Perito Papiloscopista TAA OLIVEIRA QUEIROZ,27.122-5,nan,nan,nan,DFG-11,nan,nan,nan,nan,nan,nan,nan,nan,"Designar o Perito Papiloscopista TAA OLIVEIRA QUEIROZ, matricula no 27.122-5, para
responder pelo Diretor da Divisao de Identificacao, do Instituto de Identificacao, do Departa-
mento de Policia Tecnica, da Policia Civil do Distrito Federal, Simbolo DFG-11, por motivo de
vacancia, a partir de 13.12.2001"
86,Substituição de Funções, o Perito Papiloscopista NARLEY JORGE ALFARO,23.811-2,nan,nan,nan,DFG-11,nan,nan,nan,nan,nan,nan,nan,nan,"Designar o Perito Papiloscopista NARLEY JORGE ALFARO, matricula no 23.811-2, para
responder pelo Diretor da Divisao de Processamento e Arquivos Tecnicos, do Instituto de
Identificacao, do Departamento de Policia Tecnica, da Policia Civil do Distrito Federal, Simbolo
DFG-11, por motivo de vacancia, a partir de 13.12.2001"
87,Substituição de Funções, o Perito Papiloscopista JOSE OSMAR PEREIRA,48.054-1,nan,nan,nan,nan,nan,nan,nan,nan,nan,nan,nan,nan,"Designar o Perito Papiloscopista JOSE OSMAR PEREIRA, matricula no 48.054-1, para
responder pelo Diretor da Divisao de Pericias e Exames Tecnicos em Papiloscopia, do Instituto
de Identificacao, do Departamento de Policia Tecnica, da Policia Civil do Distrito Federal, Sim-
bolo DFG-11, por motivo de vacancia, a partir de 13.12.2001"
88,Substituição de Funções, o Perito Papiloscopista ADAILTON JOSE BRGA,24.044-3,nan,nan,nan,DFG-11,nan,nan,nan,nan,nan,nan,nan,nan,"Designar o Perito Papiloscopista ADAILTON JOSE BRGA, matricula no 24.044-3, para
responder pelo Diretor da Divisao Administrativa, do Instituto de Identificacao, do Departamen-
to de Policia Tecnica, da Policia Civil do Distrito Federal, Simbolo DFG-11, por motivo de
vacancia, a partir de 13.12.2001"
89,Substituição de Funções, a Perito Medico,37.888-7,nan,nan,nan,DFG-14,nan,nan,nan,nan,nan,nan,nan,nan,"Designar a Perito Medico-Legista CRISTIANE ALVES COSTA, matricula no 37.888-7, para
responder pelo Diretor do Instituto de Medicina Legal, do Departamento de Policia Tecnica, da
Policia Civil do Distrito Federal, Simbolo DFG-14, por motivo de vacancia, a partir de 13.12.2001"
90,Substituição de Funções, o Perito Medico,39.478-5,nan,nan,nan,DFA-11,nan,nan,nan,nan,nan,nan,nan,nan,"Designar o Perito Medico-Legista ELIAS ABDALLA FILHO, matricula no 39.478-5, para
responder pelo Assessor do Instituto de Medicina Legal, do Departamento de Policia Tecnica, da
Policia Civil do Distrito Federal, Simbolo DFA-11, por motivo de vacancia, a partir de 13.12.2001"
91,Substituição de Funções, o Perito Medico,39.743-,nan,nan,nan,DFG-11,nan,nan,nan,nan,nan,nan,nan,nan,"Designar o Perito Medico-Legista EDMILSON MENDES COUTINHO, matricula no 39.743-
1, para responder pelo Diretor da Divisao de Pericia no Vivo, do Instituto de Medicina Legal, do
Departamento de Policia Tecnica, da Policia Civil do Distrito Federal, Simbolo DFG-11, por
motivo de vacancia, a partir de 13.12.2001"
92,Substituição de Funções, o Perito Medico,39.549-8,nan,nan,nan,DFG-11,nan,nan,nan,nan,nan,nan,nan,nan,"Designar o Perito Medico-Legista ROBERTO FERREIRA WANDERLEY, matricula no
39.549-8, para responder pelo Diretor da Divisao de Tanatologia Forense, do Instituto de Medi-
cina Legal, do Departamento de Policia Tecnica, da Policia Civil do Distrito Federal, Simbolo
DFG-11, por motivo de vacancia, a partir de 13.12.2001"
93,Substituição de Funções, o Perito Medico,25.302-,nan,nan,nan,nan,nan,nan,nan,nan,nan,nan,nan,nan,"Designar o Perito Medico-Legista RICARDO CORTES DE OLIVEIRA, matricula no 25.302-
2, para responder pelo Diretor da Divisao de Exames Tecnicos Medico-Legais, do Instituto de
Medicina Legal, do Departamento de Policia Tecnica, da Policia Civil do Distrito Federal, Simbo-
lo DFG-11, por motivo de vacancia, a partir de 13.12.2001"
94,Substituição de Funções, o Agente de Policia JOSE SEVERINO DIAS,25.930-6,nan,nan,nan,DFG-11,nan,nan,nan,nan,nan,nan,nan,nan,"Designar o Agente de Policia JOSE SEVERINO DIAS, matricula no 25.930-6, para responder
pelo Diretor da Divisao Administrativa, do Instituto de Medicina Legal, do Departamento de
Policia Tecnica, da Policia Civil do Distrito Federal, Simbolo DFG-11, por motivo de vacancia, a
partir de 13.12.2001"
95,Substituição de Funções, o Perito Criminal GUSTAVO DE CARVALHO DALTON,39.998-,nan,nan,nan,DFG-14,nan,nan,nan,nan,nan,nan,nan,nan,"Designar o Perito Criminal GUSTAVO DE CARVALHO DALTON, matricula no 39.998-
1, para responder pelo Instituto de Pesquisa de DNA Forense, do Departamento de Policia
Tecnica, da Policia Civil do Distrito Federal, Simbolo DFG-14, por motivo de vacancia, a partir
de 13.12.2001"
96,Substituição de Funções, o Perito Medico,39.931-0,nan,nan,nan,DFA-10,nan,nan,nan,nan,nan,nan,nan,nan,"Designar o Perito Medico-Legista HYUNG IL PAK, matricula no 39.931-0, para respon-
der pelo Assistente do Instituto de Pesquisa de DNA Forense, do Departamento de Policia
Tecnica, da Policia Civil do Distrito Federal, Simbolo DFA-10, por motivo de vacancia, a
partir de 13.12.2001"
97,Substituição de Funções, o Delegado de Policia CELSO MOREIRA FERRO JUNIOR,22.163-,nan,nan,nan,CNE-06,nan,nan,nan,nan,nan,nan,nan,nan,"Designar o Delegado de Policia CELSO MOREIRA FERRO JUNIOR, matricula no 22.163-
5, para responder pelo Diretor do Departamento  de Atividades Especiais, da Policia Civil do
Distrito Federal, Simbolo CNE-06, por motivo de vacancia, a partir de 13.12.2001"
98,Substituição de Funções, o Delegado de Policia SEBASTIAO PEREIRA DE MOURA,23.655-,nan,nan,nan,DFA-13,nan,nan,nan,nan,nan,nan,nan,nan,"Designar o Delegado de Policia SEBASTIAO PEREIRA DE MOURA, matricula no 23.655-
1, para responder pelo Assessor do Departamento  de Atividades Especiais, da Policia Civil do
Distrito Federal, Simbolo DFA-13, por motivo de vacancia, a partir de 13.12.2001"
99,Substituição de Funções, o Delegado de Policia MARCELO FERNANDES,35.887-8,nan,nan,nan,DFG-12,nan,nan,nan,nan,nan,nan,nan,nan,"Designar o Delegado de Policia MARCELO FERNANDES, matricula no 35.887-8, para
responder pelo Delegado-Adjunto da Divisao de Operacoes Especiais, do Departamento  de
Atividades Especiais, da Policia Civil do Distrito Federal, Simbolo DFG-12, por motivo de
vacancia, a partir de 13.12.2001"
100,Substituição de Funções, a Delegada de Policia IOLETE MARIA MACEDO DE CARVALHO,27.568-9,nan,nan,nan,DFG-13,nan,nan,nan,nan,nan,nan,nan,nan,"Designar a Delegada de Policia IOLETE MARIA MACEDO DE CARVALHO, matricula no
27.568-9, para responder pela Diretora da Divisao de Armas, Municoes e Explosivos, do Depar-
tamento  de Atividades Especiais, da Policia Civil do Distrito Federal, Simbolo DFG-13, por
motivo de vacancia, a partir de 13.12.2001"
101,Substituição de Funções, o Agente de Policia JOSE ATILA GUIMARAES DO SANTOS,36.015-5,nan,nan,nan,DFA-10,nan,nan,nan,nan,nan,nan,nan,nan,"Designar o Agente de Policia JOSE ATILA GUIMARAES DO SANTOS, matricula no
36.015-5, para responder pelo Assistente da Divisao de Armas, Municoes e Explosivos, do
Departamento  de Atividades Especiais, da Policia Civil do Distrito Federal, Simbolo DFA-10,
por motivo de vacancia, a partir de 13.12.2001"
102,Substituição de Funções, o Delegado de Policia RONALDO ALMEIDA DA SILVA,24.806-1,nan,nan,nan,DFG-13,nan,nan,nan,nan,nan,nan,nan,nan,"Designar o Delegado de Policia RONALDO ALMEIDA DA SILVA, matricula no 24.806-1,
para responder pelo Diretor da Divisao de Estatistica e Planejamento Operacional, do Departa-
mento  de Atividades Especiais, da Policia Civil do Distrito Federal, Simbolo DFG-13, por
motivo de vacancia, a partir de 13.12.2001"
103,Substituição de Funções, o Agente de Policia CRISTOVAO VIRGOLINO GUEDES,22.148-1,nan,nan,nan,DFA-10,nan,nan,nan,nan,nan,nan,nan,nan,"Designar o Agente de Policia CRISTOVAO VIRGOLINO GUEDES, matricula no 22.148-1,
para responder pelo Assistente da Divisao de Estatistica e Planejamento Operacional, do Depar-
tamento  de Atividades Especiais, da Policia Civil do Distrito Federal, Simbolo DFA-10, por
motivo de vacancia, a partir de 13.12.2001"
104,Substituição de Funções, o Delegado de Policia WASTON WANDER DO AMARAL,25.457-,nan,nan,nan,DFG-14,nan,nan,nan,nan,nan,nan,nan,nan,"Designar o Delegado de Policia WASTON WANDER DO AMARAL, matricula no 25.457-
6, para responder pelo Diretor da Divisao de Inteligencia Policial, do Departamento  de Ativida-
des Especiais, da Policia Civil do Distrito Federal, Simbolo DFG-14, por motivo de vacancia, a
partir de 13.12.2001"
105,Substituição de Funções, o Delegado de Policia SILVERIO ANTONIO MOITA DE ANDRADE,32.289-X,nan,nan,nan,CNE-06,nan,nan,nan,nan,nan,nan,nan,nan,"Designar o Delegado de Policia SILVERIO ANTONIO MOITA DE ANDRADE, matricula
no 32.289-X, para responder pelo Diretor do Departamento  de Administracao Geral, da Policia
Civil do Distrito Federal, Simbolo CNE-06, por motivo de vacancia, a partir de 13.12.2001"
106,Substituição de Funções, o Agente de Policia EDSON CAIXETA DE PAULA,24.269-1,nan,nan,nan,DFA-13,nan,nan,nan,nan,nan,nan,nan,nan,"Designar o Agente de Policia EDSON CAIXETA DE PAULA, matricula no 24.269-1, para
responder pelo Assessor do Departamento  de Administracao Geral, da Policia Civil do Distrito
Federal, Simbolo DFA-13, por motivo de vacancia, a partir de 13.12.2001"
107,Substituição de Funções, o Delegado de Policia GEDIAEL CORDEIRO LEITE,24.791-X,nan,nan,nan,DFA-13,nan,nan,nan,nan,nan,nan,nan,nan,"Designar o Delegado de Policia GEDIAEL CORDEIRO LEITE, matricula no 24.791-X, para
responder pelo Assessor do Departamento  de Administracao Geral, da Policia Civil do Distrito
Federal, Simbolo DFA-13, por motivo de vacancia, a partir de 13.12.2001"
108,Substituição de Funções, o Agente de Policia NILSON ALMEIDA QUIRINO,47.767-2,nan,nan,nan,DFA-10,nan,nan,nan,nan,nan,nan,nan,nan,"Designar o Agente de Policia NILSON ALMEIDA QUIRINO, matricula no 47.767-2, para
responder pelo Assistente da Divisao de Orcamento e Financas, do Departamento  de Adminis-
tracao Geral, da Policia Civil do Distrito Federal, Simbolo DFA-10, por motivo de vacancia, a
partir de 13.12.2001"
109,Substituição de Funções, o Agente de Policia RUBENS SILVA LEAO,26.266-8,nan,nan,nan,DFA-10,nan,nan,nan,nan,nan,nan,nan,nan,"Designar o Agente de Policia RUBENS SILVA LEAO, matricula no 26.266-8, para responder
pelo Assistente da Divisao de Recursos Materiais, do Departamento  de Administracao Geral, da
Policia Civil do Distrito Federal, Simbolo DFA-10, por motivo de vacancia, a partir de 13.12.2001"
110,Substituição de Funções, o Perito Criminal ADAO JESUS GONDIM DE OLIVEIRA,27.117-,nan,nan,nan,DFG-13,nan,nan,nan,nan,nan,nan,nan,nan,"Designar o Perito Criminal ADAO JESUS GONDIM DE OLIVEIRA, matricula no 27.117-
9, para responder pelo Diretor da Divisao de Arquitetura e Engenharia, do Departamento  de
Administracao Geral, da Policia Civil do Distrito Federal, Simbolo DFG-13, por motivo de
vacancia, a partir de 13.12.2001"
111,Substituição de Funções, o Delegado de Policia SILVIO CASTRO CERQUEIRA,47.211-5,nan,nan,nan,DFG-13,nan,nan,nan,nan,nan,nan,nan,nan,"Designar o Delegado de Policia SILVIO CASTRO CERQUEIRA, matricula no 47.211-5, para
responder pelo Diretor da Divisao de Informatica, do Departamento  de Administracao Geral, da
Policia Civil do Distrito Federal, Simbolo DFG-13, por motivo de vacancia, a partir de 13.12.2001"
112,Substituição de Funções, o Perito Medico,26.900-X,nan,nan,nan,DFG-13,nan,nan,nan,nan,nan,nan,nan,nan,"Designar o Perito Medico-Legista EDUARDO LUIZ DANTAS DA COSTA, matricula no
26.900-X, para responder pelo Diretor da Divisao de Assistencia Medica, do Departamento  de
Administracao Geral, da Policia Civil do Distrito Federal, Simbolo DFG-13, por motivo de
vacancia, a partir de 13.12.2001"
113,Substituição de Funções, o Delegado de Policia ANTONIO CARLOS DOMITH DE PAULA,23.667-5,nan,nan,nan,DFG-13,nan,nan,nan,nan,nan,nan,nan,nan,"Designar o Delegado de Policia ANTONIO CARLOS DOMITH DE PAULA, matricula no
23.667-5, para responder pelo Diretor da Divisao de Transporte, do Departamento  de Adminis-
tracao Geral, da Policia Civil do Distrito Federal, Simbolo DFG-13, por motivo de vacancia, a
partir de 13.12.2001"
114,Substituição de Funções, o Agente de Policia BENEDITO GILVANE CASCARDO,31.548-6,nan,nan,nan,DFA-10,nan,nan,nan,nan,nan,nan,nan,nan,"Designar o Agente de Policia BENEDITO GILVANE CASCARDO, matricula no 31.548-6, para
responder pelo Assistente da Divisao de Transporte, do Departamento  de Administracao Geral, da
Policia Civil do Distrito Federal, Simbolo DFA-10, por motivo de vacancia, a partir de 13.12.2001"
115,Substituição de Funções, o Agente de Policia ADELSON SILVA MOITA,47.283-2,nan,nan,nan,DFG-13,nan,nan,nan,nan,nan,nan,nan,nan,"Designar o Agente de Policia ADELSON SILVA MOITA, matricula no 47.283-2, para respon-
der pelo Diretor da Divisao de Telecomunicacoes, do Departamento  de Administracao Geral, da
Policia Civil do Distrito Federal, Simbolo DFG-13, por motivo de vacancia, a partir de 13.12.2001"
116,Substituição de Funções, o Agente de Policia MARCO TULIO ROCHA TORRES,57.679-4,nan,nan,nan,DFA-10,nan,nan,nan,nan,nan,nan,nan,nan,"Designar o Agente de Policia MARCO TULIO ROCHA TORRES, matricula no 57.679-4,
para responder pelo Assistente da Divisao de Telecomunicacoes, do Departamento  de Adminis-
tracao Geral, da Policia Civil do Distrito Federal, Simbolo DFA-10, por motivo de vacancia, a
partir de 13.12.2001"
117,Substituição de Funções, o Agente de Policia DURVAL ANTONIO SOARES,23.636-5,nan,nan,nan,DFG-10,nan,nan,nan,nan,nan,nan,nan,nan,"Designar o Agente de Policia DURVAL ANTONIO SOARES, matricula no 23.636-5, para
responder pelo Chefe do Posto Policial no 27 da 19a Delegacia Policia, do Departamento  de
Policia Circunscricional, da Policia Civil do Distrito Federal, Simbolo DFG-10, por motivo de
vacancia, a partir de 13.12.2001"
118,Substituição de Funções, a Agente de Policia LUIZ CLAUDIO NOGUEIRA DE SOUZA,35.329-9,nan,nan,nan,DFG-08,nan,nan,nan,nan,nan,nan,nan,nan,"Designar a Agente de Policia LUIZ CLAUDIO NOGUEIRA DE SOUZA, matricula no
35.329-9, para exercer o Cargo em Comissao, Simbolo DFG-08, Chefe da Secao de Investigacao/
DRS/DEPAT/PCDF, a partir de 02.01.2002"
119,Substituição de Funções, os servidores JOSE ALVES RABELO  Matricula no,100208-2,nan,nan,nan,nan,nan,nan,nan,nan,nan,nan,nan,nan,Designar os servidores JOSE ALVES RABELO  Matricula no 100208-2 Tecnico de des
120,Substituição de Funções," um
servidor para auxiliar nos trabalhos locais",n.o,nan,"95.788-7 - Vice-Presidente;
CLAUDIA MARIA MATOS ARAUJO",nan,nan,nan,nan,nan,nan,nan,nan,nan,nan,"designar um
servidor para auxiliar nos trabalhos locais, bem como favorecer, de toda forma possivel, o acesso
da Comissao aos recintos onde existem bens a inventariar; 5.A Comissao sera composta pelos seguintes servidores; MARINEIDE SOARES DE ARAUJO, matricula n.o 995.835 - Presidente;
LEONILTON DE AMORIM DA SILVA, matricula 95.788-7 - Vice-Presidente;
CLAUDIA MARIA MATOS ARAUJO, matricula 59.013-4 - Membro ;
JOSE AUGUSTO SANTOS COSTA, matricula 96.213-9, - Membro ;
JANSLER PINHEIRO DE ARAGAO , matricula 40.627-9 Membro"
121,Substituição de Funções,nan,nan,nan,nan,nan,nan,nan,nan,nan,nan,nan,nan,nan,nan,DESIGNAR: MIGUEL ANGELO LIMA M
