,Tipo,Nome,Cargo Efetivo,Matricula,Siape,Simbolo,Cargo Comissao,Lotacao,Orgao,text
0,Nomeação, ALZIRO BARBOSA DA SILVA,para exercer o Cargo em Comissao,nan,nan,DFA-, Assessor do Gabinete,Administracao Regional de Samambaia,"Secretaria de Esta-
do de Coordenacao das Administracoes Regionais do Distrito Federal","NOMEAR ALZIRO BARBOSA DA SILVA, para exercer o Cargo em Comissao, Simbolo DFA-
11, de Assessor do Gabinete, da Administracao Regional de Samambaia, da Secretaria de Esta-
do de Coordenacao das Administracoes Regionais do Distrito Federal"
1,Nomeação, WAGNER ALEXIXO RIBEIRO DA SILVA,nan,nan,nan,nan,nan,nan,nan,NOMEAR WAGNER ALEXIXO RIBEIRO DA SILVA..
2,Nomeação, WAGNER ALEIXO RIBEIRO DA SILVA,nan,nan,nan,nan,nan,nan,nan,NOMEAR WAGNER ALEIXO RIBEIRO DA SILVA..
