,Tipo do Ato,Nome do Servidor Substituto,Matrícula do Servidor Substituto,Nome do Servidor a ser Substituido,Matrícula do Servidor a ser SubstituidoCargo,Símbolo do cargo do servidor substituto,Cargo comissionado objeto da substituição,Símbolo do cargo do objeto da substituição,Símbolo do cargo comissionado objeto da substituição,Hierarquia da Lotação,Órgão,Data Inicial da Vigência,Data Final de Vigência,Matrícula SIAPE,Motivo,text
0,Substituição de Funções, ULISCES DE SOUSA MORENO,94.166-2,o Administrador Regional,nan,nan,CNE-,nan,nan,nan,nan,nan,nan,nan,nan,"DESIGNAR ULISCES DE SOUSA MORENO, matricula no 94.166-2, Chefe de
Gabinete, para substituir o Administrador Regional, Cargo de Natureza Especial, Simbolo CNE-
04, da Administracao Regional de Ceilandia, da Secretaria de Estado de Coordenacao das Ad-
ministracoes Regionais do Distrito Federal, no periodo de 02 de setembro a 01 de outubro de
2002, por motivo de ferias regulamentares do titular"
1,Substituição de Funções, ULISCES DE SOUZA MORENO,94.166-2,o Administrador Regional,nan,nan,CNE-,nan,nan,nan,nan,nan,nan,nan,nan,"DESIGNAR ULISCES DE SOUZA MORENO, matricula no 94.166-2, Chefe de
Gabinete, para substituir o Administrador Regional, Cargo de Natureza Especial, Simbolo CNE-
04, da Administracao Regional de Ceilandia, da Secretaria de Estado de Coordenacao das Ad-
ministracoes Regionais do Distrito Federal, no periodo de 09 de setembro a 08 de outubro de
2002, por motivo de ferias regulamentares do titular"
2,Substituição de Funções, os servidores EMIVAL JOSE DE PAULA,nan,nan,nan,nan,nan,nan,nan,nan,nan,nan,nan,nan,nan,"Designar os servidores EMIVAL JOSE DE PAULA, matricula n"
