,Tipo do Ato,Tipo de Documento,Número do documento,Data do documento ,Número do DODF,Data do DODF,Página do DODF,Nome do Servidor,Matrícula,Cargo,Classe,Padrao,Matricula SIAPE,Informação Errada,Informação Corrigida,text
0,Retificações de Aposentadoria,Portaria,616,06/09/2002,176,13/09/2002,nan,DALCI FERREIRA SALIMENA,115.542-3,nan,nan,nan,nan,nan,nan,"RETIFICAR, na Portaria 616, de 06/09/2002, publicada no DODF 176, DE 13/09/2002, o ato
que concedeu aposentadoria a DALCI FERREIRA SALIMENA, matricula 115.542-3, do Qua-
dro de Pessoal da Secretaria de Estado de Saude do Distrito Federal, para incluir em sua funda-
mentacao legal o paragrafo 7o da Lei Organica do Distrito Federal. Processo no 272.000.288/2002
TORNAR SEM EFEITO, na Instrucao Coletiva de 29/03/1996, publicada no DODF 66, de 04/
04/1996, o ato que concedeu aposentadoria a LEONIDES DE JESUS TAVARES DOS PASSOS,
matricula 112.095-6, do Quadro de Pessoal da Extinta Fundacao Hospitalar do Distrito Federal,
em atendimento a Decisao no 3449/2002 do TCDF. Processo no 061.043.105/1995.
"
