,Tipo,Nome,Cargo Efetivo,Matricula,Siape,Simbolo,Cargo Comissao,Lotacao,Orgao,text
0,Nomeação,  MARIA DA PAZ COUTINHO DUTRA MARTINS,"Carreira Medica (Clinica
Medica)",,nan,CNE-06,nan,nan,nan,"NOMEAR  MARIA DA PAZ COUTINHO DUTRA MARTINS, Carreira Medica (Clinica
Medica), Matricula n  117.827-X,  para exercer o  Cargo em Comissao,  Simbolo CNE-06, de
Subsecretaria de Atencao a  Saude da Secretaria de Estado de Saude do Distrito Federal"
1,Nomeação, IARA MARIA MARTINS DOS SANTOS MIRANDA,nan,95.5876,nan,DFA-12,nan,nan,nan,"NOMEAR IARA MARIA MARTINS DOS SANTOS MIRANDA, matricula no 95.5876, para
exercer o Cargo em Comissao de Assessor, Simbolo DFA-12, do Gabinete, da Secretaria de Infra-
Estrutura e Obras do Distrito Federal"
2,Nomeação, SALVANDIR FERREIRA DE LIMA,"para o Cargo em Comissao de Chefe de
Gabinete",nan,nan,CNE-06,nan,nan,nan,"NOMEAR SALVANDIR FERREIRA DE LIMA, para o Cargo em Comissao de Chefe de
Gabinete, Simbolo CNE-06, da Secretaria de Infra-Estrutura e Obras do Distrito Federal"
3,Nomeação, ANDRE MONTEIRO FORTES,para exercer o Cargo em Comissao de Diretor,nan,nan,DFG-13,nan,nan,nan,"NOMEAR ANDRE MONTEIRO FORTES, para exercer o Cargo em Comissao de Diretor,
Simbolo DFG-13, da Diretoria de Apoio Operacional, da Secretaria de Infra-Estrutura e Obras do
Distrito Federal"
