,Tipo do Ato,SEI,Nome,Matrícula,Tipo de Aposentadoria,Cargo,Classe,Padrao,Quadro,Fundamento Legal,Orgao,Vigencia,Matricula SIAPE,text
0,Aposentadoria,1.004/96,nan,nan,nan,nan,nan,nan,nan,nan,nan,nan,nan,"aposentar-se novamente, conforme assegurado pelo art. 3o da EC no
20/98, utilizando-se da contagem ponderada, prevista no 3o do artigo 1o da Lei no 1864/98,
cujo computo foi acolhido pelo Tribunal para atos de aposentadoria que reuniram os
requisitos necessarios ate a Emenda Constitucional no 20/98 (16.12.98), nos termos da
Decisao no 7848/99, Processo no 2530/98;  b - caso a servidora opte pela nova aposentado-
ria, o novo ato concessorio devera ter complementada a fundamentacao dos decimos
incorporados estabelecida no ato de fls. 43/44-apenso, incluindo os artigos 7o da Lei no
1.004/96,"
