,Tipo do Ato,SEI,Nome,Matrícula,Tipo de Aposentadoria,Cargo,Classe,Padrao,Quadro,Fundamento Legal,Orgao,Vigencia,Matricula SIAPE,text
0,Aposentadoria,1.004/96,nan,nan,nan,nan,nan,nan,nan,nan,nan,nan,nan,"aposentar - Tecnico de
Administracao Publica -, tendo em vista o teor da Decisao no 5800/94, que considerou ilegal a revisao
de proventos da aposentadoria do servidor; II - confeccionar Demonstrativo de Tempo de Servico, em
substituicao ao de fl. 11, objetivando corrigir o total apurado para efeito de adicional no GDF, de 8.277
para 8.092 dias, e de licencas-medicas para aposentadoria, de 730 para 915 dias; III - juntar certidao da
NOVACAP/GEB, na forma prevista na Lei no 22/89; IV - anexar declaracao de nao-acumulacao ou de
acumulacao licita da pensao, tendo em vista o disposto no art. 225 da Lei no 8.112/90; V - tornar sem
efeito o documento substituido. PROCESSO No 5540/95 (apenso o de no 060.003.330/95) - Integralizacao da pensao civil instituida por
RAIMUNDO NONATO DOS SANTOS-SGA. - DECISAO No 6254/01.- O Tribunal, de acordo com o
voto do Relator, tendo em conta a instrucao, decidiu: I - ter por cumprida a diligencia determinada pela
Decisao no 7614/99;  II - considerar legal, para fins de registro, o ato integralizacao da de pensao civil
temporaria concedida a CLAUDIA VALERIA DOS SANTOS, filha do servidor aposentado RAIMUNDO
NONATO DOS SANTOS, visto as fls. 23/24, retificado as fls. 33/35 dos autos apensos; III - determinar o
retorno dos autos apensos a Secretaria de Gestao Administrativa, recomendando que, no prazo de 60
(sessenta) dias, sejam adotadas as seguintes providencias, o que sera objeto de verificacao em futura
auditoria: a) renumerar os documentos acostados aos autos a partir da fl. 38, inclusive; b) elaborar Titulo
de Pensao, em substituicao ao de fl. 25, observando os termos do item XIII do art. 6o da Resolucao no 101/
98-TCDF, para alterar a proporcionalidade dos proventos para 11/35 e o percentual do Adicional por
Tempo de Servico para 9%; c) tornar sem efeito o documento substituido. PROCESSO No 5569/95 (apensos os de nos 5976/91 e 061.006.553/95) - Revisao dos proventos da
aposentadoria de MARCOS BOS BRESOLIN e pensao civil concedida a TANIA DORNAS BRESOLIN-
SGA. - DECISAO No 6255/01.- O Tribunal, de acordo com o voto do Relator, tendo em conta a instrucao
e o parecer do Ministerio Publico, decidiu: I - ter por cumprida a diligencia determinada pela Decisao no
656/2000; II - determinar o retorno dos autos apensos a Secretaria de Gestao Administrativa, em nova
diligencia, recomendando que, no prazo de 60 (sessenta) dias, sejam adotadas as seguintes providencias: a)
quanto a revisao da aposentadoria (Processo no 5976/91): a.1) retificar na Instrucao coletiva de 09/06/00
a revisao de proventos da aposentadoria de MARCOS BOS BRESOLIN para: a.1.1) excluir a expressao as
vantagens dos artigos 1o e 7o paragrafo unico da Lei no 1.004/96,"
1,Aposentadoria,5.719/98,nan,nan,nan,nan,nan,nan,nan,nan,nan,nan,nan,"aposentaram sob a egide do sistema previdenciario trabalhista, vinculam-se ao INSS
e nao ao Governo do Distrito Federal, falecendo competencia a este para conceder o beneficio previden-
ciario em tela. Em suas consideracoes, constantes de fls. 105/115,  o Senhor Secretario de Governo ofertou a seguinte
contribuicao:  A Procuradorial-Geral do Distrito Federal ja teve oportunidade de se pronunciar sobre a materia objeto
da presente representacao, qual seja, a inconsititucionalidade da Lei Distrital n.o 1.800, de 23 de dezembro
de 1997. Trata-se do Parecer n.o 5.719/98,"
2,Aposentadoria,1.800/97,nan,nan,nan,nan,nan,nan,nan,nan,nan,nan,nan,"aposentaram especificamente em um dado periodo. Demonstrada a transgressao ao principio isonomico, consolida-se, por mais este motivo, a conclusao de
inconstitucionalidade da Lei Distrital 1.800/97."
