,Tipo do Ato,SEI,Nome,Matrícula,Tipo de Aposentadoria,Cargo,Classe,Padrao,Quadro,Fundamento Legal,Orgao,Vigencia,Matricula SIAPE,text
0,Aposentadoria,6.732/79,nan,nan,nan,nan,Especial,II e ao falecer encontrava-se na Classe Especial,nan,nan,nan,nan,nan,"aposentar-se estava posicionado na Classe Especial,
Padrao II e ao falecer encontrava-se na Classe Especial, Padrao III (fl.21 ap.p); VI) excluir do rol dos
beneficiarios da pensao, por apostilamento, Simone da Silva Alves, em razao de haver completado a
maioridade em 1o/3/92 (fl. 14 ap.p); VII) tornar sem efeito o documento substituido. PROCESSO No 3536/92 - Aposentadoria de ADEMAR BARREIRA E REIS-PCDF. - DECISAO No
7114/01.- O Tribunal, de acordo com o voto do Relator, tendo em conta a instrucao, determinou o
retorno dos autos a Policia Civil do Distrito Federal para que, em 60 dias, adote as seguintes providen-
cias: I) elaborar o Mapa completo de incorporacao de quintos/decimos, encerrando-o ate a vespera da
publicacao do ato de aposentadoria do servidor, indicando os atos de nomeacao e de dispensa, com os                                      Diario Oficial do Distrito Federal
PAGINA   22
No 218, terca-feira, 13 de novembro de 2001 respectivos simbolos e transformacoes, se ocorridas, a data e o veiculo de publicacao, o tempo de
permanencia em cada cargo ou funcao, com a discriminacao das parcelas incorporadas e dos simbolos
correspondentes. Caso os atos de designacao e dispensa nao tenham sido publicados no DODF, anexar
copia autenticada e, se inexistentes, juntar copias autenticadas das respectivas fichas financeiras e/ou
contracheques;  II) retificar o ato de fl. 3-verso para excluir o art. 250 da Lei no 8.112/90 e incluir,
se for o caso, a vantagem prevista na Lei no 6.732/79."
