,Tipo,Nome,Cargo Efetivo,Matricula,Siape,Simbolo,Cargo Comissao,Lotacao,Orgao,text
0,Nomeação, LUIS FELIPE MIRANDA DE SOUZA,para exercer o Cargo em Comissao,nan,nan,DFA-, Secretario Administrativo,Departamento de Relacoes Politico-Institucionais,"Secretaria
de Governo do Distrito Federal","NOMEAR LUIS FELIPE MIRANDA DE SOUZA, para exercer o Cargo em Comissao, Simbolo DFA-
03, de Secretario Administrativo, do Departamento de Relacoes Politico-Institucionais, da Secretaria
de Governo do Distrito Federal"
1,Nomeação, MARISTELA FELIPE DE MELO,nan,nan,nan,nan,nan,nan,nan,"NOMEAR MARISTELA FELIPE DE MELO como Suplente do Interlocutor da Comunidade Solida-
ria do Distrito Federal"
2,Nomeação, SERGIO ANTONIO PINHEIRO DE OLIVEIRA,nan,nan,nan,nan,nan,nan,nan,"NOMEAR SERGIO ANTONIO PINHEIRO DE OLIVEIRA como Coordenador-Executivo da Comu-
nidade Solidaria do Distrito Federal O GOVERNADOR DO DISTRITO FEDERAL, no uso das atribuicoes que lhe confere o Art"
3,Nomeação, VALERIA ILDA DUARTE PESSOA,"Procuradora do Distrito Federal de 1a Categoria
,matricula no 47.682-x",47.682-x,nan,CNE-,nan,nan,nan,"NOMEAR VALERIA ILDA DUARTE PESSOA, Procuradora do Distrito Federal de 1a Categoria
,matricula no 47.682-x, para o Cargo em Comissao de Procuradora-Geral Adjunta, Simbolo CNE-
05,da Procuradoria Geral do Distrito Federal"
