,Tipo do Ato,Nome do Servidor Substituto,Matrícula do Servidor Substituto,Nome do Servidor a ser Substituido,Matrícula do Servidor a ser SubstituidoCargo,Símbolo do cargo do servidor substituto,Cargo comissionado objeto da substituição,Símbolo do cargo do objeto da substituição,Símbolo do cargo comissionado objeto da substituição,Hierarquia da Lotação,Órgão,Data Inicial da Vigência,Data Final de Vigência,Matrícula SIAPE,Motivo,text
0,Substituição de Funções, a servidora ELI SOARES JUCA,4.471-7,nan,nan,nan,nan,nan,nan,nan,nan,nan,nan,nan,nan,"DESIGNAR a servidora ELI SOARES JUCA, matricula no 4.471-7, da Companhia Energetica de
Brasilia - CEB, para integrar a Comissao de que trata o Decreto no 22.066, de 10 de abril de 2001,
como auxiliar tecnico"
1,Substituição de Funções, LEO DOS SANTOS CARDOSO FILHO,44.392-1,"ROSSANA
DE ALMEIDA MESQUITA",31.103-0,Gerente da Divida Publica,DFG-12,nan,nan,nan,nan,nan,nan,nan,nan,"Designar LEO DOS SANTOS CARDOSO FILHO, matricula no 44.392-1, para substituir ROSSANA
DE ALMEIDA MESQUITA, matricula no 31.103-0, Gerente da Divida Publica, Simbolo DFG-12, da
Diretoria Geral de Administracao Financeira da Subsecretaria de Financas da Secretaria de Fazenda e
Planejamento, no periodo de 5 de outubro a 3 de novembro de 2001, por motivo de licenca para
tratamento de saude"
2,Substituição de Funções, Cleidymar Ramos de Moura Xavier,71.876-9,"o titular do Cargo
em Comissao",nan,nan,DFG-13,nan,nan,nan,nan,nan,nan,nan,nan,"Designar Cleidymar Ramos de Moura Xavier, matricula no 71.876-9, para substituir o titular do Cargo
em Comissao, simbolo DFG-13, de Diretor da Escola de Aperfeicoamento dos Profissionais da
Educacao, no periodo de 16/10/2001 a 30/10/2001, por motivo de ferias do titular"
3,Substituição de Funções, NOEMEA CRISOSTOMO PEREIRA,94.962-0,"o titular do
Cargo em Comissao",nan,nan,DFG-07,nan,nan,nan,nan,nan,nan,nan,nan,"Designar NOEMEA CRISOSTOMO PEREIRA, matricula no 94.962-0, para substituir o titular do
Cargo em Comissao, Simbolo DFG-07, de Chefe do Nucleo de Execucao do Programa Sucesso no
Aprender da Gerencia de Integracao Escola-Comunidade da Diretoria de Assistencia Escolar da Subse-
cretaria de Suporte Educacional, no periodo de 15/10/2001 a 29/10/2001, por motivo de ferias
regulamentares"
4,Substituição de Funções, os servidores abaixo relacionados para substituirem os titulares dos cargos em comissao,25.420-7,nan,nan,nan,DFG,nan,nan,nan,nan,nan,nan,nan,nan,"Designar os servidores abaixo relacionados para substituirem os titulares dos cargos em comissao, a seguir
especificados:                                      Diario Oficial do Distrito Federal
PAGINA   94
No 197, quinta-feira, 11 de outubro de 2001 IRENE BARBOSA DE ALMEIDA, matricula 25.420-7, Chefe de Secretaria Escolar do CAIC Profes-
sor Anisio Teixeira de Ceilandia, simbolo DFG 06, no periodo de 16/10/01 a 14/11/01 por motivo de
ferias do titular"
5,Substituição de Funções, MARIA DAS DORES MENDES SILVA,36.985-3,"o titular do
cargo em comissao de Secretario da Gerencia Regional de Ensino",nan,nan,nan,nan,nan,nan,nan,nan,nan,nan,nan,"Designar MARIA DAS DORES MENDES SILVA, matricula 36.985-3, para substituir o titular do
cargo em comissao de Secretario da Gerencia Regional de Ensino, DFG-03, pelo periodo de 26/09/
2001 a 15/10/2001, em razao de licenca para tratamento de saude do titular"
6,Substituição de Funções, MARIA APARECIDA SATURNINA DO NASCIMENTO,45.300-5,nan,nan,nan,nan,nan,nan,nan,nan,nan,nan,nan,nan,"Designar MARIA APARECIDA SATURNINA DO NASCIMENTO, matricula 45.300-5, para substi-
tuir o titular do cargo em comissao de Vice-Diretor da Escola Classe 07 do Guara, FG-02, pelo periodo
de 03/10/2001 a 23/12/2001, em razao de licenca para tratamento de saude do titular"
7,Substituição de Funções, DOUGLAS GONCALVES DE MORAIS,28.946-9,"o titular do
cargo em comissao",nan,nan,DFG,nan,nan,nan,nan,nan,nan,nan,nan,"Designar DOUGLAS GONCALVES DE MORAIS, matricula 28.946-9, para substituir o titular do
cargo em comissao, simbolo DFG 04 de Chefe de Secretaria do Centro de Ensino Fundamental
Telebrasilia, no periodo de 10/09/2001 a 29/09/2001, por motivo de ferias do titular"
8,Substituição de Funções, o servidor abaixo relacionado,38225-6,"a titular do cargo em comissao a seguir
especificado",nan,nan,nan,nan,nan,nan,nan,nan,nan,nan,nan,"Designar o servidor abaixo relacionado, para substituir a titular do cargo em comissao a seguir
especificado: - ROBSON DE PAIVA CHAVES, MG1Q, matricula 38225-6, Vice-diretor da Escola Classe 05 de
Planaltina, FG-02, no periodo de 10/09/2001 a 07/01/2002, por motivo de licenca gestante da titular"
9,Substituição de Funções, a servidora LUCIMEIRE DE ANDRADE MADUREIRA,67.592-X,nan,nan,nan,nan,nan,nan,nan,nan,nan,nan,nan,nan,"Designar a servidora LUCIMEIRE DE ANDRADE MADUREIRA, matricula 67.592-X, para substi-
tuir a Chefe de Secretaria Escolar do Centro de Ensino Especial 01 de Sobradinho, DFG-04, no
periodo de 01/10/01 a 27/02/02, por motivo de Licenca Gestante e ferias da Titular"
10,Substituição de Funções, ARMANDO AUGUSTO PEIXOTO,136.935-0,nan,nan,nan,nan,nan,nan,nan,nan,nan,nan,nan,nan,"Designar ARMANDO AUGUSTO PEIXOTO, matricula no 136.935-0, Executor do Convenio no
381/97, firmado entre a Secretaria de Estado de Saude e o Ministerio da Saude, em substituicao a
Rosangela Conde Watanabe"
11,Substituição de Funções, a servidora LEILA MARIA VILLELA CORTES,129.184-X,"o Chefe do Nucleo de Nutricao e Dietetica da Gerencia de Diagnose e Terapia da
Direcao Regional de Saude de Ceilandia",nan,nan,DFG,nan,nan,nan,nan,nan,nan,nan,nan,"Designar a servidora LEILA MARIA VILLELA CORTES, ASS - Nutricionista, matricula 129.184-X,
para substituir o Chefe do Nucleo de Nutricao e Dietetica da Gerencia de Diagnose e Terapia da
Direcao Regional de Saude de Ceilandia, simbolo DFG 05, por motivo de ferias do titular, no periodo
de 12/09/2001 a 26/09/2001, conforme Memorando 102/2001  NND/GDT/HRC de 11/07/2001"
12,Substituição de Funções, a servidora ANADIR SANTOS,131.739-3,"a
Chefe do Nucleo de Enfermagem do Centro de Saude no",nan,nan,DFG,nan,nan,nan,nan,nan,nan,nan,nan,"Designar a servidora ANADIR SANTOS, CE - Enfermeira, matricula 131.739-3, para substituir a
Chefe do Nucleo de Enfermagem do Centro de Saude no 07 da Regional de Saude de Ceilandia, simbolo
DFG 05, por motivo de ferias da titular, no periodo de 12/11/2001 a 26/11/2001, conforme Memo-
rando 035/2001 - GCSC 07 de 06/09/2001"
13,Substituição de Funções, a servidora IDEMEIRE NUNES DA SILVA,124.567-,a Chefe do Nucleo de Regulacao,nan,nan,DFG,nan,nan,nan,nan,nan,nan,nan,nan,"Designar a servidora IDEMEIRE NUNES DA SILVA, AIS  Agente de Portaria, matricula 124.567-
8, para substituir a Chefe do Nucleo de Regulacao, Controle e Avaliacao do Centro de Saude no 10 da
Regional de Saude de Ceilandia, simbolo DFG 04, por motivo de licenca maternidade da titular, no
periodo de 16/07/2001 a 12/11/2001, conforme Memorando 62/2001  Ch"
14,Substituição de Funções, a servidora IDEMEIRE NUNES DA SILVA,124.567-,a Chefe do Nucleo de Apoio Operacional do Centro de Saude no,nan,nan,DFG,nan,nan,nan,nan,nan,nan,nan,nan,"Designar a servidora IDEMEIRE NUNES DA SILVA, AIS  Agente de Portaria, matricula 124.567-
8, para substituir a Chefe do Nucleo de Apoio Operacional do Centro de Saude no 10 da Regional de
Saude de Ceilandia, simbolo DFG 05, por motivo de ferias da titular, no periodo de 01/12/2001 a 15/
12/2001, conforme Memorando 75/2001  Ch"
15,Substituição de Funções, o servidor EVANDRO CORNELIO AZEVEDO,109.161-1,a Chefe do Nucleo de Apoio Operacional do Centro de Saude no,nan,nan,DFG,nan,nan,nan,nan,nan,nan,nan,nan,"Designar o servidor EVANDRO CORNELIO AZEVEDO, AIS  Agente Administrativo, matricula
109.161-1, para substituir a Chefe do Nucleo de Apoio Operacional do Centro de Saude no 10 da
Regional de Saude de Ceilandia, simbolo DFG 05, por motivo de licenca medica da titular, no
periodo de 12/09/2001 a 27/09/2001, conforme Memorando 75/2001  Gerencia CSC 10 de 19/
09/2001"
16,Substituição de Funções, a servidora LENY NUNES DE BARROS,n.o,nan,nan,nan,nan,nan,nan,nan,nan,nan,nan,nan,nan,"Designar a servidora LENY NUNES DE BARROS, ASS (Enfermeiro), matricula n.o 126.147-9, para
compor a Comissao Permanente de Sindicancia da Regional de Saude de Sobradinho, em substituicao
ao ex servidor HARLEY SANDRO DE MAGALHAES"
17,Substituição de Funções, a servidora AURISTELA MAZOCANTE DE MEDEIROS,nan,nan,nan,nan,nan,nan,nan,nan,nan,nan,nan,nan,nan,"Designar a servidora AURISTELA MAZOCANTE DE MEDEIROS, Assistente Administrativo, ma-
tricula 067.970 do PSF, para compor a Comissao Regional de Sindicancia, para apurar os fatos
contantes do processo n.o 279.000.345/2001"
18,Substituição de Funções, a servidora VERONICA SOARES RODRIGUES,n.o,nan,nan,nan,nan,nan,nan,nan,nan,nan,nan,nan,nan,"Designar a servidora VERONICA SOARES RODRIGUES, Representante do ICS, matricula n.o 080.48-
9, para  compor a Comissao Regional de Sindicancia, para apurar os fatos constantes do processo n.o
279.000.338/2001"
19,Substituição de Funções, a servidora EVA LOPES DE OLIVEIRA,n.o,o cargo de Chefe do Nucleo de Proc,nan,nan,nan,nan,nan,nan,nan,nan,nan,nan,nan,"Designar a servidora EVA LOPES DE OLIVEIRA, AIS (Agente Administrativo), matricula n.o 115.108-
8, para substituir o cargo de Chefe do Nucleo de Proc"
20,Substituição de Funções, a servidora LUCIANA DO CARMO NASCIMENTO,n.o,"o cargo de Chefe do Nucleo de Fisioterapia e Reabilitacao Fisica da
Diretoria Regional de Saude de Sobradinho",nan,nan,DFG-05,nan,nan,nan,nan,nan,nan,nan,nan,"Designar a servidora LUCIANA DO CARMO NASCIMENTO, ASS (Fisioterapeuta), matricula n.o
136.515-0, para substituir o cargo de Chefe do Nucleo de Fisioterapia e Reabilitacao Fisica da
Diretoria Regional de Saude de Sobradinho, Simbolo DFG-05, do Quadro de Cargos em Comissao da
Secretaria de Estado de Saude do Distrito Federal, no periodo de 19.11 a 08.12.2001, por motivo de
ferias do titular"
21,Substituição de Funções, a servidora MARIA ISABEL PINHEIRO DOURADO MATOS,n.o,"o cargo de Chefe da Unidade de Anestesiologia e Gasoterapia
da Diretoria Regional de Saude de Sobradinho",nan,nan,DFG-05,nan,nan,nan,nan,nan,nan,nan,nan,"Designar a servidora MARIA ISABEL PINHEIRO DOURADO MATOS, Medico (Anestesiologista),
matricula n.o 129.191-2, para substituir o cargo de Chefe da Unidade de Anestesiologia e Gasoterapia
da Diretoria Regional de Saude de Sobradinho, Simbolo DFG-05, do Quadro de Cargos em Comissao da
Secretaria de Estado de Saude do Distrito Federal, no periodo de 14 a 28.09.2001, por motivo de
ferias do titular"
22,Substituição de Funções, as servidoras,nan,nan,nan,nan,nan,nan,nan,nan,nan,nan,nan,nan,nan,"Designar as servidoras: ELIAN AVELAR DE OLIVEIRA, matricula n"
23,Substituição de Funções, ANDREIA DA SILVA SOARES,nan,nan,978-4 (COPER) para sob a presidencia da primeira,nan,nan,nan,nan,nan,nan,nan,nan,nan,nan,"Designar ANDREIA DA SILVA SOARES,matricula 989-X (COPER) e CHARLES DE MELO TROVAO,matricula
978-4 (COPER) para sob a presidencia da primeira, comporem comissao de apuracao ate relatorio final; 2"
24,Substituição de Funções, ANDREIA DA SILVA SOARES,989-X,nan,1.297-1 (COPER),nan,nan,nan,nan,nan,nan,nan,nan,nan,nan,"Designar ANDREIA DA SILVA SOARES, matricula 989-X (COPER) e ADRIANA CORAZZA MI-
GUEL, matricula 1.297-1 (COPER), para sob a presidencia da primeira, comporem comissao de
apuracao ate relatorio final; Publicar no DODF"
25,Substituição de Funções, nos termos do Decreto,n.o,nan,n.o 105.070-2,nan,DFA-02,nan,,nan,nan,nan,nan,nan,nan,"Designar nos termos do Decreto 21.816 de 12.12.2000, a servidora JAQUELINE FERNANDES
DE SOUZA SILVA, matricula n.o 105.154-7, Encarregada, Simbolo DFA-02, da Gerencia de
Preservacao do Patrimonio Ecologico das Unidades de Conservacao e Parques Ecologicos, para
substituir, ELIA BATISTA DE OLIVEIRA, matricula n.o 105.070-2, Administrador de Parques
Ecologicos, Simbolo DFG-09, da Gerencia de Preservacao do Patrimonio Ecologico das Unidades
de Conservacao e Parques Ecologicos, da Subsecretaria do Meio Ambiente, da Secretaria de Meio
Ambiente e Recursos Hidricos, no periodo de 26.09.2001 a 10.10.2001,  por motivo de Licenca
para Tratamento da Saude"
26,Substituição de Funções, nos termos do Decreto,n.o,CARMEN LUCIA PEREIRA CARMONA,nan,"Diretora da Diretoria de Licen-
ciamento",DFG-12,nan,,nan,nan,nan,nan,nan,nan,"Designar nos termos do Decreto 21.816 de 12.12.2000, o servidor JOAO ALVES CARDOSO, matri-
cula n.o 37.594-2, Gerente da Gerencia de Fiscalizacao Ambiental, Simbolo DFG-12, para substituir
CARMEN LUCIA PEREIRA CARMONA, matricula n.o 105.091-5, Diretora da Diretoria de Licen-
ciamento, Fiscalizacao e Monitoramento Ambiental, Simbolo DFG-14, da Subsecretaria do Meio
Ambiente, da Secretaria de Meio Ambiente e Recursos Hidricos, no periodo de 01.10.2001 a
31.10.2001,  por motivo de ferias regulamentares da titular"
27,Substituição de Funções, o Servidor Sergio Issamu Yamanda Matricula no,24.374-4,nan,nan,nan,nan,nan,nan,nan,nan,nan,nan,nan,nan,"DESIGNAR o Servidor Sergio Issamu Yamanda Matricula no 24.374-4, Inspetora de Obras, da
Administracao de Brasilia, como EXECUTORA do Termo Padrao no 16/96, de Concessao de Direito
Real de Uso de no 039/2000, sobre imovel do Distrito Federal, da area publica contigua a SQ/Norte
213, Projecao 09, referente  ao Processo de no 141.006.102/99, firmado entre o Distrito Federal e a
Empresa Antares Engenharia Ltda., estabelecida ao SAI/Sul - Trecho 03 - Bloco D - No 990, Salas
117/118"
28,Substituição de Funções, a servidora CLAUDIA BORGES DE ALMEIDA FRANCA,91.226-3,nan,nan,nan,nan,nan,nan,nan,nan,nan,nan,nan,nan,"DESIGNAR a servidora CLAUDIA BORGES DE ALMEIDA FRANCA, matricula 91.226-3, Chefe do
Nucleo de Modernizacao e Informatica, como Executora e Supervisora do contrato celebrado entre
o Distrito Federal, por intermedio da Administracao Regional do Cruzeiro e a COMPANHIA DO
DESENVOLVIMENTO DO PLANALTO CENTRAL - CODEPLAN, Processo no.139.000.601/
2001, referente a prestacao de servicos de locacao e manutencao de equipamentos de informatica,
sendo 08(oito) microcomputadores e 05(cinco) impressoras jato de tinta, a serem executados de
forma continua, na Regiao Administrativa do Cruzeiro-RA-XI, e os demais equipamentos relaciona-
dos com o processo acima citado"
29,Substituição de Funções, o servidor DILSON JOSE DE OLIVEIRA,108.299-X,nan,nan,nan,nan,nan,nan,nan,nan,nan,nan,nan,nan,"DESIGNAR o servidor DILSON JOSE DE OLIVEIRA , matricula 108.299-X, Chefe da Assessoria de
Comunicacao Social,  para Executor do Contrato celebrado entre o Distrito Federal, por meio da Administra-
cao Regional do Cruzeiro e a empresa S/A Correio Braziliense    (Processo no 139.000.265/99)"
30,Substituição de Funções, para presidi,98.450-7;,nan,nan,nan,nan,nan,nan,nan,nan,nan,nan,nan,nan,"Designar para presidi-la, ate relatorio final, o servidor GILDEMAR DIAS DA SILVA, matricula n
98.450-7;
III - Esta Ordem de Servico entra em vigor na data de sua publicacao"
31,Substituição de Funções, o Diretor Regional de Permissoes e Concessoes Publicas,nan,nan,nan,nan,DFG-12,nan,nan,nan,nan,nan,nan,nan,nan,"DESIGNAR o Diretor Regional de Permissoes e Concessoes Publicas, simbolo DFG-12 para acompa- nhar, supervisionar e fiscalizar os servicos constantes da Nota de Empenho n.o 300/2001, referente a atender despesa com a implantacao de rede de energia eletrica e transformador na area rural de cavas"
32,Substituição de Funções, o Chefe da Assessoria de Comunicacao Social,nan,nan,nan,nan,DFG-12,nan,nan,nan,nan,nan,nan,nan,nan,"DESIGNAR o Chefe da Assessoria de Comunicacao Social, simbolo DFG-12 para acompanhar, super- visionar e fiscalizar os servicos constantes da Nota de Empenho n.o 329/2001, referente a atender despesa com contratacao de empresa especializada em revelacoes de filmes negativos e ampliacoes no corrente exercicio"
33,Substituição de Funções, o Chefe da Secao de Administracao de Sede,nan,nan,nan,nan,DFG-05,nan,nan,nan,nan,nan,nan,nan,nan,"DESIGNAR o Chefe da Secao de Administracao de Sede, simbolo DFG-05 para acompanhar, supervi- sionar e fiscalizar os servicos constantes da Nota de Empenho n.o 231/2001, referente a atender despesa com prestacao de servico movel celular  SMC, pos pago, com habilitacao de 04 acessos celulares"
34,Substituição de Funções, IVALDO CESAR PEREIRA,44.185-6,JOSE RICARDO ENES MOREIRA,96.192-2,Chefe do Servico de Administracao de Edificio,DFG-08,nan,nan,nan,nan,nan,nan,nan,nan,"Designar IVALDO CESAR PEREIRA, matricula no 44.185-6, Assistente de Apoio as Atividades Juridicas, para substituir JOSE RICARDO ENES MOREIRA, matricula no 96.192-2, Chefe do Servico de Administracao de Edificio, Simbolo DFG-08, do Departamento de Administracao Geral e Planeja- mento da Procuradoria Geral do Distrito Federal, no periodo de 15 a 24.10.2001, por motivo de ferias do titular"
