,tipo,nome,matricula,simbolo,cargo_comissao,lotacao,orgao,vigencia,pedido,cargo_efetivo,siape,motivo,text
0,Exoneração, ERIKA PORTO QUEIROZ,no,nan,nan,nan,nan,nan,nan,nan,nan,nan,"EXONERAR ERIKA PORTO QUEIROZ, matricula no 109"
1,Exoneração, ADALDEI MAGALHAES DE ABREU S,nan,nan,nan,nan,nan,nan,nan,nan,nan,nan,EXONERAR ADALDEI MAGALHAES DE ABREU S
2,Exoneração, MARIA DA PENHA DA S,nan,nan,nan,nan,nan,nan,nan,nan,nan,nan,EXONERAR MARIA DA PENHA DA S
3,Exoneração, Q,no,nan,nan,nan,nan,nan,a pedido,nan,nan,nan,"EXONERAR, a pedido, os servidores abaixo mencionados, do Quadro de Pessoal do Distrito
Federal, lotados na Secretaria de Educacao do Distrito Federal, a contar da data especificada:
AFONSO ROMAO BATISTA,  matricula no 47"
4,Exoneração, Q,no,nan,nan,nan,nan,nan,a pedido,nan,nan,nan,"EXONERAR, a pedido, os servidores abaixo mencionados, do Quadro de Pessoal do Distrito
Federal, com lotacao na Secretaria de Estado de Educacao do Distrito Federal, a contar da data
especificada:                                                                       Diario Oficial do Distrito Federal
PAGINA   9
No 112, sexta-feira, 14 de junho de 2002 APARECIDA CLEUDA GUIMARAES, matricula no 56"
