,Tipo do Ato,Nome do Servidor Substituto,Matrícula do Servidor Substituto,Nome do Servidor a ser Substituido,Matrícula do Servidor a ser SubstituidoCargo,Símbolo do cargo do servidor substituto,Cargo comissionado objeto da substituição,Símbolo do cargo do objeto da substituição,Símbolo do cargo comissionado objeto da substituição,Hierarquia da Lotação,Órgão,Data Inicial da Vigência,Data Final de Vigência,Matrícula SIAPE,Motivo,text
0,Substituição de Funções, WILLIAM VIEIRA PEREIRA,95.628-7,nan,nan,nan,DFG-12,nan,nan,nan,"Secretaria de
Estado de Coordenacao das Administracoes Regionais do Distrito Federal, ate a nomeacao do
novo titular",nan,nan,nan,nan,"DESIGNAR WILLIAM VIEIRA PEREIRA, matricula no 95.628-7, Chefe do Servico de Calculo,
da Divisao Regional de Exame, Aprovacao e Elaboracao de Projetos, para responder, interina e
cumulativamente, sem acumular salarios, pelo Cargo em Comissao, Simbolo DFG-12, de Diretor
da Divisao Regional de Licenciamento, da Administracao Regional de Samambaia, da Secretaria de
Estado de Coordenacao das Administracoes Regionais do Distrito Federal, ate a nomeacao do
novo titular"
1,Substituição de Funções, para procede,nan,nan,nan,nan,nan,nan,nan,nan,nan,nan,nan,nan,nan,"designar para procede-la o  CAP QOPM LAERCIO SILVANO DE
OLIVEIRA, MAT"
2,Substituição de Funções, a servidora HELOISA CRISTINA SILVA PIRES TORRES,n.o,"a
servidora GILVAN ALVES BATISTA",n.o 31.092-1,"Chefe do Nucleo de Comunicacao
Administrativa",DFG-02,nan,,nan,nan,nan,nan,nan,nan,"Designar a servidora HELOISA CRISTINA SILVA PIRES TORRES, matricula n.o 95.375-X,
Encarregada do Nucleo de Comunicacao Administrativa, Simbolo DFG-02, para substituir a
servidora GILVAN ALVES BATISTA, matricula n.o 31.092-1, Chefe do Nucleo de Comunicacao
Administrativa, Simbolo DFG-08, da Gerencia de Documentacao, da Diretoria de Suporte Insti-
tucional, da Subsecretaria de Logistica e Modernizacao, no periodo de 03/06/2002 a 17/06/2002,
por estar a titular substituindo outro cargo"
3,Substituição de Funções, o servidor CARLOS JOAO DOS SANTOS,n.o,"o
servidor JOAO GOMES DE OLIVEIRA FILHO",n.o 24.888-6,DFG-02,nan,nan,nan,nan,nan,nan,nan,nan,nan,"Designar o servidor CARLOS JOAO DOS SANTOS, matricula n.o 35.268-3, para substituir o
servidor JOAO GOMES DE OLIVEIRA FILHO, matricula n.o 24.888-6, DFG-02, Encarregado
da Gerencia de Manutencao de Veiculos, da Diretoria de Transportes da Subsecretaria de Logis-
tica e Modernizacao, por motivo de ferias do titular no periodo de 01/07/2002 a 30/07/2002 MARIA CECILIA S"
4,Substituição de Funções, o servidor JOSE LIMA FILHO,n.o,"o servidor IVAN
SOUSA ROCHA",n.o 47.486-X,DFG-08,nan,nan,nan,nan,nan,nan,nan,nan,nan,"Designar o servidor JOSE LIMA FILHO, matricula n.o 34.882-1, para substituir o servidor IVAN
SOUSA ROCHA, matricula n.o 47.486-X, DFG-08, Chefe do Nucleo de Manutencao de Veicu-
los, da Diretoria de Transportes da Subsecretaria de Logistica e Modernizacao, por motivo de
ferias do titular no periodo de 21/06/2002 a 02/07/2002 MARIA CECILIA S"
5,Substituição de Funções, o servidor MARCOS DE AZEVEDO MELO,n.o,"o
servidor JOSE RODRIGUES DA SILVA NETO",n.o 25.695-1,DFG-02,nan,nan,nan,nan,nan,nan,nan,nan,nan,"Designar o servidor MARCOS DE AZEVEDO MELO, matricula n.o 35.286-1, para substituir o
servidor JOSE RODRIGUES DA SILVA NETO, matricula n.o 25.695-1, DFG-02, Encarregado
da Gerencia de Manutencao de Veiculos, da Diretoria de Transportes da Subsecretaria de Logis-
tica e Modernizacao, por motivo de ferias do titular no periodo de 01/07/2002 a 30/07/2002 MARIA CECILIA S"
6,Substituição de Funções, VICTOR DA SILVA RODRIGUES,46.170-9,LUCINEI,43.284-9 ,nan,DFG-02,nan,nan,nan,nan,nan,nan,nan,nan,"Designar VICTOR DA SILVA RODRIGUES, matricula no 46.170-9, para substituir LUCINEI-
DE OLIVEIRA SANTOS, matricula no 43.284-9 , Encarregado de Secretaria, Simbolo DFG-02,
da Assessoria de Administracao de Pessoas e Recursos Materiais da Subsecretaria da Receita da
Secretaria de Fazenda e Planejamento do Distrito Federal, no periodo de 24 de junho a 8 de julho
de 2002, por motivo de ferias regulamentares"
7,Substituição de Funções, LUCIANO CARLOS SILVEIRA,109.158-1,"JOSUE
BALIZA ROCHA RIBEIRO",92.508-X,Supervisor de Suporte,DFG-07,nan,nan,nan,nan,nan,nan,nan,nan,"Designar LUCIANO CARLOS SILVEIRA, matricula no 109.158-1, para substituir JOSUE
BALIZA ROCHA RIBEIRO, matricula no 92.508-X, Supervisor de Suporte, Simbolo DFG-07,
da Agencia de Atendimento da Receita  SIA, da Gerencia de Atendimento ao Contribuinte da
Subsecretaria da Receita da Secretaria de Fazenda e Planejamento do Distrito Federal, no periodo
de 1o a 15 de julho de 2002, por motivo de ferias regulamentares"
8,Substituição de Funções, DINALDO RODRIGUES BRAGANCA,35.224-1,JOSE ROBERTO LEITAO E SILVA JUNIOR,35.128-8,"Encarregado de
Secretaria",DFG-02,nan,nan,nan,nan,nan,nan,nan,nan,"Designar DINALDO RODRIGUES BRAGANCA, matricula no 35.224-1, para substituir
JOSE ROBERTO LEITAO E SILVA JUNIOR, matricula no 35.128-8, Encarregado de
Secretaria, Simbolo DFG-02, da Celula de Administracao do Deposito de Mercadorias
Apreendidas da Gerencia de Fiscalizacao Tributaria da Subsecretaria da Receita da Secre-
taria de Fazenda e Planejamento do Distrito Federal, no periodo de 15 de julho a 3 de
agosto de 2002, por motivo de ferias regulamentares"
9,Substituição de Funções, GEYSA CRISTINA DA SILVA BARROS,25.997-7,"a
titular da Funcao Gratificada de Diretor da Escola Classe Corrego do Barreiro",nan,nan,FG-04,nan,nan,nan,nan,nan,nan,nan,nan,"Designar GEYSA CRISTINA DA SILVA BARROS, matricula no 25.997-7, para substituir a
titular da Funcao Gratificada de Diretor da Escola Classe Corrego do Barreiro, simbolo FG-04, no
periodo de l0/06/2002 a 08/08/2002, por motivo de licenca para Tratamento de Saude do Titular"
10,Substituição de Funções, os servidores abaixo relacionados,63.521-9,nan,nan,nan,DFG-06,nan,nan,nan,nan,nan,nan,nan,nan,"Designar os servidores abaixo relacionados, para substituirem os titulares dos cargos em comis-
sao a seguir especificados:
- CARLOS VICENTE DE OLIVEIRA, matricula 63.521-9, Chefe de Secretaria Escolar do
Centro de Ensino Medio EIT, simbolo DFG-06, pelo periodo de 17/06/2002 a 26/06/2002, por
motivo de ferias da titular"
11,Substituição de Funções, os servidores abaixo relacionados,63375-5,nan,nan,nan,FG-04,nan,nan,nan,nan,nan,nan,nan,nan,"Designar os servidores abaixo relacionados, para substituirem os titulares dos cargos em comis-
sao a seguir especificados:
- LOURDES GOMES DE ABREU, matricula 63375-5, Diretora da Escola Classe Retiro do
Meio de Planaltina, simbolo FG-04, no periodo de 04/06/2002 a 03/07/2002, por motivo de
licenca medica da titular"
12,Substituição de Funções, CHRISTIANNE NERES DA PENHA,26.698-1,"o titular
do cargo em comissao de Chefe de Nucleo de Recursos Humanos da Gerencia Regional de Ensino
do Guara",nan,nan,DFG-07,nan,nan,nan,nan,nan,nan,nan,nan,"Designar CHRISTIANNE NERES DA PENHA, matricula no 26.698-1, para substituir o titular
do cargo em comissao de Chefe de Nucleo de Recursos Humanos da Gerencia Regional de Ensino
do Guara, simbolo DFG-07, pelo periodo de 23/05/2002 a 31/05/2002, por motivo de licenca
para tratamento de saude do titular"
13,Substituição de Funções,nan,nan,nan,nan,nan,nan,nan,nan,nan,nan,nan,nan,nan,nan,"DESIGNAR, nos termos do Inciso II do Artigo 13 das Normas de Execucao Orcamentaria e
Financeira, aprovadas pelo Decreto n.o 16.098 de 29 de novembro de 1994, o servidor ANTO-
NIO RIBEIRO DE SALES, Diretor de Administracao Geral, matricula n.o 94.201-4 , para atuar
como  EXECUTOR da prestacao de servicos de execucao do show da dupla  Zeze de Carmargo
e Luciano , a realizar-se no dia 14 de junho de 2002 na area publica localizada ao lado do forum
de Taguatinga Norte  D"
