,Tipo do Ato,Nome do Servidor Substituto,Matrícula do Servidor Substituto,Nome do Servidor a ser Substituido,Matrícula do Servidor a ser SubstituidoCargo,Símbolo do cargo do servidor substituto,Cargo comissionado objeto da substituição,Símbolo do cargo do objeto da substituição,Símbolo do cargo comissionado objeto da substituição,Hierarquia da Lotação,Órgão,Data Inicial da Vigência,Data Final de Vigência,Matrícula SIAPE,Motivo,text
0,Substituição de Funções, o servidor JOSE GONCALVES RIBEIRO NETO,o,nan,nan,nan,nan,nan,nan,nan,nan,nan,nan,nan,nan,"Designar o servidor JOSE GONCALVES RIBEIRO NETO, matricula n o 106.086-4, Diretor
de Apoio Operacional, da Agencia de Desenvolvimento do Turismo do Distrito Federal, para
executor do processo n o 0030-003.060/2002, celebrado entre a Agencia de Desenvolvimento do
Turismo do Distrito Federal ADETUR/DF e Associacao Brasileira de Agencias de Viagens -
ABAV, referente a locacao de area para montagem de estande"
1,Substituição de Funções, o servidor ANTONIO SERGIO DA GAMA GOMES,o,nan,nan,nan,nan,nan,nan,nan,nan,nan,nan,nan,nan,"Designar o servidor ANTONIO SERGIO DA GAMA GOMES, matricula n o 98.440-X, Dire-
tor de Planejamento e Projetos, da Agencia de Desenvolvimento do Turismo do Distrito Fede-
ral, para executor do Convenio n o 063/2002, processo n o 0030-003.398/2002, celebrado entre a
Agencia de Desenvolvimento do Turismo do Distrito Federal ADETUR/DF e o Instituto Brasi-
leiro de Turismo-EMBRATUR, referente a transferencia de recursos para apoio na implantacao
do Programa Nacional de Municipalizacao-PNMT"
2,Substituição de Funções, MARIA GORETTI SANTOS NASCIMENTO,43.823-5,FILOMENA MARTINS DE OLIVEIRA,25.093-7,Encarregada,DFG-,nan,nan,nan,nan,nan,nan,nan,nan,"Designar MARIA GORETTI SANTOS NASCIMENTO, matricula no 43.823-5, para substituir
FILOMENA MARTINS DE OLIVEIRA, matricula no 25.093-7, Encarregada, Simbolo DFG-
01, da Subsecretaria de Apoio Operacional da Secretaria de Fazenda e Planejamento, no periodo
de 4 de setembro a 1o de outubro de 2002, por motivo de ferias regulamentares"
3,Substituição de Funções, o Diretor da Diretoria de Difusao Cientifica e Tecnologica,nan,nan,nan,nan,nan,nan,nan,nan,nan,nan,nan,nan,nan,"Designar o Diretor da Diretoria de Difusao Cientifica e Tecnologica, para atuar como execu-
tor do contrato no 01/2002, firmado entre esta Fundacao e a Empresa Jimenez &Associados
Propaganda Ltda, a partir de 03 de setembro de 2002
KAZUYOSHI OFUGI ORDEM DE SERVICO No 32, DE 6 DE SETEMBRO DE 2002
O Diretor-Presidente da Fundacao de Apoio a Pesquisa do Distrito Federal, no uso de suas
atribuicoes legais, consubstanciadas no inciso VII, do Art"
4,Substituição de Funções,nan,nan,nan,68.144-X,nan,DFG-13,nan,,nan,nan,nan,nan,nan,nan,"Designar, KATIA FILOMENA VAZ STIVAL BUENO, matricula no 68.206-3, Diretora da Di-
retoria de Apoio Operacional, simbolo DFG-13, para sem prejuizo de suas funcoes, substituir,
LUIZ AUGUSTO PERES FRANCA, matricula no 68.144-X, Diretor Vice-Presidente, Simbolo
CNE-06, no periodo de 11/09 a 30/09/2002, por motivo de ferias do titular"
5,Substituição de Funções,nan,nan,nan,nan,nan,nan,nan,nan,nan,nan,nan,nan,nan,nan,"Designar, Dr"
6,Substituição de Funções, KLAUSS MARCUS PARANAYBA,143.696-1,nan,nan,nan,nan,nan,nan,nan,nan,nan,nan,nan,nan,"Designar KLAUSS MARCUS PARANAYBA, matricula no 143.696-1, Gerente da GCZ/
DIVAL/SVS/SES, EXECUTOR do Convenio no 206/2002, celebrado entre a Fundacao Nacio-
nal de Saude e a Secretaria de Estado de Saude do Distrito Federal"
7,Substituição de Funções, a servidora ROSANGELA DA SILVA SILVESTRE,127.115-6,nan,nan,nan,nan,nan,nan,nan,nan,nan,nan,nan,nan,"Designar a servidora ROSANGELA DA SILVA SILVESTRE, matricula no 127.115-6, lo-
tada na Coordenacao de Controle do Cancer e Tabagismo, EXECUTORA do Contrato no
043/2002-SES/DF, celebrado entre o Distrito Federal, por intermedio da Secretaria de
Estado de Saude e a firma TECNOLTA  EQUIPAMENTOS ELETRONICOS LTDA, em
13 de agosto de 2002
Esta Portaria entra em vigor na data de sua publicacao"
8,Substituição de Funções, a servidora Tilia Rumi Okahara,123.665-2,o servidor Marcelo Batista da Silva,nan,"Chefe
do Nucleo de Cadastro Funcional e Financeiro",DFG,nan,nan,nan,nan,nan,nan,nan,nan,"DESIGNAR a servidora Tilia Rumi Okahara, AIS-Agente Administrativo, Matricula:
130.525-5, para substituir o servidor Marcelo Batista da Silva, Matricula 123.665-2, Chefe
do Nucleo de Cadastro Funcional e Financeiro, da Gerencia de Pessoal, da Direcao Regi-
onal de Saude da Asa Norte, simbolo DFG - 05, no periodo de 09 a 18 de Setembro de
2002, por motivo de ferias"
9,Substituição de Funções, a servidora Elenice Rodrigues Batista de Souza,nan,"o Chefe do Nucleo de Pessoal da Diretoria Regional de
Saude de Sao Sebastiao",nan,nan,DFG-,nan,nan,nan,nan,nan,nan,nan,nan,"DESIGNAR a servidora Elenice Rodrigues Batista de Souza, Agente Administrativo, ma-
tricula 117.398-7, para substituir o Chefe do Nucleo de Pessoal da Diretoria Regional de
Saude de Sao Sebastiao, Simbolo DFG- 05, no periodo de 09 a 18 de outubro do corrente
ano, por motivo de ferias do titular, conforme Memorando no 075/2002 - NUPE/GAO/
DRSSS, de 20/05/2002
Esta publicacao torna sem efeito a Ordem de Servico de 29 de maio de 2002, publicada no
DODF no 106 de 06/06/02"
10,Substituição de Funções, o servidor Douglas Shiguemi Watanabe,134.976-4,"o Gerente de Administracao de Banco
de Dados da Diretoria de Gestao de Tecnologia da Informacao da Subsecretaria de Planejamen",nan,nan,DFG-11,nan,nan,nan,nan,nan,nan,nan,nan,"Designar o servidor Douglas Shiguemi Watanabe, Assistente Intermediario de Saude II (Agente
Administrativo), Matricula no 134.976-4, para substituir o Gerente de Administracao de Banco
de Dados da Diretoria de Gestao de Tecnologia da Informacao da Subsecretaria de Planejamen-
to e Politicas de Saude da Secretaria de Estado de Saude do Distrito Federal, Simbolo DFG-11,
no periodo de 02 a 16 de setembro de 2002, por motivo de ferias"
11,Substituição de Funções, a servidora Maria Aparecida Ferreira Fonseca,108.807-6,"o Chefe do Nucleo de Contabilidade
Patrimonial da Gerencia de Contabilidade da Diretoria de Contabilidade e Financas da Subse",nan,nan,DFG-07,nan,nan,nan,nan,nan,nan,nan,nan,"Designar a servidora Maria Aparecida Ferreira Fonseca, Assistente Intermediario de Saude (Agen-
te Administrativo), Matricula no 108.807-6, para substituir o Chefe do Nucleo de Contabilidade
Patrimonial da Gerencia de Contabilidade da Diretoria de Contabilidade e Financas da Subse-
cretaria de Apoio Operacional da Secretaria de Estado de Saude do Distrito Federal, Simbolo
DFG-07, no periodo de 02 a 11 de setembro de 2002, por motivo de ferias"
12,Substituição de Funções, o servidor Elliston Lobato dos Santos,124.075-7,o Gerente de Contabilidade da Direto,nan,nan,DFG-11,nan,nan,nan,nan,nan,nan,nan,nan,"Designar o servidor Elliston Lobato dos Santos, Assistente Intermediario de Saude II (Agente
Administrativo), Matricula no 124.075-7, para substituir o Gerente de Contabilidade da Direto-
ria de Contabilidade e Financas da Subsecretaria de Apoio Operacional da Secretaria de Estado
de Saude do Distrito Federal, Simbolo DFG-11, no periodo de 12 de setembro a 08 de outubro
de 2002, por motivo de ferias"
13,Substituição de Funções, o servidor Francisco Reis de Sousa Junior,1.401.545-5,"a Chefe do Nucleo de Inspecao da Gerencia de Fiscalizacao da
Diretoria de Vigilancia a Saude da Subsecretaria de Atencao a Saude da Secretaria de Estado de
Saude do Distrito Federal",nan,nan,DFG-10,nan,nan,nan,nan,nan,nan,nan,nan,"Designar o servidor Francisco Reis de Sousa Junior, Inspetor de Atividades Urbanas, Matricula
no 1.401.545-5, para substituir a Chefe do Nucleo de Inspecao da Gerencia de Fiscalizacao da
Diretoria de Vigilancia a Saude da Subsecretaria de Atencao a Saude da Secretaria de Estado de
Saude do Distrito Federal, Simbolo DFG-10, no periodo de 16 a 30 de setembro de 2002, por
motivo de ferias"
14,Substituição de Funções, a servidora Maria Fatima de Oliveira Chacon,118.320-6,"a Chefe do Nucleo de
Coleta de Dados e Apropriacao de Despesa da Gerencia de Apropriacao de Custo da Direto",nan,nan,DFG-07,nan,nan,nan,nan,nan,nan,nan,nan,"Designar a servidora Maria Fatima de Oliveira Chacon, Assistente Intermediario de Saude
II (Agente Administrativo), Matricula no 118.320-6, para substituir a Chefe do Nucleo de
Coleta de Dados e Apropriacao de Despesa da Gerencia de Apropriacao de Custo da Direto- ria de Contabilidade e Financas da Subsecretaria de Apoio Operacional da Secretaria de
Estado de Saude do Distrito Federal, Simbolo DFG-07, no periodo de 14 a 23 de outubro de
2002, por motivo de ferias"
15,Substituição de Funções, a servidora Rosangela de Castro Costa,101.069-7,Gerva,31.142-1,nan,DFG-09,nan,nan,nan,nan,nan,nan,nan,nan,"Designar a servidora Rosangela de Castro Costa, matricula no 101.069-7, para substituir Gerva-
sio Firmiano de Sousa, matricula no 31.142-1, Chefe, Simbolo DFG-09, do Nucleo de Pessoal
da Gerencia Administrativa da Diretoria de Apoio Operacional da Secretaria de Comunicacao
Social, no periodo de 16/09/2002 a 30/09/2002, por motivo de ferias regulamentares do titular"
16,Substituição de Funções, nos termos do Decreto,109.591-9,CYNTIA FONTENELE NEVES,108.207-8,Chefe do Nucleo de Contratos e Convenios,nan,nan,nan,nan,nan,nan,nan,nan,nan,"Designar nos termos do Decreto 21.816 de 12.12.2000, o servidor ZIEL FERREIRA DOS SAN-
TOS, matricula no 109.591-9, Assistente DFA-05, da Diretoria de Planejamento, Programacao e
Acompanhamento, para substituir CYNTIA FONTENELE NEVES, matricula no 108.207-8,
Chefe do Nucleo de Contratos e Convenios, DFG-09, da Gerencia de Acompanhamento e Ava-
liacao, da Diretoria de Planejamento, Programacao e Acompanhamento, da Secretaria de Meio
Ambiente e Recursos Hidricos, no periodo de 02.09.2002 a 01.10.2002, por estar a titular subs-
tituindo o Gerente da area"
17,Substituição de Funções, nos termos do Decreto,37.377-X,"FLAVIO
MARCELO SILVEIRA BRAGA",37.394-X,"Chefe do Nucleo de Fiscalizacao de
Industrias e Atividades Primarias e Terciarias",nan,nan,nan,nan,nan,nan,nan,nan,nan,"Designar nos termos do Decreto 21.816 de 12.12.2000, o servidor ALDO CESAR VIEIRA
FERNANDES, matricula no 37.377-X, Fiscal de Atividades Urbanas, para substituir FLAVIO
MARCELO SILVEIRA BRAGA, matricula no 37.394-X, Chefe do Nucleo de Fiscalizacao de
Industrias e Atividades Primarias e Terciarias, DFG-09, da Gerencia de Fiscalizacao Ambiental,
da Diretoria de Licenciamento, Fiscalizacao e Monitoramento Ambiental, da Subsecretaria do
Meio Ambiente, da Secretaria de Meio Ambiente e Recursos Hidricos, no periodo de 05.09.2002
a 04.10.2002, por motivo de ferias regulamentares do titular"
18,Substituição de Funções, nos termos do Decreto,38.081-4,"JOSE LUIZ DIAS DA
ROCHA",108.213-2,Chefe do Nucleo de Pesquisas Aplicadas,nan,nan,nan,nan,nan,nan,nan,nan,nan,"Designar nos termos do Decreto 21.816 de 12.12.2000, o servidor ERIEL SINVAL CARDOSO,
matricula no 38.081-4, Analista de Administracao Publica, para substituir JOSE LUIZ DIAS DA
ROCHA, matricula no 108.213-2, Chefe do Nucleo de Pesquisas Aplicadas, DFG-09, da Geren-
cia de Preservacao do Patrimonio Ecologico das Unidades de Conservacao e Parques Ecologi-
cos, da Diretoria de Preservacao, Conservacao e Educacao Ambiental, da Subsecretaria do Meio
Ambiente, da Secretaria de Meio Ambiente e Recursos Hidricos, no periodo de 20.09.2002 a
04.10.2002, por motivo de ferias regulamentares do titular"
19,Substituição de Funções, GERALDO SOARES,93,ANTONIO ISAIAS DE LUCENA,nan,cargo em comissao encarregado de transporte,DFG,nan,nan,nan,nan,nan,nan,nan,nan,"Designar GERALDO SOARES, para substituir ANTONIO ISAIAS DE LUCENA, matricula
93 447 X, cargo em comissao encarregado de transporte, simbolo DFG 03, da Diretoria Admi-
nistrativa e Financeira, periodo de 02/09/2002 a 01/10/2002 por motivo de ferias"
20,Substituição de Funções, EDILSON SANTANA DA SILVA,80,JOAO FRANCISCO MIRAN,nan,nan,DFG,nan,nan,nan,nan,nan,nan,nan,nan,"Designar EDILSON SANTANA DA SILVA, para substituir JOAO FRANCISCO MIRAN-
DA, matricula 80 151 8, cargo em comissao Chefe da Secao de Transporte, simbolo DFG
08, da Diretoria Administrativa e Financeira, periodo de 16/09/2002 a 15/10/2002, por
motivo de ferias"
21,Substituição de Funções, ADRIANA BOCCHIGLIERI,80,"CLEA LUCIA
MAGALHAES",80 192 5,cargo em comissao Diretora de Conservacao e Pesquisa,DFG,nan,nan,nan,nan,nan,nan,nan,nan,"Designar ADRIANA BOCCHIGLIERI, matricula 80 255 7, para substituir CLEA LUCIA
MAGALHAES, matricula 80 192 5, cargo em comissao Diretora de Conservacao e Pesquisa,
simbolo DFG 13, da Diretoria de Conservacao e Pesquisa, periodo de 16 a 30/09/2002, por
motivo de ferias"
22,Substituição de Funções, WILSON RODRIGUES DA SILVA,94,"MANOEL
LUIZ GOMES",92 261 7,cargo em comissao encarregado da secao de tetrapodos,DFG,nan,nan,nan,nan,nan,nan,nan,nan,"Designar WILSON RODRIGUES DA SILVA, matricula 94 267 7, para substituir MANOEL
LUIZ GOMES, matricula 92 261 7, cargo em comissao encarregado da secao de tetrapodos,
simbolo DFG 03, da Diretoria de Conservacao e Pesquisa, periodo de 02/09/2002 a 01/10/2002,
por motivo de ferias"
23,Substituição de Funções, JUSTINO XAVIER DE SOUZA NETO,28,GLAU,80 158 5,nan,DFG,nan,nan,nan,nan,nan,nan,nan,nan,"Designar JUSTINO XAVIER DE SOUZA NETO, matricula 28 235 9, para substituir GLAU-
CIA NECCHI PEREIRA, matricula 80 158 5, cargo em comissao chefe do servico de alimenta-
cao e nutricao animal, simbolo DFG 11, da Diretoria de Conservacao e Pesquisa, periodo de 23/
09/2002 a 07/10/2002, por motivo de ferias"
24,Substituição de Funções, JOSENICE ANTONIO DE SOUZA FRANCO,52.613-4,ADALTO GERALDO SOARES,52.612-6,"Chefe da Se-
cao de Recurso Humanos",DFG-08,nan,nan,nan,nan,nan,nan,nan,nan,"Designar JOSENICE ANTONIO DE SOUZA FRANCO, matricula no 52.613-4, Encarregado
DFG-03, para substituir ADALTO GERALDO SOARES, matricula no 52.612-6, Chefe da Se-
cao de Recurso Humanos, simbolo DFG-08, do Jardim Botanico de Brasilia da Secretaria de
Meio Ambiente e Recursos Hidricos do Distrito Federal, no periodo de 09/09 a 13/09/2002, por
motivo de gozo do abono anual do titular"
25,Substituição de Funções, a servidora DIVINA MARIA DA CUNHA,98.361-6,ANA LUCIA ARAUJO SABOIA,93.123-3,Simbolo DFG-09,DFA-06,nan,,nan,nan,nan,nan,nan,nan,"Designar a servidora DIVINA MARIA DA CUNHA, matricula no 98.361-6, Assistente,
Simbolo DFA-06, para substituir ANA LUCIA ARAUJO SABOIA, matricula no 93.123-3,
Simbolo DFG-09, Chefe da Agencia Publica de Emprego e Cidadania/APEC de Samam-
baia, da Gerencia de Atendimento ao Trabalhador, da Diretoria de Atendimento ao Traba-
lhador e ao Empregador, da Subsecretaria de Emprego, da Secretaria de Trabalho e Direitos
Humanos, no periodo de 05 de setembro a 04 de outubro de 2002, por motivo de ferias
regulamentares da titular"
26,Substituição de Funções, o servidor FRANCISCO CARLOS RAMOS MACHADO,91.038-4,PAULO ROBERTO PAMPOLHA MENDES,nan,nan,DFA-09,nan,,nan,"Subsecretaria de Promocao Humana da Secretaria de Trabalho e Di-
reitos Humanos do Distrito Federal, por motivo de ferias regulamentares da titular no periodo de
02 de setembro de 2002 a 16 de setembro de 2002
O SECRETARIO DE ESTADO DE TRABALHO E DIREITOS HUMANOS DO DISTRITO
FEDERAL, no uso de suas atribuicoes que lhe sao conferidas pela Art",nan,nan,nan,nan,"Designar o servidor FRANCISCO CARLOS RAMOS MACHADO, matricula no 91.038-4,
Assistente, Simbolo DFA-09, para substituir PAULO ROBERTO PAMPOLHA MENDES, ma-
tricula no 93.393-7, Simbolo DFG-12, de Gerente da Gerencia de Credito Assistido, da Diretoria
de Ocupacao e Renda, da Subsecretaria de Promocao Humana da Secretaria de Trabalho e Di-
reitos Humanos do Distrito Federal, por motivo de ferias regulamentares da titular no periodo de
02 de setembro de 2002 a 16 de setembro de 2002
O SECRETARIO DE ESTADO DE TRABALHO E DIREITOS HUMANOS DO DISTRITO
FEDERAL, no uso de suas atribuicoes que lhe sao conferidas pela Art"
27,Substituição de Funções, PAULO MAURICIO J,nan,nan,nan,nan,nan,nan,nan,nan,nan,nan,nan,nan,nan,Designar PAULO MAURICIO J
28,Substituição de Funções, JOAO EDSON RODRIGUES GONCALVES,41.689-4,ALTAIR DE SOUSA RODRIGUES,26.951-4,nan,nan,nan,nan,nan,nan,nan,nan,nan,nan,"Designar JOAO EDSON RODRIGUES GONCALVES, matricula no 41.689-4, para substituir
ALTAIR DE SOUSA RODRIGUES, Diretora da Divisao de Controle de Processos e Documen-
tos do Gabinete do Procurador-Geral, matricula no 26.951-4, no periodo de 16/09/2002 a 25/09/
2002, por motivo de ferias da titular"
