,tipo,nome,matricula,simbolo,cargo_comissao,lotacao,orgao,vigencia,pedido,cargo_efetivo,siape,motivo,text
0,Exoneração, JANAINA  ARRAIS DE  AZEVEDO MIOTTO,nan,CNE-04,nan,nan,nan,nan,a pedido,nan,nan,nan,"EXONERAR, a pedido, JANAINA  ARRAIS DE  AZEVEDO MIOTTO, do Cargo de Natureza
Especial, Simbolo CNE-04, de Assessor Especial da Assessoria Especial para Coordenacao dos
Assuntos Internacionais do Gabinete do Governador"
1,Exoneração, MONICA VERAS GOMES,nan,DFG,nan,nan,nan,nan,a pedido,nan,nan,nan,"EXONERAR, a pedido, MONICA VERAS GOMES do Cargo em Comissao, Simbolo DFG 
12, de Gerente da Gerencia de Planejamento da Diretoria Tecnico Fundiaria, da Secretaria de
Estado de Assuntos Fundiarios do Distrito Federal, a partir de 05 de novembro de 2001"
2,Exoneração, FABIO OLIVEIRA DA SILVA,nan,DFG,nan,nan,nan,nan,nan,nan,nan,nan,"EXONERAR, por estar sendo nomeado para outro cargo, FABIO OLIVEIRA DA SILVA, do
Cargo em Comissao, Simbolo DFG 12, de Gerente da Gerencia de Informatica, da Diretoria de
Apoio Operacional, da Secretaria de Estado de Assuntos Fundiarios do Distrito Federal"
3,Exoneração, RICARDO CAMBIAGHI CARVA,nan,DFG-12,nan,nan,nan,nan,nan,nan,nan,nan,"EXONERAR, por estar sendo nomeado para outro cargo, RICARDO CAMBIAGHI CARVA-
LHO DE MORAES do Cargo em Comissao, Simbolo DFG-12, de Chefe da Divisao de Eventos
do Cerimonial do Gabinete do Governador"
4,Exoneração,nan,nan,nan,nan,nan,nan,nan,nan,nan,nan,nan,"EXONERAR, por necessidade do servico, das funcoes a saber, a contar de 01 de dezembro de
2001, os seguintes policiais-militares"
