,Tipo do Ato,Nome do Servidor Substituto,Matrícula do Servidor Substituto,Nome do Servidor a ser Substituido,Matrícula do Servidor a ser SubstituidoCargo,Símbolo do cargo do servidor substituto,Cargo comissionado objeto da substituição,Símbolo do cargo do objeto da substituição,Símbolo do cargo comissionado objeto da substituição,Hierarquia da Lotação,Órgão,Data Inicial da Vigência,Data Final de Vigência,Matrícula SIAPE,Motivo,text
0,Substituição de Funções, PABLO GOMES MIRANDA,106.765-6,GRACIANA GARCIA LOBO,nan,nan,CNE,nan,nan,nan,nan,nan,nan,nan,nan,"Designar PABLO GOMES MIRANDA, matricula no 106.765-6, Assessor do Departamento de
Relacoes Politico-Institucionais da Secretaria de Governo do Distrito Federal, para substituir
GRACIANA GARCIA LOBO, no Cargo de Natureza Especial, Simbolo CNE 06, de Chefe de
Gabinete da Secretaria de Governo do Distrito Federal, no periodo de 10 a 29 de dezembro de
2001, por motivo de ferias regulamentares da titular"
1,Substituição de Funções, os servidores abaixo para,nan,nan,nan,nan,nan,nan,nan,nan,nan,nan,nan,nan,nan,"Designar os servidores abaixo para, sob a presidencia do primeiro, constituir as referidas
Comissoes: Centros Interescolares de Linguas:
LEM/Ingles (Matutino):
Debora Machado Pinho                                      Diario Oficial do Distrito Federal
PAGINA   30
No 234, segunda-feira, 10 de dezembro de 2001 Vinicius Antonio Lourenco da Costa
Tarsila Gomes Rodrigues da Costa
LEM/Ingles (Vespertino)
Debora Machado Pinho
Wilma Virtoriana D"
2,Substituição de Funções," a servidora Tatiana Dias Cardoso para compor a comissao constituida no Diario
Oficial do Distrito Federal no",nan,nan,nan,nan,nan,nan,nan,nan,nan,nan,nan,nan,nan,"Designar a servidora Tatiana Dias Cardoso para compor a comissao constituida no Diario
Oficial do Distrito Federal no 229, de 03/12/2001, na disciplina LEM/Frances"
3,Substituição de Funções, WELMA MARIA GAMA RIBEIRO DE SOUZA,203.174-4,nan,nan,nan,DFG-07,nan,nan,nan,nan,nan,nan,nan,nan,"Designar WELMA MARIA GAMA RIBEIRO DE SOUZA, matricula no 203.174-4, para subs-
tituir a Chefe do Nucleo de Expediente da Gerencia Regional de Ensino de Brazlandia, Simbolo
DFG-07, pelo periodo de 15.11.2001 a 04.12.2001, por motivo de licenca medica da titular"
4,Substituição de Funções, NELSON FERREIRA DO AMARAL,31148-0,"a titular do
Cargo em Comissao de Chefe de Secretaria da Escolar Classe",nan,nan,nan,nan,nan,nan,nan,nan,nan,nan,nan,"Designar NELSON FERREIRA DO AMARAL, matricula 31148-0, para substituir a titular do
Cargo em Comissao de Chefe de Secretaria da Escolar Classe 05 de Planaltina, DFG-02, no
periodo de 20/11/2001 a 27/02/2002, por motivo de licenca para tratamento de saude da titular"
5,Substituição de Funções," os servidores abaixo relacionados para substituirem os titulares dos cargos em
comissao",43.868-5,nan,nan,nan,DFG,nan,nan,nan,nan,nan,nan,nan,nan,"DESIGNAR os servidores abaixo relacionados para substituirem os titulares dos cargos em
comissao, a seguir especificados: JOAQUIM GERMANO DA SILVA, matricula 43.868-5 Chefe de secretaria Escolar do centro
de Ensino Fundamental 12 de Ceilandia, simbolo DFG 04 , no periodo de 10/12/2001 a 08/01/
2002 por motivo de ferias titular"
6,Substituição de Funções, Maria Jose Fernandes de Souza,41.259-7,"o Titular do Cargo
em Comissao de Chefe de Secretaria Escolar do CEF",nan,nan,nan,nan,nan,nan,nan,nan,nan,nan,nan,"Designar Maria Jose Fernandes de Souza, matricula 41.259-7, para substituir o Titular do Cargo
em Comissao de Chefe de Secretaria Escolar do CEF 201, DFG 04, pelo periodo de 07/11/2001
a 06/12/2001, por motivo de ferias: AURELICE BEZERRA ARAGAO GERENCIA REGIONAL DE ENSINO DE SAO SEBASTIAO ORDEM DE SERVICO DE 5 DE NOVEMBRO DE 2001 A GERENTE DA GERENCIA REGIONAL DE ENSINO DE SAO SEBASTIAO, no uso das
atribuicoes que lhe sao conferidas pela Portaria n.o 210, de 07 de junho de 2001, resolve: 1"
7,Substituição de Funções, os servidores FERNANDO SERGIO RIOS PEREIRA,300.746-4,nan,nan,nan,nan,nan,nan,nan,nan,nan,nan,nan,nan,"Designar os servidores FERNANDO SERGIO RIOS PEREIRA, matricula no 300.746-4 e
JORGE HENRIQUE C"
8,Substituição de Funções, MARIA CLEDINA DA SILVA,94.907-8,"CLAUDIO
BARBOSA DA SILVA",94.429-7,"Chefe da  Divisao de Estudos e Cadastro do Depar-
tamento de Concessoes e Permissoes da Secretaria de Transportes",nan,nan,nan,nan,nan,nan,nan,nan,nan,"Designar MARIA CLEDINA DA SILVA, matricula no 94.907-8, para substituir CLAUDIO
BARBOSA DA SILVA, matricula 94.429-7, Chefe da  Divisao de Estudos e Cadastro do Depar-
tamento de Concessoes e Permissoes da Secretaria de Transportes, no periodo de 02 a 31 de
janeiro de 2002, por motivo de ferias regulamentares daquele Titular"
9,Substituição de Funções, JOSE NAZARENO CORCINO DA SILVA,32.736-0,VALTER ALFREDO DOS SANTOS,107.072-X,"Chefe da Administracao da Rodovi-
aria de Brasilia",nan,nan,nan,nan,nan,nan,nan,nan,nan,"Designar JOSE NAZARENO CORCINO DA SILVA, matricula no 32.736-0, para substituir
VALTER ALFREDO DOS SANTOS, matricula 107.072-X, Chefe da Administracao da Rodovi-
aria de Brasilia, da Divisao de Administracao de Terminais da Secretaria de Transportes, no
periodo de 26 de dezembro de 2001 a 15 de janeiro de 2002, por motivo de ferias regulamentares
daquele Titular"
10,Substituição de Funções,nan,nan,nan,270-4,nan,nan,nan,nan,nan,nan,nan,nan,nan,nan,"Designar: ILDETE FERREIRA DE SOUZA TAVARES, matricula 73-6, JOSE ANTONIO DE
ARAUJO, matricula 270-4, FABIO MARTINO DOS SANTOS, matricula 200-3, para, junta-
mente com 01 (um) Representante a ser indicado pela Associacao dos Operadores Autonomos de
Transporte Coletivo de Escolares, sob a presidencia do primeiro, comporem Comissao com o
objetivo de fixar as regras para o credenciamento, fiscalizacao e operacao do Servico de Transpor-
te Coletivo de Escolares do Distrito Federal, na conformidade do que estabelecem os Artigos 2o e
3o, da Lei Distrital no 2.819, de 19 de novembro de 2001"
11,Substituição de Funções, os servidores JOSE ALVES RABELO  Matricula no,100208-2,nan,nan,nan,nan,nan,nan,nan,nan,nan,nan,nan,nan,Designar os servidores JOSE ALVES RABELO  Matricula no 100208-2 Tecnico de des
12,Substituição de Funções, CARLOS CEZAR CALENZO MENDES,108225-6,nan,443-0,nan,nan,nan,nan,nan,nan,nan,nan,nan,nan,"DESIGNAR CARLOS CEZAR CALENZO MENDES, Matricula 108225-6, ALBINO DE
OLIVEIRA BOMTEMPO, matricula 443-0, LUCIANA DUTRA DA SILVA, matricula 42327-
0, ANDRE AMADOR DE BRITO, matricula 12029-5, para, sob a presidencia do primeiro e
secretariado pelo ultimo, constituirem a Comissao incumbida de elaborar, no prazo de 60 (sessen-
ta) dias, o Inventario de Bens Moveis e Imoveis e a Tomada de Contas do Agente de Material da
Administracao Regional do Lago Norte  RAXVIII relativos ao exercicio de 2001"
