,Tipo do Ato,Nome do Servidor Substituto,Matrícula do Servidor Substituto,Nome do Servidor a ser Substituido,Matrícula do Servidor a ser SubstituidoCargo,Símbolo do cargo do servidor substituto,Cargo comissionado objeto da substituição,Símbolo do cargo do objeto da substituição,Símbolo do cargo comissionado objeto da substituição,Hierarquia da Lotação,Órgão,Data Inicial da Vigência,Data Final de Vigência,Matrícula SIAPE,Motivo,text
0,Substituição de Funções," MARTA DE OLIVEIRA SALES para exercer a funcao de membro suplente do Conselho de
Assistencia Social do Distrito Federal",19.242-2,nan,nan,nan,DFG-09,nan,nan,nan,nan,nan,nan,nan,nan,"Designar MARTA DE OLIVEIRA SALES para exercer a funcao de membro suplente do Conselho de
Assistencia Social do Distrito Federal, na qualidade de representante da Secretaria de Estado de Acao
Social do Distrito Federal;
Designar ASSUNCAO DE MARIA RIBEIRO FIALHO para exercer a funcao de membro titular do
Conselho de Assistencia Social do Distrito Federal, na qualidade de representante do Conselho Regi-
onal de Servico Social  CRESS 8a Regiao;
Designar VERA LUCIA HOLANDA LEMOS para exercer a funcao de membro suplente do Conselho
de Assistencia Social do Distrito Federal, na qualidade de representante do Conselho Regional de
Servico Social  CRESS 8a Regiao; O GOVERNADOR DO DISTRITO FEDERAL, no uso de suas atribuicoes que lhe confere o artigo
100, inciso XXVII, da Lei Organica do Distrito Federal, resolve:
Nomear FRANCISCO DE ASSIS DE OLIVEIRA COSTA, para exercer o Cargo em Comissao, Simbolo
DFG-09, de Chefe de Nucleo Operacional da Diretoria de Pecuaria e Defesa Sanitaria da Secretaria de
Agricultura, Pecuaria e Abastecimento do Distrito Federal JOAQUIM DOMINGOS RORIZ DESPACHO DO GOVERNADOR
Em 27 de junho de 2002 Referencia:Processo no 052.000.469/2001
Interessado:Celso Neves de Oliveira
Assunto:Processo Administrativo Disciplinar
1.Acato o Parecer no 269/2002-PROPES/PRG e determino a aplicacao de pena de suspensao de 60
(sessenta) dias ao servidor CELSO NEVES DE OLIVEIRA, matricula no 19.242-2, Agente de Policia,
por praticar transgressao disciplinar descrita no artigo 43, inciso VIII, 2a parte, da Lei no 4.878/65"
1,Substituição de Funções, ROBERTO CLAY MARINHO SAMPAIO,97.511-7,nan,97.622-9,nan,nan,nan,nan,nan,nan,nan,nan,nan,nan,"Designar ROBERTO CLAY MARINHO SAMPAIO, matricula no 97.511-7, em substituicao a
LUIS CARLOS MARTINS LIMA, matricula no 97.622-9, no periodo de 01/07/2002 a 30/07/
2002, como executor do Contrato no 058/2001-SEG, referente a locacao da copiadora instalada
no Nucleo de Comunicacao e Documentacao Administrativa/DGA/SAO/SEG, firmado entre a
Secretaria de Governo e a empresa TECNOLTA EQUIPAMENTOS ELETRONICOS LTDA"
2,Substituição de Funções, os servidores,34.457-5,"o titular do Cargo
em Comissao",52.645-2,nan,DFG-11,nan,,nan,"27 DE JUNHO DE 2002
O SECRETARIO DE ESTADO DE EDUCACAO DO DISTRITO FEDERAL, respondendo, no
uso de suas atribuicoes regimentais e, considerando o disposto no  1o, artigo 13 do Decreto no
16.098/94, resolve:
Designar os professores, abaixo relacionados, para, sob a coordenacao do primeiro, constituirem
COMITE DO DISTRITO FEDERAL, responsavel pelo processo de avaliacao e de classificacao dos
trabalhos inscritos no concurso Premio Gestao Escolar  2001:",nan,nan,nan,nan,"Designar os servidores, abaixo relacionados, para substituirem os titulares de Cargos em Comissao,
por motivo de ferias regulamentares, da Diretoria de Educacao Infantil e Ensino Fundamental, da
Subsecretaria de Educacao Publica, da Secretaria de Estado de Educacao do Distrito Federal, conforme
especificacoes abaixo:
- LEDA REGINA BITENCOURT DA SILVA, matricula no 34.457-5, para substituir o titular do Cargo
em Comissao, Simbolo DFG-11, de Gerente da Gerencia de Aceleracao da Aprendizagem, no periodo
de 26/06/2002 a 05/07/2002;
- ORLANDO LEITE FILHO, matricula no 52.645-2, para substituir o titular do Cargo em Comissao,
Simbolo DFG-11, de Gerente da Gerencia de Assistencia Tecnica as Series Finais, no periodo de 17/06/
2002 a 01/07/2002
SINVAL LUCAS DE SOUZA FILHO PORTARIA No 277, DE 27 DE JUNHO DE 2002
O SECRETARIO DE ESTADO DE EDUCACAO DO DISTRITO FEDERAL, respondendo, no
uso de suas atribuicoes regimentais e, considerando o disposto no  1o, artigo 13 do Decreto no
16.098/94, resolve:
Designar os professores, abaixo relacionados, para, sob a coordenacao do primeiro, constituirem
COMITE DO DISTRITO FEDERAL, responsavel pelo processo de avaliacao e de classificacao dos
trabalhos inscritos no concurso Premio Gestao Escolar  2001:
"
3,Substituição de Funções, os servidores,nan,nan,nan,nan,nan,nan,nan,nan,nan,nan,nan,nan,nan,"Designar os servidores, abaixo relacionados, para comporem essa Comissao:
"
4,Substituição de Funções, ROSEMIRO BANDEIRA BARROS,96.423-9,o Subsecreta,nan,nan,nan,nan,nan,nan,nan,nan,nan,nan,nan,"DESIGNAR ROSEMIRO BANDEIRA BARROS, matricula no 96.423-9, para substituir o Subsecreta-
rio de Apoio Operacional da Secretaria de Estado de Educacao do Distrito Federal, CNE-05, no
periodo de 21/06/2002 a 22/07/2002, por motivo de ferias do titular"
5,Substituição de Funções, os servidores,33.542-8,nan,nan,nan,nan,nan,nan,nan,nan,nan,nan,nan,nan,"Designar os servidores, abaixo relacionados, para comporem a referida Comissao, cujos trabalhos
ficarao vinculados a supervisao da Gerencia de Supervisao e Orientacao de Gestores Financeiros:
GASPAR VILAS BOAS  matricula no 33.542-8  Presidente;
ROSANGELA URANGA GONCALVES CAMPOS  matricula no25.333-2  Membro Efetivo;
CLAUDIA MARIA PEREIRA OSORIO  matricula no 47.254-9  Membro Efetivo;
BENEDITO AFONSO DE F"
6,Substituição de Funções, SIMONE FERREIRA DE BRITO,127.729-4,nan,134.789-4 e MAURO LOPES HUGO DE JESUS,nan,nan,nan,nan,nan,nan,nan,nan,nan,nan,"Designar SIMONE FERREIRA DE BRITO, matricula no 127.729-4, MARIA LUCIA DA SILVA,
matricula no 134.789-4 e MAURO LOPES HUGO DE JESUS, matricula no 134.171-5, para sob a
presidencia do primeiro, comporem Comissao de Processo Administrativo Disciplinar, objetivando
apurar os fatos constantes do processo no 060.004.421/2002
2"
7,Substituição de Funções, a servidora ENY DE AGUIAR PEREIRA,58.363-4,nan,nan,nan,nan,nan,nan,nan,nan,nan,nan,nan,nan,"Designar a servidora ENY DE AGUIAR PEREIRA, Agente de Policia, matricula no 58.363-4, par
compor, como membro, a Comissao incumbida de proceder ao recebimento de bens doados a Policia
Civil do Distrito Federal, em substituicao ao servidor VENICIO ANTONIO MARTINS DA SILVA,
Agente de Policia, matricula no 34.138-X"
8,Substituição de Funções, o servidor Cassio Aviani Ribeiro,nan,nan,nan,nan,nan,nan,nan,nan,nan,nan,nan,nan,nan,"designar o servidor Cassio Aviani Ribeiro, Diretor da Divisao de Regional de Exame,
Aprovacao e Elaboracao de Projetos - DREAEP, mat.96.495-6, como executor e supervisor
do contrato de Prestacao de Servico no 09/2002, nos Termos do Padrao no 04/96, processo
136000255/2002
II  Esta Ordem de Servico entra em vigor na data de sua publicacao"
9,Substituição de Funções, o Servidor Jonas Virginio Emereciano,98.006-,nan,nan,nan,nan,nan,nan,nan,nan,nan,nan,nan,nan,"Designar o Servidor Jonas Virginio Emereciano, encarregado da DROSP, matricula no 98.006-
4, para desempenhar as funcoes de executor do Contrato no 010/2002, celebrado entre o
Distrito Federal, por intermedio da Administracao Regional do Lago Norte e a empresa Pipi-
Room Industria Comercio e Locacao de Sanitarios Moveis Ltda, objeto do processo no
149.000.270/2002, que dispoe sobre servico de locacao e manutencao de banheiros moveis
para a Administracao Regional do Lago Norte"
10,Substituição de Funções, SERGIO RIBEIRO DE SOUSA,34.625-X,CLAUDIA MATTOS DE MENEZES,33.006-X,nan,DFG-13,nan,nan,nan,nan,nan,nan,nan,nan,"Designar SERGIO RIBEIRO DE SOUSA, Assistente de Apoio as Atividades Juridicas, matricula no
34.625-X, para substituir CLAUDIA MATTOS DE MENEZES, Auxiliar de Apoio as Atividades
Juridicas, matricula no 33.006-X, Gerente de Planejamento e Orcamento, Simbolo DFG-13, do Centro de Apoio Tecnico, da Procuradoria-Geral do Distrito Federal, no periodo de 19.06 a 26.07.2002,
por motivo da titular estar de licenca medica"
11,Substituição de Funções, ELZA HELENA SOARES MUSTAFA,38.811-4,CASSIMIRO MAR,96.927-3,nan,CNE-06,nan,,nan,nan,nan,nan,nan,nan,"Designar ELZA HELENA SOARES MUSTAFA, Procuradora do Distrito Federal de 1a Cate-
goria, matricula no 38.811-4, Coordenadora, Simbolo CNE-06, para substituir CASSIMIRO MAR-
QUES DE OLIVEIRA, Procurador do Distrito Federal de 2a Categoria, matricula no 96.927-3,
Procurador-Chefe, Simbolo CNE-05, da Procuradoria do Meio Ambiente, Patrimonio Urbanistico e
Imobiliario, da Procuradoria-Geral do Distrito Federal, no periodo de 15.07.2002 a 13.08.2002, por
motivo de ferias do titular"
12,Substituição de Funções, VICENTE DE PAULO RODRIGUES,39.124-7,ANTONIA SORIANO DA COSTA,26.460-1,nan,DFG-08,nan,nan,nan,nan,nan,nan,nan,nan,"Designar VICENTE DE PAULO RODRIGUES, Assistente de Apoio as Atividades Juridicas,
matricula no 39.124-7, para substituir ANTONIA SORIANO DA COSTA, Chefe do Servico de Apoio
Administrativo, matricula no 26.460-1, Simbolo DFG-08, da Procuradoria do Meio Ambiente, Patri-
monio Urbanistico e Imobiliario, da Procuradoria-Geral do Distrito Federal, no periodo de 01.07.2002
a 20.07.2002, por motivo de ferias da titular"
