,Tipo do Ato,Nome do Servidor Substituto,Matrícula do Servidor Substituto,Nome do Servidor a ser Substituido,Matrícula do Servidor a ser SubstituidoCargo,Símbolo do cargo do servidor substituto,Cargo comissionado objeto da substituição,Símbolo do cargo do objeto da substituição,Símbolo do cargo comissionado objeto da substituição,Hierarquia da Lotação,Órgão,Data Inicial da Vigência,Data Final de Vigência,Matrícula SIAPE,Motivo,text
0,Substituição de Funções, MARILENE SEBASTIAO SEGUNDO,33.166-X,EDI,43.234-2,nan,DFG-02,nan,nan,nan,nan,nan,nan,nan,nan,"Designar MARILENE SEBASTIAO SEGUNDO, matricula no 33.166-X, para substituir EDI-
MARA LISBOA DAS CHAGAS, matricula no 43.234-2, Encarregada de Secretaria, Simbolo
DFG-02, da Assessoria de Desenvolvimento Institucional da Subsecretaria da Receita da Secre-
taria de Fazenda e Planejamento do Distrito Federal, no periodo de 29 de dezembro de 2001 a 27
de janeiro de 2002, por motivo de ferias regulamentares"
1,Substituição de Funções, CARLOS AUGUSTO SILVA RODRIGUES,92.321-4,MARCO ANTONIO LIMA LINCOLN,46.341-8,Supervisor de Celula,DFG-11,nan,nan,nan,nan,nan,nan,nan,nan,"Designar CARLOS AUGUSTO SILVA RODRIGUES, matricula no 92.321-4, para substituir
MARCO ANTONIO LIMA LINCOLN, matricula no 46.341-8, Supervisor de Celula, Simbolo
DFG-11, da Celula de Recuperacao do Credito Tributario da Gerencia de Arrecadacao da Subse-
cretaria da Receita da Secretaria de Fazenda e Planejamento do Distrito Federal, no periodo de 7
a 21 de janeiro de 2002, por motivo de ferias regulamentares"
2,Substituição de Funções, ROSA ELIANE DIAS RODRIGUES SILVA,68.205-5,MARILIA DE BARROS SANTOS,68.125-3,Diretora-Presidente,CNE-05,nan,nan,nan,nan,nan,nan,nan,nan,"Designar ROSA ELIANE DIAS RODRIGUES SILVA, matricula no 68.205-5, para substituir
MARILIA DE BARROS SANTOS, matricula no 68.125-3, Diretora-Presidente, Simbolo
CNE-05, da Fundacao de Apoio a Pesquisa da Secretaria de Fazenda e Planejamento do
Distrito Federal, no periodo de 31 de dezembro de 2001 a 15 de janeiro de 2002, por motivo
de ferias regulamentares"
3,Substituição de Funções, CLAUDIA POMPEU DE MIRANDA,49.574-3,nan,nan,nan,nan,nan,nan,nan,nan,nan,nan,nan,nan,"Designar CLAUDIA POMPEU DE MIRANDA, matricula no 49.574-3, como executora do
Convenio no 91/2001, firmado entre a Secretaria de Estado de Educacao do Distrito Federal e a
Companhia do Desenvolvimento do Planalto Central  CODEPLAN"
4,Substituição de Funções, o servidor Sergio Hitoshi Miyazaki,124.403-5,"o Diretor Regional de Saude do Gama da Secretaria de Estado de
Saude do Distrito Federal",nan,nan,DFG-13,nan,nan,nan,nan,nan,nan,nan,nan,"Designar o servidor Sergio Hitoshi Miyazaki , Carreira Medica (Cirurgia Geral), Matricula no
124.403-5, para substituir o Diretor Regional de Saude do Gama da Secretaria de Estado de
Saude do Distrito Federal, Simbolo DFG-13, no periodo de 02 a 21 de janeiro de 2002, por
motivo de ferias"
5,Substituição de Funções, a servidora Sheyla Gomes da Silva,130.417-8,"a Diretora Regional de Saude de Sao Sebastiao da Secretaria de Estado
de Saude do Distrito Federal",nan,nan,DFG-13,nan,nan,nan,nan,nan,nan,nan,nan,"Designar a servidora Sheyla Gomes da Silva, Carreira Medica (Gineco-Obstetricia), Matricula no
130.417-8, para substituir a Diretora Regional de Saude de Sao Sebastiao da Secretaria de Estado
de Saude do Distrito Federal, Simbolo DFG-13, no periodo de 02 a 21 de janeiro de 2002, por
motivo de ferias"
6,Substituição de Funções, o servidor EDUARDO ANDRE FARIAS E LEITAO,n.o,"o Chefe do Nucleo de Apoio Tecnologico em Informatica
da Gerencia de Regulacao",nan,nan,DFG,nan,nan,nan,nan,nan,nan,nan,nan,"Designar o servidor EDUARDO ANDRE FARIAS E LEITAO, AIS  Agente Administrativo,
matricula n.o 122.066-7, para substituir o Chefe do Nucleo de Apoio Tecnologico em Informatica
da Gerencia de Regulacao, Controle e Avaliacao do Hospital Regional da Asa Sul, simbolo DFG
 04, no periodo de 02.01.2002 a 16.01.2002, por motivo de ferias de titular"
7,Substituição de Funções, o servidor JOAO LUIZ DOS SANTOS,n.o,o Chefe do Nucleo de Transportes da Gerencia de Apoio Operacional do Hospital Regional da Asa Sul,nan,nan,DFG,nan,nan,nan,nan,nan,nan,nan,nan,"Designar o servidor JOAO LUIZ DOS SANTOS, AIS  Motorista, matricula n.o 129.546-2, para
substituir o Chefe do Nucleo de Transportes da Gerencia de Apoio Operacional do Hospital Regional da Asa Sul, simbolo DFG  04, no periodo de 01.02.2002 a 02.03.2002, por motivo de
ferias do titular"
8,Substituição de Funções, a servidora DALCI FERREIRA SALIMENA,n.o,"a Chefe do Nucleo de Apoio Operacional do Centro de Saude de
Brasilia N",nan,nan,DFG,nan,nan,nan,nan,nan,nan,nan,nan,"Designar a servidora DALCI FERREIRA SALIMENA, AIS  Agente Administrativo, matricula
n.o 115.542-3, para substituir a Chefe do Nucleo de Apoio Operacional do Centro de Saude de
Brasilia N.o 07 da Diretoria Regional de Saude da Asa Sul, simbolo DFG  05, no periodo de
02.01.2002 a 31.021.2002, por motivo de ferias da titular"
9,Substituição de Funções, a servidora MARIA DE LOURDES R,nan,nan,nan,nan,nan,nan,nan,nan,nan,nan,nan,nan,nan,Designar a servidora MARIA DE LOURDES R
10,Substituição de Funções, o servidor EURIPEDES ALFREDO ALEIXO,n.o,ROSEMAR BONIFACIO COSTA,"n.o 104.870-
8",ocupante do Cargo em Comissao,DFG,nan,nan,nan,nan,nan,nan,nan,nan,"Designar o servidor EURIPEDES ALFREDO ALEIXO, matricula n.o 102.214-8, Gerente da
Gerencia Financeira, para substituir ROSEMAR BONIFACIO COSTA, matricula n.o 104.870-
8, ocupante do Cargo em Comissao, Simbolo DFG 14, de Diretora de Apoio Operacional, da
Secretaria de Estado de Acao Social do Distrito Federal, no periodo de 26.12.2001 a 10.01..2002,
por motivo de ferias regulamentares da Titular"
11,Substituição de Funções, a servidora SILVIA CARDOSO DE LIMA,n.o,MARIA DE LOURDES DE OLIVEIRA RODRIGUES,"n.o
104.652-7",ocupante do Cargo em Comissao,DFG,nan,nan,nan,"Secretaria de Estado de
Acao Social do Distrito Federal, no periodo de 17.12.2001 a 15.01..2002, por motivo de ferias
regulamentares da Titular",nan,nan,nan,nan,"Designar a servidora SILVIA CARDOSO DE LIMA, matricula n.o 92.696-5, de Assistente
Social, para substituir MARIA DE LOURDES DE OLIVEIRA RODRIGUES, matricula n.o
104.652-7, ocupante do Cargo em Comissao, Simbolo DFG 12, de Gerente do Centro de Desen-
volvimento Social de Brazlandia, da Diretoria de Assistencia Social, da Secretaria de Estado de
Acao Social do Distrito Federal, no periodo de 17.12.2001 a 15.01..2002, por motivo de ferias
regulamentares da Titular"
12,Substituição de Funções, a servidora ELIANA LUCIA ALIPAZ BRUNKEN CLEMENTE,n.o,VIRGINIA APARECIDA RIBEIRO NETTO,"n.o
98.558-8",ocupante do Cargo em Comissao,DFG,nan,nan,nan,"Secretaria de Estado de Acao
Social do Distrito Federal, no periodo de 11.12.2001 a 09.01..2002, por motivo de ferias regula-
mentares da Titular",nan,nan,nan,nan,"Designar a servidora ELIANA LUCIA ALIPAZ BRUNKEN CLEMENTE, matricula n.o 108.748-
7, de Assessora, para substituir VIRGINIA APARECIDA RIBEIRO NETTO, matricula n.o
98.558-8, ocupante do Cargo em Comissao, Simbolo DFG 14, de Diretor do Centro do Atendi-
mento Juvenil Especializado, da Diretoria de Assistencia Social, da Secretaria de Estado de Acao
Social do Distrito Federal, no periodo de 11.12.2001 a 09.01..2002, por motivo de ferias regula-
mentares da Titular"
13,Substituição de Funções, o inspetor de atividades urbanas FALB DA SILVA CRISTINO,0108.572-,nan,nan,nan,nan,nan,nan,nan,nan,nan,nan,nan,nan,"Designar o inspetor de atividades urbanas FALB DA SILVA CRISTINO, matricula no 0108.572-
7, EXECUTOR do Contrato no  182/2001-SO,  nos  Termos  do  Padrao no 11/96, firmado entre
o Distrito Federal, por meio da Secretaria de Infra-Estrutura e Obras  e a Companhia Urbaniza-
dora da Nova Capital do Brasil  NOVACAP, objetivando a execucao de alambrado metalico no
Parque do Cortado-Taguatinga ,Parque Ecologico e Vivencial-Riacho Fundo e Parque Recreativo
Santa Maria  Lote 01; Execucao de alambrado metalico no Parque Ecologico do Guara e Ezechias
Heringer, Parque Ecologico e Vivencial Candangolandia , Parque Ecologico Veredinha-Brazlandia
, Parque Ecologico e Vivencial do Rio Descoberto-Ceilandia- Lote 02; Execucao de alambrado
metalico no Parque Recreativo Sucupira-Planaltina, Parque Ecologico e Vivencial Vila Varjao 
Lago Norte, Parque Ecologico e Vivencial  Sobradinho, Parque Ecologico Canela DEma 
Sobradinho  Lote 03; Execucao de alambrado metalico no Parque Vivencial Ponte Alta do Gama,
Parque Tres Meninas  Samambaia, Parque Ecologico e Vivencial - Recanto das Emas  Lote 04;
Execucao de alambrado metalico no Parque Ecologico Burle Max, Parque Ecologico Vivencial
Canjerana, Parque Sao Sebastiao , Parque Copaibas  Lago Sul , Parque Urbano do Paranoa  Lote
05"
14,Substituição de Funções, o inspetor de atividades urbanas SANDRO JARDIM DE OLIVEIRA,0108.568-9,nan,nan,nan,nan,nan,nan,nan,nan,nan,nan,nan,nan,"Designar o inspetor de atividades urbanas SANDRO JARDIM DE OLIVEIRA,  matricula no
0108.568-9, EXECUTOR do Contrato no  180/2001-SO,  nos  Termos  do  Padrao no 11/96,
firmado entre o Distrito Federal, por meio da Secretaria de Infra-Estrutura e Obras e a Companhia
Urbanizadora da Nova Capital do Brasil  NOVACAP, objetivando a execucao de pavimentacao
asfaltica, meios-fios  e drenagem pluvial na Via de Ligacao das Quadras 49 e 50 do Setor Leste do
Gama/DF"
15,Substituição de Funções, o inspetor de atividades urbanas FRANCISCO LUIZ SILVA FILHO,0108.574-3,nan,nan,nan,nan,nan,nan,nan,nan,nan,nan,nan,nan,"Designar o inspetor de atividades urbanas FRANCISCO LUIZ SILVA FILHO, matricula no
0108.574-3, EXECUTOR do Contrato no  181/2001-SO,  nos  Termos  do  Padrao no 11/96,
firmado entre o Distrito Federal, por meio da Secretaria de Infra-Estrutura e Obras e a Companhia
Urbanizadora da Nova Capital do Brasil  NOVACAP, objetivando o plantio de grama nas areas
adjacentes ao Viaduto de acesso a Via de Ligacao  EPIA/EPTT/EPPN/EPPR"
16,Substituição de Funções, o inspetor de atividades urbanas ALESSANDRA GUIMARAES DE OLIVEIRA SAN,0108.575-1,nan,nan,nan,nan,nan,nan,nan,nan,nan,nan,nan,nan,"Designar o inspetor de atividades urbanas ALESSANDRA GUIMARAES DE OLIVEIRA SAN-
TOS,  matricula no 0108.575-1, EXECUTOR do Contrato no  160/2001-SO,  nos  Termos  do
Padrao no 11/96, firmado entre o Distrito Federal, por meio da Secretaria de Infra-Estrutura e
Obras e a Companhia Urbanizadora da Nova Capital do Brasil  NOVACAP, objetivando a
execucao de pavimentacao asfaltica e drenagem pluvial nos fundos do Forum de Samambaia/DF"
17,Substituição de Funções, a Inspetora de Atividades Urbanas SILVIA CRISTINA SARDINHA MAIA,0108.581-6,nan,nan,nan,nan,nan,nan,nan,nan,nan,nan,nan,nan,"Designar a Inspetora de Atividades Urbanas SILVIA CRISTINA SARDINHA MAIA,  matricula
no 0108.581-6, EXECUTORA do Contrato no  159/2001-SO,  nos  Termos  do  Padrao no 11/96,
firmado entre o Distrito Federal, por meio da Secretaria de Infra-Estrutura e Obras e a Companhia
Urbanizadora da Nova Capital do Brasil  NOVACAP, objetivando a execucao de obras de                                                                       Diario Oficial do Distrito Federal
PAGINA   35
No 240, terca-feira, 18 de dezembro de 2001 urbanizacao da praca da Quadra de Esportes compreendendo pavimentacao asfaltica, meios-fios,
passeios e ajardinamento na Praca do Maestro na QNL 22  Taguatinga/DF"
18,Substituição de Funções, comissao constituida pelos servidores ELTON WALCACER DA SILVA,nan,nan,nan,nan,nan,nan,nan,nan,nan,nan,nan,nan,nan,"Designar comissao constituida pelos servidores ELTON WALCACER DA SILVA, MONICA
SOARES VELLOSO, CELSO ROBERTO MACHADO PINTO, JORGE REGO DA SILVA,
CELIA MARIA SIQUEIRA LEAL e ELIANE CAVALCANTE DOS SANTOS, para sob a
coordenacao do primeiro, acompanhar e dar o suporte administrativo necessario aos tecnicos
designados pela UNB para elaborar o Diagnostico Organizacional e a Reestruturacao Administra-
tiva do DER-DF"
19,Substituição de Funções, a servidora MARIA DE FATIMA MENDONCA DE OLIVEIRA,94.318-5,o servidor REINALDO TEIXEIRA VIEIRA,94.336-3,"Analista de Ativida-
des Rodoviarias",DFG-12,nan,,nan,nan,nan,nan,nan,nan,"Designar a servidora MARIA DE FATIMA MENDONCA DE OLIVEIRA, matricula 94.318-5,
Analista de Atividades Rodoviarias, Gerente de Obras/5o DR/DIOB, simbolo DFG-12, para
substituir o servidor REINALDO TEIXEIRA VIEIRA, matricula 94.336-3, Analista de Ativida-
des Rodoviarias, Diretor Tecnico/DITEC, simbolo DFG-14, no periodo de 10/12/2001 a 19/12/
2001, por motivo de ferias regulamentares do titular"
20,Substituição de Funções, o servidor ILTON PRAXEDES DA SILVA,93.598-0,o servidor IVAN FELIX DE SOUSA,91.669-2,"Tecnico
de Atividades Rodoviarias",DFG-02,nan,nan,nan,nan,nan,nan,nan,nan,"Designar o servidor ILTON PRAXEDES DA SILVA, matricula 93.598-0, Tecnico de Atividades
Rodoviarias, para substituir o servidor IVAN FELIX DE SOUSA, matricula 91.669-2, Tecnico
de Atividades Rodoviarias, Encarregado de Lubrificacao I/3o DR/DIOB, simbolo DFG-02, no
periodo de 02/01/2002 a 31/01/2002, por motivo de ferias regulamentares do titular"
21,Substituição de Funções, o servidor EDMO ALVES DE MELO,93.593-X,o servidor ADAO RIBEIRO DA SILVA,93.965-X,Tecnico de Atividades Rodoviarias,DFG-09,nan,nan,nan,nan,nan,nan,nan,nan,"Designar o servidor EDMO ALVES DE MELO, matricula 93.593-X, Tecnico de Atividades
Rodoviarias, para substituir o servidor ADAO RIBEIRO DA SILVA, matricula 93.965-X,
Tecnico de Atividades Rodoviarias, Chefe do Nucleo de Levantamento Topografico/3o DR/
DIOB, simbolo DFG-09, no periodo de 07/01/2002 a 26/01/2002, por motivo de ferias regula-
mentares do titular"
22,Substituição de Funções, o servidor ELCY OSORIO DOS SANTOS,93.751-7,"o servidor
MURILO DE MELO SANTOS",94.348-7,Analista de Atividades Rodoviarias,DFG-12,nan,,nan,nan,nan,nan,nan,nan,"Designar o servidor ELCY OSORIO DOS SANTOS, matricula 93.751-7, Analista de Atividades
Rodoviarias, Gerente de Conservacao/3o DR/DIOB, simbolo DFG-12, para substituir o servidor
MURILO DE MELO SANTOS, matricula 94.348-7, Analista de Atividades Rodoviarias, Chefe
do 3o DR/DIOB, simbolo DFG-13, no periodo de 07/01/2002 a 26/01/2002, por motivo de ferias
regulamentares do titular"
23,Substituição de Funções, a servidora MARIA JANAINA DE ALMEIDA DE LUNA,93.622-7,o servidor JOSE VIDAL DA MOTA,92.608-6,Tecnico de Atividades Rodoviarias,DFG-09,nan,nan,nan,nan,nan,nan,nan,nan,"Designar a servidora MARIA JANAINA DE ALMEIDA DE LUNA, matricula 93.622-7, Auxi-
liar de Atividades Rodoviarias, para substituir o servidor JOSE VIDAL DA MOTA, matricula
92.608-6, Tecnico de Atividades Rodoviarias, Chefe do Nucleo de Apoio Administrativo/3o DR/ DIOB, simbolo DFG-09, no periodo de 02/01/2002 a 21/01/2002, por motivo de ferias regula-
mentares do titular"
24,Substituição de Funções, o servidor JAMES SOUSA RODRIGUES,93.062-8,a servidora LUIZA LUNA NASCIMENTO,"93.031-
8",Tecnico de Atividades Rodoviarias,DFG-09,nan,nan,nan,nan,nan,nan,nan,nan,"Designar o servidor JAMES SOUSA RODRIGUES, matricula 93.062-8, Auxiliar de Ativida-
des Rodoviarias, para substituir a servidora LUIZA LUNA NASCIMENTO, matricula 93.031-
8, Tecnico de Atividades Rodoviarias, Chefe do Nucleo de Apoio Administrativo/DM/DIM-
PI, simbolo DFG-09, no periodo de 07/01/2002 a 05/02/2002, por motivo de ferias regula-
mentares da titular"
25,Substituição de Funções, o servidor FRANCISCO DE ASSIS ANDRADE,94.205-7,o servidor WANDERLY GONCALVES NERES,nan,nan,DFG-09,nan,nan,nan,nan,nan,nan,nan,nan,"Designar o servidor FRANCISCO DE ASSIS ANDRADE, matricula 94.205-7, Tecnico de
Atividades Rodoviarias, para substituir o servidor WANDERLY GONCALVES NERES, ma-
tricula 91.767-2, Tecnico de Atividades Rodoviarias, Chefe do Nucleo de Transporte/DM/
DIMPI, simbolo DFG-09, no periodo de 17/01/2002 a 31/01/2002, por motivo de ferias
regulamentares do titular"
26,Substituição de Funções, o servidor FABIANO DOS SANTOS CAMPOS GUIMARAES,94.431-9,"o servidor ROGER DA SILVA
PEGAS",93.744-4,Chefe do 4o DR/DIOB,DFG-12,nan,,nan,nan,nan,nan,nan,nan,"Designar o servidor FABIANO DOS SANTOS CAMPOS GUIMARAES, matricula 94.431-9,
Gerente de Obras/4o DR/DIOB, simbolo DFG-12, para substituir o servidor ROGER DA SILVA
PEGAS, matricula 93.744-4, Chefe do 4o DR/DIOB, simbolo DFG-13, no periodo de 02/01/2002
a 21/01/2002, por motivo de ferias regulamentares do titular"
27,Substituição de Funções, o servidor PAULO DE TARSO RIBEIRO,94.175-1,o servidor CARLOS GERALDO CAIXETA CRUZ,nan,nan,DFG-13,nan,nan,nan,nan,nan,nan,nan,nan,"Designar o servidor PAULO DE TARSO RIBEIRO, matricula 94.175-1, Tecnico de Ativida-
des Rodoviarias, para substituir o servidor CARLOS GERALDO CAIXETA CRUZ, matricu-
la 94.196-4, Analista de Atividades Rodoviarias, Chefe da Divisao de Orcamento e Financas/
DIAFI, simbolo DFG-13, no periodo de 14/01/2002 a 28/01/2002, por motivo de ferias regu-
lamentares do titular"
28,Substituição de Funções, o servidor RICARDO ANTONIO LAPA DE SOUZA,93.664-2,o servidor RONEI FERREIRA DE VASCONCE,93.008-3,nan,DFG-12,nan,nan,nan,nan,nan,nan,nan,nan,"Designar o servidor RICARDO ANTONIO LAPA DE SOUZA, matricula 93.664-2, Tecnico
de Atividades Rodoviarias, para substituir o servidor RONEI FERREIRA DE VASCONCE-
LOS, matricula 93.008-3, Tecnico de Atividades Rodoviarias, Chefe da Tesouraria/DOF/DIA-
FI, simbolo DFG-12, no periodo de 07/01/2002 a 05/02/2002, por motivo de ferias regulamen-
tares do titular"
29,Substituição de Funções, o servidor ILMO MONTEIRO BRAGA,93.554-9,o servidor ADEMIR FERREIRA DE LIMA,"92.284-6
Tecnico de Atividades Rodoviarias",Chefe do Nucleo de Almoxarifado/DMS/DIAFI,DFG-09,nan,nan,nan,nan,nan,nan,nan,nan,"Designar o servidor ILMO MONTEIRO BRAGA, matricula 93.554-9, Tecnico de Atividades
Rodoviarias, para substituir o servidor ADEMIR FERREIRA DE LIMA, matricula 92.284-6
Tecnico de Atividades Rodoviarias, Chefe do Nucleo de Almoxarifado/DMS/DIAFI, simbolo
DFG-09, no periodo de 21/01/2002 a 19/02/2002, por motivo de ferias regulamentares do titular"
30,Substituição de Funções, o servidor MOISES SANTOS ARAUJO,92.080-1,"o
servidor ELPIDIO LUIZ BRANDAO FILHO",92.174-2,"no Cargo em Comissao
de Chefe de Gabinete",DFG-14,nan,nan,nan,nan,nan,nan,nan,nan,"Designar o servidor MOISES SANTOS ARAUJO, matricula no 92.080-1, para substituir o
servidor ELPIDIO LUIZ BRANDAO FILHO, matricula no 92.174-2, no Cargo em Comissao
de Chefe de Gabinete, Simbolo DFG-14, do Departamento Metropolitano de Transportes
Urbanos do Distrito Federal, no periodo de 31/12/2001 a 29/01/2002, por motivo de ferias
regulamentares do titular"
31,Substituição de Funções, o servidor RONY TERUEL SARAIVA,92.012-6,o servi,92.169-6,nan,DFG-13,nan,nan,nan,nan,nan,nan,nan,nan,"Designar o servidor RONY TERUEL SARAIVA, matricula no 92.012-6, para substituir o servi-
dor ADALBERTO QUEIROZ DE ROURE, matricula no 92.169-6, no Cargo em Comissao de
Coordenador, Simbolo DFG-13, da Coordenacao Administrativo-Financeira, do Departamento
Metropolitano de Transportes Urbanos do Distrito Federal, no periodo de 02/01/2002 a 31/01/
2002, tendo em vista que, no mesmo periodo o servidor titular desta Unidade, estara substituindo
o Diretor-Geral, deste Departamento"
32,Substituição de Funções, o servidor SEVERINO JOSE DA SILVA,49.678-2,"o
servidor MOISES SANTOS ARAUJO",92.080-1,"no Cargo em Comissao de Geren-
te",DFG-12,nan,nan,nan,nan,nan,nan,nan,nan,"Designar o servidor SEVERINO JOSE DA SILVA, matricula no 49.678-2, para substituir o
servidor MOISES SANTOS ARAUJO, matricula no 92.080-1, no Cargo em Comissao de Geren-
te, Simbolo DFG-12, da Gerencia de Recursos Humanos, da Coordenacao Administrativo-Finan-
ceira, do Departamento Metropolitano de Transportes Urbanos do Distrito Federal, nos termos
do paragrafo 3o, do Art"
33,Substituição de Funções, o servidor SEVERINO JOSE DA SILVA,49.678-2,"o
servidor MOISES SANTOS ARAUJO",92.080-1,"no Cargo em Comissao de Geren-
te",DFG-12,nan,nan,nan,nan,nan,nan,nan,nan,"Designar o servidor SEVERINO JOSE DA SILVA, matricula no 49.678-2, para substituir o
servidor MOISES SANTOS ARAUJO, matricula no 92.080-1, no Cargo em Comissao de Geren-
te, Simbolo DFG-12, da Gerencia de Recursos Humanos, da Coordenacao Administrativo-Finan-
ceira, do Departamento Metropolitano de Transportes Urbanos do Distrito Federal, no periodo
de 05/02/2002 a 06/03/2002, por motivo de ferias regulamentares do titular"
34,Substituição de Funções, o servidor CRISTIANO DALTON MENDES TAVARES,92.094-1,o servidor DANILO SERGIO CAVALCANTI OLIVEIRA,92.010-X,"no
Cargo em Comissao de Coordenador",DFG-13,nan,nan,nan,nan,nan,nan,nan,nan,"Designar o servidor CRISTIANO DALTON MENDES TAVARES, matricula no 92.094-1, para
substituir o servidor DANILO SERGIO CAVALCANTI OLIVEIRA, matricula no 92.010-X, no
Cargo em Comissao de Coordenador, Simbolo DFG-13, da Coordenacao Tecnica, do Departa-
mento Metropolitano de Transportes Urbanos do Distrito Federal, no periodo de 07/01/2002 a
05/02/2002, por motivo de ferias regulamentares do titular"
35,Substituição de Funções, o servidor GILBERTO CARDOSO DA SILVA,92.214-5,o servidor CRISTIANO DALTON MENDES TAVARES,92.094-1,"no Cargo em
Comissao de Gerente",DFG-12,nan,nan,nan,nan,nan,nan,nan,nan,"Designar o servidor GILBERTO CARDOSO DA SILVA, matricula no 92.214-5, para substituir
o servidor CRISTIANO DALTON MENDES TAVARES, matricula no 92.094-1, no Cargo em
Comissao de Gerente, Simbolo DFG-12, da Gerencia de Custos e Tarifas, da Coordenacao
Tecnica, do Departamento Metropolitano de Transportes Urbanos do Distrito Federal, no peri-
odo de 07/01/2002 a 05/02/2002, tendo em vista que, no mesmo periodo o titular desta Unidade,
estara substituindo o Coordenador Tecnico, deste Departamento"
36,Substituição de Funções, a servidora OLGA HELENA ABRAO PIMENTA DOS SANTOS,52.937-0,a servidora ROBERTA FRANCISCA DE OLIVEIRA,92.177-7,"no
Cargo em Comissao de Supervisora",nan,nan,nan,nan,nan,nan,nan,nan,nan,"Designar a servidora OLGA HELENA ABRAO PIMENTA DOS SANTOS, matricula 52.937-0,
para substituir a servidora ROBERTA FRANCISCA DE OLIVEIRA, matricula no 92.177-7, no
Cargo em Comissao de Supervisora, da Gerencia de Relacoes Comunitarias, da Coordenacao
Operacional, do Departamento Metropolitano de Transportes Urbanos do Distrito Federal, no
periodo de 07/01/2002 a 05/02/2002, por motivo de ferias regulamentares da titular"
37,Substituição de Funções, a servidora MARIA DE JESUS COSTA DE SOUZA,55.639-4,nan,92.188-2,nan,nan,nan,nan,nan,nan,nan,nan,nan,nan,"Designar a servidora MARIA DE JESUS COSTA DE SOUZA, matricula 55.639-4, para substi-
tuir o servidor ROBINSON CRUZOE JOSE DA SILVA, matricula no 92.188-2, no Cargo em
Comissao de Encarregado, da Gerencia de Relacoes Comunitarias, da Coordenacao Operacional,
do Departamento Metropolitano de Transportes Urbanos do Distrito Federal, no periodo de 07/
01/2002 a 05/02/2002, por motivo de ferias regulamentares da titular"
38,Substituição de Funções, a servidora MARIA DAS GRACAS OLIVEIRA,54.515-5,"a
servidora TANIA MARIA PESSOA RIBEIRO",92.189-1,"no Cargo em Comissao de
Encarregada",nan,nan,nan,nan,nan,nan,nan,nan,nan,"Designar a servidora MARIA DAS GRACAS OLIVEIRA, matricula 54.515-5, para substituir a
servidora TANIA MARIA PESSOA RIBEIRO, matricula no 92.189-1, no Cargo em Comissao de
Encarregada, da Gerencia de Apoio Operacional, da Coordenacao Operacional, do Departamento
Metropolitano de Transportes Urbanos do Distrito Federal, no periodo de 02/01/2002 a 31/01/
2002, por motivo de ferias regulamentares da titular"
39,Substituição de Funções, a servidora MADALENA HADDAD,55.501-0,"o servidor
MARCELO PADILHA LOUREIRO RIBEIRO",92.196-3,"no Cargo em Comissao
de Encarregado",DFG-5,nan,nan,nan,nan,nan,nan,nan,nan,"Designar a servidora MADALENA HADDAD, matricula 55.501-0, para substituir o servidor
MARCELO PADILHA LOUREIRO RIBEIRO, matricula no 92.196-3, no Cargo em Comissao
de Encarregado, Simbolo DFG-5, da Gerencia de Orcamento e Financas, da Coordenacao Admi-
nistrativo-Financeira, do Departamento Metropolitano de Transportes Urbanos do Distrito
Federal, no periodo de 02/01/2002 a 31/01/2002, por motivo de ferias regulamentares do titular"
40,Substituição de Funções, o servidor CLAUDIO AUGUSTO COURA GONCALVES,92.257-9,o servidor RUBENS NASCIMENTO,92.212-9,"no Cargo em Co-
missao de Supervisor",nan,nan,nan,nan,nan,nan,nan,nan,nan,"Designar o servidor CLAUDIO AUGUSTO COURA GONCALVES, matricula no 92.257-9,
para substituir o servidor RUBENS NASCIMENTO, matricula no 92.212-9, no Cargo em Co-
missao de Supervisor, da Gerencia de Informatica, da Coordenacao de Informacoes Tecnicas, do
Departamento Metropolitano de Transportes Urbanos do Distrito Federal, no periodo de 02/01/
2002 a 31/01/2002, por motivo de ferias regulamentares do titular"
41,Substituição de Funções, o servidor IVONEUTON RODRIGUES ASSUNCAO,42.419-6,o servidor CELSO DE ARRUDA LEITE FILHO,92.183-1,"no Cargo em
Comissao de Encarregado",nan,nan,nan,nan,nan,nan,nan,nan,nan,"Designar o servidor IVONEUTON RODRIGUES ASSUNCAO, matricula no 42.419-6, para
substituir o servidor CELSO DE ARRUDA LEITE FILHO, matricula no 92.183-1, no Cargo em
Comissao de Encarregado, da Gerencia de Fiscalizacao e Vistoria, da Coordenacao Operacional,
do Departamento Metropolitano de Transportes Urbanos do Distrito Federal, no periodo de 02/
01/2002 a 16/01/2002, por motivo de ferias regulamentares do titular"
42,Substituição de Funções, o servidor ANTULIO RIBEIRO GONCALVES,92.028-2,o servidor MARCUS PORFIRIO,92.172-6,no Cargo em Comissao de Gerente,DFG-12,nan,nan,nan,nan,nan,nan,nan,nan,"Designar o servidor ANTULIO RIBEIRO GONCALVES, matricula no 92.028-2, para substituir
o servidor MARCUS PORFIRIO, matricula no 92.172-6, no Cargo em Comissao de Gerente,
Simbolo DFG-12, da Gerencia de Fiscalizacao e Vistoria, da Coordenacao Operacional, do De-
partamento Metropolitano de Transportes Urbanos do Distrito Federal, no periodo de 05/01/
2002 a 07/02/2002, por motivo de ferias regulamentares do titular"
43,Substituição de Funções, o servidor NILSON FLORENTINO MEIRELES,92.181-5,nan,92.176-9,nan,DFG-12,nan,nan,nan,nan,nan,nan,nan,nan,"Designar o servidor NILSON FLORENTINO MEIRELES, matricula no 92.181-5, para substi-
tuir o servidor EDMILSON SANTANA DA BOA MORTE, matricula no 92.176-9, no Cargo em
Comissao de Gerente, Simbolo DFG-12, da Gerencia de Relacoes Comunitarias, da Coordenacao
Operacional, do Departamento Metropolitano de Transportes Urbanos do Distrito Federal, nos
termos do paragrafo 3o, do Art"
44,Substituição de Funções, nos termos do Decreto,n.o,"JOSE
BENEVENUTO ESTRELA",n.o 98.054-4,Diretor,DFA-11,nan,,nan,nan,nan,nan,nan,nan,"Designar nos termos do Decreto 21.816 de 12.12.2000, o servidor CARLOS AUGUSTO PE-
REIRA DUARTE, matricula n.o 105.120-2, Assessor, Simbolo DFA-11,  para substituir JOSE
BENEVENUTO ESTRELA, matricula n.o 98.054-4, Diretor, Simbolo DFG-14, da Diretoria de
Apoio Operacional, da Secretaria de Meio Ambiente de Recursos Hidricos do Distrito Federal,
no periodo de 31.12.2001 a 14.01.2002 e 16.01.2002 a 29.01.2002,  por motivo de ferias regula-
mentares do titular"
45,Substituição de Funções, nos termos do Decreto,n.o,TANIA PEREIRA ALVES MONTEIRO,n.o 32.936-3,"Gerente Administra-
tiva",DFA-02,nan,,nan,nan,nan,nan,nan,nan,"Designar nos termos do Decreto 21.816 de 12.12.2000, a servidora MARIA LUCIA DA SILVA,
matricula n.o 24.654-9, Encarregado da Diretoria de Apoio Operacional, Simbolo DFA-02, para
substituir TANIA PEREIRA ALVES MONTEIRO, matricula n.o 32.936-3, Gerente Administra-
tiva, Simbolo DFG-11, da Diretoria de Apoio Operacional da Secretaria de Meio Ambiente de
Recursos Hidricos do Distrito Federal, no periodo de 31.12.2001 a 29.01.2002, por motivo de
ferias regulamentares do titular"
46,Substituição de Funções, nos termos do Decreto,105.029-X,nan,"n.o
30.956-7",nan,DFG-09,nan,,nan,nan,nan,nan,nan,nan,"Designar nos termos do Decreto 21.816 de 12.12.2000, o servidor SORMANE NATIVIDADE
GONCALVES, matricula no 105.029-X, Chefe do Nucleo de Administracao Financeira, simbolo
DFG-09, para substituir, ANA CRISTINA GADELHA CORREIA DA SILVA, matricula n.o
30.956-7, Gerente de Orcamento e Financas, simbolo DFG-11, da Diretoria de Apoio Operacio-
nal,  da Secretaria de Meio Ambiente e Recursos Hidricos, no periodo de 14.01.2002 a 02.02.2002,
por motivo de ferias regulamentares da titular"
47,Substituição de Funções, nos termos do Decreto,n.o,ANTONIO MAGNO FI,n.o 92.843-7,nan,DFA-13,nan,nan,nan,nan,nan,nan,nan,nan,"Designar nos termos do Decreto 21.816 de 12.12.2000, o servidor WITER CAMPOS LIMA,
matricula n.o 104.876-7, Assessor, Simbolo DFA-13, para substituir ANTONIO MAGNO FI-
GUEIRA NETTO, matricula n.o 92.843-7, Chefe de Gabinete, CNE-06, da Secretaria de Meio
Ambiente de Recursos Hidricos do Distrito , no periodo de 08 a 22.01.2002,  por motivo de ferias
regulamentares do titular"
48,Substituição de Funções, MARCILEIDE CORREIA DO NASCIMENTO SARMENTO,91.075-,LILIAN DE PAULA RABELO,93.522-0,Chefe do Servico de Apoio Administrativo,DFG-08,nan,nan,nan,nan,nan,nan,nan,nan,"Designar MARCILEIDE CORREIA DO NASCIMENTO SARMENTO, matricula no 91.075-
9, Assistente de Apoio as Atividades Juridicas, para substituir LILIAN DE PAULA RABELO,
matricula no 93.522-0, Chefe do Servico de Apoio Administrativo, Simbolo DFG-08, do Centro
de Estudos, da Procuradoria-Geral do Distrito Federal, no periodo de 10.01.02 a 08.02.2002, por
motivo de ferias da titular"
