,Tipo do Ato,Nome do Servidor Substituto,Matrícula do Servidor Substituto,Nome do Servidor a ser Substituido,Matrícula do Servidor a ser SubstituidoCargo,Símbolo do cargo do servidor substituto,Cargo comissionado objeto da substituição,Símbolo do cargo do objeto da substituição,Símbolo do cargo comissionado objeto da substituição,Hierarquia da Lotação,Órgão,Data Inicial da Vigência,Data Final de Vigência,Matrícula SIAPE,Motivo,text
0,Substituição de Funções,nan,nan,nan,nan,nan,nan,nan,nan,nan,nan,nan,nan,nan,nan,designar-lhes substitutos nas hipoteses do Art
1,Substituição de Funções,nan,nan,nan,nan,nan,nan,nan,nan,nan,nan,nan,nan,nan,nan,"designar-lhes substitutos nas hipoteses dos Artigos 31, Item
III e 32, deste Estatuto;
XVII  autorizar a doacao de bens moveis, na forma da Lei;
XVIII - resolver os casos omissos neste Estatuto e as questoes que forem apresentadas pela
Diretoria Colegiada"
