,Tipo do Ato,SEI,Nome,Matrícula,Tipo de Aposentadoria,Cargo,Classe,Padrao,Quadro,Fundamento Legal,Orgao,Vigencia,Matricula SIAPE,text
0,Aposentadoria,2.755/2001,"resolve:
Designar MAGNOLIA LUCIANA TORRES",28.580-3,nan,nan,nan,nan,"Quadro: QPDF 
Processo: 030",nan,nan,nan,nan,"Conceder aposentadoria aos servidores abaixo. DADOS DE IDENTIFICACAO  FUNDAMENTACAO LEGAL   
Nome: FRANCISCA DE OLIVEIRA 
MOURA  
Matricula: 1650332-4 
Cargo: Auxiliar de Atividades Culturais 
Classe: 1a 
Padrao: III 
Quadro: QPDF 
Processo: 030.002385/2002   
Artigo 40,  1o, inciso I, e  8o, da 
CONSTITUICAO  DA  REPUBLICA 
FEDERATIVA DO BRASIL.   
Nome:  SEBASTIAO  SOBRAL 
GOUVEIA 
Matricula: 1650138-1 
Cargo: Musico 
Classe: Unica 
Padrao: XV 
Quadro: QPDF 
Processo: 030.001910/2002   
Artigo 40,  1o, inciso I, in fine, e  8o, da 
CONSTITUICAO  DA  REPUBLICA 
FEDERATIVA DO BRASIL.    MARIA CECILIA S. S. LANDIM DESPACHO DO SECRETARIO
Em 14 de junho de 2002
PROCESSO N: 030-000.831/2002
INTERESSADO: LUIZ DE BARROS E OUTROS
ASSUNTO: Reconhecimento de Divida
A vista das instrucoes contidas no presente processo e o disposto nos Artigos 80 e 81 do Decreto
no 16.098, de 29 de novembro de 1994, e de acordo com o que estabelece o inciso I do Art. 38,
combinado com os Incisos II e IV do Art. 39 do citado Diploma, e em conformidade com as
atribuicoes regimentais contidas na Portaria no 271, de 23 de maio de 2001, reconheco a divida,
autorizo a realizacao da despesa, determino a emissao de Nota de Empenho e autorizo tambem o
pagamento no valor de R$ 753.215,74 (setecentos e cinquenta e tres mil, duzentos e quinze reais
e setenta e quatro centavos) a favor da Sr. LUIZ DE BARROS E OUTROS, referente a folha
suplementar no 273/2001, versao 83, 3a parcela de fiscais  inativos, relativo ao pagamento de
proventos de exercicios findos de inativos  SGA, inerente ao mes de setembro de 2001, correndo
a presente despesa a conta da Dotacao Orcamentaria no programa de trabalho 09.272.0001.9004-
0019  Pagamento de Inativos e Pensionistas da Secretaria de Gestao Administrativa, Fonte 100,
Elemento de Despesa 3.1.90.92  Despesas de Exercicios Anteriores, da Secretaria de Gestao
Administrativa. Publique-se e encaminhe-se o presente processo a Diretoria de Apoio Operaci-
onal/SGA para os demais procedimentos administrativos.
DALMO ALEXANDRE COSTA
Adjunto SECRETARIA DE FAZENDA E PLANEJAMENTO PORTARIA CONJUNTA No 17, DE 29 DE MAIO DE 2002(*)
Altera a Portaria Conjunta no 6, de 5 de novembro de 2001, que institui o Grupo de Educacao
Fiscal do Distrito Federal  GEF/DF.
OS SECRETARIOS DE ESTADO DE FAZENDA E PLANEJAMENTO E DE EDUCACAO
DO DISTRITO FEDERAL, no uso de suas atribuicoes, resolvem:
Art. 1o Fica instituido o Grupo de Educacao Fiscal  GEF/DF, com o objetivo de coordenar e
executar o Programa de Conscientizacao e de Educacao Fiscal do Distrito Federal, conforme
previsto no Decreto no 19.734, de 28 de outubro de 1998.
Art. 2o Ficam designados os seguintes membros para compor o referido Grupo de Trabalho:
I  Representando a Secretaria de Estado de Fazenda e Planejamento:
Custodio Joanes de Oliveira - matricula no 28.580-3
Kleidinar Alves de Faria - matricula no 43.290-3
Rosemeire Tavares Lima - matricula no 25.214-X
Zelma Helenir Garcia  matricula no 30.328-3
II  Representando a Secretaria de Estado de Educacao:
Cicero Roberto de Melo - matricula no 201.051-7
Elcimar Rodrigues Leite Torres - matricula no 66.164-3
Karla Rejane Canova - matricula no 36.411-8 Art. 3o A coordenacao do Grupo cabera ao servidor Custodio Joanes de Oliveira.
Art. 4o O Programa sera financiado com recursos do BID, previamente definidos no Programa de
Fortalecimento e Modernizacao da Area Fiscal do Distrito Federal, e com recursos proprios
previstos no orcamento.
Art. 5o Revogam-se as disposicoes em contrario.
Art. 6o Esta Portaria entra em vigor na data de sua publicacao.
      VALDIVINO JOSE DE OLIVEIRA ANNA MARIA DANTAS ANTUNES VILLABOIM
_____________
(*) Republicada por ter saido com incorrecao do original, no DODF no 102, de 31 de maio de
2002, pagina 22. PORTARIA No 360, DE 19 DE JUNHO DE 2002
O SECRETARIO DE FAZENDA E PLANEJAMENTO DO DISTRITO FEDERAL, no
uso de suas atribuicoes regimentais, tendo em vista o disposto no art. 38 da Lei no 8.112, de
11 de dezembro de 1990, e ainda o que consta do Decreto no 21.816, de 12 de dezembro de
2000, resolve:
Designar MAGNOLIA LUCIANA TORRES, matricula no 43.232-6, para substituir LUCIVA-
NE DOS SANTOS, matricula no 44.911-3, Encarregado de Secretaria, Simbolo DFG-02, da
Celula de Administracao de Postos Fiscais da Gerencia de Fiscalizacao Tributaria da Subsecreta-
ria da Receita da Secretaria de Fazenda e Planejamento do Distrito Federal, no periodo de 15 de
julho a 13 de agosto de 2002, por motivo de ferias regulamentares.
VALDIVINO JOSE DE OLIVEIRA PORTARIA No 361, DE 19 DE JUNHO DE 2002
O SECRETARIO DE FAZENDA E PLANEJAMENTO DO DISTRITO FEDERAL, no
uso de suas atribuicoes regimentais, tendo em vista o disposto no art. 38 da Lei no 8.112, de
11 de dezembro de 1990, e ainda o que consta do Decreto no 21.816, de 12 de dezembro de
2000, resolve:
Designar LENY SOARES DA SILVA, matricula no 43.085-4, para substituir GILDA ALMEIDA
DOS SANTOS, matricula no 43.133-8, Encarregado de Secretaria, Simbolo DFG-02, da Gerencia
de Tributacao da Subsecretaria da Receita da Secretaria de Fazenda e Planejamento do Distrito
Federal, no periodo de 19 a 28 de junho de 2002, por motivo de ferias regulamentares.
VALDIVINO JOSE DE OLIVEIRA PORTARIA No 362, DE 19 DE JUNHO DE 2002
O SECRETARIO DE FAZENDA E PLANEJAMENTO DO DISTRITO FEDERAL, no uso de
suas atribuicoes que lhe confere o art. 1o da Lei no 2.755/2001,"
