,tipo,nome,matricula,simbolo,cargo_comissao,lotacao,orgao,vigencia,pedido,cargo_efetivo,siape,motivo,text
0,Exoneração, IARA DE FIGUEIREDO FALCAO GENOVESE,nan,nan,nan,nan,nan,nan,a pedido,nan,nan,nan,"EXONERAR, a pedido, IARA DE FIGUEIREDO FALCAO GENOVESE, Matricula no 107"
1,Exoneração, Q,nan,nan,nan,nan,nan,nan,a pedido,nan,nan,nan,"EXONERAR, a pedido, do Quadro de Pessoal do Distrito Federal com lotacao na Secretaria de
Estado de Saude do Distrito Federal, com base no art"
2,Exoneração, Q,nan,nan,nan,nan,nan,nan,a pedido,nan,nan,nan,"EXONERAR, a pedido, do Quadro de Pessoal do Distrito Federal com lotacao na Secretaria de
Estado de Saude do Distrito Federal, com base no art"
3,Exoneração, ANALIDES CAMPELO CAVALCANTE,nan,nan,nan,nan,nan,nan,a pedido,nan,nan,nan,"EXONERAR, a pedido, ANALIDES CAMPELO CAVALCANTE, Assistente Intermediario de
Saude (Agente Administrativo), Matricula no 117"
4,Exoneração, DENNYS RAMOS SILVA,nan,nan,nan,nan,nan,nan,a pedido,nan,nan,nan,"EXONERAR,  a pedido, DENNYS RAMOS SILVA, Assistente Intermediario de Saude
(Agente Administrativo), Matricula no 127"
5,Exoneração, FRANCIMEIRE SOARES BISPO LOURENCO,nan,nan,nan,nan,nan,nan,nan,nan,nan,nan,"EXONERAR FRANCIMEIRE SOARES BISPO LOURENCO, Assistente Intermediario de
Saude (Agente Administrativo), Matricula no 124"
6,Exoneração, GILDA MARQUES DE LIMA,nan,nan,nan,nan,nan,nan,nan,nan,nan,nan,"EXONERAR, por estar sendo nomeada para outro cargo, GILDA MARQUES DE LIMA,
Assistente Superior de Saude (Assistente Social), Matricula no 132"
