,Tipo do Ato,Nome do Servidor Substituto,Matrícula do Servidor Substituto,Nome do Servidor a ser Substituido,Matrícula do Servidor a ser SubstituidoCargo,Símbolo do cargo do servidor substituto,Cargo comissionado objeto da substituição,Símbolo do cargo do objeto da substituição,Símbolo do cargo comissionado objeto da substituição,Hierarquia da Lotação,Órgão,Data Inicial da Vigência,Data Final de Vigência,Matrícula SIAPE,Motivo,text
0,Substituição de Funções, DANUSA GONCALVES MEIRELLES,nan,nan,nan,nan,nan,nan,nan,nan,nan,nan,nan,nan,nan,"Designar DANUSA GONCALVES MEIRELLES, para a funcao de Membro Efetivo do Conse-
lho de Planejamento do Distrito Federal  CONPLAN, representando a sociedade civil"
1,Substituição de Funções, JOSE CARDOSO LOPES para a funcao de Membro Efetivo do Conselho Peniten,nan,nan,nan,nan,nan,nan,nan,nan,nan,nan,nan,nan,nan,"DESIGNAR JOSE CARDOSO LOPES para a funcao de Membro Efetivo do Conselho Peniten-
ciario do Distrito Federal, como representante do Ministerio Publico Federal"
2,Substituição de Funções," BRASILINO PEREIRA DOS SANTOS para a funcao de Membro Suplente do
Conselho Penitenciario do Distrito Federal",nan,nan,nan,nan,nan,nan,nan,nan,nan,nan,nan,nan,nan,"DESIGNAR BRASILINO PEREIRA DOS SANTOS para a funcao de Membro Suplente do
Conselho Penitenciario do Distrito Federal, como representante do Ministerio Publico"
3,Substituição de Funções, MAURICIO SILVA DE CAMARGOS,107.095-7,nan,19.493-X,nan,nan,nan,nan,nan,nan,nan,nan,nan,nan,"Designar MAURICIO SILVA DE CAMARGOS, matricula no 107.095-7 e RAQUEL MA-
ROT VAZ DA COSTA, matricula no 19.493-X, como Assistentes Tecnicos da Comissao de
Tomada de Contas Especial, instituida pelo Decreto no 23.026, de 13 de junho de 2002
 II  Designar ROSECLER MACEDO GUILHERMON VIEIRA, matricula no 26.188-2 e
JOSELIA MARIA PEREIRA LEITE, matricula no 27.405-4, como Secretarias da Comis-
sao referida no inciso I"
4,Substituição de Funções, WILMA SANTOS MARTINS,n.o,JANILTON AUSTRIA DA SILVA LIMA,"n.o
34.337-4",Encarregado de Patrimonio,DFG-05,nan,nan,nan,nan,nan,nan,nan,nan,"Designar WILMA SANTOS MARTINS, matricula n.o 34.731-0, Auxiliar de Administracao Pu-
blica do Distrito Federal, para substituir JANILTON AUSTRIA DA SILVA LIMA, matricula n.o
34.337-4, Encarregado de Patrimonio, Simbolo DFG-05, do Nucleo de Material e Patrimonio da
Diretoria de Gestao Administrativa da Subsecretaria de Apoio Operacional, por motivo de ferias
regulamentares do titular,  no periodo de 10 de junho a 09 de julho de 2002
BENJAMIM SEGISMUNDO DE J"
5,Substituição de Funções, MAGNOLIA LUCIANA TORRES,43.232-6,LUCIVA,44.911-3,nan,DFG-02,nan,nan,nan,nan,nan,nan,nan,nan,"Designar MAGNOLIA LUCIANA TORRES, matricula no 43.232-6, para substituir LUCIVA-
NE DOS SANTOS, matricula no 44.911-3, Encarregado de Secretaria, Simbolo DFG-02, da
Celula de Administracao de Postos Fiscais da Gerencia de Fiscalizacao Tributaria da Subsecreta-
ria da Receita da Secretaria de Fazenda e Planejamento do Distrito Federal, no periodo de 15 de
julho a 13 de agosto de 2002, por motivo de ferias regulamentares"
6,Substituição de Funções, LENY SOARES DA SILVA,43.085-4,"GILDA ALMEIDA
DOS SANTOS",43.133-8,Encarregado de Secretaria,DFG-02,nan,nan,nan,nan,nan,nan,nan,nan,"Designar LENY SOARES DA SILVA, matricula no 43.085-4, para substituir GILDA ALMEIDA
DOS SANTOS, matricula no 43.133-8, Encarregado de Secretaria, Simbolo DFG-02, da Gerencia
de Tributacao da Subsecretaria da Receita da Secretaria de Fazenda e Planejamento do Distrito
Federal, no periodo de 19 a 28 de junho de 2002, por motivo de ferias regulamentares"
7,Substituição de Funções, JOSE CARLOS BARBOZA,29.006-8,nan,nan,nan,nan,nan,nan,nan,nan,nan,nan,nan,nan,"DESIGNAR JOSE CARLOS BARBOZA, matricula no 29.006-8, como executor dos Contra-
tos nos 52/2002, 53/2002, 54/2002 e 62/2002, firmados entre o Distrito Federal, por intermedio
da Secretaria de Estado de Educacao do Distrito Federal, e as empresas Cine Foto Universitario
Ltda, Util Utilidades para o Lar Ltda, L&A Comercio e Servicos Ltda-ME e Intertronic Comercial
Ltda, respectivamente"
8,Substituição de Funções, ELIZABETE NERI MOURA,46.054-0,nan,nan,nan,nan,nan,nan,nan,nan,nan,nan,nan,nan,"DESIGNAR ELIZABETE NERI MOURA, matricula no 46.054-0, como executora do Conve-
nio no 33/2002, firmado entre o Distrito Federal, por intermedio da Secretaria de Estado de
Educacao do Distrito Federal, e a Sociedade de Educacao e Cultura Caicaras/Faculdades Caicaras"
9,Substituição de Funções, CLAUDIA ABREU DE OLIVEIRA,23.304-8,nan,nan,nan,nan,nan,nan,nan,nan,nan,nan,nan,nan,"DESIGNAR CLAUDIA ABREU DE OLIVEIRA, matricula no 23.304-8, como executora dos
Contratos nos 35/2002 e 48/2002, firmados entre o Distrito Federal, por intermedio da Secretaria
de Estado de Educacao do Distrito Federal, e as empresas L & A Comercio e Servicos Ltda-ME
e Irmaos Soares Ltda "
10,Substituição de Funções, o servidor FRANCISCO PAIVA DE LIMA,126453-2,"o chefe do Nucleo de Atividade Gerais da Gerencia de Apoio Operacional do Hospital
Regional de Brazlandia da Secretaria de Estado de Saude do Distrito Federal",nan,nan,nan,nan,nan,nan,nan,nan,nan,nan,nan,"Designar o servidor FRANCISCO PAIVA DE LIMA, Matricula 126453-2, AOSD/LC para
substituir o chefe do Nucleo de Atividade Gerais da Gerencia de Apoio Operacional do Hospital
Regional de Brazlandia da Secretaria de Estado de Saude do Distrito Federal, DFG - 04 no periodo
de 15/07/02 a 13/08/02 por motivo de ferias do titular"
11,Substituição de Funções, o servidor CESAR GALVAO DE SOUZA,122600-2,"o chefe do Nucleo de Lavanderia e Rouparia da Gerencia de Apoio Operacional do
Hospital Regional de Brazlandia da Secretaria de Estado de Saude do Distrito Federal",nan,nan,nan,nan,nan,nan,nan,nan,nan,nan,nan,"Designar o servidor CESAR GALVAO DE SOUZA, Matricula 122600-2 AOM - Lavanderia
para substituir o chefe do Nucleo de Lavanderia e Rouparia da Gerencia de Apoio Operacional do
Hospital Regional de Brazlandia da Secretaria de Estado de Saude do Distrito Federal, DFG - 04
no periodo de 01/08/02 a 15/08/02 por motivo de ferias do titular"
12,Substituição de Funções," a servidora VILCA
CARDOSO DE OLIVEIRA ESTEVES",124575-9,"a Gerente da Gerencia de Apoio Operacional do Hospital Regional de Brazlandia da
Secretaria de Estado de Saude do Distrito Federal",nan,nan,nan,nan,nan,nan,nan,nan,nan,nan,nan,"Designar a servidora VILCA
CARDOSO DE OLIVEIRA ESTEVES, Matricula 124575-9, AIS - Agente Administrativo para
substituir a Gerente da Gerencia de Apoio Operacional do Hospital Regional de Brazlandia da
Secretaria de Estado de Saude do Distrito Federal, DFG 08 no periodo de 08/07/02 a 06/08/02 por
motivo de ferias da titular"
13,Substituição de Funções, a servidora MARIA INES DE OLIVEIRA,110.024-6,nan,nan,nan,nan,nan,nan,nan,nan,nan,nan,nan,nan,"Designar a servidora MARIA INES DE OLIVEIRA, matricula 110.024-6, Executora do
Convenio no.01/1996, celebrados entre o Distrito Federal por intermedio da Secretaria de Estado
de Acao Social e a Entidade VILA SAO JOSE BENTO COTTOLENGO, cabendo ao designado
as atribuicoes previstas no Decreto no 16.098, de 29/11/94, na Portaria 140, de 17/11/99 e demais
normas inerentes ao assunto"
14,Substituição de Funções, a servidora JANE CORREA DA COSTA,104.872-4,nan,nan,nan,nan,nan,nan,nan,nan,nan,nan,nan,nan,"Designar a servidora JANE CORREA DA COSTA, matricula no 104.872-4, Executora do
Contrato de Prestacao de Servicos no 07/2002, celebrado entre o Distrito Federal, por intermedio
da Secretaria de Estado de Acao Social - SEAS e Carlos Cesar Vieira - ME, cabendo a designada as
atribuicoes previstas no artigo 13, inciso II, do Decreto no 16.098, de 29/11/94, publicado no
Diario Oficial do Distrito Federal de 30/11/94, e demais normas inerentes ao assunto"
15,Substituição de Funções, DELTIMO EVANGELISTA DA SILVA,01.234-3,nan,00.172-4 e INALGI DOS SANTOS MEDEIROS,nan,nan,nan,nan,nan,nan,nan,nan,nan,nan,"DESIGNAR DELTIMO EVANGELISTA DA SILVA, matricula no 01.234-3, AUGUSTO FREI-
RE DE SOUSA, matricula no 00.172-4 e INALGI DOS SANTOS MEDEIROS, matricula no
00.769-2, para sob a presidencia do primeiro, comporem Comissao para vistoriar as instalacoes
das Empresas Fabricantes de placas e Tarjetas de mIdentificacao Veicular constantes do Processo
n"
16,Substituição de Funções, OLIVIO TAVARES DE ARAUJO,nan,nan,nan,nan,nan,nan,nan,nan,nan,nan,nan,nan,nan,"Designar OLIVIO TAVARES DE ARAUJO, Critico de Arte, MIGUEL JORGE, Critico de
Arte, MARIA AMELIA BULHOES GARCIA, Critica de Arte e JOAO EVANGELISTA DE
ANDRADE FILHO, Diretor do Museu de Artes de Santa Catarina e Critico de Arte, como
membros comporem a referida Comissao"
17,Substituição de Funções, TEREZA CRISTINA ANDRADE NOGUEIRA,31229-0,RAYDER LIMA BARRETO,"0109632-
X",Chefe do Nucleo de Gestao Administrativa Financeira,DFA-06,nan,,nan,nan,nan,nan,nan,nan,"Designar TEREZA CRISTINA ANDRADE NOGUEIRA, matricula no 31229-0, Assistente,
Simbolo DFA-06, do Nucleo de Gestao Administrativa e Financeira, da Secretaria de Estado de
Cultura do Distrito Federal, para substituir RAYDER LIMA BARRETO, matricula no 0109632-
X, Chefe do Nucleo de Gestao Administrativa Financeira, Simbolo DFG-10, da Secretaria de
Estado de Cultura do Distrito Federal, no periodo de 17.06.2002 a 06.07.2002, por motivo de
gozo de ferias regulamentares"
18,Substituição de Funções, JOSE LUIZ COSTA,1650398-2,KARLLA SORAYA OLIVEIRA RAMOS,1650605-5,"Chefe do Nucleo de Elabora-
cao e Gestao de Contratos e Convenios",DFA-06,nan,,nan,nan,nan,nan,nan,nan,"Designar JOSE LUIZ COSTA, matricula no 1650398-2, Assistente, Simbolo DFA-06, do Nucleo
de Orcamento, Financas e Eetatistica, da Gerencia de Planejamento e Financas, Diretoria de
Apoio Operacional, da Secretaria de Estado de Cultura do Distrito Federal, para substituir
KARLLA SORAYA OLIVEIRA RAMOS, matricula no 1650605-5, Chefe do Nucleo de Elabora-
cao e Gestao de Contratos e Convenios, Simbolo DFG-10, da Gerencia de Planejamento e
Financias, Diretoria de Apoio Operacional, da Secretaria de Estado de Cultura do Distrito Fede-
ral, no periodo de 17.06 2002 a 16 .07.2002, por motivo de gozo de ferias regulamentares"
19,Substituição de Funções, TANIA RAMALHO DE REZENDE MEDEIROS,1650598-1,"VALDETE FERREIRA
DA SILVA",1650784-6,Chefe do Nucleo de Orcamento,DFA-06,nan,,nan,nan,nan,nan,nan,nan,"Designar TANIA RAMALHO DE REZENDE MEDEIROS, matricula no 1650598-1, Assisten-
te, Simbolo DFA-06, da Gerencia de Planejamento e Financas, Diretoria de Apoio Operacional,
da Secretaria de Estado de Cultura do Distrito Federal, para substituir VALDETE FERREIRA
DA SILVA, matricula no 1650784-6, Chefe do Nucleo de Orcamento, Financas e Estatistica,
Simbolo DFG- 10 da Gerencia de Planejamento e Financas da Diretoria de Apoio Operacional, da
Secretaria de Estado de Cultura do Distrito Federal, no periodo de 24.06 2002 a 03.07.2002, por
motivo de gozo de ferias regulamentares"
20,Substituição de Funções, JUNIOR CESAR ATAIDES,109.969-8,ANDREA MA,109.354-1,nan,DFG-14,nan,nan,nan,nan,nan,nan,nan,nan,"Designar JUNIOR CESAR ATAIDES, matricula 109.969-8, para substituir ANDREA MA-
RIA OLIVEIRA GOMES, matricula 109.354-1, Diretora da Diretoria Administrativa e Financei-
ra, Simbolo DFG-14, da Secretaria de Desenvolvimento Economico, Ciencia e Tecnologia do
Distrito Federal, no periodo de 08.07.2002 a 27.07.2002, por motivo de ferias regulamentares"
21,Substituição de Funções, DEUSEDITE NUNES DE ALBUQUERQUE PIRES,94.607-9,CHIRLENE FERREIRA DA FONSECA,43.894-4,"Chefe do Nucleo de
Pessoal e Desenvolvimento de Recursos Humanos",DFG-11,nan,nan,nan,nan,nan,nan,nan,nan,"Designar DEUSEDITE NUNES DE ALBUQUERQUE PIRES, matricula 94.607-9, para
substituir CHIRLENE FERREIRA DA FONSECA, matricula 43.894-4, Chefe do Nucleo de
Pessoal e Desenvolvimento de Recursos Humanos, Simbolo DFG-11, da Secretaria de Desenvol-
vimento Economico, Ciencia e Tecnologia do Distrito Federal, no periodo de 15.07.2002 a
29.07.2002, por motivo de ferias regulamentares"
22,Substituição de Funções, nos termos do artigo,nan,nan,nan,nan,nan,nan,nan,nan,nan,nan,nan,nan,nan,"Designar nos termos do artigo 13, do Decreto 16.098, das normas de execucao orcamentaria e
Financeira do Distrito Federal o Sr"
23,Substituição de Funções, a servidora ELIZABETH DA SILVA,25.614-9,nan,24.957-4,nan,DFG-10,nan,nan,nan,nan,nan,nan,nan,nan,"Designar a servidora ELIZABETH DA SILVA, matricula no 25.614-9, Fiscal de Atividades Urba-
nas, para substituir, sem prejuizo de suas atribuicoes, o servidor REGINALDO PEREIRA DA
SILVA, matricula no 24.957-4, Simbolo DFG-10, Chefe do Servico de Fiscalizacao de Obras, da
Divisao Regional de Fiscalizacao de Obras e Posturas, da Administracao Regional do Gama, da
Secretaria de Estado de Coordenacao das Administracoes Regionais do Distrito Federal, no
periodo de 01 a 15 de julho de 2002, por motivo de ferias regulamentares do titular"
24,Substituição de Funções, o servidor CLAUDINEI DE MOURA MARTINS,42.476-5,nan,46.301-9,nan,DFG-08,nan,nan,nan,nan,nan,nan,nan,nan,"Designar o servidor CLAUDINEI DE MOURA MARTINS, matricula no 42.476-5, Auxiliar de
Administracao Publica, para substituir, sem prejuizo de suas atribuicoes, a servidora VALERIA
DE MACEDO XAVIER, matricula no 46.301-9, Simbolo DFG-08, Chefe da Secao de Pessoal, da
Divisao de Administracao Geral, da Administracao Regional de Planaltina, da Secretaria de Estado
de Coordenacao das Administracoes Regionais do Distrito Federal, no periodo de 08 de julho a 06
de agosto de 2002, por motivo de ferias regulamentares do titular"
25,Substituição de Funções, a servidora ALESSANDRA APARECIDA DE ALMEIDA,40.641-4,nan,24.971-8,nan,DFG-10,nan,nan,nan,nan,nan,nan,nan,nan,"Designar a servidora ALESSANDRA APARECIDA DE ALMEIDA, matricula no 40.641-4,
Fiscal de Atividades Urbanas, para substituir, sem prejuizo de suas atribuicoes, a servidora SORAYA DE SOUZA SILVA BORGES, matricula no 24.971-8, Simbolo DFG-10, Chefe do
Servico de Fiscalizacao de Obras, da Divisao Regional de Fiscalizacao de Obras e Posturas, da
Administracao Regional de Planaltina, da Secretaria de Estado de Coordenacao das Administra-
coes Regionais do Distrito Federal, no periodo de 01 a 15 de julho de 2002, por motivo de ferias
regulamentares do titular"
26,Substituição de Funções, a servidora DENISE BARBOSA MESQUITA,109.747-4,nan,94.459-9,nan,DFG-05,nan,nan,nan,nan,nan,nan,nan,nan,"Designar a servidora DENISE BARBOSA MESQUITA, matricula no 109.747-4, Secretario Ad-
ministrativo, para substituir, sem prejuizo de suas atribuicoes, a servidora ANNETE MARIA
MUNIZ MARTINS, matricula no 94.459-9, Simbolo DFG-05, Chefe da Secao de Arquivo Tec-
nico, da Divisao Regional de Exame, Aprovacao e Elaboracao de Projetos, da Administracao
Regional do Riacho Fundo, da Secretaria de Estado de Coordenacao das Administracoes Regio-
nais do Distrito Federal, no periodo de 06 de maio a 04 de junho de 2002, por motivo de ferias
regulamentares do titular"
27,Substituição de Funções, a servidora IRACEMA MENDES MACHADO PEREIRA,96.328-3,nan,94.772-5,nan,DFG-,nan,nan,nan,nan,nan,nan,nan,nan,"Designar a servidora IRACEMA MENDES MACHADO PEREIRA, matricula no 96.328-3,
Chefe da\ Biblioteca Publica, da Divisao Regional de Cultura, para substituir, sem prejuizo de
suas atribuicoes, o servidor RENAN FREIRE DE LIMA, matricula no 94.772-5, Simbolo DFG-
12, Diretor da Divisao Regional de Cultura, da Administracao Regional de Santa Maria, da
Secretaria de Estado de Coordenacao das Administracoes Regionais do Distrito Federal, no
periodo de 01 a 30 de julho de 2002, por motivo de ferias regulamentares do titular"
28,Substituição de Funções, o servidor JOVENILDO JOSE SEABRA,91.436-3,nan,94.064-X,nan,DFG-05,nan,nan,nan,nan,nan,nan,nan,nan,"Designar o servidor JOVENILDO JOSE SEABRA, matricula no 91.436-3, Tecnico de Adminis-
tracao Publica, para substituir, sem prejuizo de suas atribuicoes, a servidora MARIA JOSE DE
SOUZA SANTOS, matricula no 94.064-X, Simbolo DFG-05, Chefe da Secao de Bancas de
Jornais e Revistas, da Divisao Regional de Permissoes e Concessoes Publicas, da Administracao
Regional de Sao Sebastiao, da Secretaria de Estado de Coordenacao das Administracoes Regionais
do Distrito Federal, no periodo de 03 de junho a 02 de julho de 2002, por motivo de ferias
regulamentares do titular"
29,Substituição de Funções, o servidor JOAO PAULO GUIMARAES PINHEIRO,91.351-0,nan,96.772-6,nan,DFG-10,nan,nan,nan,nan,nan,nan,nan,nan,"Designar o servidor JOAO PAULO GUIMARAES PINHEIRO, matricula no 91.351-0, Tecnico
de Administracao Publica, para substituir, sem prejuizo de suas atribuicoes, a servidora CON-
CEICAO DE MARIA OLIVEIRA, matricula no 96.772-6, Simbolo DFG-10, Chefe do Servico de
Licenciamento de Obras, da Divisao Regional de Licenciamento, da Administracao Regional do
Cruzeiro, da Secretaria de Estado de Coordenacao das Administracoes Regionais do Distrito
Federal, no periodo de 01 a 30 de junho de 2002, por motivo de ferias regulamentares do titular"
30,Substituição de Funções, a servidora HELZIMARY KARLA OLIVEIRA DE ARAUJO,42.557-5,nan,30.461-1,nan,DFG-08,nan,nan,nan,nan,nan,nan,nan,nan,"Designar a servidora HELZIMARY KARLA OLIVEIRA DE ARAUJO, matricula no 42.557-5,
Auxiliar de Administracao Publica, para substituir, sem prejuizo de suas atribuicoes, a servidora
JOSEFA ALVES DA SILVA, matricula no 30.461-1, Simbolo DFG-08, Chefe da Secao de Pessoal,
da Divisao de Administracao Geral, da Administracao Regional do Nucleo Bandeirante, da Secre-
taria de Estado de Coordenacao das Administracoes Regionais do Distrito Federal, no periodo de
05 de junho a 02 de outubro de 2002, por motivo de licenca maternidade da titular"
31,Substituição de Funções, a servidora LINDAURA PEREIRA DE SOUZA,26.122-X,nan,2.403-1,nan,DFG-05,nan,nan,nan,nan,nan,nan,nan,nan,"Designar a servidora LINDAURA PEREIRA DE SOUZA, matricula no 26.122-X, Auxiliar de
Administracao Publica, para substituir, sem prejuizo de suas atribuicoes, o servidor ANTONIO                                      Diario Oficial do Distrito Federal
PAGINA   28
No 116, quinta-feira, 20 de junho de 2002 RODRIGUES DE SOUZA, matricula no 2.403-1, Simbolo DFG-05, Chefe da Secao de Adminis-
tracao de Proprios, da Divisao de Administracao Geral, da Administracao Regional de Taguatinga,
da Secretaria de Estado de Coordenacao das Administracoes Regionais do Distrito Federal, no
periodo de 03 de junho a 02 de julho de 2002, por motivo de ferias regulamentares do titular"
32,Substituição de Funções, o servidor CELSO IRINEU FERREIRA,31.211-8,nan,105.562-3,nan,DFG-05,nan,nan,nan,nan,nan,nan,nan,nan,"Designar o servidor CELSO IRINEU FERREIRA, matricula no 31.211-8, Tecnico de Administra-
cao Publica, para substituir, sem prejuizo de suas atribuicoes, o servidor CLEANTO PINTO DE
MENEZES, matricula no 105.562-3, Simbolo DFG-05, Chefe da Secao de Transporte, da Divisao
de Administracao Geral, da Administracao Regional de Taguatinga, da Secretaria de Estado de
Coordenacao das Administracoes Regionais do Distrito Federal, no periodo de 01 a 30 de julho de
2002, por motivo de ferias regulamentares do titular"
33,Substituição de Funções, o servidor LOERCIO RODRIGUES DA SILVA,35.296-9,nan,96.049-7,nan,DFG-02,nan,nan,nan,nan,nan,nan,nan,nan,"Designar o servidor LOERCIO RODRIGUES DA SILVA, matricula no 35.296-9, Tecnico de
Administracao Publica, para substituir, sem prejuizo de suas atribuicoes, o servidor JOSE BOR-
GONIO BELLARD NASCIMENTO, matricula no 96.049-7, Simbolo DFG-02, Encarregado da
Secao de Transporte, da Divisao de Administracao Geral, da Administracao Regional de Taguatin-
ga, da Secretaria de Estado de Coordenacao das Administracoes Regionais do Distrito Federal, no
periodo de 01 a 30 de julho de 2002, por motivo de ferias regulamentares do titular"
34,Substituição de Funções, o servidor ADILSON FERREIRA DE SOUZA,106.519-X,nan,100.447-6,nan,DFG-08,nan,nan,nan,nan,nan,nan,nan,nan,"Designar o servidor ADILSON FERREIRA DE SOUZA, matricula no 106.519-X, Secretario
Administrativo da Assessoria de Comunicacao Social, para substituir, sem prejuizo de suas
atribuicoes, a servidora SUZANA SOUZA LIMA, matricula no 100.447-6, Simbolo DFG-08,
Chefe da Secao de Servicos Gerais, da Divisao de Administracao Geral, da Administracao Regio-
nal da Candangolandia, da Secretaria de Estado de Coordenacao das Administracoes Regionais do
Distrito Federal, no periodo de 08 de julho a 06 de agosto de 2002, por motivo de ferias regula-
mentares do titular"
35,Substituição de Funções, a servidora LUZIA MARIA CONCEICAO DA SILVA,80.001-5,nan,94.006-2,nan,DFG-02,nan,nan,nan,nan,nan,nan,nan,nan,"Designar a servidora LUZIA MARIA CONCEICAO DA SILVA, matricula no 80.001-5, Auxiliar
da Administracao Publica, para substituir, sem prejuizo de suas atribuicoes, a servidora LUCI-
LEIDE DE JESUS BARBOSA, matricula no 94.006-2, Simbolo DFG-02, Encarregado da Divisao
Regional de Obras e Servicos Publicos, da Administracao Regional da Candangolandia, da Secre-
taria de Estado de Coordenacao das Administracoes Regionais do Distrito Federal, no periodo de
01 a 30 de julho de 2002, por motivo de ferias regulamentares do titular"
36,Substituição de Funções, o servidor BRAZ JOSE DA SILVA,91.560-2,nan,24.404-X,nan,DFG-12,nan,nan,nan,nan,nan,nan,nan,nan,"Designar o servidor BRAZ JOSE DA SILVA, matricula no 91.560-2, Inspetor de Atividades
Urbanas, para substituir, sem prejuizo de suas atribuicoes, o servidor SERGIO FERNANDES
FERREIRA, matricula no 24.404-X, Simbolo DFG-12, Diretor da Divisao Regional de Aprova-
cao, Licenciamento e Fiscalizacao, da Administracao Regional da Candangolandia, da Secretaria
de Estado de Coordenacao das Administracoes Regionais do Distrito Federal, no periodo de 08 a
27 de julho de 2002, por motivo de ferias regulamentares do titular"
37,Substituição de Funções, a servidora ROSANGELA MOURAO ALVES DOS REIS,108.501-8,nan,28.846-2,nan,DFG-12,nan,nan,nan,nan,nan,nan,nan,nan,"Designar a servidora ROSANGELA MOURAO ALVES DOS REIS, matricula no 108.501-8,
Inspetor de Atividades Urbanas, para substituir, sem prejuizo de suas atribuicoes, o servidor
ALCIDES DIVINO ROCHA CALDEIRA, matricula no 28.846-2, Simbolo DFG-12, Chefe da
Assessoria de Planejamento, da Administracao Regional da Candangolandia, da Secretaria de Estado de Coordenacao das Administracoes Regionais do Distrito Federal, no periodo de 15 a 24
de julho de 2002, por motivo de ferias regulamentares do titular"
38,Substituição de Funções, o servidor GENIVAL HERMANO DA SILVA FRANCA,39.951-5,nan,23.247-5,nan,DFG-10,nan,nan,nan,nan,nan,nan,nan,nan,"Designar o servidor GENIVAL HERMANO DA SILVA FRANCA, matricula no 39.951-5,
Fiscal de Atividades Urbanas, para substituir, sem prejuizo de suas atribuicoes, o servidor
CESAR AUGUSTO ALVIM, matricula no 23.247-5, Simbolo DFG-10, Chefe do Servico de
Fiscalizacao de Zona Rural, da Divisao Regional de Fiscalizacao de Obras e Posturas, da
Administracao Regional de Planaltina, da Secretaria de Estado de Coordenacao das Adminis-
tracoes Regionais do Distrito Federal, no periodo de 15 a 29 de julho de 2002, por motivo de
ferias regulamentares do titular"
39,Substituição de Funções, a servidora MARIA WILMA VERAS ALVES,93.965-X,nan,93.890-4,nan,DFG-12,nan,nan,nan,nan,nan,nan,nan,nan,"Designar a servidora MARIA WILMA VERAS ALVES, matricula no 93.965-X, Chefe da Secao
de Pessoal, da Divisao de Administracao Geral, para substituir, sem prejuizo de suas atribuicoes,
o servidor JOSE EUSTAQUIO ALVES MOREIRA, matricula no 93.890-4, Simbolo DFG-12,
Gerente de Planejamento, da Administracao Regional do Cruzeiro, da Secretaria de Estado de
Coordenacao das Administracoes Regionais do Distrito Federal, no periodo de 08 de julho a 06 de
agosto de 2002, por motivo de ferias regulamentares do titular"
40,Substituição de Funções, a servidora APARECIDA COIMBRA FIDELES,43691-7,nan,nan,nan,nan,nan,nan,nan,nan,nan,nan,nan,nan,"DESIGNAR a servidora APARECIDA COIMBRA FIDELES, matricula 43691-7, para desem-
penhar as funcoes de Secretaria da Comissao de Tomada de Contas do referido processo a partir
desta data"
41,Substituição de Funções, o servidor FLAVIO DE ANDRADE MONTEIRO,nan,nan,nan,nan,nan,nan,nan,nan,nan,nan,nan,nan,nan,"DESIGNAR o servidor FLAVIO DE ANDRADE MONTEIRO, matricula: 41.185-X, fiscal de
atividades urbanas como executor do contrato no 002/2002 RAVII para aquisicao de bens, celebra-
do entre Administracao Regional do Paranoa e CYRRUS INFORMATICA LTDA, referente ao
processo no 140 000 486 / 2002, cabera ao executor acompanhar e supervisionar a prestacao de
servicos do referido contrato"
42,Substituição de Funções, as servidoras ADELAIDE RODRIGUES DE MENDONCA,99..620-3,nan,54.276 Auxiliar de Escritorio I ICS,nan,nan,nan,nan,nan,nan,nan,nan,nan,nan,"Designar as servidoras ADELAIDE RODRIGUES DE MENDONCA, matricula no 99..620-3,
Encarregado da Divisao Regional de Obras e Servicos Publicos, IARA DA COSTA DOMINGOS
matricula no 54.276 Auxiliar de Escritorio I ICS, como responsaveis pela prestacao de contas do
Vale Transporte a quem competirao todas as atribuicoes contidas nos incisos de I a VI do Artigo
99 do Decreto no 16.098 de 29 de novembro de 1994, que aprova as normas de Execucao
Orcamentaria, Financeira e Contabil do Distrito Federal
PAULO ROBERTO DE OLIVEIRA PROCURADORIA GERAL DO DISTRITO FEDERAL PORTARIA No 85, DE 18 DE JUNHO DE 2002
O PROCURADOR-GERAL DO DISTRITO FEDERAL, no uso das atribuicoes que lhe confere
o artigo 6o, inciso V da Lei Complementar no 395, de 31 de julho de 2001, e tendo em vista o
contido no Decreto n o 22.788, de 13 de marco de 2002 e o art"
