,tipo,nome,matricula,simbolo,cargo_comissao,lotacao,orgao,vigencia,pedido,cargo_efetivo,siape,motivo,text
0,Exoneração, NADJA MARIA OLIVEIRA DA SILVA,nan,nan,nan,nan,nan,nan,a pedido,nan,nan,nan,"EXONERAR, a pedido NADJA MARIA OLIVEIRA DA SILVA, do cargo em comissao, simbo-
lo DFA-12, Gerente, da Gerencia de Direitos Humanos, da Subsecretaria de Promocao Humana,
da Secretaria de Estado de Trabalho e Direitos Humanos do Distrito Federal, a contar de 24 de
outubro de 2002"
1,Exoneração, S,nan,nan,nan,nan,nan,nan,nan,nan,nan,nan,"EXONERAR, por necessidade do servico, das funcoes a saber, a contar de 01 de novembro de
2002, os seguintes policiais-militares:
a) da funcao de Sentinela da Guarda do Palacio do Buriti:
SD QPPMC CLAYTON VAZ CARDOSO DE BRITO, mat"
2,Exoneração, G,nan,nan,nan,nan,nan,nan,nan,nan,nan,nan,"EXONERAR, por necessidade do servico, da funcao de sentinela da Guarda do Pala-
cio do Buriti, a contar de 01 de outubro de 2002, o SD QPPMC WESLEY GOMES DA
SILVA, mat"
