,Tipo,Nome,Cargo Efetivo,Matricula,Siape,Simbolo,Cargo Comissao,Lotacao,Orgao,text
0,Nomeação,nan,nan,nan,nan,nan,nan,nan,nan,"NOMEAR, por necessidade do servico, para as funcoes a saber, a contar de 01 de novembro
de 2002, os seguintes policiais-militares:
a) Para a funcao de Comandante da Guarda da Residencia Oficial de Aguas Claras:
3o SGTo QPPMC DAVINO ANTONIO BELLAS DA COSTA, mat"
1,Nomeação,nan,nan,nan,nan,nan,nan,nan,nan,"NOMEAR, por necessidade do servico, para a funcao de sentinela da Guarda da Residencia
Oficial de Aguas Claras, a contar de 01 de outubro de 2002, o SD QPPMC VALCY GONCAL-
VES DE OLIVEIRA, mat"
