,Tipo do Ato,Nome do Servidor Substituto,Matrícula do Servidor Substituto,Nome do Servidor a ser Substituido,Matrícula do Servidor a ser SubstituidoCargo,Símbolo do cargo do servidor substituto,Cargo comissionado objeto da substituição,Símbolo do cargo do objeto da substituição,Símbolo do cargo comissionado objeto da substituição,Hierarquia da Lotação,Órgão,Data Inicial da Vigência,Data Final de Vigência,Matrícula SIAPE,Motivo,text
0,Substituição de Funções, BENJAMIN SEGISMUNDO DE JESUS RORIZ,nan,nan,nan,nan,nan,nan,nan,nan,nan,nan,nan,nan,nan,"Designar BENJAMIN SEGISMUNDO DE JESUS RORIZ, como Membro Efetivo, do Conselho Dire-
tor do Programa de Desenvolvimento do Polo de Cinema e Video do Distrito Federal  CONCIVI/DF,
na qualidade de representante da Secretaria de Estado de Governo, no periodo de 18 de dezembro de
2001 a 18 de dezembro de 2003"
1,Substituição de Funções, VATANABIO BRANDAO SOUZA,nan,nan,nan,nan,nan,nan,nan,nan,nan,nan,nan,nan,nan,"Designar VATANABIO BRANDAO SOUZA, como Membro Efetivo, do Conselho Diretor do Pro-
grama de Desenvolvimento do Polo de Cinema e Video do Distrito Federal  CONCIVI/DF, na
qualidade de representante da Secretaria do Trabalho e Direitos Humanos"
2,Substituição de Funções, TADEU FILLIPELE,nan,nan,nan,nan,nan,nan,nan,nan,nan,nan,nan,nan,nan,"Designar TADEU FILLIPELE, como de Membro Efetivo, do Conselho Diretor do Programa de
Desenvolvimento do Polo de Cinema e Video do Distrito Federal  CONCIVI/DF, na qualidade de
representante da Secretaria de Infra-Estrutura e Obras, no periodo de 18 de dezembro de 2001 a 05 de
abril de 2002
Designar WELIGTON LUIZ MORAES, como de Membro Efetivo, do Conselho Diretor do Progra-
ma de Desenvolvimento do Polo de Cinema e Video do Distrito Federal  CONCIVI/DF, na qualidade
de representante da Secretaria de Comunicacao Social, no periodo de 18 de dezembro de 2001 a 18 de
dezembro de 2003"
3,Substituição de Funções, TARCISIO FRANKLIN DE MORAES,nan,nan,nan,nan,nan,nan,nan,nan,nan,nan,nan,nan,nan,"Designar TARCISIO FRANKLIN DE MORAES, como de Membro Efetivo, do Conselho Diretor do
Programa de Desenvolvimento do Polo de Cinema e Video do Distrito Federal  CONCIVI/DF, na
qualidade de representante do Banco de Brasilia, no periodo de 18 de dezembro de 2001 a 18 de
dezembro de 2003"
4,Substituição de Funções, DACIA IBIAPINA,nan,nan,nan,nan,nan,nan,nan,nan,nan,nan,nan,nan,nan,"Designar DACIA IBIAPINA, como membro Efetivo, do Conselho Diretor do Programa de Desen-
volvimento do Polo de Cinema e Video do Distrito Federal, CONCIV/DF, na qualidade de represen-
tante da Universidade de Brasilia"
5,Substituição de Funções, NELSON PEREIRA DOS SANTOS,nan,nan,nan,nan,nan,nan,nan,nan,nan,nan,nan,nan,nan,"Designar NELSON PEREIRA DOS SANTOS, como membro Efetivo, do Conselho Diretor do Pro-
grama de Desenvolvimento do Polo de Cinema e Video do Distrito Federal, CONCIV/DF, na qualidade
de representante da Associacao Brasileira de Cinema - ABRACI, no periodo de 18 de dezembro de
2001 a 18 de dezembro de 2003"
6,Substituição de Funções, MAGDA CUNHA KOENIGKAN,nan,nan,nan,nan,nan,nan,nan,nan,nan,nan,nan,nan,nan,"Designar MAGDA CUNHA KOENIGKAN, como Membro Suplente, do Conselho Diretor do Progra-
ma de Desenvolvimento do Polo de Cinema e Video do Distrito Federal  CONCIVI/DF, na qualidade
de representante da Secretaria de Estado de Governo, no periodo de 18 de dezembro de 2001 a 18 de
dezembro de 2003"
7,Substituição de Funções, MARIA APARECIDA BARBOSA VIANA,nan,nan,nan,nan,nan,nan,nan,nan,nan,nan,nan,nan,nan,"Designar MARIA APARECIDA BARBOSA VIANA, como Membro Suplente, do Conselho Diretor do
Programa de Desenvolvimento do Polo de Cinema e Video do Distrito Federal  CONCIVI/DF, na
qualidade de representante da Secretaria do Trabalho e Direitos Humanos, no periodo de 18 de
dezembro de 2001 a 18 de dezembro de 2003"
8,Substituição de Funções, JOSE CARLOS DE CASTRO BRITO,nan,nan,nan,nan,nan,nan,nan,nan,nan,nan,nan,nan,nan,"Designar JOSE CARLOS DE CASTRO BRITO, como de Membro Suplente, do Conselho Diretor do
Programa de Desenvolvimento do Polo de Cinema e Video do Distrito Federal  CONCIVI/DF, na
qualidade de representante da Secretaria de Infra-Estrutura e Obras"
9,Substituição de Funções, FRANCISCO DE ASSIS MACHADO NOBREGA,nan,nan,nan,nan,nan,nan,nan,nan,nan,nan,nan,nan,nan,"Designar FRANCISCO DE ASSIS MACHADO NOBREGA, como de Membro Suplente, do Conselho
Diretor do Programa de Desenvolvimento do Polo de Cinema e Video do Distrito Federal  CONCI-
VI/DF, na qualidade de representante da Secretaria de Comunicacao Social, no periodo de 18 de
dezembro de 2001 a 18 de dezembro de 2003"
10,Substituição de Funções, VIRGINIA GOMES PEDRA,nan,nan,nan,nan,nan,nan,nan,nan,nan,nan,nan,nan,nan,"Designar VIRGINIA GOMES PEDRA, como de Membro Suplente, do Conselho Diretor do Programa
de Desenvolvimento do Polo de Cinema e Video do Distrito Federal  CONCIVI/DF, na qualidade de
representante do Banco de Brasilia"
11,Substituição de Funções, DIRCEU FURTADO LUSTOSA,nan,nan,nan,nan,nan,nan,nan,nan,nan,nan,nan,nan,nan,"Designar DIRCEU FURTADO LUSTOSA, como Membro Suplente, do Conselho Diretor do Progra-
ma de Desenvolvimento do Polo de Cinema e Video do Distrito Federal  CONCIVI/DF, na qualidade
de representante da Associacao Brasiliense de Cinema e Video - ABCV, no periodo de 18 de dezembro
de 2001 a 18 de dezembro de 2003"
12,Substituição de Funções, ERIKA BAUER DE OLIVEIRA,nan,nan,nan,nan,nan,nan,nan,nan,nan,nan,nan,nan,nan,"Designar ERIKA BAUER DE OLIVEIRA, como Membro Suplente, do Conselho Diretor do Progra-
ma de Desenvolvimento do Polo de Cinema e Video do Distrito Federal, CONCIV/DF, na qualidade de
representante da Associacao Brasiliense de Cinema e Video - ABCV, no periodo de 18 de dezembro de
2001 a 18 de dezembro de 2003"
13,Substituição de Funções, ANDRE LUIS DA CUNHA,nan,nan,nan,nan,nan,nan,nan,nan,nan,nan,nan,nan,nan,"Designar ANDRE LUIS DA CUNHA, como Membro Suplente, do Conselho Diretor do Programa de
Desenvolvimento do Polo de Cinema e Video do Distrito Federal, CONCIV/DF, na qualidade de
representante da Associacao Brasiliense de Cinema e Video - ABCV, no periodo de 18 de dezembro de
2001 a 18 de dezembro de 2003"
14,Substituição de Funções, RENE SAMPAIO DE HONORIO FERREIRA,nan,nan,nan,nan,nan,nan,nan,nan,nan,nan,nan,nan,nan,"Designar RENE SAMPAIO DE HONORIO FERREIRA, como Membro Suplente, do Conselho Dire-
tor do Programa de Desenvolvimento do Polo de Cinema e Video do Distrito Federal, CONCIV/DF,
na qualidade de representante da Associacao Brasiliense de Cinema e Video - ABCV, no periodo de 18
de dezembro de 2001 a 18 de dezembro de 2003"
15,Substituição de Funções, MAURICE CARLOS CAPOVILLA,nan,nan,nan,nan,nan,nan,nan,nan,nan,nan,nan,nan,nan,"Designar MAURICE CARLOS CAPOVILLA, como Membro Suplente, do Conselho Diretor do
Programa de Desenvolvimento do Polo de Cinema e Video do Distrito Federal, CONCIV/DF, na
qualidade de representante da Associacao Brasileira de Cinema - ABRACI, no periodo de 18 de
dezembro de 2001 a 18 de dezembro de 2003"
16,Substituição de Funções, DAVID JOSE DE MATOS,nan,nan,nan,nan,nan,nan,nan,nan,nan,nan,nan,nan,nan,"Designar DAVID JOSE DE MATOS, como Membro Efetivo, do Conselho Diretor do Programa de
Desenvolvimento do Polo de Cinema e Video do Distrito Federal, CONCIV/DF, na qualidade de
representante da Secretaria de Infra-Estrutura e Obras do Distrito Federal"
17,Substituição de Funções, ANTONIO RAIMUNDO NEGRAO COSTA,nan,nan,nan,nan,nan,nan,nan,nan,nan,nan,nan,nan,nan,"DESIGNAR ANTONIO RAIMUNDO NEGRAO COSTA, como Membro Efetivo do Conselho de
Entorpecentes do Distrito Federal  CONEN/DF, representante da Associacao Medica de Brasilia"
18,Substituição de Funções, FLORACI BARBOSA DE ANDRADE,n.o,CARLOS ANTONIO DE SA,n.o 22.127-9,Chefe do Nucleo de Orcamento e Financas,DFA-05,nan,,nan,"06 de marco de
1996, retificando os demais atos",nan,nan,nan,nan,"Designar FLORACI BARBOSA DE ANDRADE, matricula n.o 47.067-8, Encarregada de Orcamento
e Financas, Simbolo DFA-05, para substituir CARLOS ANTONIO DE SA, matricula n.o 22.127-9,
Chefe do Nucleo de Orcamento e Financas, Simbolo DFG-11, por motivo de ferias do titular, no
periodo de 01 a 15 de julho de 2002
Designar MARIA CARMELITA MARTINS ROCHA, matricula n.o 39.077-1, Auxiliar de Admi-
nistracao Publica, para substituir FLORACI BARBOSA DE ANDRADE, matricula n.o 47.067-8,
Encarregada de Orcamento e Financas, Simbolo DFG-05, do Nucleo de Orcamento e Financas,
por motivo da titular estar substituindo o Chefe do Nucleo de Orcamento e Financas, no periodo
de 01 a 15 de julho de 2002
Designar MARIA RODRIGUES MOITINHO, Auxiliar de Administracao Publica do Distrito Federal,
matricula n.o 33.851-6, para substituir EDSON JOSE DA SILVA ANUNCIACAO, matricula n.o 99.019-
1, Encarregado de Registro Funcional, Simbolo DFG-05, do Nucleo de Recursos Humanos, por
motivo de ferias regulamentares do titular no periodo de 01 a 20 de julho de 2002
O SECRETARIO DE GOVERNO DO DISTRITO FEDERAL, no uso das atribuicoes regimentais e
tendo em vista o disposto no Artigo 12 do Decreto no 17.182, de 06 de marco de 1996, resolve:
Conforme consta do processo no 030.002404//92, o servidor em pauta faz jus ao adicional de
DECIMOS a partir de 01/02/96, conforme preceitua o paragrafo unico do Artigo 7o da lei no 1.004,
de 09 de janeiro de 1996, regulamentado pelo Artigo 7o do Decreto no 17.182, de 06 de marco de
1996, retificando os demais atos"
19,Substituição de Funções,a o secreta,nan,nan,nan,nan,nan,nan,nan,nan,nan,nan,nan,nan,nan,"designara o secreta-
rio das comissoes, em cada caso"
20,Substituição de Funções, a servidora SUSANA AREA LEAO MARSHALL DA MATTA,nan,nan,nan,nan,nan,nan,nan,nan,nan,nan,nan,nan,nan,"Designar a servidora SUSANA AREA LEAO MARSHALL DA MATTA, mat"
21,Substituição de Funções, o servidor ALDE DA COSTA SANTOS,nan,nan,nan,nan,nan,nan,nan,nan,nan,nan,nan,nan,nan,"Designar o servidor ALDE DA COSTA SANTOS, mat"
22,Substituição de Funções, a servidora REGINA SOUZA DE OLIVEIRA,nan,nan,nan,nan,nan,nan,nan,nan,nan,nan,nan,nan,nan,"Designar a servidora REGINA SOUZA DE OLIVEIRA, mat"
23,Substituição de Funções, a servidora MARIA GORETTI DE CASTRO SAMPAIO,nan,nan,nan,nan,nan,nan,nan,nan,nan,nan,nan,nan,nan,"Designar a servidora MARIA GORETTI DE CASTRO SAMPAIO, mat"
24,Substituição de Funções, a servidora MARIA SILEIDE FERREIRA DE SOUSA,nan,"o Chefe do Nucleo de Manutencao e Reparos da Gerencia de Apoio
Operacional do Hospital Regional de Taguatinga",nan,nan,DFG-04,nan,nan,nan,nan,nan,nan,nan,nan,"Designar a servidora MARIA SILEIDE FERREIRA DE SOUSA, AIS - Agente Administrativo, matri-
cula 109.473-4, para substituir o Chefe do Nucleo de Manutencao e Reparos da Gerencia de Apoio
Operacional do Hospital Regional de Taguatinga, do Quadro de Cargos em Comissao da Secretaria de
Estado de Saude do Distrito Federal, Simbolo DFG-04, no periodo de 24/05 a 07/06/02, em virtude de
licenca medica do titular"
25,Substituição de Funções, a servidora DALVANIRA SATIRO DE ARAUJO,114.158-9,"a Chefe do Nucleo de Apoio Burocratico as Unidades Medicas da Gerencia
de Atencao a Saude do Hospital Regional de Taguatinga",nan,nan,DFG-04,nan,nan,nan,nan,nan,nan,nan,nan,"Designar a servidora DALVANIRA SATIRO DE ARAUJO, AIS - Agente Administrativo, matricula
114.158-9, para substituir a Chefe do Nucleo de Apoio Burocratico as Unidades Medicas da Gerencia
de Atencao a Saude do Hospital Regional de Taguatinga, do Quadro de Cargos em Comissao da
Secretaria de Estado de Saude do Distrito Federal, Simbolo DFG-04, no periodo de 12 a 31/08/02, em
virtude de ferias da titular"
26,Substituição de Funções, o servidor ARISON MARDEM RODRIGUES NOGUEIRA,nan,a Chefe do Nucleo de Regulacao,nan,nan,DFG-04,nan,nan,nan,nan,nan,nan,nan,nan,"Designar o servidor ARISON MARDEM RODRIGUES NOGUEIRA, AIS - Agente de Portaria, matri-
cula 117.011-2, para substituir a Chefe do Nucleo de Regulacao, Controle e Avaliacao do Centro de
Saude No01 da Diretoria Regional de Saude de Taguatinga, do Quadro de Cargos em Comissao da
Secretaria de Estado de Saude do Distrito Federal, Simbolo DFG-04, no periodo de 10 a 24/06/02, em
virtude de ferias da titular"
27,Substituição de Funções, o servidor FRANCISCO CARLOS DA SILVA,117.861-X,a Chefe do Nucleo de Apoio Operacional do Centro de Saude No,nan,nan,DFG-05,nan,nan,nan,nan,nan,nan,nan,nan,"Designar o servidor FRANCISCO CARLOS DA SILVA, AIS - Agente de Saude Publica, matricula
117.861-X, para substituir a Chefe do Nucleo de Apoio Operacional do Centro de Saude No 01 da
Diretoria Regional de Saude do Taguatinga, do Quadro de Cargos em Comissao da Secretaria de
Estado de Saude do Distrito Federal, Simbolo DFG-05, no periodo de 08 a 17/07/02, em virtude
de ferias da titular"
28,Substituição de Funções, a servidora GISLENE MARIA DE FATIMA CHAVES,130.971-4,"a Chefe do Nucleo de Servico Social da Gerencia de Diagnose e Terapia do
Hospital Regional de Taguatinga",nan,nan,DFG-05,nan,nan,nan,nan,nan,nan,nan,nan,"Designar a servidora GISLENE MARIA DE FATIMA CHAVES, ASS - Assistente Social, matricula
130.971-4, para substituir a Chefe do Nucleo de Servico Social da Gerencia de Diagnose e Terapia do
Hospital Regional de Taguatinga, do Quadro de Cargos em Comissao da Secretaria de Estado de Saude
do Distrito Federal, Simbolo DFG-05, no periodo de 23/04 a 24/05/02, em virtude de licenca medica
da titular"
29,Substituição de Funções, a servidora MARINEIDE FERREIRA DA SILVA,131.138-7,a Chefe do Nucleo de Matricula e Arquivo Medico da Gerencia de Regula,"e Arquivo Medico da Gerencia de Regula-
cao",nan,DFG-05,nan,nan,nan,nan,nan,nan,nan,nan,"Designar a servidora MARINEIDE FERREIRA DA SILVA, AIS - Agente Administrativo, matricula
131.138-7, para substituir a Chefe do Nucleo de Matricula e Arquivo Medico da Gerencia de Regula-
cao, Controle e Avaliacao do Hospital Regional de Taguatinga, do Quadro de Cargos em Comissao da
Secretaria de Estado de Saude do Distrito Federal, Simbolo DFG-05, no periodo de 10 a 29/06/02, em
virtude de ferias da titular"
30,Substituição de Funções, o servidor GERSON CASTRO DE SOUSA,131.362-2,"o Chefe do Nucleo de Apoio Operacional do
Centro de Saude No",nan,nan,DFG-05,nan,nan,nan,nan,nan,nan,nan,nan,"Designar o servidor GERSON CASTRO DE SOUSA, AIS - Auxiliar Tecnico de Laboratorio em
Patologia Clinica, matricula 131.362-2, para substituir o Chefe do Nucleo de Apoio Operacional do
Centro de Saude No 06 da Diretoria Regional de Saude de Taguatinga, do Quadro de Cargos em
Comissao da Secretaria de Estado de Saude do Distrito Federal, Simbolo DFG-05, no periodo de 17 a
31/07/02, em virtude de ferias do titular"
31,Substituição de Funções, a servidora MARGARETE BARBOSA DALDEGAN,135.278-,"a Chefe do Nucleo de Hematologia e Hemoterapia da Gerencia de Diagnose e Terapia
do Hospital Regional de Taguatinga",nan,nan,DFG-05,nan,nan,nan,nan,nan,nan,nan,nan,"Designar a servidora MARGARETE BARBOSA DALDEGAN, CM - Hematologia, matricula 135.278-
4, para substituir a Chefe do Nucleo de Hematologia e Hemoterapia da Gerencia de Diagnose e Terapia
do Hospital Regional de Taguatinga, do Quadro de Cargos em Comissao da Secretaria de Estado de Saude
do Distrito Federal, Simbolo DFG-05, no periodo de 08/07 a 06/08/02, em virtude de ferias da titular"
32,Substituição de Funções, os servidores abaixo relacionados para conclusao dos trabalhos sindicantes,nan,nan,nan,nan,nan,nan,nan,nan,nan,nan,nan,nan,nan,"designar os servidores abaixo relacionados para conclusao dos trabalhos sindicantes, referente ao
processo no 0277.000.480/2001:
Presidente: MARLEY MENDONCA ALVES, matricula: 121.372-5, CO - Odontologo; Membro:
JANILDES SOCORRO CORREIA AMARAL, matricula: 127.592-5, AIS - Agente Administrativo;
Membro Secretaria: GUILHERMINA PEREIRA LIMA, matricula: 300.502-0, AIS -Agente Adminis-
trativo, para sob a presidencia do primeiro comporem a Comissao de Sindicancia destinada a apurar
os fatos constantes no processo"
33,Substituição de Funções, o servidor EDNILTON PEREIRA DA SILVA,43.677-1,nan,nan,nan,nan,nan,nan,nan,nan,nan,nan,nan,nan,"DESIGNAR o servidor EDNILTON PEREIRA DA SILVA, Auxiliar de Apoio as Atividades Policiais
Civil, matricula 43.677-1, para desempenhar as funcoes de Executor do contrato celebrado entre o
Distrito Federal, por intermedio da Policia Civil, e a empresa CBA COMERCIAL BRASILIENSE DE
PECAS LTDA., objeto do processo 052.001.415/2001, que dispoe sobre reparos/consertos em via-
tura marca Volkswagen, tipo Santana, de placas JFP-2392 - DF da PCDF, cujas atribuicoes estao
previstas na Instrucao Normativa no"
34,Substituição de Funções, o servidor NERCIZE GONCALVES DA MOTA,34.209-2,nan,nan,nan,nan,nan,nan,nan,nan,nan,nan,nan,nan,"DESIGNAR o servidor NERCIZE GONCALVES DA MOTA, Agente de Policia, matricula 34.209-2,
para desempenhar as funcoes de Executor do contrato celebrado entre o Distrito Federal, por inter-
medio da Policia Civil, e SMAFF CONCESSIONARIA CHEVROLET S/A, objeto do processo
052.001.481/1999, que dispoe sobre aquisicao de pecas e acessorios para veiculos marca GM, tipo
Blazer e marca GM, tipo Corsa Wind, durante as revisoes de manutencao preventiva para a PCDF,
cujas atribuicoes estao previstas na Instrucao Normativa no"
35,Substituição de Funções, o servidor EDNILTON PEREIRA DA SILVA,43.677-1,nan,nan,nan,nan,nan,nan,nan,nan,nan,nan,nan,nan,"DESIGNAR o servidor EDNILTON PEREIRA DA SILVA, Auxiliar de Apoio as Atividades Policiais
Civil, matricula 43.677-1, para desempenhar as funcoes de Executor do contrato celebrado entre o
Distrito Federal, por intermedio da Policia Civil, e a empresa LANTERNAGEM E PINTURA
NUNES LTDA., objeto do processo 052.000.908/2001, que dispoe sobre conserto em viatura marca
GM Blazer, placa JFP9082-DF da PCDF, cujas atribuicoes estao previstas na Instrucao Normativa
no.10/97, publicada no Diario Oficial do Distrito Federal no 88, de 12 de abril de 1997 e no Decreto
no"
36,Substituição de Funções, Jose Hilton da Silva,94,nan,93 351 1 encarregado de servicos hidraulicos da Diretoria Administrativa e Financeira,nan,DFG,nan,nan,nan,nan,nan,nan,nan,nan,"Designar Jose Hilton da Silva, matricula 94 369 X, para Substituir, Jose Arnobio Rocha Ribeiro
matricula 93 351 1 encarregado de servicos hidraulicos da Diretoria Administrativa e Financeira,
simbolo DFG 03, a partir de 02/07/2002 a 31/07/2002, por motivo de ferias."
37,Substituição de Funções, Salvador Martins de Anunciacao,94,"Joao de Deus
Sales",92 877 1,DFG 03,nan,nan,nan,nan,nan,nan,nan,nan,nan,"Designar Salvador Martins de Anunciacao , matricula 94 248 0, para Substituir Joao de Deus
Sales, matricula 92 877 1,encarregado de programacao e execucao orcamentaria e financeira
da Diretoria Administrativa e Financeira, DFG 03, a partir de 02/07/2002 a 31/07/2002, por
motivo de ferias"
38,Substituição de Funções, Manoel da Conceicao Ferreira do Prado,92,"Salvador
Rodrigues Lima",80 198 4,nan,nan,nan,nan,nan,nan,nan,nan,nan,nan,"Designar Manoel da Conceicao Ferreira do Prado , matricula 92 480 6, para Substituir Salvador
Rodrigues Lima , matricula 80 198 4, Encarregado de laboratorio DFG 03 da Diretoria conservacao
e pesquisa , DFG 03, a partir de 02/07/2002 a 31/07/2002, por motivo de ferias"
39,Substituição de Funções, Amadeu Coelho da Silva,93,Elpidio Alves Romeiro,94 268 5 ,DFG 03,nan,nan,nan,nan,nan,nan,nan,nan,nan,"Designar Amadeu Coelho da Silva , matricula 93 199 3, para Substituir Elpidio Alves Romeiro,
matricula 94 268 5 ,Encarregado do Servico de Manutencao Geral da Diretoria Administrativa e
Financeira, DFG 03, a partir de 02/07/2002 a 31/07/2002, por motivo de ferias"
40,Substituição de Funções, Jose Nunes Soares,93,Paulo Antonio David Franco,80 140 2,nan,nan,nan,nan,nan,nan,nan,nan,nan,nan,"Designar Jose Nunes Soares , matricula 93 035 0 , para Substituir Paulo Antonio David Franco ,
matricula 80 140 2, Chefe do Servico de Manutencao Geral da Diretoria Administrativa e Financeira,
DFG 11, a partir de 01/07/2002 a 15/07/2002, por motivo de ferias"
41,Substituição de Funções, Lucimone Teles da Silva,80,Glaucia Jordao Zerbini,80 134 8,nan,nan,nan,nan,nan,nan,nan,nan,nan,nan,"Designar Lucimone Teles da Silva, matricula 80 154 2 , para Substituir Glaucia Jordao Zerbini ,
matricula 80 134 8, Chefe do Servico de repteis e anfibios da Diretoria conservacao e pesquisa , DFG
11, a partir de 01/07/2002 a 15/07/2002, por motivo de ferias"
42,Substituição de Funções, Georges Cavalcanti e Cavalcante,50.193,"karla Mendes
Batista",80 207 7,nan,nan,nan,nan,nan,nan,nan,nan,nan,nan,"Designar Georges Cavalcanti e Cavalcante , matricula 50.193 414 , para Substituir karla Mendes
Batista , matricula 80 207 7, Chefe do Servico de clinica medica da Diretoria conservacao e pesquisa
, DFG 11, a partir de 01/07/2002 a 15/07/2002, por motivo de ferias"
43,Substituição de Funções, Eusebio Alves da silva,94,Erotides Sebastiana Lemes Marra,94 377 0,nan,nan,nan,nan,nan,nan,nan,nan,nan,nan,"Designar Eusebio Alves da silva, matricula 94 094 1 , para Substituir Erotides Sebastiana Lemes Marra
, matricula 94 377 0, encarregada de grandes felinos da Diretoria conservacao e pesquisa , DFG 03, a
partir de 17/07/2002 a 31/07/2002, por motivo de ferias"
44,Substituição de Funções, a servidora ISELDA MARIA FERREIRA DE CARVALHO,27.746-0,nan,110.019-X,nan,DFG-05,nan,nan,nan,nan,nan,nan,nan,nan,"Designar a servidora ISELDA MARIA FERREIRA DE CARVALHO, matricula no 27.746-0,
Auxiliar de Administracao Publica, para substituir, sem prejuizo de suas atribuicoes, o servidor
GERALDO MAGELA DE OLIVEIRA, matricula no 110.019-X, Simbolo DFG-05, Chefe da
Secao de Controle de Concessao de Area Publica, da Divisao Regional de Licenciamento, da
Administracao Regional de Brasilia, da Secretaria de Estado de Coordenacao das Administra-
coes Regionais do Distrito Federal, no periodo de 01 a 30 de julho de 2002, por motivo de
ferias regulamentares do titular"
45,Substituição de Funções, a servidora CLAUDECINA VASQUES DE MATOS,91.256-5,nan,46.476-7,nan,DFG-05,nan,nan,nan,nan,nan,nan,nan,nan,"Designar a servidora CLAUDECINA VASQUES DE MATOS, matricula no 91.256-5, Fiscal de
Atividades Urbanas, para substituir, sem prejuizo de suas atribuicoes, o servidor FRANCI-
NALDO OLIVEIRA CONCEICAO, matricula no 46.476-7, Simbolo DFG-05, Chefe da Secao
de Fiscalizacao de Obras, da Divisao de Fiscalizacao de Obras e Posturas, da Administracao
Regional de Santa Maria, da Secretaria de Estado de Coordenacao das Administracoes Regio-
nais do Distrito Federal, no periodo de 01 a 15 de julho de 2002, por motivo de ferias
regulamentares do titular"
46,Substituição de Funções, a servidora APARECIDA COIMBRA FIDELES,43.691-7,nan,95.904-9,nan,DFG-10,nan,nan,nan,nan,nan,nan,nan,nan,"Designar a servidora APARECIDA COIMBRA FIDELES, matricula no 43.691-7, Auxiliar
de Administracao Publica, para substituir, sem prejuizo de suas atribuicoes, o servidor
CESAR RIBEIRO RANGEL, matricula no 95.904-9, Simbolo DFG-10, Chefe do Servico de
Licenciamento de Obras, da Divisao Regional de Licenciamento, da Administracao Regio-
nal de Taguatinga, da Secretaria de Estado de Coordenacao das Administracoes Regionais
do Distrito Federal, no periodo de 01 a 30 de julho de 2002, por motivo de ferias regula-
mentares do titular"
47,Substituição de Funções, a servidora NILVEA RIBEIRO LOPES,30.730-0,nan,96.044-6,nan,DFG-02,nan,nan,nan,nan,nan,nan,nan,nan,"Designar a servidora NILVEA RIBEIRO LOPES, matricula no 30.730-0, Tecnico de Administracao
Publica, para substituir, sem prejuizo de suas atribuicoes, a servidora TATIANY LINS BARBOSA,
matricula no 96.044-6, Simbolo DFG-02, Encarregado da Secao de Orcamento e Financas, da Divisao
de Administracao Geral, da Administracao Regional de Taguatinga, da Secretaria de Estado de Coor-
denacao das Administracoes Regionais do Distrito Federal, no periodo de 01 a 15 de julho de 2002,
por motivo de ferias regulamentares do titular"
48,Substituição de Funções, o servidor MARCELO ALVES DE FREITAS,94.448-3,nan,98.429-9,nan,DFG-12,nan,nan,nan,nan,nan,nan,nan,nan,"Designar o servidor MARCELO ALVES DE FREITAS, matricula no 94.448-3, Chefe da Secao Ope-
racional, da Divisao Regional de Desporto, Lazer e Turismo, para substituir, sem prejuizo de suas
atribuicoes, a servidora EVANEIDE SARAIVA FELIX, matricula no 98.429-9, Simbolo DFG-12,
Diretor da Divisao Regional de Cultura, da Administracao Regional do Gama, da Secretaria de Estado
de Coordenacao das Administracoes Regionais do Distrito Federal, no periodo de 31 de julho a 29 de
agosto de 2002, por motivo de ferias regulamentares do titular"
49,Substituição de Funções, o servidor JOTAMARIO DE SOUZA GOMES,94.815-2,nan,"95.556-
6",nan,DFG-05,nan,nan,nan,nan,nan,nan,nan,nan,"Designar o servidor JOTAMARIO DE SOUZA GOMES, matricula no 94.815-2, Encarregado da Secao
de Administracao de Terminais Rodoviarios, da Divisao Regional de Servicos Publicos, para substituir,
sem prejuizo de suas atribuicoes, o servidor MANOEL CARNEIRO DE AGUIAR, matricula no 95.556-
6, Simbolo DFG-05, Chefe da Secao de Administracao de Terminais Rodoviarios, da Divisao Regional
de Servicos Publicos, da Administracao Regional do Gama, da Secretaria de Estado de Coordenacao das
Administracoes Regionais do Distrito Federal, no periodo de 01 a 30 de julho de 2002, por motivo de
ferias regulamentares do titular"
50,Substituição de Funções, o servidor JOSE RICARDO PEIXOTO DE MELO,42.221-5,nan,97.881-7,nan,DFG-12,nan,nan,nan,nan,nan,nan,nan,nan,"Designar o servidor JOSE RICARDO PEIXOTO DE MELO, matricula no 42.221-5, Fiscal de Conces-
soes e Permissoes, para substituir, sem prejuizo de suas atribuicoes, a servidora VERA REGINA
SOLON LOPES, matricula no 97.881-7, Simbolo DFG-12, Diretor da Divisao Regional de Servicos
Publicos, da Administracao Regional de Brasilia, da Secretaria de Estado de Coordenacao das Adminis-
tracoes Regionais do Distrito Federal, no periodo de 15 a 29 de julho de 2002, por motivo de ferias
regulamentares do titular"
51,Substituição de Funções, a servidora FLAVIA CASTRO TEMOTEO CAVALCANTE,110.031-9,nan,93.257-4,nan,DFG-12,nan,nan,nan,nan,nan,nan,nan,nan,"Designar a servidora FLAVIA CASTRO TEMOTEO CAVALCANTE, matricula no 110.031-9, Chefe
do Servico de Exame de Projetos, da Divisao Regional de Exame e Aprovacao de Projetos, para
substituir, sem prejuizo de suas atribuicoes, a servidora MARNE CECILIA PORPINO LUCENA DE
MIRANDA, matricula no 93.257-4, Simbolo DFG-12, Diretor da Divisao Regional de Licenciamento
de Obras, da Administracao Regional de Santa Maria, da Secretaria de Estado de Coordenacao das
Administracoes Regionais do Distrito Federal, no periodo de 13 de junho a 12 de julho de 2002, por
motivo de ferias regulamentares do titular"
52,Substituição de Funções, a servidora PATRICIA REZENDE SALLES,107.901-8,nan,"33.524-
X",nan,DFG-12,nan,nan,nan,nan,nan,nan,nan,nan,"Designar a servidora PATRICIA REZENDE SALLES, matricula no 107.901-8, Chefe do Servico
de Licenciamento de Obras, da Divisao Regional de Licenciamento de Obras, para substituir, sem
prejuizo de suas atribuicoes, o servidor ALCIDESIO BARBOSA DE SOUZA, matricula no 33.524-
X, Simbolo DFG-12, Diretor da Divisao Regional de Licenciamento de Obras, da Administracao
Regional do Recanto das Emas, da Secretaria de Estado de Coordenacao das Administracoes
Regionais do Distrito Federal, no periodo de 01 a 30 de julho de 2002, por motivo de ferias
regulamentares do titular"
53,Substituição de Funções, a servidora GISLAYNE LUSTOSA RODRIGUES,108.471-2,nan,94.958-2,nan,DFG-12,nan,nan,nan,nan,nan,nan,nan,nan,"Designar a servidora GISLAYNE LUSTOSA RODRIGUES, matricula no 108.471-2, Assessor da
Assessoria Tecnica, para substituir, sem prejuizo de suas atribuicoes, a servidora ROMERIA MAR-
TINS DE MESQUITA SANTOS, matricula no 94.958-2, Simbolo DFG-12, Chefe da Assessoria
Tecnica, da Administracao Regional de Samambaia, da Secretaria de Estado de Coordenacao das
Administracoes Regionais do Distrito Federal, no periodo de 03 a 17 de junho de 2002, por motivo
de ferias regulamentares do titular"
54,Substituição de Funções, a servidora KEILA FELIX MACEDO,96.706-8,nan,107.885-2,nan,DFG-05,nan,nan,nan,nan,nan,nan,nan,nan,"Designar a servidora KEILA FELIX MACEDO, matricula no 96.706-8, Encarregado da Secao de
Bancas de Jornais e Revistas, da Divisao Regional de Servicos Publicos, para substituir, sem prejuizo
de suas atribuicoes, o servidor JOAO JOSEFINO DA FONSECA, matricula no 107.885-2, Simbolo
DFG-05, Chefe da Secao de Bancas de Jornais e Revistas, da Divisao Regional de Servicos Publicos, da
Administracao Regional de Samambaia, da Secretaria de Estado de Coordenacao das Administracoes
Regionais do Distrito Federal, no periodo de 03 de junho a 02 de julho de 2002, por motivo de ferias
regulamentares do titular"
55,Substituição de Funções, o servidor LAERCIO MOREIRA LEAL,32.749-2,nan,95.018-1,nan,DFG-05,nan,nan,nan,nan,nan,nan,nan,nan,"Designar o servidor LAERCIO MOREIRA LEAL, matricula no 32.749-2, Tecnico de Administracao
Publica, para substituir, sem prejuizo de suas atribuicoes, o servidor DARI GONCALVES, matricula no
95.018-1, Simbolo DFG-05, Chefe da Secao de Administracao de Proprios, da Divisao de Administra-
cao Geral, da Administracao Regional de Samambaia, da Secretaria de Estado de Coordenacao das
Administracoes Regionais do Distrito Federal, no periodo de 03 de junho a 02 de julho de 2002, por
motivo de ferias regulamentares do titular"
56,Substituição de Funções, a servidora VERA LUCIA CORREA PEIXOTO,31.318-1,nan,41.037-3,nan,DFG-02,nan,nan,nan,nan,nan,nan,nan,nan,"Designar a servidora VERA LUCIA CORREA PEIXOTO, matricula no 31.318-1, Tecnico de
Administracao Publica, para substituir, sem prejuizo de suas atribuicoes, o servidor OSIEL
OLIVEIRA MARTINS, matricula no 41.037-3, Simbolo DFG-02, Encarregado do Servico de
Fiscalizacao de Obras, da Divisao Regional de Fiscalizacao de Obras e Posturas, da Administra-
cao Regional de Samambaia, da Secretaria de Estado de Coordenacao das Administracoes Regi-
onais do Distrito Federal, no periodo de 13 de junho a 12 de julho de 2002, por motivo de ferias
regulamentares do titular"
57,Substituição de Funções, a servidora CLAUDETE RIBEIRO,38.740-1,nan,31.314-9,nan,DFG-08,nan,nan,nan,nan,nan,nan,nan,nan,"Designar a servidora CLAUDETE RIBEIRO, matricula no 38.740-1, Auxiliar de Administra-
cao Publica, para substituir, sem prejuizo de suas atribuicoes, o servidor ADILSON SEBASTI-
AO BONIFACIO ROCHA, matricula no 31.314-9, Simbolo DFG-08, Chefe da Secao de Ma-
terial e Patrimonio, da Divisao de Administracao Geral, da Administracao Regional de Sa-
mambaia, da Secretaria de Estado de Coordenacao das Administracoes Regionais do Distrito
Federal, no periodo de 03 de junho a 02 de julho de 2002, por motivo de ferias regulamen-
tares do titular"
58,Substituição de Funções, a servidora BENEDITA MOREIRA DO NASCIMENTO,38.726-6,nan,94.879-9,nan,DFG-08,nan,nan,nan,nan,nan,nan,nan,nan,"Designar a servidora BENEDITA MOREIRA DO NASCIMENTO, matricula no 38.726-6, Auxiliar de
Administracao Publica, para substituir, sem prejuizo de suas atribuicoes, a servidora NARA CRISTINA
GARCIA RODRIGUES, matricula no 94.879-9, Simbolo DFG-08, Chefe da Secao de Cadastro, da
Gerencia de Planejamento, da Administracao Regional de Samambaia, da Secretaria de Estado de
Coordenacao das Administracoes Regionais do Distrito Federal, no periodo de 17 de junho a 01 de
julho de 2002, por motivo de ferias regulamentares do titular"
59,Substituição de Funções, a servidora MARIA SONIA FERREIRA GARCIA,32.940-1,nan,97.630-X,nan,DFG-02,nan,nan,nan,nan,nan,nan,nan,nan,"Designar a servidora MARIA SONIA FERREIRA GARCIA, matricula no 32.940-1, Auxiliar de Admi-
nistracao Publica, para substituir, sem prejuizo de suas atribuicoes, o servidor WALDENIR PEREIRA
DE ALMEIDA, matricula no 97.630-X, Simbolo DFG-02, Encarregado da Secao Operacional, da
Divisao Regional de Desporto, Lazer e Turismo, da Administracao Regional de Samambaia, da
Secretaria de Estado de Coordenacao das Administracoes Regionais do Distrito Federal, no periodo de
03 de junho a 02 de julho de 2002, por motivo de ferias regulamentares do titular"
60,Substituição de Funções, o servidor REGINALDO MARINHO BEZERRA,106.768-0,nan,107.872-0,nan,DFG-05,nan,nan,nan,nan,nan,nan,nan,nan,"Designar o servidor REGINALDO MARINHO BEZERRA, matricula no 106.768-0, Encarregado da
Secao de Transporte, da Divisao de Administracao Geral, para substituir, sem prejuizo de suas atribui-
coes, o servidor CARLOS APARECIDO BRITO, matricula no 107.872-0, Simbolo DFG-05, Chefe da
Secao de Transporte, da Divisao de Administracao Geral, da Administracao Regional de Samambaia,
da Secretaria de Estado de Coordenacao das Administracoes Regionais do Distrito Federal, no periodo
de 03 de junho a 02 de julho de 2002, por motivo de ferias regulamentares do titular"
61,Substituição de Funções, o servidor JOTAMARIO DE SOUZA GOMES,94.815-2,nan,"95.556-
6",nan,DFG-05,nan,nan,nan,nan,nan,nan,nan,nan,"Designar o servidor JOTAMARIO DE SOUZA GOMES, matricula no 94.815-2, Encarregado da Secao
de Administracao de Terminais Rodoviarios, da Divisao Regional de Servicos Publicos, para substituir,
sem prejuizo de suas atribuicoes, o servidor MANOEL CARNEIRO DE AGUIAR, matricula no 95.556-
6, Simbolo DFG-05, Chefe da Secao de Administracao de Terminais Rodoviarios, da Divisao Regional
de Servicos Publicos, da Administracao Regional do Gama, da Secretaria de Estado de Coordenacao das
Administracoes Regionais do Distrito Federal, no periodo de 01 a 30 de julho de 2002, por motivo de
ferias regulamentares do titular"
62,Substituição de Funções, o servidor ANTONIO RODRIGUES DA SILVA FILHO,24.639-5,nan,108.562-X,nan,DFG-10,nan,nan,nan,nan,nan,nan,nan,nan,"Designar o servidor ANTONIO RODRIGUES DA SILVA FILHO, matricula no 24.639-5, Fiscal de
Atividades Urbanas, para substituir, sem prejuizo de suas atribuicoes, a servidora GABY GALVAO
SILVEIRA MELLO, matricula no 108.562-X, Simbolo DFG-10, Chefe do Servico de Elaboracao de
Projeto e Desenho Tecnico, da Divisao Regional de Exame, Aprovacao e Elaboracao de Projetos, da
Administracao Regional de Brasilia, da Secretaria de Estado de Coordenacao das Administracoes
Regionais do Distrito Federal, no periodo de 12 a 19 de junho de 2002, por motivo de Licenca Gala
do titular"
63,Substituição de Funções, o servidor VANDECY DA CRUZ,31.067-0,nan,32.975-4,nan,DFG-08,nan,nan,nan,nan,nan,nan,nan,nan,"Designar o servidor VANDECY DA CRUZ, matricula no 31.067-0, Tecnico de Administracao Publi-
ca, para substituir, sem prejuizo de suas atribuicoes, o servidor JOSE AIRTON DE OLIVEIRA,
matricula no 32.975-4, Simbolo DFG-08, Chefe da Secao de Orcamento e Financas, da Divisao de
Administracao Geral, da Administracao Regional de Ceilandia, da Secretaria de Estado de Coordena-
cao das Administracoes Regionais do Distrito Federal, no periodo de 01 a 30 de julho de 2002, por
motivo de ferias regulamentares do titular"
64,Substituição de Funções, a servidora KELIA GENEROSO DE ANDRADE,42.461-7,nan,108.068-9,nan,DFG-05,nan,nan,nan,nan,nan,nan,nan,nan,"Designar a servidora KELIA GENEROSO DE ANDRADE, matricula no 42.461-7, Auxiliar de
Administracao Publica, para substituir, sem prejuizo de suas atribuicoes, a servidora ZILEIA
MARIA ALVES BARBOSA, matricula no 108.068-9, Simbolo DFG-05, Chefe da Secao de
Documentacao e Comunicacao Administrativa, da Divisao de Administracao Geral, da Admi-
nistracao Regional de Ceilandia, da Secretaria de Estado de Coordenacao das Administracoes
Regionais do Distrito Federal, no periodo de 01 a 15 de julho de 2002, por motivo de ferias
regulamentares do titular"
65,Substituição de Funções, a servidora Eva Maria de Sousa Farias Andrade,80.094-5,nan,40.611-2,nan,nan,nan,nan,nan,nan,nan,nan,nan,nan,"Designar a servidora Eva Maria de Sousa Farias Andrade, Tecnico de Administracao Publica,
matricula no 80.094-5, como Presidente, em substituicao a servidora Criscelia Maria Araujo
Monteiro, Tecnico de Administracao Publica, matricula no 40.611-2, da Comissao de Avalia-
cao de Desempenho e Merito, para as carreiras desta Administracao Regional, a partir de 01 de
abril de 2002
O Administrador Regional de Taguatinga, no uso das atribuicoes legais e com o fundamento
no que dispoe o artigo 53, inciso XXV, do Decreto no 16.247/94 c/c o Decreto no 13.447/
91, Resolve:
Conceder Indenizacao de Transportes ao servidor: HERMES ROMAO CAMPOS, Diretor da Divisao
Regional de Cultura  DRC, matricula no 107.932-8, a partir de 16/05/2002
VALDEMAR DA SILVA AGUIAR COMISSAO DE SINDICANCIA ORDEM DE SERVICO DE 25 JUNHO DE 2002
Na qualidade de Presidente da Comissao de Sindicancia, designada pela ordem de servico de
10 de abril de 2002, do Excelentissimo Senhor Valdemar da Silva Aguiar, Administrador
Regional de Taguatinga, para apurar os fatos constantes do processo no132.000.841/2002,
usando da atribuicao que lhe confere o  1o do art"
66,Substituição de Funções, o servidor Fernando Lopes de Sousa,92.173-4,nan,nan,nan,nan,nan,nan,nan,nan,nan,nan,nan,nan,"Designar o servidor Fernando Lopes de Sousa, matricula no 92.173-4 lotado na DREAEP, para
desempenhar as funcoes de Secretario da mesma Comissao, com data retroativa a 29 de maio de 2002
ANTONIO LUIZ LIMA SANTOS ADMINISTRACAO REGIONAL DE SOBRADINHO ORDEM DE SERVICO DE 21 DE JUNHO DE 2002
O ADMINISTRADOR REGIONAL DE SOBRADINHO, no uso das atribuicoes que lhe confere o
Inciso XLIII, do Art"
67,Substituição de Funções, o Chefe do Nucleo de Modernizacao e Informatica,nan,nan,nan,nan,nan,nan,nan,nan,nan,nan,nan,nan,nan,"DESIGNAR o Chefe do Nucleo de Modernizacao e Informatica/NUMI/GEPLAN/RA-X,
para supervisionar, fiscalizar e acompanhar a execucao dos servicos de manutencao
preventiva e corretiva em equipamentos de processamento de dados desta RA-X, du-
rante o exercicio de 2002,referente a Nota de Empenho no 270/2002 e Processo no
137.000.838/2002
MARCIA DE S"
68,Substituição de Funções, os servidores MARISTELA DE OLIVEIRA CAMPOS,109.635-4,nan,24.493-7 e RUTH DIAS MEIRELLES,nan,nan,nan,nan,nan,nan,nan,nan,nan,nan,"DESIGNAR os servidores MARISTELA DE OLIVEIRA CAMPOS, matricula no 109.635-4,
NEIDE BEZERRA MACHADO ESCORSE, matricula no 24.493-7 e RUTH DIAS MEIRELLES,
matricula no 37.041-X, para sob a presidencia do primeiro, compor a Comissao para proceder
o recebimento definitivo da obra de ampliacao de iluminacao do sistema de iluminacao publica
na QE 11/Guara, constante da Nota de Empenho no 342/2001, referente ao Processo no
137.001.436/2001"
69,Substituição de Funções, os servidores EDICIO DE FIGUEIREDO ABATH JUNIOR,24.375-2,nan,nan,nan,nan,nan,nan,nan,nan,nan,nan,nan,nan,"DESIGNAR os servidores EDICIO DE FIGUEIREDO ABATH JUNIOR, matricula no 24.375-2,
HILMA AMARAL AFONSO DOS SANTOS, matricula no 24.446-5 e AMELIA BERNARDES V"
70,Substituição de Funções, o servidor PEDRO ADRIAN GRAMAJO,95324-5,nan,nan,nan,nan,nan,nan,nan,nan,nan,nan,nan,nan,"Designar o servidor PEDRO ADRIAN GRAMAJO, matricula 95324-5, Diretor de Permis-
soes e Concessoes Publicas, como executor do Contrato no 02/2002-SUCAR x CEB, refe-
rente ao consumo de energia eletrica do Sistema de Iluminacao Publica do Distrito Federal,
nesta RA, cabendo-lhes supervisionar, fiscalizar, acompanhar as execucoes dos servicos e
atestar as faturas, de acordo com as Normas de Execucao Orcamentaria e Contabil do
Distrito Federal"
