,Tipo do Ato,Nome do Servidor Substituto,Matrícula do Servidor Substituto,Nome do Servidor a ser Substituido,Matrícula do Servidor a ser SubstituidoCargo,Símbolo do cargo do servidor substituto,Cargo comissionado objeto da substituição,Símbolo do cargo do objeto da substituição,Símbolo do cargo comissionado objeto da substituição,Hierarquia da Lotação,Órgão,Data Inicial da Vigência,Data Final de Vigência,Matrícula SIAPE,Motivo,text
0,Substituição de Funções, o servidor EDSON LUIZ MILANEZ,24.891-6,"o servidor LUIZ
DONATO LIMA DE MORAES",33.172-4,"Encarregado da Subsecretaria de Logistica e
Modernizacao",nan,nan,nan,nan,nan,nan,nan,nan,nan,"Designar o servidor EDSON LUIZ MILANEZ, matricula no 24.891-6, para substituir o servidor LUIZ
DONATO LIMA DE MORAES, matricula no 33.172-4, Encarregado da Subsecretaria de Logistica e
Modernizacao, por motivo de ferias do titular no periodo de 19/11/2001 a 18/12/2001"
1,Substituição de Funções, os servidores JORGE ERNANI MARINHO SANTOS,32.441-8,nan,31.084-0,nan,nan,nan,nan,nan,nan,nan,nan,nan,nan,"Designar os servidores JORGE ERNANI MARINHO SANTOS, matricula no 32.441-8, MA-
RIA ROSA DE ANDRADE, matricula no 31.084-0, FRANCISCO AGRICIO PEREIRA DE ARAUJO,
matricula no 25.952-7, indicado pela Associacao dos Servidores da Secretaria de Fazenda - ASCAF,
para, sob a presidencia do primeiro, constituirem comissao de sindicancia incumbida de apurar, no
prazo de 30 (trinta) dias, os fatos constantes do mencionado processo"
2,Substituição de Funções, o Diretor de Informatica,nan,nan,nan,nan,nan,nan,nan,nan,nan,nan,nan,nan,nan,"Designar o Diretor de Informatica/SEFP, como executor do Contrato no 28/2001-SEFP,
celebrado entre o Distrito Federal, por meio desta Secretaria, e a firma POLITEC Ltda., objetivando
a prestacao de servicos tecnicos de informatica como: consultoria tecnica, analise de sistemas,
programacao de computadores, suporte tecnico, suporte operacional, processamento de sistemas,
operacao de computadores, transcricao de dados, capitacao de dados, digitalizacao de documentos e
gerenciamento de imagens digitalizadas, visando o desenvolvimento, manutencao, processamento e
operacionalizacao de sistemas informatizados, aplicativos de imagens e aplicativos para a automacao
de processos de trabalhado desta Secretaria"
3,Substituição de Funções, a servidora Maria da Conceicao Santos Tavares,200.824-6,a Chefe do Nucleo de Recepcao,nan,nan,DFG-08,nan,nan,nan,nan,nan,nan,nan,nan,"Designar a servidora Maria da Conceicao Santos Tavares, Auxiliar de Administracao Publica, Matricula no
200.824-6, para substituir a Chefe do Nucleo de Recepcao, Coleta e Triagem da Gerencia de Biologia Medica
do Laboratorio Central de Saude Publica da Subsecretaria de Vigilancia a Saude da Secretaria de Estado de Saude
do Distrito Federal, Simbolo DFG-08, no periodo de 07 a 21 de janeiro de 2002, por motivo de ferias"
4,Substituição de Funções, a Inspetora de Atividades Urbanas SILVIA CRISTINA SARDINHA MAIA,0108.581-6,nan,nan,nan,nan,nan,nan,nan,nan,nan,nan,nan,nan,"Designar a Inspetora de Atividades Urbanas SILVIA CRISTINA SARDINHA MAIA,  matricula no
0108.581-6, EXECUTORA do Contrato no 171/2001-SO, nos Termos do Padrao no 11/96, firmado
entre o Distrito Federal, por meio da Secretaria de Infra-Estrutura e Obras e a Companhia Urbaniza-
dora da Nova Capital do Brasil  NOVACAP, objetivando a elaboracao de projetos executivos:
alteracao de geometria viaria entre o SAM, proximo ao lote do DETRAN e o SGAN 907 a 911 e a
criacao de estacionamento"
5,Substituição de Funções, o Inspetor de Atividades Urbanas ANTONIO CARLOS RIBEIRO SILVA,0108.557-3,nan,nan,nan,nan,nan,nan,nan,nan,nan,nan,nan,nan,"Designar o Inspetor de Atividades Urbanas ANTONIO CARLOS RIBEIRO SILVA,  matricula no
0108.557-3, EXECUTOR do Contrato no 172/2001-SO, nos Termos do Padrao no 11/96, firmado
entre o Distrito Federal, por meio da Secretaria de Infra-Estrutura e Obras e a Companhia Urbaniza-
dora da Nova Capital do Brasil  NOVACAP, objetivando a implantacao e recuperacao de passeios e
meios-fios no Pistao Sul (EPTC) e nos setores QSE e QSF, em Taguatinga/DF"
6,Substituição de Funções, o Inspetor de Atividades Urbanas PAULO HENRIQUE MONTEIRO DAROZ,0108.588-3,nan,nan,nan,nan,nan,nan,nan,nan,nan,nan,nan,nan,"Designar o Inspetor de Atividades Urbanas PAULO HENRIQUE MONTEIRO DAROZ,  matricula no
0108.588-3, EXECUTOR do Contrato no 176/2001-SO, nos Termos do Padrao no 11/96, firmado
entre o Distrito Federal, por meio da Secretaria de Infra-Estrutura e Obras e a Companhia Urbaniza-
dora da Nova Capital do Brasil  NOVACAP, objetivando a execucao de pavimentacao asfaltica e
meios-fios no SGAS 606, Lotes 39 a 44, em Brasilia/DF"
7,Substituição de Funções, o Inspetor de Atividades Urbanas FALB DA SILVA CRISTINO,0108.572-7,nan,nan,nan,nan,nan,nan,nan,nan,nan,nan,nan,nan,"Designar o Inspetor de Atividades Urbanas FALB DA SILVA CRISTINO,  matricula no 0108.572-7,
EXECUTOR do Contrato no 177/2001-SO, nos Termos do Padrao no 11/96, firmado entre o Distrito
Federal, por meio da Secretaria de Infra-Estrutura e Obras e a Companhia Urbanizadora da Nova
Capital do Brasil  NOVACAP, objetivando o remanejamento de estrutura espacial em cantoneira, do
antigo terminal de onibus de Taguatinga Norte para Brazlandia/DF"
8,Substituição de Funções, os servidores NANCY RORIZ SOLETTI,101.344-0;,nan,101.291-6; MARCIO DE ARAUJO MELO,nan,nan,nan,nan,nan,nan,nan,nan,nan,nan,"Designar os servidores NANCY RORIZ SOLETTI, Matricula No 101.344-0; GERALDO
WILMAR E SILVA, Matricula No 101.291-6; MARCIO DE ARAUJO MELO, Matricula No 101.353-
X; MARCUS VINICIUS CUSTODIO DE LIMA, Matricula No 43.845-6; ROBLEDO SOARES SOYER,
Matricula No 845-1 e WILLIAN JORGE PELES JUNIOR, Matricula No 840-0, para, sob a Presiden-
cia do primeiro, comporem a Comissao ora instituida"
9,Substituição de Funções, ANA MARIA GOMES DOS SANTOS,95.524-8,CELIA MARIA DE ALMEIDA,0021344-6,Diretora de Bibliotecas,DFG-10,nan,,nan,nan,nan,nan,nan,nan,"Designar ANA MARIA GOMES DOS SANTOS, matricula no 95.524-8, Assessora, Simbolo DFG-10,
da Diretoria de Bibliotecas, da Secretaria de Estado de Cultura do Distrito Federal, para substituir
CELIA MARIA DE ALMEIDA, matricula no 0021344-6, Diretora de Bibliotecas, Simbolo DFG-14,
da Secretaria de Estado de Cultura do Distrito Federal, no periodo de 05/11/2001 a 19/11/2001 e de
03/12/2001 a 17/12/2001, por motivo de ferias regulamentares"
10,Substituição de Funções, HILDA ROSA MOREIRA COSTA,n.o,"RONALDO DE
MEDEIROS SANTOS",n.o 34.085-5,Chefe do Nucleo de Material e Patrimonio,DFA-06,nan,,nan,"Secretaria de
Estado de Cultura do Distrito Federal, no periodo de 18/10/2001 a 01/11/2001,  por motivo de  ferias
regulamentares",nan,nan,nan,nan,"Designar HILDA ROSA MOREIRA COSTA, matricula n.o 1650059-7, Assistente, Simbolo DFA-06,
do Nucleo de Material e Patrimonio, da Gerencia de Gestao Administrativa,   da  Diretoria  de Apoio
Operacional, da Secretaria de Estado de Cultura do Distrito Federal, para substituir RONALDO DE
MEDEIROS SANTOS, matricula n.o 34.085-5, Chefe do Nucleo de Material e Patrimonio, Simbolo
DFG-10, da Gerente de Gestao Administrativa, da Diretoria  de Apoio Operacional, da Secretaria de
Estado de Cultura do Distrito Federal, no periodo de 18/10/2001 a 01/11/2001,  por motivo de  ferias
regulamentares"
11,Substituição de Funções, JURANDINA LEAL GONCALVES,n.o,CLAUDIO VIEIRA COUTINHO,n.o 106.785-0,Gerente do Centro Cultural 3 Poderes,DFA-08,nan,,nan,nan,nan,nan,nan,nan,"Designar JURANDINA LEAL GONCALVES, matricula n.o 0096708-4, Assistente, Simbolo DFA-08,
da Gerencia do Centro Cultural 3 Poderes, da Secretaria de Estado de Cultura do Distrito Federal, para
substituir CLAUDIO VIEIRA COUTINHO, matricula n.o 106.785-0, Gerente do Centro Cultural 3 Poderes, Simbolo DFG-12, da Secretaria de Estado de Cultura do Distrito Federal, no periodo de 22/
11/2001 a  21/12/2001,  por motivo de  ferias regulamentares"
12,Substituição de Funções, JOAO BOSCO FRANCO CANCADO,n.o,JULIO CESAR DOS SANTOS PEREIRA,n.o 97.394-7,Gerente de Informatica,DFA-10,nan,,nan,nan,nan,nan,nan,nan,"Designar JOAO BOSCO FRANCO CANCADO, matricula n.o 1650626-5, Assessor, Simbolo DFA-10,
da Gerencia de Informatica, da Secretaria de Estado de Cultura do Distrito Federal, para substituir
JULIO CESAR DOS SANTOS PEREIRA, matricula n.o 97.394-7, Gerente de Informatica, Simbolo
DFG-12, da Secretaria de Estado de Cultura do Distrito Federal, no periodo de 26/11/2001 a 25/12/
2001,  por motivo de  ferias regulamentares"
13,Substituição de Funções, LUSSON LUIZ CORREIA DE FREITAS,07.068-8,LUIS CARLOS ALVES GARCIA,93.930-7,nan,DFG-06,nan,nan,nan,nan,nan,nan,nan,nan,"Designar LUSSON LUIZ CORREIA DE FREITAS,  matricula no 07.068-8, Tecnico de Administracao
Publica, para substituir LUIS CARLOS ALVES GARCIA,  matricula no 93.930-7, Chefe da Secao de Nome: MARCOS ANTONIO LANDIM 
DE SOUSA 
FRACAO  VIGENCIA  Matricula : 32.065-X  06/10 DFG-02  para 06/10 
DFG-09 
03.08.2000 
 
    Nome: MARIA  ISABEL RODRIGUES 
VIEIRA 
FRACAO  VIGENCIA  Matricula : 32.153-2  08/10 DFG-02  para 08/10 DFG-09 03.08.2000 
                                                                          Diario Oficial do Distrito Federal
PAGINA   25
No 216, sexta-feira, 9 de novembro de 2001 Servicos Gerais, simbolo DFG-06,  do Instituto Jardim Botanico da Secretaria de Meio Ambiente e
Recursos Hidricos do Distrito Federal, no periodo de 12/11/2001 a 30/11/2001,  por  motivo de
viagem do titular a servico"
14,Substituição de Funções, JOSENICE ANTONIO DE SOUZA FRANCO,52.613-4, ADALTO GERALDO SOARES,52.612-6,nan,DFG-03,nan,,nan,nan,nan,nan,nan,nan,"Designar JOSENICE ANTONIO DE SOUZA FRANCO, matricula no 52.613-4, Encarregado, simbolo
DFG-03,  para substituir  ADALTO GERALDO SOARES,  matricula no 52.612-6, Chefe da Secao de
Recursos Humanos, simbolo DFG-08,  do Instituto Jardim Botanico da Secretaria de Meio Ambiente
e Recursos Hidricos do Distrito Federal, no periodo de 22/11 a 23/11/2001  e de 26/11 a 28/11/2001,
por  motivo de gozo do abono anual do titular"
15,Substituição de Funções, o servidor Benedito F,nan,nan,nan,nan,nan,nan,nan,nan,nan,nan,nan,nan,nan,Designar o servidor Benedito F
16,Substituição de Funções, a servi,nan,nan,nan,nan,nan,nan,nan,nan,nan,nan,nan,nan,nan,"Designar a servi-
dora Maria Madalena P"
17,Substituição de Funções," a servidora
Maria Rosilene V",nan,nan,nan,nan,nan,nan,nan,nan,nan,nan,nan,nan,nan,"Designar a servidora
Maria Rosilene V"
18,Substituição de Funções, a servidora Caritas F,nan,nan,nan,nan,nan,nan,nan,nan,nan,nan,nan,nan,nan,Designar a servidora Caritas F
19,Substituição de Funções, o servidor Maurino J,nan,nan,nan,nan,nan,nan,nan,nan,nan,nan,nan,nan,nan,Designar o servidor Maurino J
20,Substituição de Funções, a servidora Vera Ma  G,nan,nan,nan,nan,nan,nan,nan,nan,nan,nan,nan,nan,nan,Designar a servidora Vera Ma  G
21,Substituição de Funções, a servidora Edna Ma R,nan,nan,nan,nan,nan,nan,nan,nan,nan,nan,nan,nan,nan,Designar a servidora Edna Ma R
22,Substituição de Funções, a servidora Ana Lucia A,nan,nan,nan,nan,nan,nan,nan,nan,nan,nan,nan,nan,nan,Designar a servidora Ana Lucia A
23,Substituição de Funções, o servidor Divino N,nan,nan,nan,nan,nan,nan,nan,nan,nan,nan,nan,nan,nan,Designar o servidor Divino N
24,Substituição de Funções," a
servidora Vaone Alves da Silva",nan,nan,nan,nan,nan,nan,nan,nan,nan,nan,nan,nan,nan,"Designar a
servidora Vaone Alves da Silva, mat"
