,tipo_ato,interessado,nome,matricula,processo,onus,siape,cargo,text
0,Cessoes,GABINETE DE SEGURANCA INSTITUCIONAL DA PRESIDENCIA DA REPUBLICA,nan,06598-6 ,010.000.804/2001,nan,nan,nan,"PROCESSO No: 010.000.804/2001;
INTERESSADO: GABINETE DE SEGURANCA INSTITUCIONAL DA PRESIDENCIA DA REPUBLICA;
ASSUNTO: CESSAO DE BOMBEIROS MILITARES. 1. Autorizo, nos termos do artigo 1o,  do Decreto no 3.014, de 03 de Outubro de 1975, e em
consonancia com o artigo 21, do Decreto no 88.777, de 30 de setembro de 1983, passar a disposicao
do Gabinete de Seguranca Institucional da Presidencia da Republica, os Soldados ORLEI SILVA CAIRES,  matricula  no 06598-6 e GLEIDSON GOMES DA SILVEIRA, matricula no 07611-2,  do Corpo
de Bombeiros Militar do Distrito Federal. 2. "
1,Cessoes,GABINETE DE SEGURANCA INSTITUCIONAL DA PRESIDENCIA DA REPUBLICA,nan,04949-2,010.000.743/2001,nan,nan,nan,"PROCESSO No: 010.000.743/2001;
INTERESSADO: GABINETE DE SEGURANCA INSTITUCIONAL DA PRESIDENCIA DA REPUBLICA;
ASSUNTO: CESSAO DE BOMBEIRO MILITAR. 1. Autorizo, nos termos do artigo 1o,  do Decreto no 3.014, de 03 de Outubro de 1975, e em
consonancia com o artigo 21, do Decreto no 88.777, de 30 de setembro de 1983, passar a disposicao
do Gabinete de Seguranca Institucional da Presidencia da Republica, o Soldado CARLOS AUGUSTO
CAMPOS,  matricula  no 04949-2,  do Corpo de Bombeiros Militar do Distrito Federal. 2. "
2,Cessoes,GABINETE DE SEGURANCA INSTITUCIONAL DA PRESIDENCIA DA REPUBLICA,nan,07365-2,010.000.803/2001,nan,nan,nan,"PROCESSO No: 010.000.803/2001;
INTERESSADO: GABINETE DE SEGURANCA INSTITUCIONAL DA PRESIDENCIA DA REPUBLICA;
ASSUNTO: CESSAO DE BOMBEIRO MILITAR. 1. Autorizo, nos termos do artigo 1o,  do Decreto no 3.014, de 03 de Outubro de 1975, e em
consonancia com o artigo 21, do Decreto no 88.777, de 30 de setembro de 1983, passar a disposicao
do Gabinete de Seguranca Institucional da Presidencia da Republica, o Soldado HUMBERTO BLOC
DE OLIVEIRA,  matricula  no 07365-2,  do Corpo de Bombeiros Militar do Distrito Federal. 2. "
3,Cessoes,nan,nan,"22.545-2,",010-000.625/2001,nan,nan,nan,"PROCESSO No: 010-000.625/2001;
INTERESSADO: GABINETE DA VICE-PRESIDENCIA DA REPUBLICA;
ASSUNTO: CESSAO DE POLICIAL-MILITAR. 1. Autorizo passar a disposicao do Gabinete da Vice-Presidencia da Republica, de acordo com o
presente processo, e nos termos do artigo 21, do Decreto no 88.777, de 30 de setembro de 1983, o SD
do QPPMC EDEWIN MONTEIRO MOREIRA Matricula no 22.545-2, da Policia Militar do Distrito Federal. 2. "
4,Cessoes,GABINETE DE SEGURANCA INSTITUCIONAL DA PRESIDENCIA DA REPUBLICA,nan,09.562-1 ,010-000.540/2001,nan,nan,nan,"PROCESSO No: 010-000.540/2001;
INTERESSADO: GABINETE DE SEGURANCA INSTITUCIONAL DA PRESIDENCIA DA REPUBLICA;
ASSUNTO: CESSAO DE POLICIAIS MILITARES. 1. Autorizo passar a disposicao do Gabinete de Seguranca Institucional da Presidencia da Republica, de
acordo com o presente processo, e nos termos do artigo 21, do Decreto no 88.777, de 30 de setembro
de 1983, os Soldados do QPPMC FABIO ALVES ARAUJO Matricula 09.562-1 e ALEXANDRE
ACAMPORA NETO  Matricula 18.138-2, da Policia Militar do Distrito Federal. 2. "
5,Cessoes,GABINETE DE SEGURANCA INSTITUCIONAL DA PRESIDENCIA DA REPUBLICA,nan,"17.021-6,",010-000.565/2001,nan,nan,nan,"PROCESSO No: 010-000.565/2001;
INTERESSADO: GABINETE DE SEGURANCA INSTITUCIONAL DA PRESIDENCIA DA REPUBLICA;
ASSUNTO: CESSAO DE POLICIAL MILITAR.                                      Diario Oficial do Distrito Federal
PAGINA   20
No 201, quinta-feira, 18 de outubro de 2001 1. Autorizo passar a disposicao do Gabinete de Seguranca Institucional da Presidencia da Republica, de
acordo com o presente processo, e nos termos do artigo 21, do Decreto no 88.777, de 30 de setembro
de 1983, o Soldado QPPMC GILDEMAR ANTONIO DE ALCANTARA Matricula no 17.021-6, da
Policia Militar do Distrito Federal. 2. "
