,tipo,nome,matricula,simbolo,cargo_comissao,lotacao,orgao,vigencia,pedido,cargo_efetivo,siape,motivo,text
0,Exoneração, Q,nan,nan,nan,nan,nan,nan,nan,nan,nan,nan,"EXONERAR,   do Quadro de Pessoal do Distrito Federal com lotacao na Secretaria de Estado de
Saude do Distrito Federal, com base nos termos do caput e paragrafo 2o do art"
1,Exoneração, Q,nan,nan,nan,nan,nan,nan,nan,nan,nan,nan,"EXONERAR,   do Quadro de Pessoal do Distrito Federal com lotacao na Secretaria de Estado de
Saude do Distrito Federal, com base nos termos do caput e paragrafo 2o do art"
2,Exoneração, VERA LUCIA BARREIROS BARBIERI,no,nan,nan,nan,nan,nan,a pedido,nan,nan,nan,"EXONERAR, a pedido VERA LUCIA BARREIROS BARBIERI, matricula no 108"
