,Tipo do Ato,Nome do Servidor Substituto,Matrícula do Servidor Substituto,Nome do Servidor a ser Substituido,Matrícula do Servidor a ser SubstituidoCargo,Símbolo do cargo do servidor substituto,Cargo comissionado objeto da substituição,Símbolo do cargo do objeto da substituição,Símbolo do cargo comissionado objeto da substituição,Hierarquia da Lotação,Órgão,Data Inicial da Vigência,Data Final de Vigência,Matrícula SIAPE,Motivo,text
0,Substituição de Funções, TULIO RORIZ FERNANDES para a funcao de Membro Efetivo,nan,nan,nan,nan,nan,nan,nan,nan,nan,nan,nan,nan,nan,"DESIGNAR TULIO RORIZ FERNANDES para a funcao de Membro Efetivo, do Conselho dos
Direitos da Crianca e do Adolescente do Distrito Federal - CDCA, na qualidade de representante
da Secretaria de Seguranca Publica"
1,Substituição de Funções, EMILSON PEREIRA LINS para funcao de,nan,nan,nan,nan,nan,nan,nan,nan,nan,nan,nan,nan,nan,"DESIGNAR EMILSON PEREIRA LINS para funcao de 1o Suplente, do Conselho dos Direitos
da Crianca e do Adolescente do Distrito Federal - CDCA, na qualidade de representante Secreta-
ria de Seguranca Publica"
2,Substituição de Funções, JOSE CARLOS MEDEIROS DE BRITO para funcao de,nan,nan,nan,nan,nan,nan,nan,nan,nan,nan,nan,nan,nan,"DESIGNAR JOSE CARLOS MEDEIROS DE BRITO para funcao de 2o Suplente, do Conselho
dos Direitos da Crianca e do Adolescente do Distrito Federal - CDCA, na qualidade de represen-
tante Secretaria de Seguranca Publica"
3,Substituição de Funções, WAGNER PINHEIRO PASCHOAL,46.248-9,nan,nan,nan,nan,nan,nan,nan,nan,nan,nan,nan,nan,"Designar WAGNER PINHEIRO PASCHOAL, matricula no 46.248-9, para compor a
comissao de que trata o art"
4,Substituição de Funções,nan,nan,nan,nan,nan,DFA-05,nan,nan,nan,nan,nan,nan,nan,nan,"Designar, THIAGO BARCELOS MELO, matricula no 68.175-X, Assistente da Gerencia de
Informatica, Simbolo DFA-05, para substituir, cumulativamente, sem onus, pela Gerencia de
Informatica, no periodo de 02 a 21/12/2002, por motivo de ferias do titular"
5,Substituição de Funções, os servidores Francisco do Nascimento Freitas,84.296-6,nan,81.300-1,nan,nan,nan,nan,nan,nan,nan,nan,nan,nan,"Designar os servidores Francisco do Nascimento Freitas, matricula no 84.296-6, Francisco Anto-
nio Otaviano, matricula no 81.300-1, Antonio Jose dos Santos, matricula no 75.507-9, Antonio
Maria Clarete Guimaraes, matricula no 74.593-6, Aroldo Vaz da Silva, matricula no 81.709-0, Este-
lamar de Oliveira, matricula no 83.563-3, Josemar Carlos da Rocha, matricula no 75.907-4, Osmano
Jose de Mesquita, matricula no 81.862-3, Estela Mares Rodrigues, matricula no 81.060-6, Francisco
Alves Vieira, matricula no 82.632-4 e Osvaldo Bento, matricula no 72.450-5, todos do QP/BELA-
CAP para, sob a presidencia do primeiro, constituir a Comissao de Inventario Patrimonial;
III"
6,Substituição de Funções, os servidores,110.514-0,nan,32.946-0 e ADILSON DE MENDONCA MIRNADA,nan,nan,nan,nan,nan,nan,nan,nan,nan,nan,"Designar os servidores: SANDRA DA SILVA CARDOSO, matricula no 110.514-0, MARIA DO
ROSARIO SILVA, matricula no 32.946-0 e ADILSON DE MENDONCA MIRNADA, matricu-
la no 110.107-2, para sob a presidencia da primeira compor a Comissao de Avaliacao de Desem-
penho da Secretaria de Estado de Solidariedade do Distrito Federal"
7,Substituição de Funções, os servidores ELIAS SANTOS MONTEIRO Matricula no,31325-4,nan,nan,nan,nan,nan,nan,nan,nan,nan,nan,nan,nan,"Designar os servidores ELIAS SANTOS MONTEIRO Matricula no 24679-4 Tecnico de
Administracao Publica, FIDERALINA QUARESMA LEITE Matricula no 31325-4 Encarregada
da Divisao Regional de Obras e MIRIAM RODRIGUES S"
