,Tipo do Ato,SEI,Nome,Matricula,Cargo,Classe,Padrao,Quadro,Fundamento Legal,Orgao,Vigencia,Matricula SIAPE,text
0,Reversão,061.009.820/1996,PEREIRA DA SILVA NETO,112.614-8,nan,especial,V,"Quadro de Pessoal da Secretaria
de Estado de Saude do Distrito Federal",nan," Secretaria
de Estado de Saude do Distrito Federal",nan,nan,"REVERTER a atividade ISAIAS PEREIRA DA SILVA NETO, matricula no 112.614-8, no
cargo da Carreira Medica, classe especial, Padrao V, do Quadro de Pessoal da Secretaria
de Estado de Saude do Distrito Federal, nos termos do artigo 25, secao VIII, da Lei no
8.112, de 11/12/1990, conforme Parecer no 001/2002 da JPM/NPM/GHMST. Processo
no 061.009.820/1996."
