,Tipo,Nome,Cargo Efetivo,Matricula,Siape,Simbolo,Cargo Comissao,Lotacao,Orgao,text
0,Nomeação,nan,nan,nan,nan,nan,nan,nan,nan,"NOMEAR, a contar de 30 de agosto de 2002, o CEL QOBM/Comb"
1,Nomeação,nan,nan,nan,nan,nan,nan,nan,nan,"NOMEAR, a contar de 30 de agosto de 2002, o CEL QOPM EDSON SOARES DE LIMA,
MAT"
2,Nomeação,nan,nan,nan,nan,nan,nan,nan,nan,"NOMEAR, a contar de 30 de agosto de 2002, o TEN CEL QOPM WELISON SABINO
DE AZEVEDO, MAT"
3,Nomeação,nan,nan,nan,nan,nan,nan,nan,nan,"NOMEAR, a contar de 30 de agosto de 2002, o MAJ QOPM MARIO SILVA JUNIOR,
MAT"
4,Nomeação,nan,nan,nan,nan,nan,nan,nan,nan,"NOMEAR, a contar de 30 de agosto de 2002, o MAJ QOPM ANDRE MARTINS THORPE,
MAT"
5,Nomeação,nan,nan,nan,nan,nan,nan,nan,nan,"NOMEAR, a contar de 30 de agosto de 2002, o 1o TEN QOPM MARCELO CASIMIRO
VASCONCELOS RODRIGUES, MAT"
6,Nomeação,nan,nan,nan,nan,nan,nan,nan,nan,"NOMEAR o SD QPPMC JULIO CESAR DA SILVA XAVIER, MAT"
