,tipo,nome,matricula,simbolo,cargo_comissao,lotacao,orgao,vigencia,pedido,cargo_efetivo,siape,motivo,text
0,Exoneração, M,no,nan,nan,nan,nan,nan,nan,nan,nan,nan,"EXONERAR Maria Candida da Silva, matricula no 030"
1,Exoneração, D,no,nan,nan,nan,nan,nan,nan,nan,nan,nan,"EXONERAR Daniele da Cunha Soares Barquero, matricula no 030"
2,Exoneração, MAJ QOPM LAERCIO SILVANO DE OLIVEIRA,nan,nan,nan,nan,nan,nan,nan,nan,nan,nan,"EXONERAR, o MAJ QOPM LAERCIO SILVANO DE OLIVEIRA, MAT"
3,Exoneração, SUBTEN QBMP,nan,nan,nan,nan,nan,nan,nan,nan,nan,nan,"EXONERAR, o SUBTEN QBMP-08 GILDAZIO CANDIDO BARBOSA, MAT"
4,Exoneração, CB QPPMC SILVANIA MARTINS SOU,nan,nan,nan,nan,nan,nan,nan,nan,nan,nan,"EXONERAR, a contar de 11 de outubro de 2002, o CB QPPMC SILVANIA MARTINS SOU-
SA, MAT"
5,Exoneração," CB QPPMC MARCELO AQUINO DE
SOUZA",nan,nan,nan,nan,nan,nan,nan,nan,nan,nan,"EXONERAR, a contar de 22 de novembro de 2002, o CB QPPMC MARCELO AQUINO DE
SOUZA, MAT"
6,Exoneração, CBM QBMP,nan,nan,nan,nan,nan,nan,nan,nan,nan,nan,"EXONERAR, a contar de 18 de setembro de 2002, o CBM QBMP-08 ANTONIO JOSE DE
OLIVEIRA, MAT"
7,Exoneração, SD QPPMC GASPAR MARTINS SOARES,nan,nan,nan,nan,nan,nan,nan,nan,nan,nan,"EXONERAR o SD QPPMC GASPAR MARTINS SOARES, MAT"
8,Exoneração, SBM,nan,nan,nan,nan,nan,nan,nan,nan,nan,nan,"EXONERAR, a contar de 19 de agosto de 2002, o SBM/1 QBMP-00 JOAO PINHEIRO DE
OLIVEIRA, MAT"
