,Tipo do Ato,Nome do Servidor Substituto,Matrícula do Servidor Substituto,Nome do Servidor a ser Substituido,Matrícula do Servidor a ser SubstituidoCargo,Símbolo do cargo do servidor substituto,Cargo comissionado objeto da substituição,Símbolo do cargo do objeto da substituição,Símbolo do cargo comissionado objeto da substituição,Hierarquia da Lotação,Órgão,Data Inicial da Vigência,Data Final de Vigência,Matrícula SIAPE,Motivo,text
0,Substituição de Funções, para compor a Comissao,o,nan,o 97.392-0,nan,nan,nan,nan,nan,nan,nan,nan,nan,nan,"Designar para compor a Comissao, sob a presidencia do primeiro, os seguintes membros:
- Paulo Marcelo de Carvalho, matricula n o 43.114-1, Presidente;
- Emi Baldini Ribeiro, matricula n o 97.392-0, Membro;
- Heilonn de Sousa Melo, matricula n o 97.416-1, Membro; e
- Cleofasio Batista de Moraes, matricula n o 39.122-0"
1,Substituição de Funções, o Chefe do Nucleo de Controle da Producao,nan,nan,nan,nan,nan,nan,nan,nan,nan,nan,nan,nan,nan,"Designar o Chefe do Nucleo de Controle da Producao/GPR/DI/SEFP, como executor do
Contrato no 35/2001-SEFP, celebrado entre o Distrito Federal, por meio desta Secretaria, e a
Empresa Brasileira de Telecomunicacoes S.A"
2,Substituição de Funções,nan,nan,nan,91.086-4,nan,nan,nan,nan,nan,nan,nan,nan,nan,nan,"Designar, como responsaveis pelo recebimento dos materiais de que trata o artigo anterior,
os servidores ARA RUBIA APARECIDA FERNANDES, matricula no 90.769-3, MARIA DO
SOCORRO PASSOS DE LIMA, matricula no 91.086-4, MARCO AURELIO AYRES LIMA,
matricula no 32.349-7, ADRIANE LUIZA DE CARVALHO LORENTINO, matricula no 96.323-
2, e HELIO BITTENCOURT GONZAGA FILHO, matricula no 42.728-4"
3,Substituição de Funções, JESUINO DE JESUS PEREIRA LEMES,23.633-0,nan,37.229-3,nan,nan,nan,nan,nan,nan,nan,nan,nan,nan,"DESIGNAR JESUINO DE JESUS PEREIRA LEMES, matricula no 23.633-0, JULIO CESAR
FERNANDES DE AMORIM, matricula no 37.229-3, ABEL RIBEIRO DE MACEDO JUNI-
OR, matricula no 201959-0 e ISABEL CRISTINA OLIVEIRA DE MEDEIROS, matricula no
38.847-5, como executores do Convenio no 44/2002, firmado entre o Distrito Federal, por inter-
medio da Secretaria de Estado de Educacao do Distrito Federal, e o Servico Nacional de Aprendi-
zagem - SENAR"
4,Substituição de Funções, os servidores abaixo relacionados para,nan,nan,nan,nan,nan,nan,nan,nan,nan,nan,nan,nan,nan,"Designar os servidores abaixo relacionados para, sob a coordenacao do primeiro, compo-
rem Comissao Especial objetivando o levantamento de dados, preenchimento de formularios,
analise e acompanhamento do Pacto de Indicadores de Atencao Basica"
5,Substituição de Funções, os servidores abaixo relacionados para,nan,nan,nan,nan,nan,nan,nan,nan,nan,nan,nan,nan,nan,"Designar os servidores abaixo relacionados para, juntamente com os tecnicos do Depar-
tamento Nacional de Auditoria do SUS  DENASUS, Ministerio da Saude, comporem Grupo de
Trabalho visando a apuracao da denuncia, objeto do Comunicado de Auditoria de no 01/2002-CA/
DENASUS/MS"
6,Substituição de Funções, o servidor,00001333,"a Gerente da
Gerencia de Material e Contabilidade",nan,nan,DFG-11,nan,nan,nan,nan,nan,nan,nan,nan,"DESIGNAR o servidor, Aluizio Rocha Luz, matricula no 00001333 para substituir a Gerente da
Gerencia de Material e Contabilidade/CAO/ FEPECS/SES, Simbolo DFG-11, no periodo de 06/
01/2003 a 20/01/2003 por motivo de Ferias do titular, nos termos do artigo 38 da Lei 8.112, de 11
de dezembro de 1990, combinando com o Decreto no 17.603/96"
7,Substituição de Funções, o servidor,00001260,a Ge,nan,nan,DFG-11,nan,nan,nan,nan,nan,nan,nan,nan,"DESIGNAR o servidor, Amilton Loiola Menezes, matricula no 00001260 para substituir a Ge-
rente da Gerencia de Pessoal/CAO/FEPECS/SES, Simbolo DFG-11, no periodo de 06/01/2003 a
15/01/2003 por motivo de Ferias do titular, nos termos do artigo 38 da Lei 8.112, de 11 de
dezembro de 1990, combinando com o Decreto no 17.603/96"
8,Substituição de Funções, os servidores Genesio Anacleto Tolentino,43.653-4,nan,93.837-8,nan,nan,nan,nan,nan,nan,nan,nan,nan,nan,"Designar os servidores Genesio Anacleto Tolentino, matricula no 43.653-4, Armin Arnaldo Pfri-
mer, matricula no 93.837-8, Mauricio Canovas Segura, matricula no 23.791-4 e Ernani Loureiro
Teixeira, matricula no 97.922-8, para, sob a presidencia do primeiro, constituirem Comissao
Especial de Licitacao, com a finalidade de proceder a realizacao de licitacao, na modalidade Carta
Convite, para a contratacao de empresa de Auditoria Independente para a prestacao de servicos
de Auditoria das Demonstracoes Financeiras relativas aos exercicios de 2002 e 2003 do Programa
de Saneamento Basico no Distrito Federal"
9,Substituição de Funções, o servidor PETRONAH DE CASTRO E SILVA,nan,nan,nan,nan,nan,nan,nan,nan,nan,nan,nan,nan,nan,"DESIGNAR o servidor PETRONAH DE CASTRO E SILVA, Agente de Policia, matri-
cula 25.525-4, para desempenhar as funcoes de executor dos contratos celebrados entre
o Distrito Federal, por intermedio da Policia Civil, e as empresas Brasil Supri Comercial
Ltda., Cine Foto Universitario Ltda., DF Distribuidora de Papeis Ltda., DPM Distribui-
dora Ltda"
10,Substituição de Funções, a servidora SIMONE ROCHA GAY,57.558-5,nan,nan,nan,nan,nan,nan,nan,nan,nan,nan,nan,nan,"DESIGNAR a servidora SIMONE ROCHA GAY, Agente de Policia, matricula 57.558-5, para
desempenhar as funcoes de Executora do contrato celebrado entre o Distrito Federal, por inter-
medio da Policia Civil, e a empresa CONTINENTAL EDITORA E GRAFICA LTDA, objeto do
processo 052.001.342/2002, que dispoe sobre a aquisicao de material para a Delegacia de Prote-
cao a Crianca e ao Adolescente, cujas atribuicoes estao previstas na Instrucao Normativa no.10/
97, publicada no Diario Oficial do Distrito Federal no 88, de 12 de abril de 1997 e no Decreto no"
11,Substituição de Funções, o servidor AGNALDO NOVATO CURADO FILHO,nan,nan,nan,nan,nan,nan,nan,nan,nan,nan,nan,nan,nan,"DESIGNAR o servidor AGNALDO NOVATO CURADO FILHO, Delegado de Policia, ma-
tricula 23.413-3, para desempenhar as funcoes de Executor do contrato celebrado entre o Distrito
Federal, por intermedio da Policia Civil, e a empresa SOLUTION Computadores Ltda., objeto do
processo 052-000.558/2002, que dispoe sobre prestacao de manutencao corretiva em computa-
dores PENTIUM III da PCDF, cujas atribuicoes estao previstas na Instrucao Normativa no.10/
97, publicada no Diario Oficial do Distrito Federal no 88, de 12 de abril de 1997 e no Decreto no"
12,Substituição de Funções, o servidor AGNALDO NOVATO CURADO FILHO,23.413-3,nan,nan,nan,nan,nan,nan,nan,nan,nan,nan,nan,nan,"DESIGNAR o servidor AGNALDO NOVATO CURADO FILHO, Delegado de Policia,
matricula 23.413-3, para desempenhar as funcoes de Executor do contrato celebrado entre o
Distrito Federal, por intermedio da Policia Civil, e a empresa SOLUTION Computadores
Ltda., objeto do processo 052-000.558/2002, que dispoe sobre prestacao de manutencao corretiva em computadores PENTIUM III da PCDF, cujas atribuicoes estao previstas na Ins-
trucao Normativa no.10/97, publicada no Diario Oficial do Distrito Federal no 88, de 12 de abril de
1997 e no Decreto no"
13,Substituição de Funções, os servidores AGEMIR RIBEIRO DA SILVA,21.532-5,nan,91.562-9,nan,nan,nan,nan,nan,nan,nan,nan,nan,nan,"DESIGNAR os servidores AGEMIR RIBEIRO DA SILVA, matricula no 21.532-5,Tecnico
de Administracao Publica, ANDRE LIRA VIEIRA, matricula no 91.562-9,Tecnico de Ad-
ministracao Publica e MARIA APARECIDA QUEIROGA DE SOUZA, matricula no 96.014-
4,Assessora Tecnica/ASTEC, para sob a presidencia do primeiro constituir Comissao de
Sindicancia, visando a localizacao dos Processos nos 137.000.929/2002 e 137.000.647/
2002 e apurar os fatos que levaram ao desaparecimento dos mesmos, devendo apresentar
relatorio conclusivo no prazo de 30(trinta) dias"
14,Substituição de Funções, os servidores ALUIZIO CASTRO COELHO,30.923-0,nan,21.532-5,nan,nan,nan,nan,nan,nan,nan,nan,nan,nan,"DESIGNAR os servidores ALUIZIO CASTRO COELHO, matricula no 30.923-0,Tecnico de Admi-
nistracao Publica, matricula no 21.532-5,Tecnico de Administracao Publica, NEDMA RODRIGUES
BIJOS, matricula no 21.461-2,Tecnica Administracao Publica, JANETE APARECIDA FERRAZ
ROQUE LESSA, matricula no 43.657-7, Auxiliar de Administracao Publica, para sob a presidencia do
primeiro constituir Comissao de Sindicancia, para apurar a responsabilidade pela contratacao da firma
PROMOSOM Producoes Artisticas Ltda, tanto no Processo 137.000.556/2002 quanto no Processo
137.001.604/2002, devendo apresentar relatorio conclusivo no prazo de 30(trinta) dias"
