,Tipo,Nome,Cargo Efetivo,Matricula,Siape,Simbolo,Cargo Comissao,Lotacao,Orgao,text
0,Nomeação, JOSIANE MARIA DOS SANTOS,Agente Penitenciario,58.478-9,nan,DFA-10," Assessor do Nucleo de Custodia de
Brasilia",nan,nan,"NOMEAR JOSIANE MARIA DOS SANTOS, Agente Penitenciario, matricula 58.478-9,
para exercer o Cargo em Comissao, Simbolo DFA-10, de Assessor do Nucleo de Custodia de
Brasilia, da Coordenacao do Sistema Penitenciario da Secretaria de Estado de Seguranca Publica
do  Distrito Federal"
1,Nomeação, ALINE ESPIRITO SANTOS DE ARAUJO,"para exercer o cargo em comissao de
Encarregada de Atendimento Judiciario",nan,nan,DFG-03,nan,nan,nan,"NOMEAR ALINE ESPIRITO SANTOS DE ARAUJO, para exercer o cargo em comissao de
Encarregada de Atendimento Judiciario, simbolo DFG-03, da Unidade de Assistencia Judiciaria
de Brasilia, do  Centro de Assistencia Judiciaria do Distrito Federal, do Gabinete do Governador"
2,Nomeação, MARIA DO SOCORRO GALDINO RODRIGUES,nan,74.203-1,nan,DFG-11,nan,nan,nan,"NOMEAR MARIA DO SOCORRO GALDINO RODRIGUES, matricula no 74.203-1, para
exercer o Cargo em Comissao, Simbolo DFG-11, de Gerente da Gerencia Regional de Ensino de
Planaltina da Diretoria de Unidades Regionais da Subsecretaria de Suporte Educacional da Secre-
taria de Estado de Educacao do Distrito Federal"
3,Nomeação, MARIA EMILIA BARROSO,Carreira de Enfermeiro,130.146-2,nan,DFA-03,nan,nan,nan,"NOMEAR MARIA EMILIA BARROSO, Carreira de Enfermeiro, Matricula no 130.146-2, para
exercer o Cargo em Comissao, Simbolo DFA-03, de Supervisora de Enfermagem da Gerencia de
Enfermagem da Coordenacao Medico-Assistencial do Hospital de Base do Distrito Federal da
Secretaria de Estado de Saude do Distrito Federal"
4,Nomeação, EDENILDA BOMFIM DE JESUS,Inspetor de Atividades Urbanas,22.114-7,nan,DFG-11,nan,nan,nan,"NOMEAR EDENILDA BOMFIM DE JESUS, Inspetor de Atividades Urbanas, Matricula no
22.114-7, para exercer o Cargo em Comissao, Simbolo DFG-11, de Gerente de Registro e Cadas-
tro da Diretoria de Vigilancia Sanitaria da Subsecretaria de Vigilancia a Saude da Secretaria de
Estado de Saude do Distrito Federal"
5,Nomeação, TANIA HELY DA SILVA,Inspetor de Atividades Urbanas,19.445-X,nan,DFG-10,nan,nan,nan,"NOMEAR TANIA HELY DA SILVA, Inspetor de Atividades Urbanas, Matricula no 19.445-X,
para exercer o Cargo em Comissao, Simbolo DFG-10, de Chefe do Nucleo de Inspecao da
Gerencia de Fiscalizacao da Diretoria de Vigilancia Sanitaria da Subsecretaria de Vigilancia a Saude
da Secretaria de Estado de Saude do Distrito Federal"
6,Nomeação, ABILIO PEGAS,Inspetor de Atividades Urbanas,26.226-9,nan,DFG-10,nan,nan,nan,"NOMEAR ABILIO PEGAS, Inspetor de Atividades Urbanas, Matricula no 26.226-9, para
exercer o Cargo em Comissao, Simbolo DFG-10, de Chefe do Nucleo de Inspecao da Gerencia de
Fiscalizacao da Diretoria de Vigilancia Sanitaria da Subsecretaria de Vigilancia a Saude da Secreta-
ria de Estado de Saude do Distrito Federal"
7,Nomeação, IVAN BISPO DE ASSIS,Inspetor de Atividades Urbanas,21.747-6,nan,DFG-10,nan,nan,nan,"NOMEAR IVAN BISPO DE ASSIS, Inspetor de Atividades Urbanas, Matricula no 21.747-6,
para exercer o Cargo em Comissao, Simbolo DFG-10, de Chefe do Nucleo de Inspecao da
Gerencia de Fiscalizacao da Diretoria de Vigilancia Sanitaria da Subsecretaria de Vigilancia a Saude
da Secretaria de Estado de Saude do Distrito Federal"
8,Nomeação, ANDRE GODOY RAMOS,Inspetor de Atividades Urbanas,42.150-,nan,DFG-10,nan,nan,nan,"NOMEAR ANDRE GODOY RAMOS, Inspetor de Atividades Urbanas, Matricula no 42.150-
2, para exercer o Cargo em Comissao, Simbolo DFG-10, de Chefe do Nucleo de Inspecao da
Gerencia de Fiscalizacao da Diretoria de Vigilancia Sanitaria da Subsecretaria de Vigilancia a Saude
da Secretaria de Estado de Saude do Distrito Federal"
9,Nomeação, ALESSANDRA PERES PINHEIRO DOMINGUES,"Inspetor de Atividades Urba-
nas",91.681-1,nan,DFG-10,nan,nan,nan,"NOMEAR ALESSANDRA PERES PINHEIRO DOMINGUES, Inspetor de Atividades Urba-
nas, Matricula no 91.681-1, para exercer o Cargo em Comissao, Simbolo DFG-10, de Chefe do
Nucleo de Inspecao da Gerencia de Fiscalizacao da Diretoria de Vigilancia Sanitaria da Subsecre-
taria de Vigilancia a Saude da Secretaria de Estado de Saude do Distrito Federal"
10,Nomeação, MAYKON CUNHA LOBATO,para exercer o Cargo em Comissao,nan,nan,DFG-, Chefe do Nucleo de Apoio Tecnologico em Informatica da Gerencia de Regulacao,nan,nan,"NOMEAR MAYKON CUNHA LOBATO, para exercer o Cargo em Comissao, Simbolo DFG-
04, de Chefe do Nucleo de Apoio Tecnologico em Informatica da Gerencia de Regulacao,
Controle e Avaliacao do Hospital Regional de Sobradinho da Secretaria de Estado de Saude do
Distrito Federal"
11,Nomeação, ADAUTO LOPES DE OLIVEIRA,"Assistente Intermediario de Saude II (Agen-
te Administrativo)",119.134-9,nan,DFG-07,nan,nan,nan,"NOMEAR ADAUTO LOPES DE OLIVEIRA, Assistente Intermediario de Saude II (Agen-
te Administrativo), Matricula no 119.134-9, para exercer o Cargo em Comissao, Simbolo
DFG-07, de Chefe do Nucleo de Compras da Gerencia de Materiais da Diretoria de Apoio
Logistico e Material da Subsecretaria de Apoio Operacional da Secretaria de Estado de Saude
do Distrito Federal"
12,Nomeação, DANIEL FERREIRA DE ALENCAR,"Assistente Intermediario de Saude II (Agente
Administrativo)",134.969-4,nan,DFG-07,nan,nan,nan,"NOMEAR DANIEL FERREIRA DE ALENCAR, Assistente Intermediario de Saude II (Agente
Administrativo), Matricula no 134.969-4, para exercer o Cargo em Comissao, Simbolo DFG-07,
de Chefe do Nucleo de Classificacao e de Controle da Gerencia de Materiais da Diretoria de Apoio
Logistico e Material da Subsecretaria de Apoio Operacional da Secretaria de Estado de Saude do
Distrito Federal"
13,Nomeação, PAOLA AIRES CORREA LIMA,Procuradora do Distrito Federal de 2a Categoria,96.942-7,nan,DFA-14,nan,nan,nan,"NOMEAR PAOLA AIRES CORREA LIMA, Procuradora do Distrito Federal de 2a Categoria,
matricula no 96.942-7, para o Cargo em Comissao de Procuradora-Assessora, Simbolo DFA-14,
da Assessoria Especial, da Procuradoria-Geral do Distrito Federal"
14,Nomeação, WALDENIA CORREA PRADO GONCALVES,nan,nan,nan,DFA-12, Assessor-Executivo de Orgaos Colegiados do Gabinete,nan,nan,"NOMEAR WALDENIA CORREA PRADO GONCALVES para exercer o cargo em comissao,
simbolo DFA-12, de Assessor-Executivo de Orgaos Colegiados do Gabinete, da Secretaria de
Trabalho e Direitos Humanos do Distrito Federal"
15,Nomeação, EVANILDO DE MATOS ROSA,nan,nan,nan,DFA-05, Encarregado de Transportes do Nucleo de Servicos Gerais,"Gerencia Admi-
nistrativa, da Diretoria de Apoio Operacional","Secretaria de Trabalho e Direitos Humanos
do Distrito Federal","NOMEAR EVANILDO DE MATOS ROSA para exercer o cargo em comissao, simbolo
DFA-05, de Encarregado de Transportes do Nucleo de Servicos Gerais, da Gerencia Admi-
nistrativa, da Diretoria de Apoio Operacional, da Secretaria de Trabalho e Direitos Humanos
do Distrito Federal"
16,Nomeação, MARIO MAGALHAES,nan,nan,nan,DFG-14," Diretor
de Informacao e Planejamento",nan,nan,"NOMEAR MARIO MAGALHAES para exercer o cargo em comissao, simbolo DFG-14, de Diretor
de Informacao e Planejamento, da Secretaria de Trabalho e Direitos Humanos do Distrito Federal"
17,Nomeação, CLAUDIO CESAR AUGUSTO LIMA DE SOUSA,nan,nan,nan,DFG-12, Gerente de Informatica,Diretoria de Informacao e Planejamento,Secretaria de Trabalho e Direitos Humanos do Distrito Federal,"NOMEAR CLAUDIO CESAR AUGUSTO LIMA DE SOUSA para exercer o cargo em comis-
sao, simbolo DFG-12, de Gerente de Informatica, da Diretoria de Informacao e Planejamento, da
Secretaria de Trabalho e Direitos Humanos do Distrito Federal"
18,Nomeação, ANA MARIA DE SOUSA,nan,nan,nan,DFA-09,"
Assistente da Gerencia de Analise de Projetos",Diretoria de Desenvolvimento Profissional,Secretaria de Trabalho e Direitos Humanos do Distrito Federal,"NOMEAR ANA MARIA DE SOUSA para exercer o cargo em comissao, simbolo DFA-09, de
Assistente da Gerencia de Analise de Projetos, da Diretoria de Desenvolvimento Profissional, da
Secretaria de Trabalho e Direitos Humanos do Distrito Federal"
19,Nomeação, JUSCANIO UMBELINO DE SOUZA,nan,nan,nan,DFG-12, Gerente de Estudos e Pesquisas,Diretoria de Informacao e Planejamento,Secretaria de Trabalho e Direitos Humanos do Distrito Federal,"NOMEAR JUSCANIO UMBELINO DE SOUZA para exercer o cargo em comissao, simbolo
DFG-12, de Gerente de Estudos e Pesquisas, da Diretoria de Informacao e Planejamento, da
Secretaria de Trabalho e Direitos Humanos do Distrito Federal"
20,Nomeação, PAULO ALVES BENTO,nan,nan,nan,DFG-12,"
Gerente de Planejamento",Diretoria de Informacao e Planejamento,"Secretaria de Trabalho
e Direitos Humanos do Distrito Federal","NOMEAR PAULO ALVES BENTO para exercer o cargo em comissao, simbolo DFG-12, de
Gerente de Planejamento, da Diretoria de Informacao e Planejamento, da Secretaria de Trabalho
e Direitos Humanos do Distrito Federal"
21,Nomeação, GEORLANDO PEREIRA DE OLIVEIRA,nan,nan,nan,nan,nan,nan,nan,"NOMEAR GEORLANDO PEREIRA DE OLIVEIRA para exercer o cargo em comissao, simbo-
lo DFA-09, de Assistente da Gerencia de Informatica, da Diretoria de Informacao e Planejamento,
da Secretaria de Trabalho e Direitos Humanos do Distrito Federal"
22,Nomeação, LIVIA MONTEIRO DE CASTRO,nan,nan,nan,DFA-, Assistente da Diretoria de Informacao e Planejamento,nan,nan,"NOMEAR LIVIA MONTEIRO DE CASTRO  para exercer o cargo em comissao, simbolo DFA-
09, de Assistente da Diretoria de Informacao e Planejamento, da Secretaria de Trabalho e Direitos
Humanos do Distrito Federal"
23,Nomeação, MARIA APARECIDA FERREIRA,nan,nan,nan,DFA-, Encarregado do Nucleo de Recursos Humanos,"Gerencia Administrativa, da Diretoria de
Apoio Operacional",Secretaria de Trabalho e Direitos Humanos do Distrito Federal,"NOMEAR MARIA APARECIDA FERREIRA para exercer o cargo em comissao, simbolo DFA-
05, de Encarregado do Nucleo de Recursos Humanos, da Gerencia Administrativa, da Diretoria de
Apoio Operacional, da Secretaria de Trabalho e Direitos Humanos do Distrito Federal"
24,Nomeação, ANTONIO DE PADUA ARAUJO,nan,nan,nan,DFA-,nan,nan,nan,"NOMEAR ANTONIO DE PADUA ARAUJO para exercer o cargo em comissao, simbolo DFA-
05, Encarregado do Nucleo de Recursos Humanos, da Gerencia Administrativa, da Diretoria de
Apoio Operacional, da Secretaria de Trabalho e Direitos Humanos do Distrito Federal"
25,Nomeação, JADSON HELIO CANDIDO FILHO,nan,nan,nan,nan,nan,nan,nan,"NOMEAR JADSON HELIO CANDIDO FILHO para exercer o cargo em comissao, sim-
bolo DFA-03, de Encarregado do Nucleo de Recursos Humanos, da Gerencia Administra-
tiva, da Diretoria de Apoio Operacional, da Secretaria de Trabalho e Direitos Humanos do
Distrito Federal"
26,Nomeação, VANDERLEI FRANCISCO DE OLIVEIRA,nan,nan,nan,DFA-05, Encarregado do Nucleo de Material,"Gerencia Administrativa, da Direto-
ria de Apoio Operacional",Secretaria de Trabalho e Direitos Humanos do Distrito Federal,"NOMEAR VANDERLEI FRANCISCO DE OLIVEIRA para exercer o cargo em comissao,
simbolo DFA-05, de Encarregado do Nucleo de Material, da Gerencia Administrativa, da Direto-
ria de Apoio Operacional, da Secretaria de Trabalho e Direitos Humanos do Distrito Federal"
27,Nomeação, HENRIQUE CESAR GOMES LOPES,nan,nan,nan,DFA-05, Encarregado do Nucleo de Material,"Gerencia Administrativa, da Diretoria de
Apoio Operacional",Secretaria de Trabalho e Direitos Humanos do Distrito Federal,"NOMEAR HENRIQUE CESAR GOMES LOPES para exercer o cargo em comissao, simbolo
DFA-05, de Encarregado do Nucleo de Material, da Gerencia Administrativa, da Diretoria de
Apoio Operacional, da Secretaria de Trabalho e Direitos Humanos do Distrito Federal"
28,Nomeação, ILTON DA SILVA OLIVEIRA,nan,nan,nan,DFA-05, Encarregado do Nucleo de Execucao Orcamentaria,"Gerencia Financeira, da Diretoria de
Apoio Operacional",Secretaria de Trabalho e Direitos Humanos do Distrito Federal,"NOMEAR ILTON DA SILVA OLIVEIRA para exercer o cargo em comissao, simbolo DFA-05,
de Encarregado do Nucleo de Execucao Orcamentaria, da Gerencia Financeira, da Diretoria de
Apoio Operacional, da Secretaria de Trabalho e Direitos Humanos do Distrito Federal"
29,Nomeação, GIL ANES DEUSDARA SOARES,nan,nan,nan,DFA-, Encarregado do Nucleo de Execucao Orcamentaria,"Gerencia Financeira, da Diretoria de
Apoio Operacional",Secretaria de Trabalho e Direitos Humanos do Distrito Federal,"NOMEAR GIL ANES DEUSDARA SOARES para exercer o cargo em comissao, simbolo DFA-
05, de Encarregado do Nucleo de Execucao Orcamentaria, da Gerencia Financeira, da Diretoria de
Apoio Operacional, da Secretaria de Trabalho e Direitos Humanos do Distrito Federal"
30,Nomeação, ROBERTO CARLOS FERREIRA,nan,nan,nan,DFA-,nan,nan,nan,"NOMEAR ROBERTO CARLOS FERREIRA para exercer o cargo em comissao, simbolo DFA-
03, Encarregado do Nucleo de Execucao Orcamentaria da Gerenceira Financas, da Diretoria de
Apoio Operacional da Secretaria de Trabalho e Direitos Humanos do Distrito Federal"
31,Nomeação, NIRLEY LUCIANO NOGUEIRA,nan,nan,nan,DFA-, Encarregado do Nucleo de Contratos e Convenios,"Gerencia Financeira, da Diretoria de
Apoio Operacional",Secretaria de Trabalho e Direitos Humanos do Distrito Federal,"NOMEAR NIRLEY LUCIANO NOGUEIRA para exercer o cargo em comissao, simbolo DFA-
05, de Encarregado do Nucleo de Contratos e Convenios, da Gerencia Financeira, da Diretoria de
Apoio Operacional, da Secretaria de Trabalho e Direitos Humanos do Distrito Federal"
32,Nomeação, ROSAMIRA RODRIGUES DO NASCIMENTO,nan,nan,nan,DFA-05, Encarregado do Nucleo de Contratos e Convenios,"Gerencia
Financeira, da Diretoria de Apoio Operacional","Secretaria de Trabalho e Direitos Humanos
do Distrito Federal","NOMEAR ROSAMIRA RODRIGUES DO NASCIMENTO para exercer o cargo em comis-
sao, simbolo DFA-05, de Encarregado do Nucleo de Contratos e Convenios, da Gerencia
Financeira, da Diretoria de Apoio Operacional, da Secretaria de Trabalho e Direitos Humanos
do Distrito Federal"
33,Nomeação, NILTON GONCALVES GUIMARAES,nan,nan,nan,CNE-05, Subsecretario de Emprego,nan,nan,"NOMEAR NILTON GONCALVES GUIMARAES para exercer o cargo em comissao, simbolo
CNE-05, de Subsecretario de Emprego, da Secretaria de Trabalho e Direitos Humanos do Distrito
Federal do Distrito Federal"
34,Nomeação, ADRIANA MENEZES PIMENTA,nan,nan,nan,DFA-, Secretario-Administrativo da Subsecretaria de Emprego,nan,nan,"NOMEAR ADRIANA MENEZES PIMENTA para exercer o cargo em comissao, simbolo DFA-
05, de Secretario-Administrativo da Subsecretaria de Emprego, da Secretaria de Trabalho e Direi-
tos Humanos do Distrito Federal"
35,Nomeação, MARCOS FRANCISCO CARVALHO,para exercer o cargo em comissao,nan,nan,DFA-05, Assistente da Subsecretaria de Promocao  Humana,nan,nan,"NOMEAR MARCOS FRANCISCO CARVALHO, para exercer o cargo em comissao, simbolo
DFA-05, de Assistente da Subsecretaria de Promocao  Humana, da Secretaria de Trabalho e
Direitos Humanos do Distrito Federal"
36,Nomeação, TATIANA MOREIRA DOS SANTOS,nan,nan,nan,DFA-07, Assistente Tecnico de Credito,"Gerencia de Credito Assistido, da Diretoria de
Ocupacao e Renda, da Subsecretaria de Promocao Humana","Secretaria de Trabalho e Direitos
Humanos do Distrito Federal","NOMEAR TATIANA MOREIRA DOS SANTOS para exercer o cargo em comissao, simbolo
DFA-07, de Assistente Tecnico de Credito, da Gerencia de Credito Assistido, da Diretoria de
Ocupacao e Renda, da Subsecretaria de Promocao Humana, da Secretaria de Trabalho e Direitos
Humanos do Distrito Federal"
37,Nomeação, BALBINO VIEIRA NASCIMENTO,nan,nan,nan,DFA-01, Encarregado do Nucleo de Servicos Gerais,Gerencia Adminstrativa,"Diretoria
de Apoio Operacional da Secretaria de Trabalho e Direitos Humanos do Distrito Federal","NOMEAR BALBINO VIEIRA NASCIMENTO para exercer o cargo em comissao, simbolo
DFA-01, de Encarregado do Nucleo de Servicos Gerais, da Gerencia Adminstrativa, da Diretoria
de Apoio Operacional da Secretaria de Trabalho e Direitos Humanos do Distrito Federal"
38,Nomeação, FRANCISCA MATIAS FRANCA,para exercer o cargo em comissao,nan,nan,DFA-03, Encarregado do Nucleo de Material da Gerencia Administrativa,nan,nan,"NOMEAR FRANCISCA MATIAS FRANCA, para exercer o cargo em comissao, simbolo
DFA-03, de Encarregado do Nucleo de Material da Gerencia Administrativa, da Diretoria de
Apoio Operacional da Secretaria de Trabalho e Direitos Humanos do Distrito Federal"
39,Nomeação, JOAO SADI DA SILVA,nan,nan,nan,DFA-03,"
Encarregado de Reprografia do Nucleo de Servicos Gerais da Gerencia de Administrativa",nan,nan,"NOMEAR JOAO SADI DA SILVA para exercer o cargo em comissao, simbolo DFA-03, de
Encarregado de Reprografia do Nucleo de Servicos Gerais da Gerencia de Administrativa, da Dire-
toria de Apoio Operacional da Secretaria de Trabalho e Direitos Humanos do Distrito Federal"
40,Nomeação, ALEXANDRE CARSTENS DA SILVA CAMPOS,nan,nan,nan,DFA-05, Encarregado de Protocolo Geral da Gerencia Administrativa,nan,nan,"NOMEAR ALEXANDRE CARSTENS DA SILVA CAMPOS para exercer o cargo em comis-
sao, simbolo DFA-05, de Encarregado de Protocolo Geral da Gerencia Administrativa, da Direto-
ria de Apoio Operacional da Secretaria de Trabalho e Direitos Humanos do Distrito Federal"
41,Nomeação, FABIO JORGE ANTINORO,nan,nan,nan,DFG-14, Diretor de Atendimento ao Trabalhador e ao Empregador da Subsecretaria de Emprego,nan,nan,"NOMEAR FABIO JORGE ANTINORO para exercer o cargo em comissao, simbolo DFG-14,
de Diretor de Atendimento ao Trabalhador e ao Empregador da Subsecretaria de Emprego, Secre-
taria de Trabalho e Direitos Humanos do Distrito Federal"
42,Nomeação, GILBERTO ROSA DE CASTRO,nan,nan,nan,nan,nan,nan,nan,"NOMEAR GILBERTO ROSA DE CASTRO para exercer o cargo em comissao, simbolo-DFG-
09, de Chefe da Agencia do Trabalhador Autonomo, da Gerencia de Atendimento ao Trabalhador,
da Diretoria de Atendimento ao Trabalhador e ao Empregador, da Subsecretaria de Emprego, da
Secretaria de Trabalho e Direitos Humanos do Distrito Federal"
43,Nomeação, VAONE ALVES DE SILVA,nan,nan,nan,DFG-09,"
Chefe de Agencia Publica de Emprego e Cidadania","Gerencia de Atendimento ao Trabalhador,
da Diretoria de Atendimento ao Trabalhador e ao Empregador, da Subsecretaria de Emprego",Secretaria de Trabalho e Direitos Humanos do Distrito Federal,"NOMEAR VAONE ALVES DE SILVA para exercer o cargo em comissao, simbolo DFG-09, de
Chefe de Agencia Publica de Emprego e Cidadania, da Gerencia de Atendimento ao Trabalhador,
da Diretoria de Atendimento ao Trabalhador e ao Empregador, da Subsecretaria de Emprego, da
Secretaria de Trabalho e Direitos Humanos do Distrito Federal"
44,Nomeação, ANA LUCIA ARAUJO SABOIA,nan,nan,nan,DFG-, Chefe de Agencia Publica de Emprego e Cidadania,"Gerencia de Atendimento ao Traba-
lhador, da Diretoria de Atendimento ao Trabalhador e ao Empregador, da Subsecretaria de Empre-
go",Secretaria de Trabalho e Direitos Humanos do Distrito Federal,"NOMEAR ANA LUCIA ARAUJO SABOIA para exercer o cargo em comissao, simbolo DFG-
09, de Chefe de Agencia Publica de Emprego e Cidadania, da Gerencia de Atendimento ao Traba-
lhador, da Diretoria de Atendimento ao Trabalhador e ao Empregador, da Subsecretaria de Empre-
go, da Secretaria de Trabalho e Direitos Humanos do Distrito Federal"
45,Nomeação, MAURINO JOSE COIMBRA,nan,nan,nan,DFG-09, Chefe de Agencia Publica de Emprego e Cidadania,"Gerencia de Atendimento ao Trabalha-
dor, da Diretoria de Atendimento ao Trabalhador e ao Empregador, da Subsecretaria de Emprego",Secretaria de Trabalho e Direitos Humanos do Distrito Federal,"NOMEAR MAURINO JOSE COIMBRA para exercer o cargo em comissao, simbolo DFG-09,
de Chefe de Agencia Publica de Emprego e Cidadania, da Gerencia de Atendimento ao Trabalha-
dor, da Diretoria de Atendimento ao Trabalhador e ao Empregador, da Subsecretaria de Emprego,
da Secretaria de Trabalho e Direitos Humanos do Distrito Federal"
46,Nomeação, DIVINO NASCIMENTO JUNIOR,nan,nan,nan,DFG-09, Chefe de Agencia Publica de Emprego e Cidadania,"Gerencia de Atendimento ao
Trabalhador, da Diretoria de Atendimento ao Trabalhador e ao Empregador, da Subsecretaria de
Emprego",Secretaria de Trabalho e Direitos Humanos do Distrito Federal,"NOMEAR DIVINO NASCIMENTO JUNIOR para exercer o cargo em comissao, simbolo
DFG-09, de Chefe de Agencia Publica de Emprego e Cidadania, da Gerencia de Atendimento ao
Trabalhador, da Diretoria de Atendimento ao Trabalhador e ao Empregador, da Subsecretaria de
Emprego, da Secretaria de Trabalho e Direitos Humanos do Distrito Federal"
47,Nomeação, MARIA MADALENA PAIVA DA COSTA,nan,nan,nan,DFG-09, Chefe de Agencia Publica de Emprego e Cidadania,"Gerencia de Atendi-
mento ao Trabalhador, da Diretoria de Atendimento ao Trabalhador e ao Empregador, da Subse-
cretaria de Emprego",Secretaria de Trabalho e Direitos Humanos do Distrito Federal,"NOMEAR MARIA MADALENA PAIVA DA COSTA para exercer o cargo em comissao,
simbolo DFG-09, de Chefe de Agencia Publica de Emprego e Cidadania, da Gerencia de Atendi-
mento ao Trabalhador, da Diretoria de Atendimento ao Trabalhador e ao Empregador, da Subse-
cretaria de Emprego, da Secretaria de Trabalho e Direitos Humanos do Distrito Federal"
48,Nomeação, VERA MARIA GUIMARAES DE SOUSA LEITE,nan,nan,nan,DFG-09, Chefe de Agencia Publica de Emprego e Cidadania,"Gerencia de
Atendimento ao Trabalhador, da Diretoria de Atendimento ao Trabalhador e ao Empregador, da
Subsecretaria de Emprego",Secretaria de Trabalho e Direitos Humanos do Distrito Federal,"NOMEAR VERA MARIA GUIMARAES DE SOUSA LEITE para exercer o cargo em comis-
sao, simbolo DFG-09, de Chefe de Agencia Publica de Emprego e Cidadania, da Gerencia de
Atendimento ao Trabalhador, da Diretoria de Atendimento ao Trabalhador e ao Empregador, da
Subsecretaria de Emprego, da Secretaria de Trabalho e Direitos Humanos do Distrito Federal"
49,Nomeação, EDNA MARIA RODRIGUES LEMES,nan,nan,nan,DFG-09, Chefe de Agencia Publica de Emprego e Cidadania,"Gerencia de Atendimento ao
Trabalhador, da Diretoria de Atendimento ao Trabalhador e ao Empregador, da Subsecretaria de
Emprego",Secretaria de Trabalho e Direitos Humanos do Distrito Federal,"NOMEAR EDNA MARIA RODRIGUES LEMES para exercer o cargo em comissao, simbolo
DFG-09, de Chefe de Agencia Publica de Emprego e Cidadania, da Gerencia de Atendimento ao
Trabalhador, da Diretoria de Atendimento ao Trabalhador e ao Empregador, da Subsecretaria de
Emprego, da Secretaria de Trabalho e Direitos Humanos do Distrito Federal"
50,Nomeação, CARITAS FERNANDA GONCALVES DA ROCHA,nan,nan,nan,DFG-09, Chefe de Agencia Publica de Emprego e Cidadania,"Gerencia de
Atendimento ao Trabalhador, da Diretoria de Atendimento ao Trabalhador e ao Empregador, da
Subsecretaria de Emprego",Secretaria de Trabalho e Direitos Humanos do Distrito Federal,"NOMEAR CARITAS FERNANDA GONCALVES DA ROCHA para exercer o cargo em co-
missao, simbolo DFG-09, de Chefe de Agencia Publica de Emprego e Cidadania, da Gerencia de
Atendimento ao Trabalhador, da Diretoria de Atendimento ao Trabalhador e ao Empregador, da
Subsecretaria de Emprego, da Secretaria de Trabalho e Direitos Humanos do Distrito Federal"
51,Nomeação, ROSIRENE ALVES DOMINGOS,nan,nan,nan,DFG-, Chefe de Agencia Publica de Emprego e Cidadania,"Gerencia de Atendimento ao Traba-
lhador, da Diretoria de Atendimento ao Trabalhador e ao Empregador, da Subsecretaria de Empre-
go",Secretaria de Trabalho e Direitos Humanos do Distrito Federal,"NOMEAR ROSIRENE ALVES DOMINGOS para exercer o cargo em comissao, simbolo DFG-
09, de Chefe de Agencia Publica de Emprego e Cidadania, da Gerencia de Atendimento ao Traba-
lhador, da Diretoria de Atendimento ao Trabalhador e ao Empregador, da Subsecretaria de Empre-
go, da Secretaria de Trabalho e Direitos Humanos do Distrito Federal"
52,Nomeação, AMERICA BEZERRA DA SILVA,nan,nan,nan,DFG-, Chefe de Agencia Publica de Emprego e Cidadania,"Gerencia de Atendimento ao Traba- lhador, da Diretoria de Atendimento ao Trabalhador e ao Empregador, da Subsecretaria de Empre-
go",Secretaria de Trabalho e Direitos Humanos do Distrito Federal,"NOMEAR AMERICA BEZERRA DA SILVA para exercer o cargo em comissao, simbolo DFG-
09, de Chefe de Agencia Publica de Emprego e Cidadania, da Gerencia de Atendimento ao Traba- lhador, da Diretoria de Atendimento ao Trabalhador e ao Empregador, da Subsecretaria de Empre-
go, da Secretaria de Trabalho e Direitos Humanos do Distrito Federal"
53,Nomeação, JENILDO MONTEIRO DOS SANTOS,nan,nan,nan,DFA-06, Assistente de Agencia Publica de Emprego e Cidadania,"Gerencia de Atendimento
ao Trabalhador, da Diretoria de Atendimento ao Trabalhador e ao Empregador, da Subsecretaria
de Emprego","Subsecretaria
de Emprego,  da Secretaria de Trabalho e Direitos Humanos do Distrito Federal","NOMEAR JENILDO MONTEIRO DOS SANTOS para exercer o cargo em comissao, simbolo
DFA-06, de Assistente de Agencia Publica de Emprego e Cidadania, da Gerencia de Atendimento
ao Trabalhador, da Diretoria de Atendimento ao Trabalhador e ao Empregador, da Subsecretaria
de Emprego,  da Secretaria de Trabalho e Direitos Humanos do Distrito Federal"
54,Nomeação, SUELI DA SILVA PINHEIRO,nan,nan,nan,DFG-05, Chefe da Secao de Arquivo Tecnico da Divisao Regional de Exame,nan,nan,"NOMEAR SUELI DA SILVA PINHEIRO para exercer o cargo em comissao, simbolo DFG-05,
de Chefe da Secao de Arquivo Tecnico da Divisao Regional de Exame, Aprovacao e Elaboracao de
Projetos, da Administracao Regional de Ceilandia"
55,Nomeação, MARIA ANGELA DOS SANTOS,nan,nan,nan,DFA-, Secretario Administrativo,"Gerencia de Atendimento ao Trabalhador, da Diretoria de
Atendimento ao Trabalhador e ao Empregador, da Subsecretaria de Emprego","Secretaria de
Trabalho e Direitos Humanos do Distrito Federal","NOMEAR MARIA ANGELA DOS SANTOS para exercer o cargo em comissao, simbolo DFA-
05, de Secretario Administrativo, da Gerencia de Atendimento ao Trabalhador, da Diretoria de
Atendimento ao Trabalhador e ao Empregador, da Subsecretaria de Emprego, da Secretaria de
Trabalho e Direitos Humanos do Distrito Federal"
56,Nomeação, ILDENILDA DE OLIVEIRA SILVA,nan,nan,nan,DFA-07, Assistente da Gerencia de Estudos e Pesquisas,"Diretoria de Informacao e Plane-
jamento",Secretaria de Trabalho e Direitos Humanos,"NOMEAR ILDENILDA DE OLIVEIRA SILVA para exercer o cargo em comissao, simbolo
DFA-07, de Assistente da Gerencia de Estudos e Pesquisas, da Diretoria de Informacao e Plane-
jamento, da Secretaria de Trabalho e Direitos Humanos"
57,Nomeação, WALDIR DE PAULA DE JESUS,nan,nan,nan,DFG-, Chefe de Agencia Publica de Emprego e Cidadania,"Gerencia de Atendimento ao Traba-
lhador da Diretoria de Atendimento ao Trabalhador e ao Empregador da Subsecretaria de Empre-
go e Renda",Secretaria de Trabalho e Direitos Humanos do Distrito Federal,"NOMEAR WALDIR DE PAULA DE JESUS para exercer o cargo em comissao, simbolo DFG-
09, de Chefe de Agencia Publica de Emprego e Cidadania, da Gerencia de Atendimento ao Traba-
lhador da Diretoria de Atendimento ao Trabalhador e ao Empregador da Subsecretaria de Empre-
go e Renda, da Secretaria de Trabalho e Direitos Humanos do Distrito Federal"
58,Nomeação, CELEIDA GONCALVES,nan,nan,nan,DFG-06,"
Assistente da Agencia Publica de Emprego e Cidadania","Diretoria de Atendimento ao Trabalhador e ao Empregador, da Subsecretaria",Secretaria de Trabalho e Direitos Humanos do Distrito Federal,"NOMEAR CELEIDA GONCALVES para exercer o cargo em comissao, simbolo DFG-06, de
Assistente da Agencia Publica de Emprego e Cidadania,  da Gerencia de Atendimento ao Traba-
lhador, da Diretoria de Atendimento ao Trabalhador e ao Empregador, da Subsecretaria, da
Secretaria de Trabalho e Direitos Humanos do Distrito Federal"
59,Nomeação, BRAZ LUIZ ANDRADE SAMPAIO,nan,nan,nan,DFG-09, Chefe de Agencia Publica de Emprego e Cidadania,"Gerencia de Atendimento ao
Trabalhador da Diretoria de Atendimento ao Trabalhador e ao Empregador, da Subsecretaria de
Emprego",Secretaria de Trabalho e Direitos Humanos do Distrito Federal,"NOMEAR BRAZ LUIZ ANDRADE SAMPAIO para exercer o cargo em comissao, simbolo
DFG-09, de Chefe de Agencia Publica de Emprego e Cidadania, da Gerencia de Atendimento ao
Trabalhador da Diretoria de Atendimento ao Trabalhador e ao Empregador, da Subsecretaria de
Emprego, da Secretaria de Trabalho e Direitos Humanos do Distrito Federal"
60,Nomeação, EDNA PEREIRA DOS SANTOS DE ALMEIDA,nan,nan,nan,DFA-06, Assistente de Agencia Publica de Emprego e Cidadania,"Gerencia de
Atendimento ao Trabalhador da Diretoria de Atendimento ao Trabalhador e ao Empregador,  da
Subsecretaria de Emprego",Secretaria de Trabalho e Direitos Humanos do Distrito Federal,"NOMEAR EDNA PEREIRA DOS SANTOS DE ALMEIDA para exercer o cargo em comissao,
simbolo DFA-06, de Assistente de Agencia Publica de Emprego e Cidadania, da Gerencia de
Atendimento ao Trabalhador da Diretoria de Atendimento ao Trabalhador e ao Empregador,  da
Subsecretaria de Emprego, da Secretaria de Trabalho e Direitos Humanos do Distrito Federal"
61,Nomeação, EDNA KINOSHITA,nan,nan,nan,DFG-12," Gerente
de Suporte Operacional","Diretoria de Desenvolvimento Profissional, da Subsecretaria de
Emprego",Secretaria de Trabalho e Direitos Humanos do Distrito Federal,"NOMEAR EDNA KINOSHITA para exercer o cargo em comissao, simbolo DFG-12, de Gerente
de Suporte Operacional, da Diretoria de Desenvolvimento Profissional, da Subsecretaria de
Emprego, da Secretaria de Trabalho e Direitos Humanos do Distrito Federal"
62,Nomeação, GILDO ANTONIO PEDROSO,nan,nan,nan,DFA-07, Assistente Tecnico de Credito,"Gerencia de Credito Assistido, da Diretoria de Ocupacao e
Renda, da Subsecretaria de Promocao Humana","Secretaria de Trabalho e Direitos Humanos do
Distrito Federal","NOMEAR GILDO ANTONIO PEDROSO para exercer o cargo em comissao, simbolo DFA-07,
de Assistente Tecnico de Credito, da Gerencia de Credito Assistido, da Diretoria de Ocupacao e
Renda, da Subsecretaria de Promocao Humana, da Secretaria de Trabalho e Direitos Humanos do
Distrito Federal"
63,Nomeação, MARIA RIBAMAR FURTADO CAPELONI,nan,nan,nan,DFA-07, Assistente Tecnico de Credito,"Gerencia de Credito Assistido, da Direto-
ria de Ocupacao e Renda, da Subsecretaria de Promocao Humana, da Secretaria de Trabalho e
Direitos Humanos do Distrito Federal EXONERAR DALVA IRIS ROCHA LOBO do cargo em comissao, simbolo DFA-07 de Assis-
tente da Gerencia de Credito Assistido, da Diretoria Desenvolvimento Empresarial,  da Subsecre-
taria de Emprego e Renda, da Secretaria de Trabalho e Direitos Humanos do Distrito Federal","Secretaria de Trabalho e Direitos Humanos do Distrito Federal, por
extincao do cargo","NOMEAR MARIA RIBAMAR FURTADO CAPELONI para exercer o cargo em comissao,
simbolo DFA-07, de Assistente Tecnico de Credito, da Gerencia de Credito Assistido, da Direto-
ria de Ocupacao e Renda, da Subsecretaria de Promocao Humana, da Secretaria de Trabalho e
Direitos Humanos do Distrito Federal EXONERAR DALVA IRIS ROCHA LOBO do cargo em comissao, simbolo DFA-07 de Assis-
tente da Gerencia de Credito Assistido, da Diretoria Desenvolvimento Empresarial,  da Subsecre-
taria de Emprego e Renda, da Secretaria de Trabalho e Direitos Humanos do Distrito Federal, por
extincao do cargo"
64,Nomeação, DALVA IRIS ROCHA LOBO,nan,nan,nan,DFA-07,"
Assistente Tecnico de Credito","Gerencia de Credito Assistido, da Diretoria de Ocupacao e
Renda, da Subsecretaria de Promocao Humana","Secretaria de Trabalho e Direitos Humanos do
Distrito Federal","NOMEAR DALVA IRIS ROCHA LOBO para exercer o cargo em comissao, simbolo DFA-07, de
Assistente Tecnico de Credito, da Gerencia de Credito Assistido, da Diretoria de Ocupacao e
Renda, da Subsecretaria de Promocao Humana, da Secretaria de Trabalho e Direitos Humanos do
Distrito Federal"
65,Nomeação, MICHEL LUIS GRACIOTTO,nan,nan,nan,DFA-07, Assistente Tecnico de Credito,"Gerencia de Credito Assistido, da Diretoria de Ocupacao e
Renda, da Subsecretaria de Promocao Humana","Secretaria de Trabalho e Direitos Humanos do
Distrito Federal","NOMEAR MICHEL LUIS GRACIOTTO para exercer o cargo em comissao, simbolo DFA-07,
de Assistente Tecnico de Credito, da Gerencia de Credito Assistido, da Diretoria de Ocupacao e
Renda, da Subsecretaria de Promocao Humana, da Secretaria de Trabalho e Direitos Humanos do
Distrito Federal"
66,Nomeação, SCHARLEN ANTUNES DE SOUSA,nan,nan,nan,DFA-07, Assistente Tecnico de Credito,"Gerencia de Credito Assistido, da Diretoria de
Ocupacao e Renda, da Subsecretaria de Promocao Humana","Secretaria de Trabalho e Direitos
Humanos do Distrito Federal","NOMEAR SCHARLEN ANTUNES DE SOUSA para exercer o cargo em comissao, simbolo
DFA-07, de Assistente Tecnico de Credito, da Gerencia de Credito Assistido, da Diretoria de
Ocupacao e Renda, da Subsecretaria de Promocao Humana, da Secretaria de Trabalho e Direitos
Humanos do Distrito Federal"
67,Nomeação, ANTONIA SIQUEIRA DA SILVA,nan,nan,nan,DFA-, Assistente Tecnico de Credito,"Gerencia de Credito Assistido, da Diretoria de Ocupacao
e Renda, da Subsecretaria de Promocao Humana","Secretaria de Trabalho e Direitos Humanos
do Distrito Federal","NOMEAR ANTONIA SIQUEIRA DA SILVA para exercer o cargo em comissao, simbolo DFA-
07, de Assistente Tecnico de Credito, da Gerencia de Credito Assistido, da Diretoria de Ocupacao
e Renda, da Subsecretaria de Promocao Humana, da Secretaria de Trabalho e Direitos Humanos
do Distrito Federal"
68,Nomeação, CARLOS DAVI SILVA MARTINS,nan,nan,nan,DFA-, Assistente Tecnico de Credito,"Gerencia de Credito Assistido, da Diretoria de Ocupacao
e Renda, da Subsecretaria de Promocao Humana","Secretaria de Trabalho e Direitos Humanos
do Distrito Federal","NOMEAR CARLOS DAVI SILVA MARTINS para exercer o cargo em comissao, simbolo DFA-
07, de Assistente Tecnico de Credito, da Gerencia de Credito Assistido, da Diretoria de Ocupacao
e Renda, da Subsecretaria de Promocao Humana, da Secretaria de Trabalho e Direitos Humanos
do Distrito Federal"
69,Nomeação, HEGLISSON BENTO NOVAES,nan,nan,nan,DFA-, Assistente Tecnico de Credito,"Gerencia de Credito Assistido, da Diretoria de Ocupacao
e Renda, da Subsecretaria de Promocao Humana","Secretaria de Trabalho e Direitos Humanos
do Distrito Federal","NOMEAR HEGLISSON BENTO NOVAES para exercer o cargo em comissao, simbolo DFA-
07, de Assistente Tecnico de Credito, da Gerencia de Credito Assistido, da Diretoria de Ocupacao
e Renda, da Subsecretaria de Promocao Humana, da Secretaria de Trabalho e Direitos Humanos
do Distrito Federal"
70,Nomeação, ISABELA DA SILVA CRUZ,nan,nan,nan,DFA-07,"
Assistente Tecnico de Credito","Gerencia de Credito Assistido, da Diretoria de Ocupacao e
Renda, da Subsecretaria de Promocao Humana","Secretaria de Trabalho e Direitos Humanos do
Distrito Federal","NOMEAR ISABELA DA SILVA CRUZ para exercer o cargo em comissao, simbolo DFA-07, de
Assistente Tecnico de Credito, da Gerencia de Credito Assistido, da Diretoria de Ocupacao e
Renda, da Subsecretaria de Promocao Humana, da Secretaria de Trabalho e Direitos Humanos do
Distrito Federal"
71,Nomeação, CRISTIANE MENDES DE OLIVEIRA,nan,nan,nan,DFA-07, Assistente Tecnico de Credito,"Gerencia de Credito Assistido, da Diretoria de
Ocupacao e Renda, da Subsecretaria de Promocao Humana","Secretaria de Trabalho e Direitos
Humanos do Distrito Federal","NOMEAR CRISTIANE MENDES DE OLIVEIRA para exercer o cargo em comissao, simbolo
DFA-07, de Assistente Tecnico de Credito, da Gerencia de Credito Assistido, da Diretoria de
Ocupacao e Renda, da Subsecretaria de Promocao Humana, da Secretaria de Trabalho e Direitos
Humanos do Distrito Federal"
72,Nomeação, SANDRA REGINA DE OLIVEIRA GONCALVES,nan,nan,nan,DFA-07, Assistente Tecnico de Credito,"Gerencia de Credito Assistido, da
Diretoria de Ocupacao e Renda, da Subsecretaria de Promocao Humana","Secretaria de Trabalho
e Direitos Humanos do Distrito Federal","NOMEAR SANDRA REGINA DE OLIVEIRA GONCALVES para exercer o cargo em comis-
sao, simbolo DFA-07, de Assistente Tecnico de Credito, da Gerencia de Credito Assistido, da
Diretoria de Ocupacao e Renda, da Subsecretaria de Promocao Humana, da Secretaria de Trabalho
e Direitos Humanos do Distrito Federal"
73,Nomeação, ANTONIA CLAUDIA DA SILVA,nan,nan,nan,DFA-, Assistente Tecnico de Credito,"Gerencia de Credito Assistido, da Diretoria de Ocupacao
e Renda, da Subsecretaria de Promocao Humana","Secretaria de Trabalho e Direitos Humanos
do Distrito Federal","NOMEAR ANTONIA CLAUDIA DA SILVA para exercer o cargo em comissao, simbolo DFA-
07, de Assistente Tecnico de Credito, da Gerencia de Credito Assistido, da Diretoria de Ocupacao
e Renda, da Subsecretaria de Promocao Humana, da Secretaria de Trabalho e Direitos Humanos
do Distrito Federal"
74,Nomeação, GERMANA ELVIRA DE PAULA BEZERRA,nan,nan,nan,DFA-07, Assistente Tecnico de Credito,"Gerencia de Credito Assistido, da Direto-
ria de Ocupacao e Renda, da Subsecretaria de Promocao Humana","Secretaria de Trabalho e
Direitos Humanos do Distrito Federal","NOMEAR GERMANA ELVIRA DE PAULA BEZERRA para exercer o cargo em comissao,
simbolo DFA-07, de Assistente Tecnico de Credito, da Gerencia de Credito Assistido, da Direto-
ria de Ocupacao e Renda, da Subsecretaria de Promocao Humana, da Secretaria de Trabalho e
Direitos Humanos do Distrito Federal"
75,Nomeação, JOSE MAURO MARTINS,nan,nan,nan,DFA-07,"
Assistente Tecnico de Credito","Gerencia de Credito Assistido, da Diretoria de Ocupacao e
Renda, da Subsecretaria de Promocao Humana","Secretaria de Trabalho e Direitos Humanos do
Distrito Federal","NOMEAR JOSE MAURO MARTINS para exercer o cargo em comissao, simbolo DFA-07, de
Assistente Tecnico de Credito, da Gerencia de Credito Assistido, da Diretoria de Ocupacao e
Renda, da Subsecretaria de Promocao Humana, da Secretaria de Trabalho e Direitos Humanos do
Distrito Federal"
76,Nomeação, MARIZA BARBOSA AZEREDO,nan,nan,nan,DFA-, Assistente Tecnico de Credito,"Diretoria de Ocupa-
cao e Renda, da Subsecretaria de Promocao Humana","Secretaria de Trabalho e Direitos Huma-
nos do Distrito Federal","NOMEAR MARIZA BARBOSA AZEREDO para exercer o cargo em comissao, simbolo DFA-
07, de Assistente Tecnico de Credito,  da Gerencia de Credito Assistido, da Diretoria de Ocupa-
cao e Renda, da Subsecretaria de Promocao Humana, da Secretaria de Trabalho e Direitos Huma-
nos do Distrito Federal"
77,Nomeação, PAULO ROBERTO DE OLIVEIRA,nan,nan,nan,DFA-07, Assistente Tecnico de Credito,"Gerencia de Credito Assistido, da Diretoria de
Ocupacao e Renda, da Subsecretaria de Promocao Humana","Secretaria de Trabalho e Direitos
Humanos do Distrito Federal","NOMEAR PAULO ROBERTO DE OLIVEIRA para exercer o cargo em comissao, simbolo
DFA-07, de Assistente Tecnico de Credito, da Gerencia de Credito Assistido, da Diretoria de
Ocupacao e Renda, da Subsecretaria de Promocao Humana, da Secretaria de Trabalho e Direitos
Humanos do Distrito Federal"
78,Nomeação, VILMA CANDIDO DA SILVA,nan,nan,nan,DFA-07, Assistente Tecnico de Credito,"Gerencia de Credito Assistido, da Diretoria de Ocupacao e
Renda, da Subsecretaria de Promocao Humana","Secretaria de Trabalho e Direitos Humanos do
Distrito Federal","NOMEAR VILMA CANDIDO DA SILVA para exercer o cargo em comissao, simbolo DFA-07,
de Assistente Tecnico de Credito, da Gerencia de Credito Assistido, da Diretoria de Ocupacao e
Renda, da Subsecretaria de Promocao Humana, da Secretaria de Trabalho e Direitos Humanos do
Distrito Federal"
79,Nomeação, MARIA DAS GRACAS GOMES,nan,nan,nan,DFA-, Assistente Tecnico de Credito,"Gerencia de Credito Assistido, da Diretoria de Ocupacao
e Renda, da Subsecretaria de Promocao Humana","Secretaria de Trabalho e Direitos Humanos
do Distrito Federal","NOMEAR MARIA DAS GRACAS GOMES para exercer o cargo em comissao, simbolo DFA-
07, de Assistente Tecnico de Credito, da Gerencia de Credito Assistido, da Diretoria de Ocupacao
e Renda, da Subsecretaria de Promocao Humana, da Secretaria de Trabalho e Direitos Humanos
do Distrito Federal"
80,Nomeação, LILIAN PELLES QUARIGUARI,nan,nan,nan,DFG-, Diretor de Valorizacao e Promocao Humana,Subsecretaria de Promocao Humana,Secretaria de Trabalho e Direitos Humanos do Distrito Federal,"NOMEAR LILIAN PELLES QUARIGUARI para exercer o cargo em comissao, simbolo DFG-
14, de Diretor de Valorizacao e Promocao Humana, da Subsecretaria de Promocao Humana, da
Secretaria de Trabalho e Direitos Humanos do Distrito Federal"
81,Nomeação, CLAUCUF CHAVES DE  SOUZA,nan,nan,nan,DFA-,nan,nan,nan,"NOMEAR CLAUCUF CHAVES DE  SOUZA para exercer o cargo em comissao, simbolo DFA-
13, de Assessor do Gabinete da Secretaria de Trabalho e Direitos Humanos do Distrito Federal"
82,Nomeação, VERA TEREZINHA SILVEIRA DA SILA,para exercer o cargo em comissao,nan,nan,DFG-12,nan,nan,nan,"NOMEAR VERA TEREZINHA SILVEIRA DA SILA, para exercer o cargo em comissao,
simbolo DFG-12, Gerente de Valorizacao do Idoso, da Diretoria de Valorizacao e Promocao
Humana, da Subsecretaria de Promocao Humana, da Secretaria de Trabalho e Direitos Huma-
nos do Distrito Federal"
83,Nomeação, RAFAELA APARECIDA DA SILVA AMARAL,nan,nan,nan,DFA-07, Assistente da Gerencia de Informatica,"Diretoria de Informacao e Plane-
jamento",Secretaria de Trabalho e Direitos Humanos do Distrito Federal,"NOMEAR RAFAELA APARECIDA DA SILVA AMARAL para exercer o cargo em comissao,
simbolo DFA-07, de Assistente da Gerencia de Informatica, da Diretoria de Informacao e Plane-
jamento, da Secretaria de Trabalho e Direitos Humanos do Distrito Federal"
84,Nomeação, JOAQUIM FERNANDO NUNES ARAUJO,nan,nan,nan,DFA-09, Assistente da Gerencia de Analise de Projetos,"Diretoria de Desenvolvi-
mento Profissional, da Subsecretaria de Emprego","Secretaria de Trabalho e Direitos Humanos
do Distrito Federal","NOMEAR JOAQUIM FERNANDO NUNES ARAUJO para exercer o cargo em comissao,
simbolo DFA-09, de Assistente da Gerencia de Analise de Projetos, da Diretoria de Desenvolvi-
mento Profissional, da Subsecretaria de Emprego, da Secretaria de Trabalho e Direitos Humanos
do Distrito Federal"
85,Nomeação, ELIANE MESQUITA MOTA MONTEIRO,nan,nan,nan,DFA-09,nan,nan,nan,"NOMEAR ELIANE MESQUITA MOTA MONTEIRO para exercer o cargo em comissao,
simbolo DFA-09 de Assistente da Gerencia de Analise de Projetos da Diretoria de Desenvolvi-
mento Profissional, da Subsecretaria de Emprego, da Secretaria de Trabalho e Direitos Humanos
do Distrito Federal"
86,Nomeação, ANNA KARINA LEAL ARAUJO,nan,nan,nan,DFA-, Secretario-Administrativo da Diretoria de Desenvolvimento Profissional,"Subsecretaria
de Emprego",Secretaria de Trabalho e Direitos Humanos do Distrito Federal,"NOMEAR ANNA KARINA LEAL ARAUJO para exercer o cargo em comissao, simbolo DFA-
05, de Secretario-Administrativo da Diretoria de Desenvolvimento Profissional, da Subsecretaria
de Emprego, da Secretaria de Trabalho e Direitos Humanos do Distrito Federal"
87,Nomeação, CLAUDIA MARCIA ALCEBIADES DE OLIVEIRA,nan,nan,nan,DFA-01,nan,nan,nan,"NOMEAR CLAUDIA MARCIA ALCEBIADES DE OLIVEIRA para exercer o cargo em
comissao, simbolo DFA-01 de Encarregado do Nucleo Servicos Gerais da Gerencia Adminis-
trativa, da Diretoria de Apoio Operacional, da Secretaria de Trabalho e Direitos Humanos do
Distrito Federal"
88,Nomeação, LUIZ CARLOS TEXEIRA DE CARVALHO,nan,nan,nan,DFA-09, Assistente da Gerencia Analise Projetos,"Diretoria de Desenvolvimento
Profissional, da Subsecretaria de Emprego","Secretaria de Trabalho e Direitos Humanos do
Distrito Federal","NOMEAR LUIZ CARLOS TEXEIRA DE CARVALHO para exercer o cargo em comissao,
simbolo DFA-09, de Assistente da Gerencia Analise Projetos, da Diretoria de Desenvolvimento
Profissional, da Subsecretaria de Emprego, da Secretaria de Trabalho e Direitos Humanos do
Distrito Federal"
89,Nomeação, CINTIA GUIMARAES DE PAIVA,nan,nan,nan,DFA-, Assistente da Gerencia Analise de Projetos,"Diretoria de Desenvolvimento Profissional,
da Subsecretaria de Emprego",Secretaria de Trabalho e Direitos Humanos,"NOMEAR CINTIA GUIMARAES DE PAIVA para exercer o cargo em comissao, simbolo DFA-
09, de Assistente da Gerencia Analise de Projetos, da Diretoria de Desenvolvimento Profissional,
da Subsecretaria de Emprego, da Secretaria de Trabalho e Direitos Humanos"
90,Nomeação, MARIA DO CARMO SOUZA CARVALHO,nan,nan,nan,DFA-09, Assistente da Gerencia Analise de Projetos,"Diretoria de Desenvolvimen-
to Profissional, da Subsecretaria de Emprego","Secretaria de Trabalho e Direitos Humanos do
Distrito Federal","NOMEAR MARIA DO CARMO SOUZA CARVALHO para exercer o cargo em comissao,
simbolo DFA-09, de Assistente da Gerencia Analise de Projetos, da Diretoria de Desenvolvimen-
to Profissional, da Subsecretaria de Emprego, da Secretaria de Trabalho e Direitos Humanos do
Distrito Federal"
91,Nomeação, RAFAEL XAVIER MUNDIM,nan,nan,nan,DFA-09, Assistente da Gerencia Analise de Projetos,"Diretoria de Desenvolvimento Profissional, da
Subsecretaria de Emprego",Secretaria de Trabalho e Direitos Humanos do Distrito Federal,"NOMEAR RAFAEL XAVIER MUNDIM para exercer o cargo em comissao, simbolo DFA-09,
de Assistente da Gerencia Analise de Projetos, da Diretoria de Desenvolvimento Profissional, da
Subsecretaria de Emprego, da Secretaria de Trabalho e Direitos Humanos do Distrito Federal"
92,Nomeação, VICTOR FLAVIO FERNANDES XAVIER,nan,nan,nan,nan,nan,nan,nan,"NOMEAR VICTOR FLAVIO FERNANDES XAVIER para exercer o cargo em comissao, sim-
bolo DFA-09, de Assistente da Gerencia Analise de Projetos, da Diretoria de Desenvolvimento
Profissional, da Subsecretaria de Emprego, da Secretaria de Trabalho e Direitos Humanos do
Distrito Federal"
93,Nomeação, MARCELO HENRIQUE PEREIRA PINTO,nan,nan,nan,DFA-07, Assistente Tecnico de Credito,"Gerencia de Credito Assistido, da Direto-
ria de Ocupacao e Renda, Subsecretaria Promocao Humana","Secretaria de Trabalho e Direitos
Humanos do Distrito Federal","NOMEAR MARCELO HENRIQUE PEREIRA PINTO para exercer o cargo em comissao,
simbolo DFA-07, de Assistente Tecnico de Credito, da Gerencia de Credito Assistido, da Direto-
ria de Ocupacao e Renda, Subsecretaria Promocao Humana, da Secretaria de Trabalho e Direitos
Humanos do Distrito Federal"
94,Nomeação, FLAVIA AUGUSTA MONTEIRO MONTANDON BORGES,nan,nan,nan,DFG-13,  Assessor-Executivo de Atendimento ao Cidadao,nan,nan,"NOMEAR FLAVIA AUGUSTA MONTEIRO MONTANDON BORGES para exercer o cargo
em comissao, simbolo DFG-13, de  Assessor-Executivo de Atendimento ao Cidadao, da Secreta-
ria de Trabalho e Direitos Humanos do Distrito Federal"
95,Nomeação, JAQUELEINO SILVA CAMPOS ALBINO,nan,nan,nan,nan,nan,nan,nan,"NOMEAR JAQUELEINO SILVA CAMPOS ALBINO para exercer o cargo em comissao, sim-
bolo DFA-09, de Assistente, da Gerencia de Planejamento, da Diretoria de Informacao e Planeja-
mento, da Secretaria de Trabalho e Direitos Humanos do Distrito Federal"
96,Nomeação, CLARICE BASILIO DOS SANTOS,nan,nan,nan,DFA-07, Assistente,"Gerencia de Planejamento, da Diretoria de Informacao e Planejamento",Secretaria de Trabalho e Direitos Humanos do Distrito Federal,"NOMEAR CLARICE BASILIO DOS SANTOS para exercer o cargo em comissao, simbolo
DFA-07, de Assistente, da Gerencia de Planejamento, da Diretoria de Informacao e Planejamento,
da Secretaria de Trabalho e Direitos Humanos do Distrito Federal"
97,Nomeação, SHEILA CRISTINA DE MEDEIROS,nan,nan,nan,DFA-09, Assistente,"Gerencia de Analise e Projetos, da Diretoria de Desenvolvimento
Profissional, da Subsecretaria de Emprego","Secretaria de Trabalho e Direitos Humanos do
Distrito Federal","NOMEAR SHEILA CRISTINA DE MEDEIROS para exercer o cargo em comissao, simbolo
DFA-09, de Assistente, da Gerencia de Analise e Projetos, da Diretoria de Desenvolvimento
Profissional, da Subsecretaria de Emprego, da Secretaria de Trabalho e Direitos Humanos do
Distrito Federal"
98,Nomeação, MARIA IVANICE CASSIANO MOURA,nan,nan,nan,nan,nan,nan,nan,"NOMEAR MARIA IVANICE CASSIANO MOURA para exercer o cargo em comissao, simbo-
lo DFA-09, de Assistente, da Gerencia de Estudos e Pesquisas, da Diretoria de Informacao e
Planejamento, da Secretaria de Trabalho e Direitos Humanos do Distrito Federal"
99,Nomeação, ERALDO DA SILVA PEREIRA,nan,nan,nan,DFA-05, Secretario-Administrativo do Gabinete,nan,nan,"NOMEAR ERALDO DA SILVA PEREIRA para exercer o cargo em comissao, simbolo DFA-05,
de Secretario-Administrativo do Gabinete, da Secretaria de Trabalho e Direitos Humanos"
100,Nomeação, DULCE MARIA JABOUR TANNURI,nan,nan,nan,CNE-05,nan,nan,nan,"NOMEAR DULCE MARIA JABOUR TANNURI para exercer o cargo em comissao, simbolo
CNE-05, de Subsecretaria de Promocao Humana"
101,Nomeação, ELAINE APARECIDA DE SOUZA,nan,nan,nan,DFA-05, Secretario-Administrativo,Assessoria de Comunicacao Social,"Secretaria de
Trabalho e Direitos Humanos do Distrito Federal","NOMEAR ELAINE APARECIDA DE SOUZA para exercer o cargo em comissao, simbolo
DFA-05, de Secretario-Administrativo, da Assessoria de Comunicacao Social, da Secretaria de
Trabalho e Direitos Humanos do Distrito Federal"
102,Nomeação, DARCISO MAIA FILHO,nan,nan,nan,DFA-11,"
Assessor",Diretoria de Informacao e Planejamento,"Secretaria de Trabalho e Direitos Huma-
nos do Distrito Federal","NOMEAR DARCISO MAIA FILHO para exercer o cargo em comissao, simbolo DFA-11, de
Assessor, da Diretoria de Informacao e Planejamento, da Secretaria de Trabalho e Direitos Huma-
nos do Distrito Federal"
103,Nomeação, MARIA CECILIA ALBANO CORDEIRO,nan,nan,nan,nan,nan,nan,nan,"NOMEAR MARIA CECILIA ALBANO CORDEIRO para exercer o cargo em comissao, sim-
bolo DFG-14, de Diretor de Ocupacao e Renda, da Subsecretaria de Promocao Humana, da
Secretaria de Trabalho e Direitos Humanos do Distrito Federal"
104,Nomeação, NILCA SILVA CAMPOS,"Assistente Intermediario de Saude I (AOSD  Enferma-
gem)",126.661-6,nan,DFA-03,nan,nan,nan,"NOMEAR NILCA SILVA CAMPOS, Assistente Intermediario de Saude I (AOSD  Enferma-
gem), Matricula no 126.661-6, para exercer o Cargo em Comissao, Simbolo DFA-03, de Secretaria
Administrativa da Diretoria de Estrategia de Saude da Familia da Subsecretaria de Atencao a
Saude da Secretaria de Estado de Saude do Distrito Federal"
105,Nomeação, LENIRA DOS SANTOS  ARAUJO,Carreira de Enfermeiro,139.853-,nan,DFA-03,nan,nan,nan,"NOMEAR LENIRA DOS SANTOS  ARAUJO, Carreira de Enfermeiro, Matricula no 139.853-
9, para exercer o Cargo em Comissao, Simbolo DFA-03, de Supervisora de Enfermagem da
Gerencia de Enfermagem do Hospital Regional do Gama da Secretaria de Estado de Saude do
Distrito Federal"
106,Nomeação, GISELA RIBEIRO BARBOSA,Carreira de Enfermeiro,137.424-9,nan,DFA-03,nan,nan,nan,"NOMEAR GISELA RIBEIRO BARBOSA, Carreira de Enfermeiro, Matricula no 137.424-9,
para exercer o Cargo em Comissao, Simbolo DFA-03, de Supervisora de Enfermagem da
Gerencia de Enfermagem do Hospital Regional de Brazlandia da Secretaria de Estado de
Saude do Distrito Federal"
107,Nomeação, ADRIANA DA SILVA FERNANDES,para exercer o Cargo em Comissao,nan,nan,DFG-08,nan,nan,nan,"NOMEAR ADRIANA DA SILVA FERNANDES, para exercer o Cargo em Comissao, Simbolo
DFG-08, de Chefe do Nucleo de Administracao de Redes da Gerencia de Informatica da Escola
Tecnica de Saude de Brasilia da Fundacao de Ensino e Pesquisa em Ciencias da Saude da Secretaria
de Estado de Saude do Distrito Federal"
108,Nomeação, SIMONE PACHECO DE ALBUQUERQUE LINS," para exercer o Cargo em Comis-
sao",nan,nan,DFG-02,nan,nan,nan,"NOMEAR SIMONE PACHECO DE ALBUQUERQUE LINS,  para exercer o Cargo em Comis-
sao, Simbolo DFG-02, de Chefe de Secretaria Escolar do Jardim de Infancia 304 Norte da Geren-
cia Regional de Ensino do Plano Piloto e do Cruzeiro da Diretoria de Unidades Regionais da
Subsecretaria de Suporte Educacional da Secretaria de Estado de Educacao do Distrito Federal"
109,Nomeação, ADELSON MENDES,nan,67.932-1,nan,DFG-02,nan,nan,nan,"NOMEAR ADELSON MENDES, matricula no 67.932-1, para exercer o Cargo em Comissao,
Simbolo DFG-02, de Chefe de Secretaria Escolar da Escola Classe 306 Norte da Gerencia Regio-
nal de Ensino do Plano Piloto e do Cruzeiro da Diretoria de Unidades Regionais da Subsecretaria
de Suporte Educacional da Secretaria de Estado de Educacao do Distrito Federal"
110,Nomeação, MARILENA OLIVEIRA CORREA,nan,57.539-9,nan,FG-04,nan,nan,nan,"NOMEAR MARILENA OLIVEIRA CORREA, matricula no 57.539-9, para exercer a Funcao
Gratificada, Simbolo FG-04, de Vice-Diretor do Centro de Ensino Fundamental 01 do Lago Norte
da Gerencia Regional de Ensino do Plano Piloto e do Cruzeiro da Diretoria de Unidades Regionais
da Subsecretaria de Suporte Educacional da Secretaria de Estado de Educacao do Distrito Federal"
111,Nomeação, SIMONE DA CONCEICAO MARQUES,nan,29.934-0,nan,DFG-02,nan,nan,nan,"NOMEAR SIMONE DA CONCEICAO MARQUES, matricula no 29.934-0, para exercer o
Cargo em Comissao, Simbolo DFG-02, de Chefe de Secretaria Escolar da Escola Classe 07 de
Ceilandia da Gerencia Regional de Ensino de Ceilandia da Diretoria de Unidades Regionais da
Subsecretaria de Suporte Educacional da Secretaria de Estado de Educacao do Distrito Federal"
112,Nomeação, ANTONIO DE ANCHIETA SOUZA,nan,58.111-9,nan,FG-01,nan,nan,nan,"NOMEAR ANTONIO DE ANCHIETA SOUZA, matricula no 58.111-9, para exercer a Funcao
Gratificada, Simbolo FG-01, de Assistente da Escola Classe 12 de Ceilandia da Gerencia Regional
de Ensino de Ceilandia da Diretoria de Unidades Regionais da Subsecretaria de Suporte Educaci-
onal da Secretaria de Estado de Educacao do Distrito Federal"
113,Nomeação, LUCIA MARIA DA SILVA,nan,44.351-4,nan,FG-01,nan,nan,nan,"NOMEAR LUCIA MARIA DA SILVA, matricula no 44.351-4, para exercer a Funcao Gratifica-
da, Simbolo FG-01, de Assistente da Escola Classe 24 de Ceilandia da Gerencia Regional de
Ensino de Ceilandia da Diretoria de Unidades Regionais da Subsecretaria de Suporte Educacional
da Secretaria de Estado de Educacao do Distrito Federal"
114,Nomeação, JOSE RAIMUNDO SILVA MARTINS,nan,46.306-X,nan,FG-02,nan,nan,nan,"NOMEAR JOSE RAIMUNDO SILVA MARTINS, matricula no 46.306-X, para exercer a Fun-
cao Gratificada, Simbolo FG-02, de Vice-Diretor da Escola Classe 53 de Ceilandia da Gerencia
Regional de Ensino de Ceilandia da Diretoria de Unidades Regionais da Subsecretaria de Suporte
Educacional da Secretaria de Estado de Educacao do Distrito Federal"
115,Nomeação, MEMEI VASCONCELOS VELOSO,nan,43.931-2,nan,DFG-06,nan,nan,nan,"NOMEAR MEMEI VASCONCELOS VELOSO, matricula no 43.931-2, para exercer o Cargo em
Comissao, Simbolo DFG-06, de Chefe de Secretaria Escolar do Centro de Ensino Medio 04 de
Ceilandia da Gerencia Regional de Ensino de Ceilandia da Diretoria de Unidades Regionais da
Subsecretaria de Suporte Educacional da Secretaria de Estado de Educacao do Distrito Federal"
116,Nomeação, MARLON SILVA DOS SANTOS,nan,31.905-8,nan,FG-04,nan,nan,nan,"NOMEAR MARLON SILVA DOS SANTOS, matricula no 31.905-8, para exercer a Funcao
Gratificada, Simbolo FG-04, de Assistente do Centro Interescolar de Linguas de Ceilandia da
Gerencia Regional de Ensino de Ceilandia da Diretoria de Unidades Regionais da Subsecretaria de
Suporte Educacional da Secretaria de Estado de Educacao do Distrito Federal"
117,Nomeação, EDILENA APARECIDA DE ARAUJO,nan,29.112-9,nan,DFG-02,nan,nan,nan,"NOMEAR EDILENA APARECIDA DE ARAUJO, matricula no 29.112-9, para exercer o Cargo
em Comissao, Simbolo DFG-02, de Chefe de Secretaria Escolar da Escola Classe 04 de Planaltina
da Diretoria de Unidades Regionais da Subsecretaria de Suporte Educacional da Secretaria de
Estado de Educacao do Distrito Federal"
118,Nomeação, SILENE APARECIDA DA SILVA,nan,69.099-6,nan,FG-02,nan,nan,nan,"NOMEAR SILENE APARECIDA DA SILVA, matricula no 69.099-6, para exercer a Funcao
Gratificada, Simbolo FG-02, de Vice-Diretor da Escola Classe 16 de Taguatinga da Gerencia
Regional de Ensino de Taguatinga da Diretoria de Unidades Regionais da Subsecretaria de Suporte
Educacional da Secretaria de Estado de Educacao do Distrito Federal"
119,Nomeação, EDRIANE ANDRADE CAMPINA,nan,33.661-0,nan,FG-02,nan,nan,nan,"NOMEAR EDRIANE ANDRADE CAMPINA, matricula no 33.661-0, para exercer a Funcao
Gratificada, Simbolo FG-02, de Assistente do Centro de Ensino Fundamental 14 de Taguatinga da
Gerencia Regional de Ensino de Taguatinga da Diretoria de Unidades Regionais da Subsecretaria
de Suporte Educacional da Secretaria de Estado de Educacao do Distrito Federal"
120,Nomeação, ANA PAULA BERNARDO,para exercer o Cargo em Comissao,nan,nan,DFG-02,nan,nan,nan,"NOMEAR ANA PAULA BERNARDO, para exercer o Cargo em Comissao, Simbolo DFG-02,
de Chefe de Secretaria Escolar da Escola Classe 317 de Samambaia da Gerencia Regional de
Ensino de Samambaia da Diretoria de Unidades Regionais da Subsecretaria de Suporte Educacio-
nal da Secretaria de Estado de Educacao do Distrito Federal"
121,Nomeação, IZAIRA ARRUDA SOARES GARAVELI,nan,37.298-6,nan,FG-04,nan,nan,nan,"NOMEAR IZAIRA ARRUDA SOARES GARAVELI, matricula no 37.298-6, para exercer a
Funcao Gratificada, Simbolo FG-04, de Vice-Diretor do Centro de Ensino Fundamental 120 de
Samambaia da Gerencia Regional de Ensino de Samambaia da Diretoria de Unidades Regionais da
Subsecretaria de Suporte Educacional da Secretaria de Estado de Educacao do Distrito Federal"
122,Nomeação, RODRIGO MARQUES FERNANDES,nan,300.245-4,nan,FG-02,nan,nan,nan,"NOMEAR RODRIGO MARQUES FERNANDES, matricula no 300.245-4, para exercer a Fun-
cao Gratificada, Simbolo FG-02, de Assistente do Centro de Ensino Fundamental 120 de Samam-
baia da Gerencia Regional de Ensino de Samambaia da Diretoria de Unidades Regionais da Subse-
cretaria de Suporte Educacional da Secretaria de Estado de Educacao do Distrito Federal"
123,Nomeação, ALEX RANGEL FROTA ARAUJO,nan,203.861-7,nan,DFG-06,nan,nan,nan,"NOMEAR ALEX RANGEL FROTA ARAUJO, matricula no 203.861-7, para exercer o Cargo
em Comissao, Simbolo DFG-06, de Chefe de Secretaria Escolar do Centro Educacional 123 de
Samambaia da Gerencia Regional de Ensino de Samambaia da Diretoria de Unidades Regionais da
Subsecretaria de Suporte Educacional da Secretaria de Estado de Educacao do Distrito Federal "
124,Nomeação, ROSANA COSTA RIBEIRO,nan,25.500-9,nan,DFG-02,nan,nan,nan,"NOMEAR ROSANA COSTA RIBEIRO, matricula no 25.500-9, para exercer o Cargo em Comis-
sao, Simbolo DFG-02, de Chefe de Secretaria Escolar do Centro de Educacao Infantil 01 do
Paranoa da Gerencia Regional de Ensino do Paranoa da Diretoria de Unidades Regionais da
Subsecretaria de Suporte Educacional da Secretaria de Estado de Educacao do Distrito Federal "
125,Nomeação, TIAGO CARVALHO TEIXEIRA,para exercer o Cargo em Comissao,nan,nan,DFG-06,nan,nan,nan,"NOMEAR TIAGO CARVALHO TEIXEIRA, para exercer o Cargo em Comissao, Simbolo
DFG-06, de Chefe de Secretaria Escolar do Centro de Ensino Medio 404 de Santa Maria da
Gerencia Regional de Ensino de Santa Maria da Diretoria de Unidades Regionais da Subsecretaria
de Suporte Educacional da Secretaria de Estado de Educacao do Distrito Federal"
126,Nomeação, ANTONIA ALVES ALMEIDA SANTOS,nan,138.919-X,nan,DFA-08,nan,nan,nan,"NOMEAR ANTONIA ALVES ALMEIDA SANTOS, Matricula no 138.919-X, para exercer o
Cargo em Comissao, Simbolo DFA-08, de Assistente da Diretoria Regional de Saude do Paranoa
da Secretaria de Estado de Saude do Distrito Federal"
127,Nomeação, ZULENE DE LIMA,para exercer o Cargo em Comissao,nan,nan,DFG-07,nan,nan,nan,"NOMEAR ZULENE DE LIMA, para exercer o Cargo em Comissao, Simbolo DFG-07, de
Gerente de Apoio Operacional da Diretoria Regional de Saude do Paranoa da Secretaria de Estado
de Saude do Distrito Federal"
128,Nomeação, IVANA MORAIS FALCONE DE MELO,Carreira Medica (Clinica Medica),nan,nan,DFG-14,nan,nan,nan,"NOMEAR IVANA MORAIS FALCONE DE MELO, Carreira Medica (Clinica Medica), Matri-
cula no 140.708-2, lotada no Centro de Saude no 08 da Diretoria Regional de Saude de Taguatinga,
para exercer o Cargo em Comissao, Simbolo DFG-14, criado pela Lei no 2.733 de 04 de julho de
2001, publicado no DODF no 128 de 05 de julho de 2001, da Secretaria de Estado de Saude do
Distrito Federal"
129,Nomeação, SANDRO LUIZ DEL PIERO ALMEIDA,"Carreira Medica (Ginecologia e Obstetri-
cia)",140.710-4,nan,DFG-14,nan,nan,nan,"NOMEAR SANDRO LUIZ DEL PIERO ALMEIDA, Carreira Medica (Ginecologia e Obstetri-
cia), Matricula no 140.710-4, lotado no Centro de Saude no 08 da Diretoria Regional de Saude de
Taguatinga, para exercer o Cargo em Comissao, Simbolo DFG-14, criado pela Lei no 2.733 de 04
de julho de 2001, publicado no DODF no 128 de 05 de julho de 2001, da Secretaria de Estado de
Saude do Distrito Federal"
130,Nomeação, ANNY KELLER LOPES BERGAMINI,"Carreira Medica (Ginecologia e Obstetri-
cia)",140.491-1,nan,DFG-14,nan,nan,nan,"NOMEAR ANNY KELLER LOPES BERGAMINI, Carreira Medica (Ginecologia e Obstetri-
cia), Matricula no 140.491-1, lotada no Centro de Saude no 06 da Diretoria Regional de Saude do
Gama, para exercer o Cargo em Comissao, Simbolo DFG-14, criado pela Lei no 2.733 de 04 de
julho de 2001, publicado no DODF no 128 de 05 de julho de 2001, da Secretaria de Estado de
Saude do Distrito Federal"
131,Nomeação, KELLY HELAINE NEVES DE SOUZA BARCELOS,nan,31.907-4,nan,FG-02,nan,nan,nan,"NOMEAR KELLY HELAINE NEVES DE SOUZA BARCELOS, matricula no 31.907-4, para
exercer a Funcao Gratificada, Simbolo FG-02, de Vice-Diretor do Jardim de Infancia 108 Sul da
Gerencia Regional de Ensino do Plano Piloto e do Cruzeiro da Diretoria de Unidades Regionais da
Subsecretaria de Suporte Educacional da Secretaria de Estado de Educacao do Distrito Federal"
132,Nomeação, CLEBER CASIMIRO SILVEIRA,nan,46.580-1,nan,FG-04,nan,nan,nan,"NOMEAR CLEBER CASIMIRO SILVEIRA, matricula no 46.580-1, para exercer a Funcao
Gratificada, Simbolo FG-04, de Assistente do Centro Educacional 02 de Sobradinho da Gerencia
Regional de Ensino de Sobradinho da Diretoria de Unidades Regionais da Subsecretaria de Supor-
te Educacional da Secretaria de Estado de Educacao do Distrito Federal"
133,Nomeação, JOSE PERDIGAO BASTOS NETO,nan,71.794-0,nan,DFG-13,nan,nan,nan,"NOMEAR JOSE PERDIGAO BASTOS NETO, matricula no 71.794-0, para exercer o Cargo em
Comissao, Simbolo DFG-13, de Diretor da Diretoria de Assistencia Escolar da Subsecretaria de
Suporte Educacional da Secretaria de Estado de Educacao do Distrito Federal"
134,Nomeação, HIROMI MIURA,nan,63.629-0,nan,nan,nan,nan,nan,"NOMEAR HIROMI MIURA, matricula no 63.629-0, para exercer o Cargo em Comissao, Sim-
bolo DFG-11 de Gerente de Promocao de Eventos da Diretoria de Assistencia Escolar da Subse-
cretaria de Suporte Educacional da Secretaria de Estado de Educacao do Distrito Federal"
135,Nomeação, NEIDE SANTOS DE ASSUNCAO,nan,63.410-7,nan,DFA-08,nan,nan,nan,"NOMEAR NEIDE SANTOS DE ASSUNCAO, matricula no 63.410-7, para exercer o Cargo em
Comissao, Simbolo DFA-08 de Assistente da Diretoria de Assistencia Escolar da Subsecretaria de
Suporte Educacional da Secretaria de Estado de Educacao do Distrito Federal"
136,Nomeação, ANA ANGELICA CURADO PELLICANO,nan,20.146-4,nan,DFA-05,nan,nan,nan,"NOMEAR ANA ANGELICA CURADO PELLICANO, matricula no 20.146-4, para exercer
o Cargo em Comissao, Simbolo DFA-05, de Secretario Administrativo da Diretoria de Assis-
tencia Escolar da Subsecretaria de Suporte Educacional da Secretaria de Estado de Educacao
do Distrito Federal"
137,Nomeação, DIRNEI ARNO FERREIRA,nan,78.450-8,nan,FG-04,nan,nan,nan,"NOMEAR DIRNEI ARNO FERREIRA, matricula no 78.450-8, para exercer a Funcao Gratifica-
da, Simbolo FG-04, de Assistente do Centro Interescolar de Educacao Fisica da Gerencia de
Desporto Escolar da Diretoria de Apoio Pedagogico da Subsecretaria de Suporte Educacional da
Secretaria de Estado de Educacao do Distrito Federal"
