,Tipo do Ato,Nome do Servidor Substituto,Matrícula do Servidor Substituto,Nome do Servidor a ser Substituido,Matrícula do Servidor a ser SubstituidoCargo,Símbolo do cargo do servidor substituto,Cargo comissionado objeto da substituição,Símbolo do cargo do objeto da substituição,Símbolo do cargo comissionado objeto da substituição,Hierarquia da Lotação,Órgão,Data Inicial da Vigência,Data Final de Vigência,Matrícula SIAPE,Motivo,text
0,Substituição de Funções, o servidor LUIZ RODRIGUES DOS SANTOS,95.655-4,MARTA CLERIA LIMA,"95.163-
3",Simbolo DFG-10,DFG-08,nan,,nan,nan,nan,nan,nan,nan,"Designar o servidor LUIZ RODRIGUES DOS SANTOS, matricula no 95.655-4, Assistente do
Nucleo de Cadastro e Producao de Eventos, Simbolo DFG-08, da Agencia de Desenvolvimento
do Turismo do Distrito Federal, para substituir MARTA CLERIA LIMA, matricula no 95.163-
3, Simbolo DFG-10, do cargo em comissao de Chefe do Nucleo de Apoio de Material, da Agencia
de Desenvolvimento do Turismo do Distrito Federal, por motivo de ferias do titular, no periodo
de 02.01.2002 a  31.01.2002"
1,Substituição de Funções, LEO DOS SANTOS CARDOSO FILHO,44.392-1,ROS,31.103-0,nan,DFG-12,nan,nan,nan,nan,nan,nan,nan,nan,"Designar LEO DOS SANTOS CARDOSO FILHO, matricula no 44.392-1, para substituir ROS-
SANA DE ALMEIDA MESQUITA, matricula no 31.103-0, Gerente, Simbolo DFG-12, da Dire-
toria Geral de Administracao Financeira da Gerencia da Divida Publica da Subsecretaria de Finan-
cas da Secretaria de Fazenda e Planejamento do Distrito Federal, no periodo de 21 de janeiro a 9
de fevereiro de 2002, por motivo de ferias regulamentares"
2,Substituição de Funções, o servidor FERNANDO GONZAGA DE LUNA,nan,nan,nan,nan,nan,nan,nan,nan,nan,nan,nan,nan,nan,"Designar o servidor FERNANDO GONZAGA DE LUNA, matricula 71.952-8.."
3,Substituição de Funções, o servidor FERNANDO GONZAGA DE LUNA,nan,nan,nan,nan,nan,nan,nan,nan,nan,nan,nan,nan,nan,"Designar o servidor FERNANDO GONZAGA DE LUNA, matricula 40.943-X.."
4,Substituição de Funções, os servidores abaixo relacionados para,nan,nan,nan,nan,nan,nan,nan,nan,nan,nan,nan,nan,nan,"Designar os servidores abaixo relacionados para, sob a coordenacao do primeiro, compo-
rem Grupo de Trabalho, com a finalidade de reavaliar e adequar os credenciamentos existentes
junto ao Sistema Unico de Saude  SUS/DF, na area de Terapia Renal Substitutiva: Murilo Damiao Secunho  Chefe do Nucleo de Regulacao de Servicos de Saude/SUPLAN"
5,Substituição de Funções, a servidora Ana Claudia Soares da Costa,nan,nan,nan,nan,nan,nan,nan,nan,nan,nan,nan,nan,nan,"Designar a servidora Ana Claudia Soares da Costa, Tecnico de Administracao Publica Ag"
6,Substituição de Funções, a servidora Marcia Aparecida Pereira Mateus,124.488-4,"o Diretor de Gestao de Tecnologia da
Informacao da Subsecretaria de Planejamento e Politicas de Saude da Secretaria de Estado de
Saude do Distrito Federal",nan,nan,DFG-13,nan,nan,nan,nan,nan,nan,nan,nan,"Designar a servidora Marcia Aparecida Pereira Mateus, Assistente Superior de Saude (Analista
de Sistemas), Matricula no 124.488-4, para substituir o Diretor de Gestao de Tecnologia da
Informacao da Subsecretaria de Planejamento e Politicas de Saude da Secretaria de Estado de
Saude do Distrito Federal, Simbolo DFG-13, no periodo de 16 de janeiro a 15 de abril de 2002,
por motivo de licenca especial"
7,Substituição de Funções,  a servidora Vitoria Elizabeth Sampaio Bastos,126.220-3,a servidora Sonia M,nan,nan,DFG,nan,nan,nan,nan,nan,nan,nan,nan,"DESIGNAR  a servidora Vitoria Elizabeth Sampaio Bastos, ASS - Nutricionista, Matricula:
123.931-7, para substituir a servidora Sonia M.a Alves Xisto, Matricula 126.220-3, Chefe do
Nucleo de Nutricao e Dietetica da Direcao Regional de Saude da Asa Norte, simbolo DFG - 05, no
periodo de 01 a 31 de marco de 2002, por motivo de Licenca Premio, conforme MEMO N.o 209/
2001-NND/HRAN"
8,Substituição de Funções,  o servidor Marcelo Nunes de Oliveira,121.164-1,a servidora Joana Darc Carvalho Rodrigues,nan,Chefe do Nucleo de Protocolo e Documentacao Administrativa,DFG,nan,nan,nan,nan,nan,nan,nan,nan,"DESIGNAR  o servidor Marcelo Nunes de Oliveira, AIS - Agente Administrativo, Matricula:
135.008-0, para substituir a servidora Joana Darc Carvalho Rodrigues, Matricula 121.164-1,
Chefe do Nucleo de Protocolo e Documentacao Administrativa, da Direcao Regional de Saude da
Asa Norte, simbolo DFG - 04, no periodo de18 de fevereiro a 04 de marco de 2002, por motivo de ferias, conforme MEMO N.o 007/2002-NPDA/HRAN"
9,Substituição de Funções,  a servidora Danielle Carvalho Fernandes de Araujo,134.652-0,a servidora Josiane Gomes,nan,"Chefe do
Nucleo de Apoio Operacional do CSB-15",DFG,nan,nan,nan,nan,nan,nan,nan,nan,"DESIGNAR  a servidora Danielle Carvalho Fernandes de Araujo, AIS - Agente Administrativo,
Matricula: 138.924-6, para substituir a servidora Josiane Gomes, Matricula 134.652-0, Chefe do
Nucleo de Apoio Operacional do CSB-15, Direcao Regional de Saude da Asa Norte, simbolo
DFG - 05, no periodo de 04 a 13 de marco de 2002, por motivo de ferias, conforme MEMO N.o
003/2002-CSB-15-V.P"
10,Substituição de Funções,  o servidor Joao Jose Pereira Sobrinho,nan,nan,nan,nan,DFG,nan,nan,nan,nan,nan,nan,nan,nan,"DESIGNAR  o servidor Joao Jose Pereira Sobrinho, AIS-Motorista, Matricula: 136.348-4 para
substituir, em carater excepcional, o servidor Acrisio Armindo Fernandes de Araujo, Matricula:
113.772-7, Chefe do Nucleo de Transporte, da Gerencia de Apoio Operacional da Direcao
Regional de Saude da Asa Norte, simbolo DFG - 04, no periodo de 07 de janeiro a 05 de fevereiro
de 2002, por motivo de ferias, conforme MEMO N.o 02/2002-GAO/HRAN"
11,Substituição de Funções,  a servidora Sandra de Fatima Goncalves,138.436-8,a servidora Daniela Oliveira Lins,nan,"Chefe do Nucleo de
Regulacao",DFG,nan,nan,nan,nan,nan,nan,nan,nan,"DESIGNAR  a servidora Sandra de Fatima Goncalves, Agente de Portaria, Matricula: 123.013-1,
para substituir a servidora Daniela Oliveira Lins, Matricula 138.436-8, Chefe do Nucleo de
Regulacao, Controle e Avaliacao do CSB-10, da Direcao Regional de Saude da Asa Norte, simbolo
DFG - 04, no periodo de 04 a 13  de marco de 2002, por motivo de ferias, conforme MEMO N.o
003/2002-CSB-1410"
12,Substituição de Funções,  a servidora Valdete de Almeida Brunacci,119.635-9,a servidora Terezinha Angela Ferraz Carneiro,nan,"Chefe do
Nucleo de Enfermagem do CSB-10",DFG,nan,nan,nan,nan,nan,nan,nan,nan,"DESIGNAR  a servidora Valdete de Almeida Brunacci, CE-Enfermeira, Matricula: 132.059-9,
para substituir a servidora Terezinha Angela Ferraz Carneiro, Matricula 119.635-9, Chefe do
Nucleo de Enfermagem do CSB-10, da Direcao Regional de Saude da Asa Norte, simbolo DFG -
05, no periodo de 12 a 26 de marco de 2002, por motivo de ferias, conforme O.I"
13,Substituição de Funções,  a servidora Maristela Campos da Silva,128.608-0,o servidor Edmundo Fraga Oliveira,nan,"Chefe do Nucleo de
Atividades Gerais",DFG,nan,nan,nan,nan,nan,nan,nan,nan,"DESIGNAR  a servidora Maristela Campos da Silva, Agente de Portaria, Matricula: 125.466-9,
para substituir o servidor Edmundo Fraga Oliveira, Matricula 128.608-0, Chefe do Nucleo de
Atividades Gerais, da Gerencia de Apoio Operacional, Direcao Regional de Saude da Asa Norte,
simbolo DFG - 04, no periodo de 11 de marco a 09 de abril de 2002, por motivo de ferias,
conforme MEMO N.o 002/2002-NAG/HRAN"
14,Substituição de Funções,nan,nan,nan,"n.o  126.854-6 e
MARIA IRANI DA SILVA DIAS",nan,nan,nan,nan,nan,nan,nan,nan,nan,nan,"DESIGNAR, os membros da Comissao Regional de Sindicancia, nomeados atraves da Ordem de
servico n.o 70, publicada no DODF de 24.09.99, para sob a presidencia do primeiros e nos seus
impedimentos, sob a do segundo, para comporem Comissao de Sindicancia com a finalidade de
apurar os fatos constantes no processo 275.000.547/2.001, devendo todos os envolvidos serem
notificados de tudo, desde o inicio dos trabalhos, os quais devem ser concluidos dentro de 30
(trinta) dias a partir da data de publicacao do presente ato, com base no paragrafo unico do artigo
145 da Lei 8.112/90 e Instrucao n.o 04/99  FHDF: JOSE ADILSON  BARBOZA, AIS (Auxiliar de Enfermagem), matricula n.o 126.809-1; MARI-
LENE CARVALHO DE SOUZA, AIS (Auxiliar de Enfermagem), matricula n.o  126.854-6 e
MARIA IRANI DA SILVA DIAS, AIS (Auxiliar de Enfermagem), matricula n.o  121.801-8"
15,Substituição de Funções,nan,nan,nan,n.o 84.187-0,nan,DFG-14,nan,nan,nan,nan,nan,nan,nan,nan,"Designar, EDSON CAVALCANTI DOS SANTOS, matricula n.o 80.138-0, para Substi-
tuir SERGIO MESQUITA DE AVILA FILHO, matricula n.o 84.187-0, Diretor  de Ma-
nutencao, Simbolo DFG-14,  da Diretoria  Geral, do Servico de Ajardinamento e Limpeza
Urbana do Distrito Federal, por motivo de ferias regulamentares no periodo de 14/01/
2002 a 12/02/.2002"
16,Substituição de Funções, os servidores,95.542-6,nan,107.872-0 e CYNTHIA DOURADO DE SA,nan,nan,nan,nan,nan,nan,nan,nan,nan,nan,"DESIGNAR os servidores: ANTONIO GALBA DE SOUSA, Assistente da Divisao Regional de
Servicos Publicos, matricula 95.542-6, CARLOS APARECIDO BRITO, Chefe da Secao de
Transportes, matricula 107.872-0 e CYNTHIA DOURADO DE SA, Encarregado da Secao de
Conservacao de Logradouros Publicos, matricula 97.574-5, para sob a presidencia do primeiro e
secretariado pelo segundo, comporem a Comissao de Sindicancia, de acordo com o processo de n.o
142.000.093/2002"
17,Substituição de Funções, o Chefe da Secao de Administracao de Sede,nan,nan,nan,nan,DFG-05,nan,nan,nan,nan,nan,nan,nan,nan,"DESIGNAR o Chefe da Secao de Administracao de Sede, simbolo DFG-05, para acompanhar,
supervisionar e fiscalizar os servicos constantes da Nota de Empenho n.o 001/2002, referente a
atender despesas com custeio das tarifas dos telefones convencionais, na modalidade PABX
Virtual em uso nesta Administracao Regional, no corrente exercicio"
18,Substituição de Funções, o Chefe da Secao de Administracao de Sede,nan,nan,nan,nan,DFG-05,nan,nan,nan,nan,nan,nan,nan,nan,"DESIGNAR o Chefe da Secao de Administracao de Sede, simbolo DFG-05, para acompanhar,
supervisionar e fiscalizar os servicos constantes da Nota de Empenho n.o 002/2002, referente a
atender despesas com custeio das tarifas de prestacao de servicos de acesso a rede de computa-
dores GDF-Net em uso nesta Administracao Regional, no corrente exercicio"
19,Substituição de Funções, o Chefe da Secao de Administracao de Sede,nan,nan,nan,nan,DFG-05,nan,nan,nan,nan,nan,nan,nan,nan,"DESIGNAR o Chefe da Secao de Administracao de Sede, simbolo DFG-05, para acompanhar,
supervisionar e fiscalizar os servicos constantes da Nota de Empenho n.o 003/2002, referente a
atender despesas com custeio das tarifas dos telefones convencionais, nas modalidades DDI e
DDD em uso nesta Administracao Regional, no corrente exercicio"
20,Substituição de Funções, o Chefe da Secao de Administracao de Sede,nan,nan,nan,nan,DFG-05,nan,nan,nan,nan,nan,nan,nan,nan,"DESIGNAR o Chefe da Secao de Administracao de Sede, simbolo DFG-05, para acompa-
nhar, supervisionar e fiscalizar os servicos constantes da Nota de Empenho n.o 004/2002,
referente a atender despesas com custeio das tarifas de energia eletrica dos proprios desta
Administracao Regional, no corrente exercicio"
21,Substituição de Funções, o Chefe da Secao de Administracao de Sede,nan,nan,nan,nan,DFG-05,nan,nan,nan,nan,nan,nan,nan,nan,"DESIGNAR o Chefe da Secao de Administracao de Sede, simbolo DFG-05, para acompanhar,
supervisionar e fiscalizar os servicos constantes da Nota de Empenho n.o 005/2002, referente a
atender despesas com custeio das tarifas de consumo de agua e esgoto dos proprios desta
Administracao Regional, no corrente exercicio"
22,Substituição de Funções, o Chefe da Secao de Documentacao e Comunicacao Administrativa,nan,nan,nan,nan,DFG-05,nan,nan,nan,nan,nan,nan,nan,nan,"DESIGNAR o Chefe da Secao de Documentacao e Comunicacao Administrativa, simbolo
DFG-05, para acompanhar, supervisionar e fiscalizar os servicos constantes da Nota de
Empenho n.o 007/2002, referente a atender despesas com locacao de uma maquina copiadora,
marca MINOLTA, modelo EP 3050, no corrente exercicio"
23,Substituição de Funções, o Chefe do Nucleo de Modernizacao e Informatica,nan,nan,nan,nan,DFG-11,nan,nan,nan,nan,nan,nan,nan,nan,"DESIGNAR o Chefe do Nucleo de Modernizacao e Informatica, simbolo DFG-11, para acompa-
nhar, supervisionar e fiscalizar os servicos constantes da Nota de Empenho n.o 008/2002, referen-
te a atender despesas com contratacao de empresa especializada em servicos de manutencao de
microcomputadores e impressoras, no corrente exercicio"
24,Substituição de Funções, o Chefe do Nucleo de Modernizacao e Informatica,nan,nan,nan,nan,DFG-11,nan,nan,nan,nan,nan,nan,nan,nan,"DESIGNAR o Chefe do Nucleo de Modernizacao e Informatica, simbolo DFG-11, para acompa-
nhar, supervisionar e fiscalizar os servicos constantes da Nota de Empenho n.o 012/2002, referen-
te a atender despesas com locacao de dois microcomputadores, duas impressoras e dois estabili-
zadores para esta Administracao Regional, no corrente exercicio"
25,Substituição de Funções, PAULO JOSE MACHADO CORREA,96.946-X,ETH CORDEIRO DE AGUIAR,96.932-X,"Coordena-
dor",CNE-06,nan,nan,nan,nan,nan,nan,nan,nan,"Designar PAULO JOSE MACHADO CORREA, Procurador do Distrito Federal, matricula no
96.946-X, para substituir ETH CORDEIRO DE AGUIAR, matricula no 96.932-X, Coordena-
dor, Simbolo CNE-06, da Procuradoria-Geral do Distrito Federal, no periodo de 16.01.2002 a
31.01.2002, por motivo do titular estar substituindo a Procuradora-Chefe, da Procuradoria de
Pessoal, da Procuradoria-Geral do Distrito Federal"
26,Substituição de Funções, IEDA MARIA CORREIA,26.690-6,nan,nan,nan,nan,nan,nan,nan,nan,nan,nan,nan,nan,"Designar IEDA MARIA CORREIA, Analista de Financas e Controle, matricula no 26.690-6,
para Executor do Contrato celebrado entre o Distrito Federal, atraves da PROCURADO-
RIA-GERAL e a CONSEL  COMERCIO E SERVICOS TECNICOS, conforme Processo no
020.004.330/2001"
