,tipo,nome,matricula,simbolo,cargo_comissao,lotacao,orgao,vigencia,pedido,cargo_efetivo,siape,motivo,text
0,Exoneração,  GIULLYANA CRISTINA CENTENO DA MATTA E SILVA,nan,nan,nan,nan,nan,nan,a pedido,nan,nan,nan,"EXONERAR, a pedido,  GIULLYANA CRISTINA CENTENO DA MATTA E SILVA, matricu-
la no 93"
1,Exoneração," BRUNO FRANCO LACERDA
MARTINS",no,nan,nan,nan,nan,nan,nan,nan,nan,nan,"EXONERAR, por estar sendo nomeado para outro cargo, BRUNO FRANCO LACERDA
MARTINS, matricula no 107"
2,Exoneração, ADRIANO MEIRELLES PATTI,no,nan,nan,nan,nan,nan,a pedido,nan,nan,nan,"EXONERAR a pedido, ADRIANO MEIRELLES PATTI, matricula no 40"
3,Exoneração, DEVANIR GONCALVES DE OLIVEI,no,nan,nan,nan,nan,nan,nan,nan,nan,nan,"EXONERAR por ter sido nomeado para outro cargo, DEVANIR GONCALVES DE OLIVEI-
RA, Operador de Maquinas Leves/NOVACAP, matricula no 96"
4,Exoneração, AMILTON JORGE DE OLIVEIRA,no,nan,nan,nan,nan,nan,nan,nan,nan,nan,"EXONERAR AMILTON JORGE DE OLIVEIRA, matricula no 106"
5,Exoneração, SEBASTIAO DE OLIVEIRA MENDONCA,no,nan,nan,nan,nan,nan,nan,nan,nan,nan,"EXONERAR SEBASTIAO DE OLIVEIRA MENDONCA, matricula no 105"
6,Exoneração, ANA PAULA RODRIGUES STARLING TAVARES,no,nan,nan,nan,nan,nan,a pedido,nan,nan,nan,"EXONERAR, a pedido, ANA PAULA RODRIGUES STARLING TAVARES, matricula no
108"
7,Exoneração," ALEXANDRE MAGNO MAGALHAES
AZEVEDO",no,nan,nan,nan,nan,nan,nan,nan,nan,nan,"EXONERAR por ter sido indicado para outro cargo, ALEXANDRE MAGNO MAGALHAES
AZEVEDO, matricula no 95"
8,Exoneração, JACQUELENE RODRIGUES DOS SANTOS,no,nan,nan,nan,nan,nan,nan,nan,nan,nan,"EXONERAR JACQUELENE RODRIGUES DOS SANTOS, Auxiliar de Administracao Publi-
ca, matricula no 34"
9,Exoneração, JOAO DE DEUS BARBOSA DA SILVA,no,nan,nan,nan,nan,nan,a pedido,nan,nan,nan,"EXONERAR a pedido, JOAO DE DEUS BARBOSA DA SILVA, matricula no 106"
10,Exoneração, JOSE SANTOS RAMOS,nan,CNE-06,nan,nan,nan,nan,nan,nan,nan,nan,"EXONERAR JOSE SANTOS RAMOS, do Cargo de Natureza Especial Simbolo CNE-06, de
Assessor Especial, da Secretaria de Estado de Coordenacao das Administracoes Regionais do
Distrito Federal"
11,Exoneração, ELAINE ALVES DAS NEVES,nan,DFG-03,nan,nan,nan,nan,nan,nan,nan,nan,"EXONERAR ELAINE ALVES DAS NEVES, do Cargo em Comissao, Simbolo DFG-03, de
Encarregado do Gabinete, da Secretaria de Estado de Coordenacao das Administracoes Regionais
do Distrito Federal"
12,Exoneração, ANDERSON LUIZ SENNA COSTA,nan,DFA-06,nan,nan,nan,nan,nan,nan,nan,nan,"EXONERAR ANDERSON LUIZ SENNA COSTA, do Cargo em Comissao, Simbolo DFA-06
de Assistente da Divisao Regional de Obras, da Administracao Regional de Brasilia, da Secretaria
de Estado de Coordenacao das Administracoes Regionais do Distrito Federal"
13,Exoneração, JORGE ARTUBAL JANSEN VALENTE,no,nan,nan,nan,nan,nan,nan,nan,nan,nan,"EXONERAR JORGE ARTUBAL JANSEN VALENTE, matricula no 106"
14,Exoneração, LUIZ CARLOS ALMEIDA DE JESUS,no,nan,nan,nan,nan,nan,nan,nan,nan,nan,"EXONERAR LUIZ CARLOS ALMEIDA DE JESUS, matricula no 97"
15,Exoneração, YARA QUARESMA PINTO,no,nan,nan,nan,nan,nan,a pedido,nan,nan,nan,"EXONERAR a pedido, YARA QUARESMA PINTO, Bacharel em Direito, matricula no 108"
16,Exoneração, MARIA INEZ SANTANA TORRES,no,nan,nan,nan,nan,nan,a pedido,nan,nan,nan,"EXONERAR a pedido, MARIA INEZ SANTANA TORRES, matricula no 95"
17,Exoneração, AJUNILSON PEREIRA DE CASTRO,no,nan,nan,nan,nan,nan,nan,nan,nan,nan,"EXONERAR AJUNILSON PEREIRA DE CASTRO, matricula no 94"
18,Exoneração, SUELI RODRIGUES DE SOUZA,nan,DFG-05,nan,nan,nan,nan,nan,nan,nan,nan,"EXONERAR SUELI RODRIGUES DE SOUZA, do Cargo em Comissao, Simbolo DFG-05, de
Chefe da Secao de Promocoes, da Divisao Regional de Desporto, Lazer e Turismo, da Adminis-
tracao Regional do Nucleo Bandeirante, da Secretaria de Estado de Coordenacao das Administra-
coes Regionais do Distrito Federal"
