,Tipo do Ato,Nome do Servidor Substituto,Matrícula do Servidor Substituto,Nome do Servidor a ser Substituido,Matrícula do Servidor a ser SubstituidoCargo,Símbolo do cargo do servidor substituto,Cargo comissionado objeto da substituição,Símbolo do cargo do objeto da substituição,Símbolo do cargo comissionado objeto da substituição,Hierarquia da Lotação,Órgão,Data Inicial da Vigência,Data Final de Vigência,Matrícula SIAPE,Motivo,text
0,Substituição de Funções, ANA CLAUDIA MARINHO BRAZ,93.891-2,o Administrador Regional,nan,nan,CNE-04,nan,nan,nan,nan,nan,nan,nan,nan,"DESIGNAR ANA CLAUDIA MARINHO BRAZ, matricula no 93.891-2, Chefe de Gabinete,
para substituir o Administrador Regional, Cargo de Natureza Especial, Simbolo CNE-04, da
Administracao Regional do Cruzeiro, da Secretaria de Estado de Coordenacao das Administra-
coes Regionais do Distrito Federal, no periodo de 01 de fevereiro a 04 de marco de 2002, por
motivo de ferias regulamentares do titular"
1,Substituição de Funções, GEORGEANO TRIGUEIRO FERNANDES,43.686-0,o Administrador Regional,nan,nan,CNE-,nan,nan,nan,nan,nan,nan,nan,nan,"DESIGNAR GEORGEANO TRIGUEIRO FERNANDES, matricula no 43.686-0, Chefe de
Gabinete, para substituir o Administrador Regional, Cargo de Natureza Especial, Simbolo CNE-
04, da Administracao Regional do Recanto das Emas, da Secretaria de Estado de Coordenacao das
Administracoes Regionais do Distrito Federal, no periodo de 01 a 20 de fevereiro de 2002, por
motivo de ferias do titular"
2,Substituição de Funções, JOSE LEOCADIO ASSUNCAO SILVA,41.617-7,nan,nan,nan,DFG-05,nan,nan,nan,"Secretaria de Estado de Coordenacao das Administracoes Regionais do
Distrito Federal",nan,nan,nan,nan,"DESIGNAR JOSE LEOCADIO ASSUNCAO SILVA, matricula no 41.617-7, Auxiliar de Admi-
nistracao Publica, para responder, pelo Cargo em Comissao, Simbolo DFG-05, de Chefe da Secao
de Orcamento e Financas, da Divisao de Administracao Geral, da Administracao Regional do
Recanto das Emas, da Secretaria de Estado de Coordenacao das Administracoes Regionais do
Distrito Federal"
3,Substituição de Funções, VERA LUCIA EUFLOSINA DE FARIA LIRA,100.447-6,o Administrador Regional,nan,nan,CNE-,nan,nan,nan,nan,nan,nan,nan,nan,"DESIGNAR VERA LUCIA EUFLOSINA DE FARIA LIRA, matricula no 100.447-6, Chefe de
Gabinete, para substituir o Administrador Regional, Cargo de Natureza Especial, Simbolo CNE-
04, da Administracao Regional da Candangolandia, da Secretaria de Estado de Coordenacao das
Administracoes Regionais do Distrito Federal, no periodo de 04 a 18 de fevereiro e de 04 a 18 de
marco de 2002, por motivo de ferias regulamentares do titular"
4,Substituição de Funções, os servidores LUCIANA DE OLIVEIRA,24.477-5,nan,nan,nan,nan,nan,nan,nan,nan,nan,nan,nan,nan,"Designar os servidores LUCIANA DE OLIVEIRA, matricula no 24.477-5, CARLOS MAUREL BALBO  4 
RITA MARIA DE C"
5,Substituição de Funções, HERCULES BONIFACIO FERREIRA FILHO,44.110-4,CAIO ABBOTT,42.595-8,Gerente,DFG-12,nan,nan,nan,nan,nan,nan,nan,nan,"Designar HERCULES BONIFACIO FERREIRA FILHO, matricula no 44.110-4, para substituir
CAIO ABBOTT, matricula no 42.595-8, Gerente, Simbolo DFG-12, da Gerencia de Elaboracao e
Acompanhamento do Orcamento da Diretoria de Orcamento da Subsecretaria de Planejamento da
Secretaria de Fazenda e Planejamento do Distrito Federal, no periodo de 28 de janeiro a 6 de
fevereiro de 2002, por motivo de ferias regulamentares"
6,Substituição de Funções, ELOISIO EUSTAQUIO CAMPOS,30.865-X,MARILE,25.866-0,nan,DFG-10,nan,nan,nan,nan,nan,nan,nan,nan,"Designar ELOISIO EUSTAQUIO CAMPOS, matricula no 30.865-X, para substituir MARILE-
NE QUEIROZ SANTIAGO, matricula no 25.866-0, Chefe, Simbolo DFG-10, do Nucleo de
Controle dos Direitos e Obrigacoes da Gerencia de Consolidacao e Orientacao Contabil da Dire-
toria Geral de Contabilidade da Subsecretaria de Financas da Secretaria de Fazenda e Planejamen-
to do Distrito Federal, no periodo de 22 de janeiro a 10 de fevereiro de 2002, por motivo de ferias
regulamentares"
7,Substituição de Funções, SISLENE DE SOUZA DIAS,46.222-5,"REGINALDO
LIMA DE JESUS",35.206-3,Chefe,DFG-11,nan,nan,nan,nan,nan,nan,nan,nan,"Designar SISLENE DE SOUZA DIAS, matricula no 46.222-5, para substituir REGINALDO
LIMA DE JESUS, matricula no 35.206-3, Chefe, Simbolo DFG-11, da Agencia de Atendimento
da Receita - Gama, da Gerencia de Atendimento ao Contribuinte da Subsecretaria da Receita da
Secretaria de Fazenda e Planejamento do Distrito Federal, no periodo de 13 a 22 de fevereiro de
2002, por motivo de ferias regulamentares"
8,Substituição de Funções, MARIA SAMARA AIRES DE ALENCAR LUCAS,46.328-0,nan,46.303-5,nan,DFG-13,nan,nan,nan,nan,nan,nan,nan,nan,"Designar MARIA SAMARA AIRES DE ALENCAR LUCAS, matricula no 46.328-0, para subs-
tituir JOAO BATISTA NEGREIROS BARROSO, matricula no 46.303-5, Gerente, Simbolo
DFG-13, da Gerencia de Atendimento ao Contribuinte da Subsecretaria da Receita da Secretaria
de Fazenda e Planejamento do Distrito Federal, no periodo de 30 de janeiro a 8 de fevereiro de
2002, por motivo de ferias regulamentares"
9,Substituição de Funções,"
a servidora ELIZABETH GONCALVES DE OLIVEIRA",114.096-5,nan,nan,nan,nan,nan,nan,nan,nan,nan,nan,nan,nan,"designar
a servidora ELIZABETH GONCALVES DE OLIVEIRA, Assistente Intermediario de Saude II
(Auxiliar de Enfermagem), Matricula no 114.096-5, para exercer o referido cargo"
10,Substituição de Funções, a servidora Adriana Edver Mello dos S,nan,nan,nan,nan,nan,nan,nan,nan,nan,nan,nan,nan,nan,DESIGNAR a servidora Adriana Edver Mello dos S
11,Substituição de Funções, a servidora Marcia Maria Vaz Baqui Lima,123.639-3,a servidora Sonia da Silva Coelho Michetti,nan,Chefe do Nucleo de Regulacao,DFG,nan,nan,nan,nan,nan,nan,nan,nan,"DESIGNAR a servidora Marcia Maria Vaz Baqui Lima, AIS-Agente Administrativo, Matricula:
360.728-3, para substituir a servidora Sonia da Silva Coelho Michetti, Matricula 123.639-3,
Chefe do Nucleo de Regulacao, Controle e Avaliacao do CSB-12, da Direcao Regional de Saude da
Asa Norte, simbolo DFG - 04, no periodo de 13 a 22 de fevereiro de 2002, por motivo de ferias,
conforme MEMO 002/2002-CSB-12"
12,Substituição de Funções,nan,nan,nan,"n.o  126.854-6;
MARIA IRANI DA SILVA DIAS",nan,nan,nan,nan,nan,nan,nan,nan,nan,nan,"DESIGNAR, os membros da Comissao Regional de Sindicancia, nomeados atraves da Ordem de
servico n.o 70, publicada no DODF de 24.09.99, para sob a presidencia do primeiros e nos seus
impedimentos, sob a do segundo, para comporem Comissao de Sindicancia com a finalidade de
apurar os fatos constantes no processo 275.000.336/2.001, devendo todos os envolvidos serem
notificados de tudo, desde o inicio dos trabalhos, os quais devem ser concluidos dentro de 30
(trinta) dias a partir da data de publicacao do presente ato, com base no paragrafo unico do artigo
145 da Lei 8.112/90 e Instrucao n.o 04/99  FHDF: JOSE ADILSON  BARBOZA, AIS (Auxiliar de Enfermagem), matricula n.o 126.809-1; MARI-
LENE CARVALHO DE SOUZA, AIS (Auxiliar de Enfermagem), matricula n.o  126.854-6;
MARIA IRANI DA SILVA DIAS, AIS (Auxiliar de Enfermagem), matricula n.o  121.801-8 e
EDNA MARIA ALVES DE OLIVEIRA, AIS (Auxiliar de Enfermagem), matricula n.o 126.849-X"
13,Substituição de Funções,nan,nan,nan,"n.o  126.854-6;
MARIA IRANI DA SILVA DIAS",nan,nan,nan,nan,nan,nan,nan,nan,nan,nan,"DESIGNAR, os membros da Comissao Regional de Sindicancia, nomeados atraves da Ordem de
servico n.o 70, publicada no DODF de 24.09.99, para sob a presidencia do primeiros e nos seus
impedimentos, sob a do segundo, para comporem Comissao de Sindicancia com a finalidade de
apurar os fatos constantes no processo 275.000.049/2.002, devendo todos os envolvidos serem
notificados de tudo, desde o inicio dos trabalhos, os quais devem ser concluidos dentro de 30
(trinta) dias a partir da data de publicacao do presente ato, com base no paragrafo unico do artigo
14 da Lei 8.112/90 e Instrucao n.o 04/99  FHDF: JOSE ADILSON  BARBOZA, AIS (Auxiliar de Enfermagem), matricula n.o 126.809-1; MARI-
LENE CARVALHO DE SOUZA, AIS (Auxiliar de Enfermagem), matricula n.o  126.854-6;
MARIA IRANI DA SILVA DIAS, AIS (Auxiliar de Enfermagem), matricula n.o  121.801-8 e
EDNA MARIA ALVES DE OLIVEIRA, AIS (Auxiliar de Enfermagem), matricula n.o 126.849-X"
14,Substituição de Funções, o servidor EULAMPIO RODRIGUES JUNIOR,n.o,CRISTINA HELENA FERNANDES DE OLIVEIRA SEVERINO,"n.o
104.541-5",ocupante do Cargo em Comissao,DFG,nan,nan,nan,"Secretaria de
Estado de Acao Social do Distrito Federal, no periodo de 02 a 14.01.2002, por motivo de ferias
regulamentares da Titular",nan,nan,nan,nan,"Designar o servidor EULAMPIO RODRIGUES JUNIOR, matricula n.o 101.860-4, Odontologo,
para substituir CRISTINA HELENA FERNANDES DE OLIVEIRA SEVERINO, matricula n.o
104.541-5, ocupante do Cargo em Comissao, Simbolo DFG 10, de Chefe do Nucleo de Saude do
Centro de Atendimento Juvenil Especializado, da Diretoria de Assistencia Social, da Secretaria de
Estado de Acao Social do Distrito Federal, no periodo de 02 a 14.01.2002, por motivo de ferias
regulamentares da Titular"
15,Substituição de Funções, o servidor EULAMPIO RODRIGUES JUNIOR,n.o,CRISTINA HELENA FERNANDES DE OLIVEIRA SEVERINO,"n.o
104.541-5",ocupante do Cargo em Comissao,DFG,nan,nan,nan,"Secretaria de
Estado de Acao Social do Distrito Federal, no periodo de 13.02.2002 a 01.03.2002, por motivo de
ferias regulamentares da Titular",nan,nan,nan,nan,"Designar o servidor EULAMPIO RODRIGUES JUNIOR, matricula n.o 101.860-4, Odontologo,
para substituir CRISTINA HELENA FERNANDES DE OLIVEIRA SEVERINO, matricula n.o
104.541-5, ocupante do Cargo em Comissao, Simbolo DFG 10, de Chefe do Nucleo de Saude do
Centro de Atendimento Juvenil Especializado, da Diretoria de Assistencia Social, da Secretaria de
Estado de Acao Social do Distrito Federal, no periodo de 13.02.2002 a 01.03.2002, por motivo de
ferias regulamentares da Titular"
16,Substituição de Funções, a servidora MARISA BUENO BRITO,n.o,VALERIA PINHEIRO,n.o 103.553-3,ocupante do Cargo em Comissao,DFG,nan,nan,nan,"Secretaria de Estado de
Acao Social do Distrito Federal, no periodo de 13 a 27.02.2002, por motivo de ferias regulamen-
tares da Titular",nan,nan,nan,nan,"Designar a servidora MARISA BUENO BRITO, matricula n.o 103.675-0, Assistente Social, para
substituir VALERIA PINHEIRO, matricula n.o 103.553-3, ocupante do Cargo em Comissao,
Simbolo DFG 08, de Chefe do Nucleo Tecnico da Gerencia de Internacao Provisoria do Centro de
Atendimento Juvenil Especializado, da Diretoria de Assistencia Social, da Secretaria de Estado de
Acao Social do Distrito Federal, no periodo de 13 a 27.02.2002, por motivo de ferias regulamen-
tares da Titular"
17,Substituição de Funções, o servidor JOSE DA COSTA PINTO,n.o,PAULO MARTINS DOS SANTOS,n.o 104.539-3,"ocupante do Cargo
em Comissao",DFG,nan,nan,nan,"Secretaria de Estado de Acao
Social do Distrito Federal, no periodo de 01.02.2002 a 02.03.2002, por motivo de ferias
regulamentares do Titular",nan,nan,nan,nan,"Designar o servidor JOSE DA COSTA PINTO, matricula n.o 103.490-1, Agente Social, para
substituir PAULO MARTINS DOS SANTOS, matricula n.o 104.539-3, ocupante do Cargo
em Comissao, Simbolo DFG 10, de Chefe do Nucleo de Seguranca do Centro de Atendimento
Juvenil Especializado, da Diretoria de Assistencia Social, da Secretaria de Estado de Acao
Social do Distrito Federal, no periodo de 01.02.2002 a 02.03.2002, por motivo de ferias
regulamentares do Titular"
18,Substituição de Funções, o servidor HADNAN AZEVEDO MATOS,n.o,OSWALDO BRAZ DE SOUSA,n.o 104.534-2,"ocu-
pante do Cargo em Comissao",DFG,nan,nan,nan,"Secretaria de Estado
de Acao Social do Distrito Federal, no periodo de 01.02.2002 a 02.03.2002, por motivo de ferias
regulamentares do Titular",nan,nan,nan,nan,"Designar o servidor HADNAN AZEVEDO MATOS, matricula n.o 104.463-X, Agente de Rein-
tegracao Social, para substituir OSWALDO BRAZ DE SOUSA, matricula n.o 104.534-2, ocu-
pante do Cargo em Comissao, Simbolo DFG 10, de Gerente de Internacao Provisoria do Centro
de Atendimento Juvenil Especializado, da Diretoria de Assistencia Social, da Secretaria de Estado
de Acao Social do Distrito Federal, no periodo de 01.02.2002 a 02.03.2002, por motivo de ferias
regulamentares do Titular"
19,Substituição de Funções, a servidora KARINA RODRIGUES BRAGA,n.o,MONICA MARQUES DE ALMEIDA,n.o 104.616-0,ocupante do Cargo em Comissao,DFG,nan,nan,nan,"SECRETARIA DE ESTADO DE SAUDE
DO DISTRITO FEDERAL, resolve: Conceder LICENCA-PREMIO por assiduidade, nos termos do Artigo 87 da Lei n 8.112/90,
combinado com a Lei n 221/91, aos servidores abaixo relacionados:                                      Diario Oficial do Distrito Federal
PAGINA   42
No 21, quarta-feira, 30 de janeiro de 2002 de Acao Social do Distrito Federal, no periodo de 04 a 23.02.2002, por motivo de ferias
regulamentares da Titular",nan,nan,nan,nan,"Designar a servidora KARINA RODRIGUES BRAGA, matricula n.o 107.958-1, Assis-
tente, para substituir MONICA MARQUES DE ALMEIDA, matricula n.o 104.616-0,
ocupante do Cargo em Comissao, Simbolo DFG 12, de Gerente do Centro de Desenvol-
vimento Social de Sobradinho, da Diretoria de Assistencia Social, da Secretaria de Estado ORDEM DE SERVICO No 14, DE 24 DE JANEIRO DE 2002 O DIRETOR DA DIRECAO REGIONAL DE SAUDE DO GAMA DA SUBSECRETARIA
DE ATENCAO A SAUDE DA SECRETARIA DE ESTADO DE SAUDE  DO DISTRITO
FEDERAL, no uso das atribuicoes que lhe foram delegadas atraves do inciso II, item 3, alinea b
da Portaria n 11 datada de 11 de setembro de 2000, da SECRETARIA DE ESTADO DE SAUDE
DO DISTRITO FEDERAL, resolve: Conceder LICENCA-PREMIO por assiduidade, nos termos do Artigo 87 da Lei n 8.112/90,
combinado com a Lei n 221/91, aos servidores abaixo relacionados:                                      Diario Oficial do Distrito Federal
PAGINA   42
No 21, quarta-feira, 30 de janeiro de 2002 de Acao Social do Distrito Federal, no periodo de 04 a 23.02.2002, por motivo de ferias
regulamentares da Titular"
20,Substituição de Funções, o servidor RAIMUNDO ALBERTO DUMONT,n.o,MARCOS ANTONIO MAR,n.o 101.912-0,nan,DFG,nan,nan,nan,"Secretaria de Estado de Acao Social do Distrito Federal, no periodo de 04 a 23.02.2002,
por motivo de ferias regulamentares do Titular",nan,nan,nan,nan,"Designar o servidor RAIMUNDO ALBERTO DUMONT, matricula n.o 102.054-4, Assis-
tente Intermediario em Servicos Sociais, para substituir MARCOS ANTONIO MAR-
TINS MARQUES, matricula n.o 101.912-0, ocupante do Cargo em Comissao, Simbolo
DFG 12, de Gerente da Gerencia Administrativa, da Diretoria de Apoio Operacional, da
Secretaria de Estado de Acao Social do Distrito Federal, no periodo de 04 a 23.02.2002,
por motivo de ferias regulamentares do Titular"
21,Substituição de Funções, o servidor VICENTE DE PAULA DA COSTA LIMA,n.o,"LEIDIMAR BARBOSA
DE OLIVEIRA",n.o 101.918-X,ocupante do Cargo em Comissao,DFG,nan,nan,nan,"Secretaria de Estado de Acao Social
do Distrito Federal, no periodo de 18.02.2002 a 04.03.2002, por motivo de ferias regu-
lamentares da Titular",nan,nan,nan,nan,"Designar o servidor VICENTE DE PAULA DA COSTA LIMA, matricula n.o 102.122-2,
Assistente Intermediario em Servicos Sociais, para substituir LEIDIMAR BARBOSA
DE OLIVEIRA, matricula n.o 101.918-X, ocupante do Cargo em Comissao, Simbolo
DFG 09, de Chefe do Nucleo de Execucao Orcamentaria e Acompanhamento, da Geren-
cia Financeira, da Diretoria de Apoio Operacional, da Secretaria de Estado de Acao Social
do Distrito Federal, no periodo de 18.02.2002 a 04.03.2002, por motivo de ferias regu-
lamentares da Titular"
22,Substituição de Funções, o  servidor  LUIZ HUMBERTO BORGES,n.o,nan,nan,nan,nan,nan,nan,nan,nan,nan,nan,nan,nan,"Designar o  servidor  LUIZ HUMBERTO BORGES, matricula n.o 101.826-4, Executor do
Contrato de Comodato de Bens Moveis, celebrado entre o Distrito Federal, por intermedio da
Secretaria de Estado de Acao Social e o SERVICO FEDERAL DE PROCESSAMENTO DE
DADOS - SERPRO, cabendo ao designado as atribuicoes previstas no  artigo 13, inciso II, do
Decreto  n.o 16.098, de 29/11/94, publicado no Diario Oficial do Distrito Federal de 30/11/94, e
demais normas inerentes ao assunto"
23,Substituição de Funções, o servidor MOISES SANTOS ARAUJO,n.o,nan,nan,nan,nan,nan,nan,nan,nan,nan,nan,nan,nan,"Designar o servidor MOISES SANTOS ARAUJO, matricula n.o 92.080-1, para, sem
prejuizo de suas funcoes, atuar como executor do Contrato de Gestao n.o 001/2002,
firmado em 21 de janeiro de 2002, entre o DEPARTAMENTO METROPOLITANO DE
TRANSPORTES URBANOS - DMTU/DF e o INSTITUTO CANDANGO DE SOLI-
DARIEDADE-ICS, competindo-lhe, dentre outras atribuicoes contidas no art"
24,Substituição de Funções, o servidor GILBERTO CARDOSO DA SILVA,92.214-5,o servidor CRISTIANO DALTON MENDES TAVARES,"92.094-
1",no Cargo em Comissao de Gerente,DFG-12,nan,nan,nan,nan,nan,nan,nan,nan,"Designar o servidor GILBERTO CARDOSO DA SILVA, matricula no 92.214-5, para
substituir o servidor CRISTIANO DALTON MENDES TAVARES, matricula no 92.094-
1, no Cargo em Comissao de Gerente, Simbolo DFG-12, da Gerencia de Custos e Tarifas,
da Coordenacao Tecnica, do Departamento Metropolitano de Transportes Urbanos do
Distrito Federal, no periodo de 12/02/2002 a 13/03/2002, por motivo de ferias regula-
mentares do titular"
25,Substituição de Funções, a servidora ELOIZA HELENA FRANCA DE QUEIROZ,55.496-,o servidor GILBERTO CARDOSO DA SILVA,92.214-5,no Cargo em Comissao de Supervisor,DFG-10,nan,nan,nan,nan,nan,nan,nan,nan,"Designar a servidora ELOIZA HELENA FRANCA DE QUEIROZ, matricula no 55.496-
0, para substituir o servidor GILBERTO CARDOSO DA SILVA, matricula no 92.214-5,
no Cargo em Comissao de Supervisor, Simbolo DFG-10, da Gerencia de Custos e Tari-                                                                       Diario Oficial do Distrito Federal
PAGINA   43
No 21, quarta-feira, 30 de janeiro de 2002 fas, da Coordenacao Tecnica, do Departamento Metropolitano de Transportes Urbanos
do Distrito Federal, nos termos do paragrafo 3o, do Art"
26,Substituição de Funções, o servidor,55.636-X,"o
servidor",92.240-4,nan,DFG-12,nan,nan,nan,nan,nan,nan,nan,nan,"Designar o servidor, ONOFRE CARLOS DE LIMA, matricula no 55.636-X, para substituir o
servidor, JOSE FURTADO PEREIRA, matricula no 92.240-4, no Cargo em Comissao de Geren-
te, Simbolo DFG-12, da Gerencia de Orcamento e Financas, da Coordenacao Administrativo-
Financeira, do Departamento Metropolitano de Transportes Urbanos do Distrito Federal, nos
termos do paragrafo 3o, do Art"
27,Substituição de Funções, o servidor,92.228-5,"o
servidor RONY TERUEL SARAIVA",92.012-6,"no Cargo em Comissao de
Gerente",DFG-12,nan,nan,nan,nan,nan,nan,nan,nan,"Designar o servidor, CARLOS SILVESTRIN, matricula no 92.228-5, para substituir o
servidor RONY TERUEL SARAIVA, matricula no 92.012-6, no Cargo em Comissao de
Gerente, Simbolo DFG-12, da Gerencia de Administracao, da Coordenacao Administrati-
vo-Financeira, do Departamento Metropolitano de Transportes Urbanos do Distrito Fe-
deral, nos termos do paragrafo 3o, do Art"
28,Substituição de Funções, o Perito Criminal JOSE HUMBERTO FERREIRA,39.273-1,o Perito Criminal FERNANDO PUTTINI C,nan,nan,nan,nan,nan,nan,nan,nan,nan,nan,nan,"Designar o Perito Criminal JOSE HUMBERTO FERREIRA, matricula no 39.273-1,
para substituir o Perito Criminal FERNANDO PUTTINI C"
29,Substituição de Funções, o Agente de Policia MOISES VICTORIANO DE SOUZA,37.640-X,o Agente de Policia SCHELDON SILVA CARDOSO,nan,nan,DFG-05,nan,nan,nan,nan,nan,nan,nan,nan,"Designar o Agente de Policia MOISES VICTORIANO DE SOUZA, matricula no
37.640-X, para substituir o Agente de Policia SCHELDON SILVA CARDOSO, matricu-
la no 36.994-2, Chefe de Setor de Protocolo e Atendimento ao Publico, da Divisao Admi-
nistrativa/DPT/PCDF, Simbolo DFG-05, por motivo de ferias regulamentares, no peri-
odo de 10.01"
30,Substituição de Funções, a Agente de Policia SOLANGE ROCHA DE BRITO,57.443-0,o Agente de Policia JOAO FERREIRA DE PADUA,24.328-0,"Chefe da
Secao de Administracao/DOE/DEPATE",DFG-08,nan,nan,nan,nan,nan,nan,nan,nan,"Designar a Agente de Policia SOLANGE ROCHA DE BRITO, matricula no 57.443-0, para
substituir o Agente de Policia JOAO FERREIRA DE PADUA, matricula no 24.328-0, Chefe da
Secao de Administracao/DOE/DEPATE, Simbolo DFG-08, por motivo de ferias regulamentares,
no periodo de 10.01"
31,Substituição de Funções, o Perito Criminal SILVIO KYOJI ENDO,27.137-3,"o
Perito Criminal ROBSON SANTORO",39.547-1,"Diretor da Divisao Administrati-
va/IC/DPT/PCDF",DFG-11,nan,nan,nan,nan,nan,nan,nan,nan,"Designar o Perito Criminal SILVIO KYOJI ENDO, matricula no 27.137-3, para substituir o
Perito Criminal ROBSON SANTORO, matricula no 39.547-1, Diretor da Divisao Administrati-
va/IC/DPT/PCDF, Simbolo DFG-11, por motivo de ferias regulamentares, no periodo de 10.01"
32,Substituição de Funções, o Agente de Policia GILMAR JULIAO NETO,24.277-2,nan,27.635-9,nan,DFG-08,nan,nan,nan,nan,nan,nan,nan,nan,"Designar o Agente de Policia GILMAR JULIAO NETO, matricula no 24.277-2, para substi-
tuir o Agente de Policia ODILON ALVES DA SILVA FILHO, matricula no 27.635-9, Chefe da
Secao de Roubos Diversos/DRR/DPE/PCDF, Simbolo DFG-08, por motivo de ferias regulamen-
tares, no periodo de 13.02"
33,Substituição de Funções, o Delegado de Policia EMERSON CANDIDO DOS SANTOS,24.094-,o Delegado de Policia ANTONIO MANOEL DE JESUS,"23.608-
X",Delegado-Chefe da 23a DP/DPC/PCDF,DFG-14,nan,nan,nan,nan,nan,nan,nan,nan,"Designar o Delegado de Policia EMERSON CANDIDO DOS SANTOS, matricula no 24.094-
X, para substituir o Delegado de Policia ANTONIO MANOEL DE JESUS, matricula no 23.608-
X, Delegado-Chefe da 23a DP/DPC/PCDF, Simbolo DFG-14, por motivo de ferias regulamenta-
res, no periodo de 13.02 a 14.03.2002"
34,Substituição de Funções, o Agente de Policia ALMEZIR NUNES DE SOUZA,37.362-1,o Agente de Policia LAMARTINE MEDEIROS DA SILVA,35.364-7,Chefe da Secao de Delitos de Transito/23a DP/PCDF,DFG-08,nan,nan,nan,nan,nan,nan,nan,nan,"Designar o Agente de Policia ALMEZIR NUNES DE SOUZA, matricula no 37.362-1, para
substituir o Agente de Policia LAMARTINE MEDEIROS DA SILVA, matricula no 35.364-7,
Chefe da Secao de Delitos de Transito/23a DP/PCDF, Simbolo DFG-08, por motivo de ferias
regulamentares, no periodo de 10.01 a 08.02.2002"
35,Substituição de Funções, o Agente de Policia FRANCISCO IRAN VIEIRA,31.672-5,o Agente de Policia ADILSON BARBOSA DIAS,25.549-1,"Chefe da
Secao de Vigilancia e Operacoes/23a DP/DPC/PCDF",DFG-08,nan,nan,nan,nan,nan,nan,nan,nan,"Designar o Agente de Policia FRANCISCO IRAN VIEIRA, matricula no 31.672-5,  para
substituir o Agente de Policia ADILSON BARBOSA DIAS, matricula no 25.549-1, Chefe da
Secao de Vigilancia e Operacoes/23a DP/DPC/PCDF, Simbolo DFG-08, por motivo de ferias
regulamentares, no periodo de 10.01 a 08.02.2002"
36,Substituição de Funções, o Agente de Policia MARIO DO NASCIMENTO,57.481-3,o Agente de Policia REGIS AYRES LACERDA,24.294-2,"Chefe da Secao
de Apoio Administrativo/23a DP/DPC/PCDF",DFG-08,nan,nan,nan,nan,nan,nan,nan,nan,"Designar o Agente de Policia MARIO DO NASCIMENTO, matricula no 57.481-3, para
substituir o Agente de Policia REGIS AYRES LACERDA, matricula no 24.294-2, Chefe da Secao
de Apoio Administrativo/23a DP/DPC/PCDF, Simbolo DFG-08, por motivo de ferias regula-
mentares, no periodo de 10.01 a 08.02.2002"
37,Substituição de Funções, a Escriva de Policia ANAIDE NOGUEIRA DE OLIVEIRA,37.968-,o Escrivao de Policia GILVAN AMARAL PEIXOTO,24.850-9,Chefe do Cartorio/23a DP/DPC/PCDF,DFG-08,nan,nan,nan,nan,nan,nan,nan,nan,"Designar a Escriva de Policia ANAIDE NOGUEIRA DE OLIVEIRA, matricula no 37.968-
9, para substituir o Escrivao de Policia GILVAN AMARAL PEIXOTO, matricula no 24.850-9,
Chefe do Cartorio/23a DP/DPC/PCDF, Simbolo DFG-08, por motivo de ferias regulamentares,
no periodo de 10.01 a 08.02.2002"
38,Substituição de Funções, o Agente de Policia PACIFICO CARVALHO MACHADO JUNIOR,57.556-9,o Agente de Policia RAFAEL DE ARVALHO XAVIER,35.152-0,Chefe da Secao de Repressao a Toxicos e Entorpecentes/23a DP/DPC/PCDF,DFG-08,nan,nan,nan,nan,nan,nan,nan,nan,"Designar o Agente de Policia PACIFICO CARVALHO MACHADO JUNIOR, matricula no
57.556-9, para substituir o Agente de Policia RAFAEL DE ARVALHO XAVIER, matricula no
35.152-0, Chefe da Secao de Repressao a Toxicos e Entorpecentes/23a DP/DPC/PCDF, Simbolo
DFG-08, por motivo de ferias regulamentares, no periodo de 10.01 a 08.02.2002"
39,Substituição de Funções, a Agente de Policia CRISTIANE ALINE CARLOS XAVIER,57.840-,a Agente de Policia REGINACLAUDIA GOMES DE GOUVEIA,31.465-X,Chefe da Secao de Administracao/DPCA/DPE/PCDF,DFG-08,nan,nan,nan,nan,nan,nan,nan,nan,"Designar a Agente de Policia CRISTIANE ALINE CARLOS XAVIER, matricula no 57.840-
1, para substituir a Agente de Policia REGINACLAUDIA GOMES DE GOUVEIA, matricula no
31.465-X, Chefe da Secao de Administracao/DPCA/DPE/PCDF, Simbolo DFG-08, por motivo
de ferias regulamentares, no periodo de 10.01 a 29.01.2002"
40,Substituição de Funções, o Escrivao de Policia LUIZ CLAUDIO RAMOS MOREIRA,39.466-,a Escriva de Policia MAURILENA SILVA GUIMARAES,"57.010-
9",Chefe do Cartorio/DPCA/DPE/PCDF,DFG-08,nan,nan,nan,nan,nan,nan,nan,nan,"Designar o Escrivao de Policia LUIZ CLAUDIO RAMOS MOREIRA, matricula no 39.466-
1, para substituir a Escriva de Policia MAURILENA SILVA GUIMARAES, matricula no 57.010-
9, Chefe do Cartorio/DPCA/DPE/PCDF, Simbolo DFG-08, por motivo de ferias regulamentares,
no periodo de 10.01 a 08.02.2002"
41,Substituição de Funções, o Agente de  Policia NILO CESAR DE OLIVEIRA LOPES,57.914-,o Agente de Policia WILTON CORREA MARQUES,24.579-8,Chefe da Secao de Vigilancia e Operacoes/DPCA/DPE/PCDF,DFG-08,nan,nan,nan,nan,nan,nan,nan,nan,"Designar o Agente de  Policia NILO CESAR DE OLIVEIRA LOPES, matricula no 57.914-
9, para substituir o Agente de Policia WILTON CORREA MARQUES, matricula no 24.579-8,
Chefe da Secao de Vigilancia e Operacoes/DPCA/DPE/PCDF, Simbolo DFG-08, por motivo de
ferias regulamentares, no periodo de 10.01 a 08.02.2002"
42,Substituição de Funções, o Agente de Policia DOMINGOS SAVIO DA SILVA,57.708-1,o Agente de Policia AROLDO RIBEIRO DOS SANTOS,27.552-2,"Chefe
da Secao de Protecao e Guarda/DPCA/DPE/PCDF",DFG-08,nan,nan,nan,nan,nan,nan,nan,nan,"Designar o Agente de Policia DOMINGOS SAVIO DA SILVA, matricula no 57.708-1, para
substituir o Agente de Policia AROLDO RIBEIRO DOS SANTOS, matricula no 27.552-2, Chefe
da Secao de Protecao e Guarda/DPCA/DPE/PCDF, Simbolo DFG-08, por motivo de ferias
regulamentares, no periodo de 10.01 a 08.02.2002"
43,Substituição de Funções, a Delegada de Policia VALMA MILOGRANA DE OLIVEIRA SANTANA,57.396-5,o Delegado de Policia ANDRE VICTOR DO ESPI,32.201-6,nan,,nan,nan,nan,nan,nan,nan,nan,nan,"Designar a Delegada de Policia VALMA MILOGRANA DE OLIVEIRA SANTANA,
matricula no 57.396-5, para substituir o Delegado de Policia ANDRE VICTOR DO ESPI-
RITO SANTO, matricula no 32.201-6, Delegado-Chefe da DECON/DPE/PCDF, Simbolo                                      Diario Oficial do Distrito Federal
PAGINA   44
No 21, quarta-feira, 30 de janeiro de 2002 DFG-14, por motivo de ferias regulamentares, no periodo de 10.01 a 24.01.2002"
44,Substituição de Funções, o Agente de Policia DANIEL FILHO DOS SANTOS,57.007-9,o Agente de Policia LUIZ ALMADA BALBINO,47.409-6,"Chefe da
Secao de Informatica",DFG-08,nan,nan,nan,nan,nan,nan,nan,nan,"Designar o Agente de Policia DANIEL FILHO DOS SANTOS, matricula no 57.007-9, para
substituir o Agente de Policia LUIZ ALMADA BALBINO, matricula no 47.409-6, Chefe da
Secao de Informatica, Planejamento e Estatistica/DPCA/DPE/PCDF, Simbolo DFG-08, por
motivo de ferias regulamentares, no periodo de 10.01 a 08.02.2002"
45,Substituição de Funções,  o Agente de Policia RODRIGO RICARDO SANT ANNA,57.891-,o Agente de Policia ANTONIO CECILIO FEITOSA DOS SANTOS,34.161-4,Chefe da Secao Vigilancia e Operacoes/DPCA/DPE/PCDF,DFG-08,nan,nan,nan,nan,nan,nan,nan,nan,"Designar  o Agente de Policia RODRIGO RICARDO SANT ANNA, matricula no 57.891-
6, para substituir o Agente de Policia ANTONIO CECILIO FEITOSA DOS SANTOS, matricula
no 34.161-4, Chefe da Secao Vigilancia e Operacoes/DPCA/DPE/PCDF, Simbolo DFG-08, por
motivo de ferias regulamentares, no periodo de 10.01 a 29.01.2002"
46,Substituição de Funções, a Escriva de Policia MARIA DE FATIMA FURTADO,38.506-9,a Escriva de Policia MARIA SUANI ALVES DA SILVA,39.450-5,Chefe do Cartorio/DPCA/DPE/PCDF,DFG-08,nan,nan,nan,nan,nan,nan,nan,nan,"Designar a Escriva de Policia MARIA DE FATIMA FURTADO, matricula no 38.506-9,
para substituir a Escriva de Policia MARIA SUANI ALVES DA SILVA, matricula no 39.450-5,
Chefe do Cartorio/DPCA/DPE/PCDF, Simbolo DFG-08, por motivo de ferias regulamentares,
no periodo de 10.01 a 08.02.2002"
47,Substituição de Funções, a Agente de Policia JOVANI ESTEVAM DE LIMA,57.575-5,o Agente de Policia WAGNER CESAR GRIPP,27.520-4,"Chefe da Secao
de Patrimonio/DRM/DAG/PCDF",DFG-08,nan,nan,nan,nan,nan,nan,nan,nan,"Designar a Agente de Policia JOVANI ESTEVAM DE LIMA, matricula no 57.575-5, para
substituir o Agente de Policia WAGNER CESAR GRIPP, matricula no 27.520-4, Chefe da Secao
de Patrimonio/DRM/DAG/PCDF, Simbolo DFG-08, por motivo de ferias regulamentares, no
periodo de 10.01 a 08.02.2002"
48,Substituição de Funções, a Escriva de Policia MARINALVA LIMA DE SOUZA,36.250-6,o Escrivao de Policia MARCIO OLIVEIRA DE LIMA,57.204-7,"Chefe
do Cartorio/10a DP/CPC/PCDF",DFG-02,nan,nan,nan,nan,nan,nan,nan,nan,"Designar a Escriva de Policia MARINALVA LIMA DE SOUZA, matricula no 36.250-6, para
substituir o Escrivao de Policia MARCIO OLIVEIRA DE LIMA, matricula no 57.204-7, Chefe
do Cartorio/10a DP/CPC/PCDF, Simbolo DFG-02, por motivo de ferias regulamentares, no
periodo de 11.12.2001 a 12.12.2001"
49,Substituição de Funções, a Escriva de Policia MARINALVA LIMA DE SOUZA,36.250-6,o Escrivao de Policia MARCIO OLIVEIRA DE LIMA,57.204-7,"Chefe
do Cartorio/10a DP/DPC/PCDF",DFG-08,nan,nan,nan,nan,nan,nan,nan,nan,"Designar a Escriva de Policia MARINALVA LIMA DE SOUZA, matricula no 36.250-6, para
substituir o Escrivao de Policia MARCIO OLIVEIRA DE LIMA, matricula no 57.204-7, Chefe
do Cartorio/10a DP/DPC/PCDF, Simbolo DFG-08, por motivo de ferias regulamentares, no
periodo de 13.12.2001 a 09.01.2002"
50,Substituição de Funções, o Perito Criminal PAULO ROVILO HOFFMANN,27.094-6,o  Perito Criminal CARLOS ALBERTO FREIRE,19.911-7,"Diretor da
Divisao de Pericias Internas/IC/DPT/PCDF",DFG-11,nan,nan,nan,nan,nan,nan,nan,nan,"Designar o Perito Criminal PAULO ROVILO HOFFMANN, matricula no 27.094-6, para
substituir o  Perito Criminal CARLOS ALBERTO FREIRE, matricula no 19.911-7, Diretor da
Divisao de Pericias Internas/IC/DPT/PCDF, Simbolo DFG-11, por motivo de ferias regulamen-
tares, no periodo de 10.01 a 08.02.2002"
51,Substituição de Funções, a Perita Criminal SUELI MARTINS,19.382-8,"o
Perito Criminal JOSE ALBERTO DE CARVALHO COUTINHO",23.911-9,"Diretor
do Instituto de Criminalistica/PCDF",DFG-14,nan,nan,nan,nan,nan,nan,nan,nan,"Designar a Perita Criminal SUELI MARTINS, matricula no 19.382-8,  para substituir o
Perito Criminal JOSE ALBERTO DE CARVALHO COUTINHO, matricula no 23.911-9, Diretor
do Instituto de Criminalistica/PCDF, Simbolo DFG-14, por motivo de ferias regulamentares, no
periodo de 10.01 a 08.02.2002"
52,Substituição de Funções, o Delegado de Policia SILVERIO ANTONIO MOITA DE ANDRADE,32.289-X,o Delegado de Policia JOAO RODRIGUES DOS SANTOS,nan,nan,CNE-05,nan,nan,nan,nan,nan,nan,nan,nan,"Designar o Delegado de Policia SILVERIO ANTONIO MOITA DE ANDRADE, matricula
no 32.289-X, para substituir o Delegado de Policia JOAO RODRIGUES DOS SANTOS, matri-
cula no 21013-7, Chefe-Adjunto de Policia Civil/PCDF, Simbolo CNE-05, por motivo de ferias
regulamentares, no periodo de 17 a 31.01.2002"
53,Substituição de Funções, o Delegado de Policia GEDIAEL CORDEIRO LEITE,24.791-X,o Delegado de Policia CELSO MOREIRA FERRO JUNIOR,"22.163-
5",Diretor do Departamento de Administracao Geral/PCDF,CNE-06,nan,nan,nan,nan,nan,nan,nan,nan,"Designar o Delegado de Policia GEDIAEL CORDEIRO LEITE, matricula no 24.791-X,
para substituir o Delegado de Policia CELSO MOREIRA FERRO JUNIOR, matricula no 22.163-
5, Diretor do Departamento de Administracao Geral/PCDF, Simbolo CNE-06, por motivo de
ferias regulamentares, no periodo de 10 a 22.01.2002"
54,Substituição de Funções, o Delegado de Policia GEDIAEL CORDEIRO LEITE,24.791-X,o Delegado de Policia SILVERIO ANTONIO MOITA DE ANDRADE,32.289-X,Diretor do Departamento de Administracao Geral/PCDF,CNE-06,nan,nan,nan,nan,nan,nan,nan,nan,"Designar o Delegado de Policia GEDIAEL CORDEIRO LEITE, matricula no 24.791-X,
para substituir o Delegado de Policia SILVERIO ANTONIO MOITA DE ANDRADE, matricula
no 32.289-X, Diretor do Departamento de Administracao Geral/PCDF, Simbolo CNE-06, por
motivo de impedimento do titular que se encontra substituindo o Chefe-Adjunto de Policia Civil/
PCDF, no periodo de 23 a 31.01.2002"
55,Substituição de Funções, a servidora MIRONILCE ALVES REGINO,33.749.8-FEDF,nan,nan,nan,nan,nan,nan,nan,nan,nan,nan,nan,nan,"Designar a servidora MIRONILCE ALVES REGINO, matricula 33.749.8-FEDF, para,
na qualidade de Executora e sem prejuizo de suas atribuicoes normais, acompanhar o
cumprimento do Termo de Contrato de Concurso  no007/2002, celebrado entre o Distrito
Federal atraves da Secretaria de Estado de  Cultura e a empresa ROYAL ACADEMIA
DE BALLET E DANCA - ME"
56,Substituição de Funções, nos termos do Decreto,n.o,nan,98.490-6,nan,DFG-09,nan,nan,nan,nan,nan,nan,nan,nan,"Designar nos termos do Decreto 21.816 de 12.12.2000, o servidor LICINIO AMADEU DOS
SANTOS JUNIOR, matricula n.o 105.123-7, Secretario Administrativo,  DFA-04, para substi-
tuir SERGIO ROBERTO BRANQUINHO PASSOS, matricula no 98.490-6, Chefe do Nucleo de
Administracao de Banco de Dados, Simbolo DFG-09, da Gerencia de Informatica, da Diretoria de
Apoio Operacional, da Secretaria de Meio Ambiente e Recursos Hidricos, no periodo de 04.02.2002
a 05.03.2002,  por motivo de ferias regulamentares do titular"
57,Substituição de Funções, nos termos do Decreto,n.o,nan,n.o 105.029-X,nan,DFG-09,nan,nan,nan,nan,nan,nan,nan,nan,"Designar nos termos do Decreto 21.816 de 12.12.2000, o servidor GILMAR DE ALMEIDA
VAZ, matricula n.o 37.911-5, Tecnico de Administracao Publica, para substituir, SORMANE
NATIVIDADE GONCALVES, matricula n.o 105.029-X, Chefe do Nucleo de Administracao
Financeira, Simbolo DFG-09, da Gerencia de Orcamento e Financas, da Diretoria de Apoio
Operacional"
58,Substituição de Funções, nos termos do Decreto,40.154-4,nan,n.o 37.492-X,nan,DFG-09,nan,nan,nan,nan,nan,nan,nan,nan,"Designar nos termos do Decreto 21.816 de 12.12.2000, a servidora ANNE DE PAULA E MAIA
SOARES, matricula no 40.154-4, Fiscal de Atividades Urbanas, para substituir, ADRIANA
PEREIRA, matricula n.o 37.492-X, Chefe do Nucleo de Fiscalizacao de Exploracao Mineral,
simbolo DFG-09, da Gerencia de Fiscalizacao Ambiental, da Diretoria de Licenciamento, Fisca-
lizacao e Monitoramento Ambiental, da Subsecretaria do Meio Ambiente, da Secretaria de Meio
Ambiente e Recursos Hidricos, no periodo de 22.01.2002 a 26.03.2002,  por motivo de Licenca
Gestante da titular"
59,Substituição de Funções, nos termos do Decreto,97.251-7,nan,n.o 37.684-1,nan,DFA-02,nan,,nan,nan,nan,nan,nan,nan,"Designar nos termos do Decreto 21.816 de 12.12.2000, a servidora KELLY CRISTINA DA
SILVA, matricula no 97.251-7, Encarregado, simbolo DFA-02, para substituir, CLAUDIA DOS
SANTOS CHAGAS, matricula n.o 37.684-1, Chefe do Nucleo de Documentacao e Comunicacao
Administrativa, simbolo DFG-09, da Gerencia Administrativa, da Diretoria de Apoio Operacio-
nal, da Secretaria de Meio Ambiente e Recursos Hidricos, no periodo de 14.02.2002 a 23.02.2002,
por motivo de ferias regulamentares do titular"
60,Substituição de Funções, nos termos do Decreto,n.o,nan,n.o 109.061-5,nan,DFG-09,nan,nan,nan,nan,nan,nan,nan,nan,"Designar nos termos do Decreto 21.816 de 12.12.2000, o servidor ANTONIO ADRIANO
BANDEIRA CHAVES, matricula n.o 37.639-6, Analista de Administracao Publica, para substi-
tuir EDMILSON MARTINS DE OLIVEIRA, matricula n.o 109.061-5, Chefe do Nucleo de
Licenciamento de Atividades Primarias, Simbolo DFG-09, da Gerencia de Licenciamento de Industrias e Outras Atividades, da Diretoria de Licenciamento, Fiscalizacao e Monitoramento
Ambiental, da Subsecretaria do Meio Ambiente, da Secretaria de Meio Ambiente de Recursos
Hidricos do Distrito Federal, no periodo de 01.02.2002 a 20.02.2002,  por motivo de ferias
regulamentares do titular"
61,Substituição de Funções, nos termos do Decreto,n.o,FLAVIA MARIA BARBOSA,n.o 107.794-5,"Che-
fe do Nucleo de Planejamento e Avaliacao",DFG-09,nan,nan,nan,nan,nan,nan,nan,nan,"Designar nos termos do Decreto 21.816 de 12.12.2000, a servidora MICHELE SILVA
MELO, matricula n.o 107.034-7, Encarregado do Nucleo de Educacao Ambiental, Simbo-
lo DFA-02, para substituir FLAVIA MARIA BARBOSA, matricula n.o 107.794-5, Che-
fe do Nucleo de Planejamento e Avaliacao, Simbolo DFG-09, da Gerencia de Programas
e Projetos de Educacao Ambiental, da Diretoria de Preservacao, Conservacao e Educacao
Ambiental, da Subsecretaria do Meio Ambiente, da Secretaria de Meio Ambiente de
Recursos Hidricos do Distrito Federal, no periodo de 31.01.2002 a 17.02.2002,  por
motivo de Licenca Gestante da titular"
62,Substituição de Funções, as servidoras IOLANDA MARIA DA SILVA PEREIRA,nan,nan,nan,nan,nan,nan,nan,nan,nan,nan,nan,nan,nan,"DESIGNAR as servidoras IOLANDA MARIA DA SILVA PEREIRA,  Mat"
63,Substituição de Funções, os servidores RICARDO LIMA DE ARAUJO,37.791-0,nan,"41.698-3 e MARIA ELZA SOARES DE
MENDONCA",nan,nan,nan,nan,nan,nan,nan,nan,nan,nan,"DESIGNAR os servidores RICARDO LIMA DE ARAUJO, matricula no 37.791-0,
ALZERINA FATIMA SILVA, matricula no 41.698-3 e MARIA ELZA SOARES DE
MENDONCA, matricula no 94.031-3,  para sob a presidencia do primeiro, constitui-
rem Comissao de Sindicancia para apurar responsabilidades pelo desaparecimento dos
processos nos 137.000.759/99, 137.003.879/97, 137.002.101/98, 137.001.367/
98,137.004.037/97, 137.001.899/98, 137.004.200/97, 137.003.798/97, 137.001.639/
98 e 137.004.234/97"
64,Substituição de Funções," os servidores NELSON
RABELO JUNIOR",94.009-7,nan,107.769-4 e ANTONIA ARAUJO DA SILVA LOUZEIRO,nan,nan,nan,nan,nan,nan,nan,nan,nan,nan,"DESIGNAR os servidores NELSON
RABELO JUNIOR, matricula no 94.009-7, ELZA LUCIA VIANA FERREIRA DE MELO,
matricula no 107.769-4 e ANTONIA ARAUJO DA SILVA LOUZEIRO, matricula no 108.732-0
para sob a presidencia do primeiro, constituirem Comissao de Sindicancia para apurar as irregu-
laridades contidas no processo no 137.001.953/93 , e apurar a nao localizacao do processo no
137.001.964/2001"
65,Substituição de Funções, o Diretor da Divisao Regional de Obras,nan,nan,nan,nan,nan,nan,nan,nan,nan,nan,nan,nan,nan,"Designar o Diretor da Divisao Regional de Obras, EUGENIO MARACAJA DE
MORAES, para Executar, Supervisionar e Fiscalizar o Contrato no 01/2002, objetivando a construcao de 01 (uma) torre para instalacao de equipamento e acessorios, conforme
processo no 134.000.261/2001"
66,Substituição de Funções, a Chefe de Administracao de Proprios,nan,nan,nan,nan,nan,nan,nan,nan,nan,nan,nan,nan,nan,"Designar a Chefe de Administracao de Proprios, CLESIA MARIA OLIVEIRA
DO CARMO, para Executar e Supervisionar  o Contrato no 02/2002, objetivando a
locacao de 01 (uma) maquina copiadora para escritorio, conforme processo no 134-
000.014/2002"
