,tipo_ato,tipo_documento,processo,dodf_data,dodf_num,tornado_sem_efeito_publicacao,dodf_pagina,servidor,matricula,cargo,dodf_tipo_edicao,text
0,Atos tornados sem efeito - aposentadoria,Portaria,030.006.471/91,15/04/93,75,14/04/93,nan, JOAO DA COSTA E SILVA,01.618-7, Fiscal de Posturas,normal,"TORNAR SEM EFEITO a Portaria de 14/04/93, publicada no DODF n.o 75, de 15/04/93, que retificou a Portaria de 14/08/92, publicada no DODF n.o 166, de 17/08/92, que alterou os proventos da aposentadoria de JOAO DA COSTA E SILVA, matricula n.o 01.618-7, Fiscal de Posturas, 3a Classe, Padrao IV, do Quadro de Pessoal do Distrito Federal. Processo n.o 030.006.471/91. "
1,Atos tornados sem efeito - aposentadoria,Portaria,102.182.655/2000,nan,nan,nan,nan, ANTONIO AFONSO GUIMARAES,98.802-2, do Quadro Suplementar em Extincao  IDHAB. Processo n.o 102.182.655/2000. ,normal,"TORNAR SEM EFEITO na Portaria Coletiva de 11/12/2000, publicado no DODF n.o 235, de 12/12/ 2000, o ato que concedeu aposentadoria a ANTONIO AFONSO GUIMARAES, matricula n.o 98.802-2, do Quadro Suplementar em Extincao  IDHAB. Processo n.o 102.182.655/2000. "
2,Atos tornados sem efeito - aposentadoria,Portaria,030.006.546/89,20/09/93,190,17/09/93,nan, JONAS TEIXEIRA DA SILVA,14.622-6, no cargo de Tecnico de Administracao Publica,normal,"TORNAR SEM EFEITO a Portaria de 17/09/93, publicada no DODF n.o 190, de 20/09/93, o ato que retificou a Portaria de 16/07/93, publicada no DODF n.o 147, de 22/07/93, referente a revisao dos proventos da aposentadoria de JONAS TEIXEIRA DA SILVA, matricula n.o 14.622-6, no cargo de Tecnico de Administracao Publica, 1a Classe, Padrao II, do Quadro de Pessoal do Distrito Federal. Processo n.o 030.006.546/89. "
3,Atos tornados sem efeito - aposentadoria,Portaria,030.004.750/87,20/06/94,118,17/06/94,nan, RAFAEL RODRIGUES DE CARVALHO,09.883-3, no cargo de Fiscal de Concessoes e Permissoes,normal,"TORNAR SEM EFEITO na Portaria Coletiva de 17/06/94, publicado no DODF n.o 118, de 20/06/94, o ato que retificou a Portaria de 08/03/94, publicada no DODF n.o 49, de 15/03/94, referente a revisao dos proventos da aposentadoria de RAFAEL RODRIGUES DE CARVALHO, matricula n.o 09.883-3, no cargo de Fiscal de Concessoes e Permissoes, 1a Classe, Padrao IV, do Quadro de Pessoal do Distrito Federal. Processo n.o 030.004.750/87. "
4,Atos tornados sem efeito - aposentadoria,Portaria,030.004.665/93,23/08/2001,163,22/08/2001,nan,                                                                       D,02-848-7, quarta-feira,normal,"TORNAR SEM EFEITO na Portaria Coletiva de 22/08/2001, publicada no DODF n.o 163, de 23/08/2001, o ato que retificou na Portaria Coletiva de 17/10/94, publicada no DODF n.o 204, de 21/10/94,                                                                       Diario Oficial do Distrito Federal PAGINA   65 No 214, quarta-feira, 7 de novembro de 2001 referente a revisao dos proventos da aposentadoria de NICANOR GUEDES DA SILVA, matricula n.o 02-848-7, no cargo de Tecnico de Administracao Publica, Classe Especial, Padrao III, do Quadro de Pessoal do Distrito Federal. Processo n.o 030.004.665/93. "
5,Atos tornados sem efeito - aposentadoria,Portaria,113.001.733/92,01/12/92,244,30/11/92,nan, MIGUEL FARAH,64.111-1, no cargo de Analista de Ativi-dades Rodoviarias,normal,"TORNAR SEM EFEITO a Portaria de 30/11/92, publicada no DODF n.o 244, de 01/12/92, que concedeu aposentadoria a MIGUEL FARAH, matricula n.o 64.111-1, no cargo de Analista de Ativi-dades Rodoviarias, Classe Especial, Padrao III, do Quadro de Pessoal do DER do Distrito Federal. Processo n.o 113.001.733/92. "
6,Atos tornados sem efeito - aposentadoria,nan,131.000.505/90,25/05/99,99,24/05/99,nan, JOSE GRIGORIO DA SILVA,00.287-9, no cargo de Auxiliar de Administracao Publica,normal,"TORNAR SEM EFEITO no Decreto Coletivo de 24/05/99, publicado no DODF n.o 99, de 25/05/99, o ato n.o 1 que reviu os proventos da aposentadoria de JOSE GRIGORIO DA SILVA, matricula n.o 00.287-9, no cargo de Auxiliar de Administracao Publica, 1a Classe, Padrao III, do Quadro de Pessoal do Distrito Federal. Processo n.o 131.000.505/90. "
7,Atos tornados sem efeito - aposentadoria,nan,131.000.505/90,25/05/99,99,24/05/99,nan, JOSE GRIGORIO DA SILVA,00.287-9, no cargo de Auxiliar de Administracao Publica,normal,"TORNAR SEM EFEITO no Decreto Coletivo de 24/05/99, publicado no DODF n.o 99, de 25/05/99, o ato n.o 2 que reviu os proventos da aposentadoria de JOSE GRIGORIO DA SILVA, matricula n.o 00.287-9, no cargo de Auxiliar de Administracao Publica, Classe Especial, Padrao III, do Quadro de Pessoal do Distrito Federal. Processo n.o 131.000.505/90. "
8,Atos tornados sem efeito - aposentadoria,nan,113.003.814/97,26/02/99,39,25/02/99,nan, MARIA DE LOURDES DE OLIVEIRA,64.312-2, no cargo de Tecnico de Atividades Rodoviarias,normal,"TORNAR SEM EFEITO no Decreto Coletivo de 25/02/99, publicado no DODF n.o 39, de 26/02/99, o ato que concedeu aposentadoria a MARIA DE LOURDES DE OLIVEIRA, matricula n.o 64.312-2, no cargo de Tecnico de Atividades Rodoviarias, Classe Especial, Padrao III, do Quadro de Pessoal do DER do Distrito Federal. Processo n.o 113.003.814/97. "
9,Atos tornados sem efeito - aposentadoria,Portaria,113.002.038/95,11/10/95,197,10/10/95,nan, GLAUCIO XAVIER,64.221-5, no cargo de Tecnico de Atividades Rodoviarias,normal,"TORNAR SEM EFEITO a Portaria de 10/10/95, publicada no DODF n.o 197, de 11/10/95, que tornou sem efeito na Portaria Coletiva de 15/09/95, publicada no DODF n.o 179, de 15/09/95, o ato que concedeu aposentadoria a GLAUCIO XAVIER, matricula n.o 64.221-5, no cargo de Tecnico de Atividades Rodoviarias, Classe Especial, Padrao III, do Quadro de Pessoal do DER do Distrito Federal. Processo n.o 113.002.038/95. "
10,Atos tornados sem efeito - aposentadoria,Portaria,113.002.038/95,10/10/95,196,09/10/95,nan, GLAUCIO XAVIER,64.221-5, no cargo de Tecnico de Atividades Rodoviarias,normal,"TORNAR SEM EFEITO na Portaria Coletiva de 09/10/95, publicada no DODF n.o 196, de 10/10/95, o ato que concedeu aposentadoria a GLAUCIO XAVIER, matricula n.o 64.221-5, no cargo de Tecnico de Atividades Rodoviarias, Classe Especial, Padrao III, do Quadro de Pessoal do DER do Distrito Federal. Processo n.o 113.002.038/95. "
11,Atos tornados sem efeito - aposentadoria,nan,113.001.780/94,27/06/97,121,26/06/97,nan, JOSE BEZERRA DE ARAUJO,64.228-2, Tecnico de Atividades Rodoviarias,normal,"TORNAR SEM EFEITO no Decreto Coletivo de 26/06/97, publicado no DODF n.o 121, de 27/06/97, o ato que reviu os proventos da aposentadoria de JOSE BEZERRA DE ARAUJO, matricula n.o 64.228-2, Tecnico de Atividades Rodoviarias, Classe Especial, Padrao III, do Quadro de Pessoal do DER do Distrito Federal. Processo n.o 113.001.780/94. "
12,Atos tornados sem efeito - aposentadoria,Portaria,030.007.181/90,03/07/90,125,26/08/97,nan, QUINTINO MARIANO COSTA,00.670-X, no cargo de                                      Diario Oficial do Distrito Federal PAGINA   66 No 214,normal,"TORNAR SEM EFEITO no Decreto Coletivo de 26/08/97, publicado no DODF n.o 164, de 27/08/ 97, o ato n.o 2, que retificou a Portaria de 02/07/90, publicada no DODF n.o 125, de 03/07/90, referente a aposentadoria de QUINTINO MARIANO COSTA, matricula n.o 00.670-X, no cargo de                                      Diario Oficial do Distrito Federal PAGINA   66 No 214, quarta-feira, 7 de novembro de 2001 Tecnico de Administracao Publica, 2a Classe, Padrao I, do Quadro de Pessoal do Distrito Federal. Processo n.o 030.007.181/90. "
