,Tipo do Ato,SEI,Nome,Matrícula,Tipo de Aposentadoria,Cargo,Classe,Padrao,Quadro,Fundamento Legal,Orgao,Vigencia,Matricula SIAPE,text
0,Aposentadoria,082.010025/1998,a servidora AGUIDA ALVES DE LIMA,69.381-2,nan,nan,Unica,XVIII,Quadro de Pessoal do Distrito Federal," 186, inciso I, in fine, e 189, Paragrafo Unico, da Lei no
8.112, de 11/12/1990, combinados com o artigo 41, inciso I, e  4o, da LEI ORGANICA DO
DISTRITO FEDERAL e com o artigo 40", Distrito Federal,nan,nan,"APOSENTAR, nos termos do artigo 186, inciso I, in fine, e 189, Paragrafo Unico, da Lei no
8.112, de 11/12/1990, combinados com o artigo 41, inciso I, e  4o, da LEI ORGANICA DO
DISTRITO FEDERAL e com o artigo 40,  1o, inciso I, e  8o, da CONSTITUICAO DA REPU-
BLICA FEDERATIVA DO BRASIL, alterado pelo artigo 1o da Emenda Constitucional no 20, de
16/12/1998, a servidora AGUIDA ALVES DE LIMA, matricula 69.381-2, Agente de Educacao/
Conservacao e Limpeza, Classe Unica, Padrao XVIII, do Quadro de Pessoal do Distrito Federal. Processo no 080.009743/2002
CONCEDER, nos termos do artigo 40,  1o, inciso IIIa, e  5o e 8o, da CONSTITUICAO DA
REPUBLICA FEDERATIVA DO BRASIL, aposentadoria a servidora ALDA ARAUJO SAN-
TOS, matricula no 30.446-8, Professor, nivel 01, Classe A, Padrao 15-1D, do Quadro de Pessoal
do Distrito Federal. Processo no 080.008271/2002
CONCEDER, nos termos do artigo 186, inciso III, alinea c, e 189, Paragrafo Unico, da
Lei no 8.112, de 11/12/1990, combinados com o artigo 41, inciso III, alinea c, e  4o, da
LEI ORGANICA DO DISTRITO FEDERAL e artigo 3o da Emenda Constitucional no 20,
de 16/12/1998, aposentadoria a servidora ANA MARIA LIMA QUINTAS, matricula no
44.267-4, Professor, nivel 01, Classe C, Padrao 15-1F, do Quadro de Pessoal do Distrito
Federal. Processo no 080.006481/2002
CONCEDER, nos termos do artigo 186, inciso III, alinea c, e 189, Paragrafo Unico, da
Lei no 8.112, de 11/12/1990, combinados com o artigo 41, inciso III, alinea c, e  4o, da
LEI ORGANICA DO DISTRITO FEDERAL e artigo 3o da Emenda Constitucional no 20,
de 16/12/1998, aposentadoria a servidora ANA MARIA SILVA DE MELO, matricula no
77.870-2, Professor, nivel 03, Classe Unica, Padrao 25-3F, do Quadro de Pessoal do Dis-
trito Federal. Processo no 080.008611/2002
CONCEDER, nos termos do artigo 186, inciso III, alinea d, e 189, Paragrafo Unico, da Lei no
8.112, de 11/12/1990, combinados com o artigo 41, inciso III, alinea d, e  4o, da LEI ORGA-
NICA DO DISTRITO FEDERAL e artigo 40,  1o, inciso IIIb, e  8o, da CONSTITUICAO DA
REPUBLICA FEDERATIVA DO BRASIL, aposentadoria ao servidor ANISIO PEREIRA CHA-
VES, matricula no 79.505-4, Agente de Educacao/Vigilancia, Classe Unica, Padrao XXIV, do
Quadro de Pessoal do Distrito Federal. Processo no 080.002620/2002
CONCEDER, nos termos do artigo 40,  1o, inciso IIIa, e  5o e 8o, da CONSTITUICAO DA
REPUBLICA FEDERATIVA DO BRASIL, acrescidos aos proventos os Incentivos Funcionais
de que trata o artigo 30 da Lei no 6.366, de 15/10/1976, de acordo com o Paragrafo Unico do
artigo 13 da Lei no 66, de 18/12/1989, aposentadoria ao servidor APARECIDO DA SILVA,
matricula no 94.281-2, Professor, nivel 03, Classe Unica, Padrao 25-3F, do Quadro de Pessoal
do Distrito Federal. Processo no 080.004752/2002
CONCEDER, nos termos do artigo 186, inciso III, alinea c, e 189, Paragrafo Unico, da
Lei no 8.112, de 11/12/1990, combinados com o artigo 41, inciso III, alinea c, e  4o, da
LEI ORGANICA DO DISTRITO FEDERAL e artigo 3o da Emenda Constitucional no 20,
de 16/12/1998, aposentadoria ao servidor CICERO FRANCISCO DA SILVA, matricula
no 36.112-7, Professor, nivel 03, Classe Unica, Padrao 25-3F, do Quadro de Pessoal do
Distrito Federal. Processo no 080.008329/2002
CONCEDER, nos termos do artigo 8o, incisos I, II, IIIa e IIIb, e  4o, da Emenda Constitu-
cional no 20, de 16/12/1998, e artigo 40,  8o, da CONSTITUICAO DA REPUBLICA FE-
DERATIVA DO BRASIL, acrescidos aos proventos os Incentivos Funcionais de que trata o
artigo 30 da Lei no 6.366, de 15/10/1976, de acordo com o Paragrafo Unico do artigo 13 da
Lei no 66, de 18/12/1989, aposentadoria a servidora CLEILI VIEGAS GOMES, matricula
no 96.511-1, Professor, nivel 03, Classe Unica, Padrao 25-3F, do Quadro de Pessoal do
Distrito Federal. Processo no 082.010025/1998."
1,Aposentadoria,080.002945/2000,"a servidora MARIA DA CONSOLACAO GOMES GABE-
TO",62.706-2,nan,nan,C,20-1F,"Quadro de Pesso-
al do Distrito Federal"," 186, inciso I","
Distrito Federal",nan,nan,"APOSENTAR, nos termos do artigo 186, inciso I,  1o, e 189, Paragrafo Unico, da Lei no
8.112, de 11/12/1990, combinados com o artigo 41, inciso I, e  4o, da LEI ORGANICA
DO DISTRITO FEDERAL e com o artigo 40,  1o, inciso I, e  8o, da CONSTITUICAO
DA REPUBLICA FEDERATIVA DO BRASIL, alterado pelo artigo 1o da Emenda Consti-
tucional no 20, de 16/12/1998, a servidora MARIA DA CONSOLACAO GOMES GABE-
TO, matricula 62.706-2, Professor, nivel 1, Classe C, Padrao 20-1F, do Quadro de Pesso-
al do Distrito Federal. Processo no 080.001601/2002
CONCEDER, nos termos do artigo 186, inciso III, alinea c, e 189, Paragrafo Unico, da
Lei no 8.112, de 11/12/1990, combinados com o artigo 41, inciso III, alinea c, e  4o, da
LEI ORGANICA DO DISTRITO FEDERAL e artigo 3o da Emenda Constitucional no 20,
de 16/12/1998, aposentadoria a servidora MARIA LIZ CUNHA DE OLIVEIRA, matricu-
la no 73.338-5, Professor, nivel 03, Classe Unica, Padrao 25-3F, do Quadro de Pessoal do
Distrito Federal. Processo no 080.002945/2000."
2,Aposentadoria,082.004696/1998,"o
servidor RENATO WINCKLER MULLER",61.693-1,nan,nan,B,21-2F,Quadro de Pessoal do Distrito Federal," 186, inciso I", Distrito Federal,nan,nan,"APOSENTAR, nos termos do artigo 186, inciso I,  1o, e 189, Paragrafo Unico, da Lei no 8.112, de
11/12/1990, combinados com o artigo 41, inciso I, e  4o, da LEI ORGANICA DO DISTRITO
FEDERAL e com o artigo 40,  1o, inciso I, e  8o, da CONSTITUICAO DA REPUBLICA FEDE-
RATIVA DO BRASIL, alterado pelo artigo 1o da Emenda Constitucional no 20, de 16/12/1998, o
servidor RENATO WINCKLER MULLER, matricula 61.693-1, Professor, nivel 02, Classe B,
Padrao 21-2F, do Quadro de Pessoal do Distrito Federal. Processo no 080.007475/2002
CONCEDER, nos termos do artigo 8o,  1o, incisos Ia, Ib e II, da Emenda Constitucional no
20, de 16/12/1998, e artigo 40,  8o, da CONSTITUICAO DA REPUBLICA FEDERATIVA
DO BRASIL, com as vantagens previstas no artigo 62 da Lei no 8.112, de 11/12/1990,
combinado com o artigo 3o da Lei no 8.911, de 12/07/1994, e com o artigo 7o da Lei no
1.004, de 11/01/1996, regulamentada pelo Decreto no 17.182, de 06/03/1996, aposentadoria
a servidora ROSECLAIR PIRES NOVAES BORGES, matricula no 77.700-5, Especialista
de Assistencia a Educacao/Secretario Escolar, Classe Especial, Padrao VI, do Quadro de
Pessoal do Distrito Federal. Processo no 082.004696/1998."
