,tipo_ato,tipo_documento,processo,dodf_data,dodf_num,tornado_sem_efeito_publicacao,dodf_pagina,servidor,matricula,cargo,dodf_tipo_edicao,text
0,Atos tornados sem efeito - aposentadoria,nan,052.000.003/2000,10/02/2000,029,09/02/2000,nan, JOSE AUGUSTO DA SILVA FLORINDO,19.546-4, Agente de Policia,normal,"TORNAR SEM EFEITO, no Decreto Coletivo de 09/02/2000, publicado no DODF no 029, de 10/02/2000, o ato que concedeu aposentadoria a JOSE AUGUSTO DA SILVA FLORINDO, matricula no 19.546-4, Agente de Policia, Classe Especial, Padrao III, do Quadro de Pessoal do Distrito Federal. Processo no 052.000.003/2000. "
1,Atos tornados sem efeito - aposentadoria,Portaria,100.0000259/2000,20/12/2000,241,19/12/2000,nan, MARIA DAS GRACAS RO,102.714-X, matricula no 102.714-X,normal,"TORNAR SEM EFEITO, na Portaria Coletiva no 125, de 19/12/2000, publicado no DODF no 241, de 20/12/2000, o ato que retificou no Decreto Coletivo de 19/07/2000, publicado no DODF no 138, de 20/07/2000, que concedeu aposentadoria a MARIA DAS GRACAS RO-CHA COSTA, matricula no 102.714-X, Assistente Basico em Servicos Sociais, Classe Es-pecial, Padrao III, do Quadro de Pessoal da Secretaria de estado de Acao Social do Distrito Federal. Processo no 100.0000259/2000. "
2,Atos tornados sem efeito - aposentadoria,Portaria,030.003182/2002,29/08/2002,165,26/08/2002,nan, MARIA AMORIM DE ALMEIDA,101.821-3, Assistente Basico em Servicos Sociais,normal,"TORNAR SEM EFEITO, na Portaria Coletiva no 580, de 26/08/2002, publicada no DODF no 165, de 29/08/2002, o ato que concedeu aposentadoria a MARIA AMORIM DE ALMEIDA, matricula no 101.821-3, Assistente Basico em Servicos Sociais, Classe Especial, Padrao III, do Quadro de Pessoal da Secretaria de estado de Acao Social do Distrito Federal. Processo no 030.003182/2002, por ter sido publicado em duplicidade. "
3,Atos tornados sem efeito - aposentadoria,Portaria,061.027.179/2000,8/5/2002,86,7/05/02,nan, DILMA SOARES LOPES,112.746-2,                                                                       Diario Oficial do Distrito Federal PAGINA   29 No 182,normal,"TORNAR SEM EFEITO na Portaria Coletiva no 300, de 7/05/02, publicada no DODF no 86, de 8/5/2002, o ato que retificou na Instrucao Coletiva de 31/05/2000, publicada no DODF no 104 de 1/6/2000, que concedeu aposentadoria a DILMA SOARES LOPES, matricula no 112.746-2,                                                                       Diario Oficial do Distrito Federal PAGINA   29 No 182, segunda-feira, 23 de setembro de 2002 do quadro de pessoal da extinta Fundacao Hospitalar do Distrito federal, em atendimento a Diligencia no 154/2002, formulada pela Gerencia de Aposentadoria e Pensao da Secretaria de Estado de Fazenda e Planejamento. Processo: 061.027.179/2000. "
4,Atos tornados sem efeito - aposentadoria,Instrucao,nan,nan,nan,nan,nan, HILDA VAZ RIBEIRO,124.122-2, AOSD  Enfermagem,normal,"TORNAR SEM EFEITO na Instrucao de 06/12/1997, publicada no DODF no 240, de 12/12/ 1997, o ato que aposentou HILDA VAZ RIBEIRO, matricula 124.122-2, AOSD  Enfermagem, do Quadro de Pessoal da extinta Fundacao Hospitalar do Distrito Federal, por forca do artigo 37, inciso XVI da CONSTITUICAO DA REPUBLICA DO DISTRITO FEDERAL. "
5,Atos tornados sem efeito - aposentadoria,nan,113.001951/1990,16/01/1998,11,01/04/1998,nan, JOAO GALDINO,64.026-3, no Tecnico de Atividades Rodoviarias,normal,"TORNAR SEM EFEITO, no Decreto Coletivo de 01/04/1998, publicado no DODF no 63, de 02/ 04/1998, o ato que retificou a aposentadoria de JOAO GALDINO, matricula no 64.026-3, no Tecnico de Atividades Rodoviarias, do Quadro de Pessoal do Departamento de Estradas de Rodagem do Distrito Federal, efetivada atraves do Decreto Coletivo de 15/01/1998, publicado no DODF no 11, de 16/01/1998, Decisao no 3400/2001 - TCDF. Processo no 113.001951/1990. "
6,Atos tornados sem efeito - aposentadoria,Portaria,030.009.866/94,20/04/1995,77,19/04/1995,nan, JOSE ARNALDO DE BARROS,11.499-5, Auxiliar de Administracao Publica,normal,"TORNAR SEM EFEITO, na Portaria de 19/04/1995, publicada no DODF no 77, de 20/04/1995, o ato que reviu os proventos de aposentadoria de JOSE ARNALDO DE BARROS, matricula no 11.499-5, Auxiliar de Administracao Publica, 1a Classe, Padrao III, do Quadro de Pessoal do Distrito Federal. Processo no 030.009.866/94. "
7,Atos tornados sem efeito - aposentadoria,Portaria,030.000.029/92,18/02/1992,34,17/02/1992,nan,TEREZINHA REZENDE DE FERRAZ,12.174-6, Tecnico Tributario,normal,"TORNAR SEM EFEITO a Portaria de 17/02/1992, publicada no DODF no 34, de 18/02/1992, que concedeu pensao vitalicia a MANOEL FERRAZ DE OLIVEIRA, viuvo da ex-servidora TEREZINHA REZENDE DE FERRAZ, matricula no 12.174-6, Tecnico Tributario, 1a Classe, Padrao II, do Quadro de Pessoal do Distrito Federal. Processo no 030.000.029/92. MARIA CECILIA S. S. LANDIM PORTARIA No 643, DE 19 DE SETEMBRO DE 2002 A SECRETARIA DE ESTADO DE GESTAO ADMINISTRATIVA DO DISTRITO FEDE-RAL, no uso das atribuicoes que lhe sao conferidas pelo Decreto no 21.549, de 22 de setembro de 2000, resolve: CONCEDER, nos termos do artigo 186, inciso III, alinea c, e 189, Paragrafo Unico, da Lei no 8.112, de 11/12/1990, combinados com o artigo 41, inciso III, alinea c, e  4o, da LEI ORGANICA DO DISTRITO FEDERAL e artigo 3o da Emenda Constitucional no 20, de 16/12/1998, aposentadoria a servidora ABIGAIL SOARES FERREIRA, matricula no 97.010-7, Professor, nivel 01, Classe C, Padrao 25-1F, do Quadro de Pessoal do Distrito Federal. Processo no 080.003087/2002 APOSENTAR, nos termos do artigo 186, inciso I, in fine, e 189, Paragrafo Unico, da Lei no 8.112, de 11/12/1990, combinados com o artigo 41, inciso I, e  4o, da LEI ORGANICA DO DISTRITO FEDERAL e com o artigo 40,  1o, inciso I, e  8o, da CONSTITUICAO DA REPU-BLICA FEDERATIVA DO BRASIL, alterado pelo artigo 1o da Emenda Constitucional no 20, de 16/12/1998, a servidora AGUIDA ALVES DE LIMA, matricula 69.381-2, Agente de Educacao/ Conservacao e Limpeza, Classe Unica, Padrao XVIII, do Quadro de Pessoal do Distrito Federal. Processo no 080.009743/2002 CONCEDER, nos termos do artigo 40,  1o, inciso IIIa, e  5o e 8o, da CONSTITUICAO DA REPUBLICA FEDERATIVA DO BRASIL, aposentadoria a servidora ALDA ARAUJO SAN-TOS, matricula no 30.446-8, Professor, nivel 01, Classe A, Padrao 15-1D, do Quadro de Pessoal do Distrito Federal. Processo no 080.008271/2002 CONCEDER, nos termos do artigo 186, inciso III, alinea c, e 189, Paragrafo Unico, da Lei no 8.112, de 11/12/1990, combinados com o artigo 41, inciso III, alinea c, e  4o, da LEI ORGANICA DO DISTRITO FEDERAL e artigo 3o da Emenda Constitucional no 20, de 16/12/1998, aposentadoria a servidora ANA MARIA LIMA QUINTAS, matricula no 44.267-4, Professor, nivel 01, Classe C, Padrao 15-1F, do Quadro de Pessoal do Distrito Federal. Processo no 080.006481/2002 CONCEDER, nos termos do artigo 186, inciso III, alinea c, e 189, Paragrafo Unico, da Lei no 8.112, de 11/12/1990, combinados com o artigo 41, inciso III, alinea c, e  4o, da LEI ORGANICA DO DISTRITO FEDERAL e artigo 3o da Emenda Constitucional no 20, de 16/12/1998, aposentadoria a servidora ANA MARIA SILVA DE MELO, matricula no 77.870-2, Professor, nivel 03, Classe Unica, Padrao 25-3F, do Quadro de Pessoal do Dis-trito Federal. Processo no 080.008611/2002 CONCEDER, nos termos do artigo 186, inciso III, alinea d, e 189, Paragrafo Unico, da Lei no 8.112, de 11/12/1990, combinados com o artigo 41, inciso III, alinea d, e  4o, da LEI ORGA-NICA DO DISTRITO FEDERAL e artigo 40,  1o, inciso IIIb, e  8o, da CONSTITUICAO DA REPUBLICA FEDERATIVA DO BRASIL, aposentadoria ao servidor ANISIO PEREIRA CHA-VES, matricula no 79.505-4, Agente de Educacao/Vigilancia, Classe Unica, Padrao XXIV, do Quadro de Pessoal do Distrito Federal. Processo no 080.002620/2002 CONCEDER, nos termos do artigo 40,  1o, inciso IIIa, e  5o e 8o, da CONSTITUICAO DA REPUBLICA FEDERATIVA DO BRASIL, acrescidos aos proventos os Incentivos Funcionais de que trata o artigo 30 da Lei no 6.366, de 15/10/1976, de acordo com o Paragrafo Unico do artigo 13 da Lei no 66, de 18/12/1989, aposentadoria ao servidor APARECIDO DA SILVA, matricula no 94.281-2, Professor, nivel 03, Classe Unica, Padrao 25-3F, do Quadro de Pessoal do Distrito Federal. Processo no 080.004752/2002 CONCEDER, nos termos do artigo 186, inciso III, alinea c, e 189, Paragrafo Unico, da Lei no 8.112, de 11/12/1990, combinados com o artigo 41, inciso III, alinea c, e  4o, da LEI ORGANICA DO DISTRITO FEDERAL e artigo 3o da Emenda Constitucional no 20, de 16/12/1998, aposentadoria ao servidor CICERO FRANCISCO DA SILVA, matricula no 36.112-7, Professor, nivel 03, Classe Unica, Padrao 25-3F, do Quadro de Pessoal do Distrito Federal. Processo no 080.008329/2002 CONCEDER, nos termos do artigo 8o, incisos I, II, IIIa e IIIb, e  4o, da Emenda Constitu-cional no 20, de 16/12/1998, e artigo 40,  8o, da CONSTITUICAO DA REPUBLICA FE-DERATIVA DO BRASIL, acrescidos aos proventos os Incentivos Funcionais de que trata o artigo 30 da Lei no 6.366, de 15/10/1976, de acordo com o Paragrafo Unico do artigo 13 da Lei no 66, de 18/12/1989, aposentadoria a servidora CLEILI VIEGAS GOMES, matricula no 96.511-1, Professor, nivel 03, Classe Unica, Padrao 25-3F, do Quadro de Pessoal do Distrito Federal. Processo no 082.010025/1998. "
