,Tipo do Ato,Nome do Servidor Substituto,Matrícula do Servidor Substituto,Nome do Servidor a ser Substituido,Matrícula do Servidor a ser SubstituidoCargo,Símbolo do cargo do servidor substituto,Cargo comissionado objeto da substituição,Símbolo do cargo do objeto da substituição,Símbolo do cargo comissionado objeto da substituição,Hierarquia da Lotação,Órgão,Data Inicial da Vigência,Data Final de Vigência,Matrícula SIAPE,Motivo,text
0,Substituição de Funções," ELIZAIDE SANTOS DE SOUZA RAMOS  professora da rede publica de ensino do
Distrito Federal",nan,nan,nan,nan,nan,nan,nan,nan,nan,nan,nan,nan,nan,"Designar ELIZAIDE SANTOS DE SOUZA RAMOS  professora da rede publica de ensino do
Distrito Federal, para a funcao de Membro do Conselho de Acompanhamento e Controle Social
do Fundo de Manutencao e Desenvolvimento do Ensino Fundamental e de Valorizacao do Ma-
gisterio  FUNDEF"
1,Substituição de Funções, DALMO ALEXANDRE COSTA,nan,nan,nan,nan,nan,nan,nan,nan,nan,nan,nan,nan,nan,"Designar DALMO ALEXANDRE COSTA, Secretario Adjunto, para responder pelo expediente
da Secretaria de Estado de Gestao Administrativa, durante o periodo de ferias regulamentares de
sua titular, no periodo de 23 de setembro a 12 de outubro de 2002"
2,Substituição de Funções, os servidores VOLMIR ZARO,42.699-7,nan,42.889-2,nan,nan,nan,nan,nan,nan,nan,nan,nan,nan,"Designar os servidores VOLMIR ZARO, matricula no 42.699-7, ANTONIO FRANCIS-
CO ALVES, matricula no 42.889-2, LUCIANA CRISTINA AGUIAR DE CARVALHO, matri-
cula no 91.395-2, RUFINO JOSE BATISTA, matricula no 26.831-3, OLAVO GONCALVES DE
FARIAS, matricula no 21.488-4 e HELIO BITTENCOURT GONZAGA FILHO, matricula no
42.728-4, como responsaveis pelo recebimento do material de que trata o artigo anterior"
3,Substituição de Funções, os servidores abaixo relacionados,nan,nan,nan,nan,nan,nan,nan,nan,nan,nan,nan,nan,nan,"Designar os servidores abaixo relacionados, para, sob a presidencia do primeiro, comporem
Comissao Especial de Inventario Fisico Financeiro dos Materiais Permanentes, com carga para
o Hospital Regional da Asa Sul, face ao que consta no Processo no 061.028.152/95"
4,Substituição de Funções, os servidores JOSE ADILSON BARBOZA,126.809-0,nan,121.801-8 e EDNA MARIA ALVES DE OLIVEIRA,nan,nan,nan,nan,nan,nan,nan,nan,nan,nan,"Designar os servidores JOSE ADILSON BARBOZA, matricula no 126.809-0, MARIA IRANI
DA SILVA DIAS, matricula no 121.801-8 e EDNA MARIA ALVES DE OLIVEIRA, matricula
no 126.849-X, para, sob a presidencia do primeiro, integrarem a Comissao de Processo Admi-
nistrativo Disciplinar, incumbida de apurar os fatos relatados no processo no 275.000.328/2002
Esta Portaria entra em vigor na data de sua publicacao"
5,Substituição de Funções, o servidor Sergio de Souza Marques,131.178-6,"a Gerente de Pessoal Ativo da Diretoria
de Recursos Humanos da Subsecretaria de Apoio Operacional da Secretaria de Estado de Saude
do Distrito Federal",nan,nan,DFG-11,nan,nan,nan,nan,nan,nan,nan,nan,"Designar o servidor Sergio de Souza Marques, Assistente Intermediario de Saude II (Agente
Administrativo), Matricula no 131.178-6, para substituir a Gerente de Pessoal Ativo da Diretoria
de Recursos Humanos da Subsecretaria de Apoio Operacional da Secretaria de Estado de Saude
do Distrito Federal, Simbolo DFG-11, no periodo de 02 de setembro a 07 de outubro de 2002,
em razao de licenca por motivo de doenca em pessoa da familia"
6,Substituição de Funções, a servidora MARIA ALICE MAGALHAES PIRES RORIZ,000.0069-8,nan,nan,nan,nan,nan,nan,nan,nan,nan,nan,nan,nan,"Designar a servidora MARIA ALICE MAGALHAES PIRES RORIZ, Matricula no 000.0069-8, EXE-
CUTORA do Contrato no 001/2002  FEPECS/SES, celebrado entre a Fundacao de Ensino e Pesquisa
em Ciencias da Saude e a empresa Apolo Agencia de Viagens e Turismo Ltda, em 19 de julho de 2002
ALUISIO TOSCANO FRANCA SECRETARIA DE INFRA-ESTRUTURA E OBRAS SERVICO DE AJARDINAMENTO E LIMPEZA
URBANA DO DISTRITO FEDERAL INSTRUCAO DE SERVICO No 93, DE 30 DE AGOSTO DE 2002
O DIRETOR-GERAL DO SERVICO DE AJARDINAMENTO E LIMPEZA URBANA DO
DISTRITO FEDERAL - BELACAP, no uso de suas atribuicoes legais, tendo em vista as justi-
ficativas apresentadas pelo Presidente da Comissao de Sindicancia, e de acordo com os ditames
da Lei no 8.112/90, resolve:
I- Encerrar por decurso de prazo, os trabalhos referentes ao processo no 094.000.829/2001"
7,Substituição de Funções, os servidores VALDECI DE LACERDA MOREIRA,83.877-2,nan,76.403-5 e VILMA BRITO DOS SANTOS,nan,nan,nan,nan,nan,nan,nan,nan,nan,nan,"Designar os servidores VALDECI DE LACERDA MOREIRA, matricula no 83.877-2, EU-
LALIA NAZARE AMORIM, matricula no 76.403-5 e VILMA BRITO DOS SANTOS, matri-
cula no 83.163-8, para, sob a presidencia do primeiro, comporem a Comissao incumbida da
apuracao dos fatos"
8,Substituição de Funções, o Escrivao de Policia WILTON LOPES PEREIRA,31.477-3,o Agente de Policia HELMUTH FELIP ZIMMER,27.816-5,"Chefe da
Secao de Aposentadorias e Pensoes/DRH/DAG/PCDF",DFG-08,nan,,nan,"04/09/2002, que designou o Agente de Policia ANTONIO FERREIRA NETO, matricu-
la no 23.382-X, para substituir o Agente de Policia WALDEMIRO GOMES LOPES NETO,
matricula no 36.246-8, Chefe da Secao de Apoio Administrativo/APC/PCDF, Simbolo DFG-08,
por motivo de ferias regulamentares, no periodo de 08.07 a 22.07.2002ONDE SE LE: Simbolo
DFG-08, LEIA-SE: Simbolo DFG-10",nan,nan,nan,nan,"Designar o Escrivao de Policia WILTON LOPES PEREIRA, matricula no 31.477-3, para
substituir o Agente de Policia HELMUTH FELIP ZIMMER, matricula no 27.816-5, Chefe da
Secao de Aposentadorias e Pensoes/DRH/DAG/PCDF, Simbolo DFG-08, por motivo de ferias
regulamentares, no periodo de 11.06 a 20.06.2002
2  Designar o Agente de Policia DURVAL ANTONIO SOARES, matricula no 23.636-5, para
substituir o Delegado de Policia WELLIGTON JOSE RIBEIRO, matricula no 24.804-5, Diretor
da Divisao de Recursos Humanos/DAG/PCDF, Simbolo DFG-14, por motivo de abono de pon-
to, no periodo de 22.07 a 26.07.2002
3  Designar o Agente de Policia JURANDIR FERNANDES PEREIRA, matricula no 58.215-8,
para substituir o Agente de Policia JOSE RIBEIRO DE SOUZA, matricula no 57.158-X, Chefe
da Secao Apoio Administrativo/24a DP/DPC/PCDF, Simbolo DFG-08, por motivo de ferias
regulamentares, no periodo de 11.09 a 30.09.2002
4  Designar o Delegado de Policia CARLOS LUIZ WOLFF DE PINA, matricula no 57.597-6,
para substituir a Delegada de Policia MARIA DE LOURDES DE ALENCAR COELHO, matri-
cula no 32.246-6, Chefe da Divisao de Controle de Permanencia de Autos/CGP/PCDF, Simbolo
DFG-11, por motivo de licenca para tratamento de saude, no periodo de 22.07 a 11.08.2002
5  Designar o Delegado de Policia EMERSON BENJAMIM PEREIRA DE CARVALHO, matricu-
la no 57.422-8, para substituir a Delegada de Policia MARIA DE LOURDES DE ALENCAR COE-
LHO, matricula no 32.246-6, Chefe da Divisao de Controle de Permanencia de Autos/CGP/PCDF,
Simbolo DFG-11, por motivo de licenca para tratamento de saude, no periodo de 12.08 a 18.08.2002
6  Designar o Tecnico de Apoio as Atividades Policiais Civis LUIZ DA SILVA OLIVEIRA,
matricula no 22.691-2, para substituir a Agente de Policia ROSIMAR MACHADO SOUZA,
matricula no 25.524-6, Chefe da Secao de Apoio Administrativo/DA/IC/DPT/PCDF, Simbolo
DFG-05, por motivo de licenca premio por assiduidade, no periodo de 12.08 a 10.09.2002
7  Designar o Perito Criminal JOSE HUMBERTO FERREIRA, matricula no 39.273-1, para
substituir o Perito Criminal FERNANDO PUTTINI CARVALHO RAMOS, matricula no 26.590-
X, Chefe da Secao de Crimes contra o Patrimonio/DPE/IC/DPT/PCDF, Simbolo DFG-08, por
motivo de licenca premio por assiduidade, no periodo de 12.09 a 30.09.2002
8  Designar o Agente de Policia PAULO JANIO GOMES FREITAS, matricula no 57.066-4,
para substituir o Agente de Policia ROBERTO MARTINS DOS SANTOS, matricula no 47.628-
5, Chefe da Secao de Vigilancia e Operacoes/DEMA/DPE/PCDF, Simbolo DFG-08, por motivo
de licenca premio por assiduidade, no periodo de 02.09 a 01.10.2002
9  Designar a Escriva de Policia SANDRA MARIA VIEIRA DOS SANTOS, matricula no
57.128-8, para substituir a Escriva de Policia DENISE DE ALMEIDA NERY ABOUD, matri-
cula no 36.400-2, Chefe do Cartorio/DEF/DPE/PCDF, Simbolo DFG-08, por motivo de ferias
regulamentares, no periodo de 09.08 a 23.08.2002
10  Tornar sem efeito o item 15 da Ordem de Servico de 29 de Agosto de 2002, publicada no
DODF no 169, de 04/09/2002, que designou o Escrivao de Policia ERNANE BARBOSA SOA-
RES, matricula no 46.847-9, para substituir o Escrivao de Policia WALMIR ANTONIO DOS
SANTOS, matricula no 23.011-1, Chefe do Cartorio/17a DP/DPC/PCDF, Simbolo DFG-08, por
motivo de ferias regulamentares, no periodo de 09.08 a 07.09.2002
11  Designar a Escriva de Policia ROSANIA LOBATO FRANCA, matricula no 57.133-4, para substituir o Escrivao de Policia WALMIR ANTONIO DOS SANTOS, matricula no 23.011-1,
Chefe do Cartorio/17a DP/DPC/PCDF, Simbolo DFG-08, por motivo de ferias regulamentares,
no periodo de 09.08 a 07.09.2002
12  Designar a Agente de Policia MARCIA ROSANA URACH VIEIRA, matricula no 57.325-
6, para substituir o Agente de Policia VICENTE HONORATO DANTAS, matricula no 47.535-
1, Chefe da Secao de Despesa e Liquidacao/DOF/DAG/PCDF, Simbolo DFG-08, por motivo de
ferias regulamentares, no periodo de 12.08 a 21.08.2002
13  Designar o Perito Medico-Legista HYUNG IL PAK, matricula no 39.931-0, para substituir
o Perito Criminal GUSTAVO DE CARVALHO DALTON, matricula no 39.998-1, Diretor do
Instituto de Pesquisa de DNA Forense/DPT/PCDF, Simbolo DFG-14, por motivo de ferias re-
gulamentares, no periodo de 18.08 a 06.09.2002
14  Designar o Perito Papiloscopista WILLIAM DOS SANTOS VIEIRA JUNIOR, matricula
no 35.173-3, para substituir o Perito Papiloscopista DOMINGOS DE JESUS MAGALHAES,
matricula no 19.331-3, Chefe do Posto de Identificacao no 16/DI/II/DPT/PCDF, Simbolo DFG-
08, por motivo de licenca para tratamento de saude, no periodo de 11.07 a 09.08.2002
15  Designar a Agente de Policia LUCIANE APARECIDA DE OLIVEIRA, matricula no 35.888-
6, para substituir o Agente de Policia IVONEI CARDOSO SILVA, matricula no 35.790-1, Chefe
da Secao de Informatica, Planejamento e Estatistica/21a DP/DPC/PCDF, Simbolo DFG-08, por
motivo de ferias regulamentares, no periodo de 14.10 a 28.10.2002
16  Designar a Agente de Policia ELANNY CRISTINA ROCHA SANTOS, matricula no 34.185-
1, para substituir o Agente de Policia SEBASTIAO FERREIRA GOMES NETO, matricula no
35.379-5, Chefe do Servico de Planejamento e Estatistica/DEPATE/PCDF, Simbolo DFG-10,
por motivo de licenca para tratamento de saude, no periodo de 13.08 a 11.09.2002
17  Designar o Escrivao de Policia ERALDO FARIA DE LIMA, matricula no 35.382-5, para
substituir o Escrivao de Policia PAULO DA SILVA PINA, matricula no 27.218-3, Secretario da
Comissao Permanente de Disciplina/CPD/PCDF, Simbolo DFG-08, por motivo de ferias regu-
lamentares, no periodo de 11.09 a 20.09.2002
18  Designar o Agente de Policia SERGIO RICARDO SOUZA, matricula no 57.386-8, para
substituir o Agente de Policia ANTONIO CORDEIRO DE ABREU, matricula no 37.685-X,
Chefe da Secao de Fiscalizacao/DAME/DEPATE/PCDF, Simbolo DFG-08, por motivo de Feri-
as regulamentares, no periodo de 05.08 a 24.08.2002
19  Designar o Agente de Policia OSVALDO SOARES DE SOUZA, matricula no 23.387-0,
para substituir o Agente de Policia EUGENIO PACELE MAIA, matricula no 31.935-X, Chefe
da Secao de Furtos em Residencia/DRF/DPE/PCDF, Simbolo DFG-08, por motivo de ferias
regulamentares, no periodo de 09.08 a 14.08.2002
20  Designar o Delegado de Policia MARCELO FERNANDES, matricula no 35.887-8, para
substituir o Delegado de Policia GERALDO LUIZ NUGOLI COSTA, matricula no 23.426-5,
Diretor da Divisao de Operacoes Especiais/DEPATE/PCDF, Simbolo DFG-14, por motivo de
afastamento legal do titular com dispensa de ponto para participar de evento fora do Distrito
Federal, no periodo de 19.08 a 30.08.2002
21  Designar o Escrivao de Policia REGINALDO MARTINS LAIA, matricula no 46.800-2,
para substituir o Escrivao de Policia EDER MARTINS FERREIRA, matricula no 47.475-4,
Chefe do Cartorio/6a DP/DPC/PCDF, Simbolo DFG-08, por motivo de licenca premio por assi-
duidade, no periodo de 02.09 a 01.10.2002
22  Designar a Agente de Policia LUZIA RODRIGUES SIQUEIRA DIAS, matricula no 47.742-
7, para substituir o Agente de Policia NEI DE SOUZA ALVES, matricula no 47.193-3, Chefe da
Secao de Vigilancia e Operacoes/20a DP/DPC/PCDF, Simbolo DFG-08, por motivo de ferias
regulamentares, no periodo de 10.09 a 24.09.2002
23  Designar o Agente de Policia RANIERE JAIR DE SOUSA SANTOS, matricula no 58.180-
1, para substituir o Agente de Policia MUCIO BARBOSA FILHO, matricula no 31.404-8, Chefe
da Secao de Investigacoes Criminais/27a DP/DPC/PCDF, Simbolo DFG-08, por motivo de feri-
as regulamentares, no periodo de 10.09 a 24.09.2002
24  Designar o Agente de Policia JOAO MACHADO COSTA, matricula no 27.217-5, para
substituir a Agente de Policia LUSINETE CARLOS DA SILVA, matricula no 47.181-X, Chefe
da Secao de Informatica, Planejamento e Estatistica/24a DP/DPC/PCDF, Simbolo DFG-08, por
motivo de licenca para tratamento de saude, no periodo de 07.08 a 16.08.2002
25  Designar o Agente de Policia DURVAL ANTONIO SOARES, matricula no 23.636-5, para
substituir o Delegado de Policia WELLIGTON JOSE RIBEIRO, matricula no 24.804-5, Diretor
da Divisao de Recursos Humanos/DAG/PCDF, Simbolo DFG-14, por motivo de ferias regula-
mentares, no periodo de 10.09 a 19.09.2002
26  Designar a Delegada de Policia MARIA LUIZA DE ARRUDA, matricula no 27.925-0,
para substituir o Delegado de Policia APARICIO XAVIER MARTINS FONTES, matricula no
32.230-X, Vogal da Comissao Permanente de Disciplina/PCDF, Simbolo DFA-13, por motivo
de ferias regulamentares, no periodo de 10.09 a 09.10.2002
27  Retificar o item 09 da Ordem de Servico de 17 de Junho de 2002, publicada no DODF no
119, de 25/06/2002, que designou o Delegado de Policia GILBERTO ALVES MARANHAO
BEZERRA, matricula no 57.433-3, para substituir o Delegado de Policia VALDEMAR GO-
MES RIBEIRO, matricula no 23.664-0, Delegado-Chefe/10a DP/DPC/PCDF, Simbolo DFG-14,
por motivo de licenca premio por assiduidade, no periodo de 27.05 a 22.11.2002 ONDE SE LE:
no periodo de 27.05 a 22.11.2002, LEIA-SE: no periodo de 27.05 a 14.06.2002
28  Retificar o item 05 da Ordem de Servico de 23 de Agosto de 2002, publicada no DODF no
169, de 04/09/2002, que designou o Agente de Policia ANTONIO FERREIRA NETO, matricu-
la no 23.382-X, para substituir o Agente de Policia WALDEMIRO GOMES LOPES NETO,
matricula no 36.246-8, Chefe da Secao de Apoio Administrativo/APC/PCDF, Simbolo DFG-08,
por motivo de ferias regulamentares, no periodo de 08.07 a 22.07.2002ONDE SE LE: Simbolo
DFG-08, LEIA-SE: Simbolo DFG-10"
9,Substituição de Funções, a servidora VERA LUCIA DA SILVA CUNHA,57.369-,a servidora SIMONE ROCHA GAY,57.558-5,nan,nan,nan,nan,nan,nan,nan,nan,nan,nan,"DESIGNAR a servidora VERA LUCIA DA SILVA CUNHA, Agente de Policia, matricula 57.369-
8, para substituir a servidora SIMONE ROCHA GAY, Agente de Policia, matricula 57.558-5,
nas funcoes de Executora do Contrato celebrado entre o Distrito Federal, por intermedio da
Policia Civil, e a empresa EDITORA GRAFICA GUARANY LTDA., objeto do processo
052.000.395/2002, no periodo de 16 a 25 de setembro de 2002, devido ferias regulamentares"
10,Substituição de Funções, a servidora VERA LUCIA DA SILVA CUNHA,57.369-,a servidora SIMONE ROCHA GAY,57.558-5,nan,nan,nan,nan,nan,nan,nan,nan,nan,nan,"DESIGNAR a servidora VERA LUCIA DA SILVA CUNHA, Agente de Policia, matricula 57.369-
8, para substituir a servidora SIMONE ROCHA GAY, Agente de Policia, matricula 57.558-5,
nas funcoes de Executora do Contrato celebrado entre o Distrito Federal, por intermedio da
Policia Civil, e a empresa PROROUPAS CONFECCOES LTDA., objeto do processo
052.001.390/2000, no periodo de 16 a 25 de setembro de 2002, devido ferias regulamentares"
11,Substituição de Funções, a servidora VERA LUCIA DA SILVA CUNHA,57.369-,a servidora SIMONE ROCHA GAY,57.558-5,nan,nan,nan,nan,nan,nan,nan,nan,nan,nan,"DESIGNAR a servidora VERA LUCIA DA SILVA CUNHA, Agente de Policia, matricula 57.369-
8, para substituir a servidora SIMONE ROCHA GAY, Agente de Policia, matricula 57.558-5,
nas funcoes de Executora dos Contratos celebrados entre o Distrito Federal, por intermedio da
Policia Civil, e as empresas CESAR REIS OFFICE PRODUCTS LTDA e GIMBA SUPRI-
MENTOS DE ESCRITORIO E INFORMATICA LTDA, objeto do processo 052.000.899/2002,
no periodo de 16 a 25 de setembro de 2002, devido ferias regulamentares"
12,Substituição de Funções, ZILEIA MARIA ALVES BARBOSA,108.067-9,nan,nan,nan,nan,nan,nan,nan,nan,nan,nan,nan,nan,"Designar ZILEIA MARIA ALVES BARBOSA, Chefe da Secao de Documentacao e Comunica-
cao Administrativa, matricula no 108.067-9, para atuar como executora do servico de que trata a Nota
de Empenho 2002NE00204, emitida em favor da Empresa Brasileira de Correios e Telegrafos;
2"
13,Substituição de Funções, um Grupo Especial de Trabalho,91.459-2,nan,"91.459-2
LEIA-SE: matricula 92.262-5 SECRETARIA EXTRAORDINARIA
DE PREVIDENCIA DO DISTRITO FEDERAL PORTARIA No 1",nan,nan,nan,nan,nan,nan,nan,nan,nan,nan,"Designar um Grupo Especial de Trabalho, compos-
to de servidores lotados na Secretaria Extraordinaria de Fiscalizacao de Atividades Urbanas e indica-
dos por orgaos do Complexo do Governo do Distrito Federal, cujos trabalhos formarao relatorio
circunstanciado, a ser disponibilizado pelo Grupo, que servira para formatacao de Minuta de Decreto
de Regulamentacao de que trata a Lei 2.706, de 27 de abril de 2001, formado por: ARTUR CARLOS
DE MORAIS, matricula 91.459-2, da Secretaria de Estado de Transporte  Membro;
ONDE SE LE: matricula 91.459-2
LEIA-SE: matricula 92.262-5 SECRETARIA EXTRAORDINARIA
DE PREVIDENCIA DO DISTRITO FEDERAL PORTARIA No 1, DE 16 DE SETEMBRO DE 2002(*)
O SECRETARIO DE ESTADO EXTRAORDINARIO DE PREVIDENCIA DO DISTRITO
FEDERAL, no uso das atribuicoes que lhe sao conferidas pelo Art 105, Paragrafo Unico, Inciso
V, da Lei Organica do Distrito Federal e Lei no 2.732, de 27 de julho de 2001, resolve:
Criar GRUPO DE TRABALHO para promover a revisao do Anteprojeto de Lei Complementar
que dispoe sobre o REGIME PROPRIO DE PREVIDENCIA DOS SERVIDORES DO DIS-
TRITO FEDERAL e REGIME DE PREVIDENCIA COMPLEMENTAR DOS SERVIDORES
DO DF  DFPREV, obedecendo ao inteiro teor:
Art.1o - Adequar o contexto as Leis Complementares nos 108 e 109 de 29 de maio de 2001 e
Decreto no 4.206 de 23 de abril de 2002, mais as Resolucoes do Conselho de Gestao de Previ-
dencia Social e Complementar"
