,Tipo do Ato,Nome do Servidor Substituto,Matrícula do Servidor Substituto,Nome do Servidor a ser Substituido,Matrícula do Servidor a ser SubstituidoCargo,Símbolo do cargo do servidor substituto,Cargo comissionado objeto da substituição,Símbolo do cargo do objeto da substituição,Símbolo do cargo comissionado objeto da substituição,Hierarquia da Lotação,Órgão,Data Inicial da Vigência,Data Final de Vigência,Matrícula SIAPE,Motivo,text
0,Substituição de Funções, para compor a Comissao Examinadora de Transito do DETRAN,nan,nan,nan,nan,nan,nan,nan,nan,nan,nan,nan,nan,nan,"Designar para compor a Comissao Examinadora de Transito do DETRAN-DF, a partir de 01 de
Novembro do ano corrente, nas seguintes funcoes: 1  COORDENADORES
Pelo periodo de 03(tres) meses:
Carlos Alberto Costa Lima,   Clelio da Rocha Galvao,   Cleusa Evangelista Ferreira,   Fatima Elizabeth
da Silva, Gladstone Coelho Taglialegna,   Ildefonso  Freitas da Silva,   Jose Gomes de Souza,   Lucia
Madalena Bandeira, Regina Lucia dos Santos,   Waldemar da Trindade Meirelles"
1,Substituição de Funções, para compor  a Comissao Examinadora de Transito da Banca Especial do DETRAN,nan,nan,nan,nan,nan,nan,nan,nan,nan,nan,nan,nan,nan,"Designar para compor  a Comissao Examinadora de Transito da Banca Especial do DETRAN-DF,
a partir de 01 de Novembro do ano corrente, nas seguintes funcoes: 1  COORDENADORES
Pelo periodo de 03(tres) meses:
Rachel Ribeiro Alves Barretos"
2,Substituição de Funções, para compor a Comissao Examinadora de Transito da Escola Publica de Transito,nan,nan,nan,nan,nan,nan,nan,nan,nan,nan,nan,nan,nan,"Designar para compor a Comissao Examinadora de Transito da Escola Publica de Transito, a
partir de 1 de Novembro do ano corrente, nas seguintes funcoes:
EXAMINADORES
Pelo periodo de 03(tres) meses:
Albano de Oliveira Lima,   Andrea  Alves da Costa,   Aneci Goncalves Mancio,   Cleusa das Neves Silva
Prado,   Darilene Rufina da Silva,   Delcino Vieira Nunes,   Dorvalina Lemos do Prado,   Edilurdes Bose
de Moura,   Efigenia Alves Rocha,   Elda Pereira dos Reis Oliveira Alves,   Erley Antonio da Silva,
Felinto da Silva Oliveira Filho,   Fernanda Braga de Oliveira Araujo,   Francisco Ronaldo G"
