,Tipo do Ato,Nome do Servidor Substituto,Matrícula do Servidor Substituto,Nome do Servidor a ser Substituido,Matrícula do Servidor a ser SubstituidoCargo,Símbolo do cargo do servidor substituto,Cargo comissionado objeto da substituição,Símbolo do cargo do objeto da substituição,Símbolo do cargo comissionado objeto da substituição,Hierarquia da Lotação,Órgão,Data Inicial da Vigência,Data Final de Vigência,Matrícula SIAPE,Motivo,text
0,Substituição de Funções, AUREA MARIA PEREIRA ERVILHA,n.o,MARIA LUIZA DORNAS RAMOS,n.o 92.840-2,Secretaria de Cultura do Distrito Federal,CNE-03,nan,nan,nan,nan,nan,nan,nan,nan,"Designar AUREA MARIA PEREIRA ERVILHA, matricula n.o 92.950-5, Secretaria Adjunta, da Secre-
taria de Estado de Cultura do Distrito Federal, para substituir MARIA LUIZA DORNAS RAMOS,
matricula n.o 92.840-2, Secretaria de Cultura do Distrito Federal, Simbolo CNE-03, no periodo de 18
a 22/06/2001, em decorrencia de seu afastamento do pais, conforme processo n.o 150.000895/2001"
1,Substituição de Funções, o servidor LUIZ EDUARDO FUNKE LOPES,o,MARIA BASTOS MARTINS,o 97.620-2,"do
cargo em comissao de Gerente de Administracao e Orcamento",nan,nan,nan,nan,nan,nan,nan,nan,nan,"Designar o servidor LUIZ EDUARDO FUNKE LOPES, matricula n o 96511-1, Assistente do Nucleo
de Orcamento e Financas,  para substituir MARIA BASTOS MARTINS, matricula n o 97.620-2, do
cargo em comissao de Gerente de Administracao e Orcamento, da Agencia de Desenvolvimento do
Turismo do Distrito Federal, por motivo de licenca medica, no periodo de 16.10.2001 a  30.10.2001"
2,Substituição de Funções," um servidor para auxiliar nos
trabalhos locais",nan,nan,nan,nan,nan,nan,nan,nan,nan,nan,nan,nan,nan,"designar um servidor para auxiliar nos
trabalhos locais, bem como favorecer de toda forma possivel o acesso as Subcomissoes aos recintos
onde existam bens a inventariar"
3,Substituição de Funções, a servidora Vera Lucia de Jesus Faria,nan,a servidora Joana Darc C,nan,nan,nan,nan,nan,nan,nan,nan,nan,nan,nan,"DESIGNAR a servidora Vera Lucia de Jesus Faria, AOSD-Limpeza e Conservacao, Matricula: 116.236-
5, para substituir a servidora Joana Darc C"
4,Substituição de Funções, a servidora Vera Lucia de Jesus Faria,nan,a servidora Joana Darc C,nan,nan,nan,nan,nan,nan,nan,nan,nan,nan,nan,"DESIGNAR a servidora Vera Lucia de Jesus Faria, AOSD-Limpeza e Conservacao, Matricula: 116.236-
5, para substituir a servidora Joana Darc C"
5,Substituição de Funções, o servidor Antonio Carlos de Souza,nan,nan,nan,nan,nan,nan,nan,nan,nan,nan,nan,nan,nan,"DESIGNAR o servidor Antonio Carlos de Souza, Art"
6,Substituição de Funções,nan,nan,o Presidente da Comissao,"CONDICAO
ANTONIO MARIA CLARET 74.593-6 Membro
JOSE RODRIGUES LIMA 81.107-6 Membro
ELIZETE ALVES CARVALHO 79.971-2 Membro II  Designar a servidora IRACI MARIA DOS SANTOS",nan,nan,nan,nan,nan,nan,nan,nan,nan,nan,"DESIGNAR, para comporem a Comissao de Apuracao de Acidentes, em substituicao aos servidores
nomeados atraves da Instrucao de Servico no 227 de 24 de setembro de 1.999, os seguintes servidores: 1- TITULARES NOME MATRICULA CONDICAO
JOSE ISIDORO PEREIRA FILHO 80.432-0 Presidente
IRACI MARIA DOS SANTOS 83.336-3 Membro
VALDECI DE LACERDA MOREIRA 83.877-2 Membro
ANNE AMARO OLIVEIRA 83.317-5 Membro 2- SUPLENTES NOME MATRICULA CONDICAO
ANTONIO MARIA CLARET 74.593-6 Membro
JOSE RODRIGUES LIMA 81.107-6 Membro
ELIZETE ALVES CARVALHO 79.971-2 Membro II  Designar a servidora IRACI MARIA DOS SANTOS, para substituir o Presidente da Comissao, nos
seus impedimentos e ausencias eventuais"
7,Substituição de Funções, o servidor Fernando Cesar Neves,24.506-2,nan,nan,nan,nan,nan,nan,nan,nan,nan,nan,nan,nan,"designar o servidor Fernando Cesar Neves, matricula 24.506-2,
como executor do contrato relativo ao item  3.2"
8,Substituição de Funções, engenheiro civil   Nathaniel Peregrino Bloomfield,27.300-7,nan,"0092153-x  como executores do contrato n 049/2001-
SSP",nan,nan,nan,nan,nan,nan,nan,nan,nan,nan,"Designar engenheiro civil   Nathaniel Peregrino Bloomfield, matricula 27.300-7 e a arquiteta
Maria Alice Maciel Figueiredo, matricula 0092153-x  como executores do contrato n 049/2001-
SSP, firmado com Exata Engenharia e Empreendimentos Ltda.., para construcao da 14a Companhia
de Policia Militar Independente, na Quadra Central 01, Area Especial 01, Santa Maria -  DF"
9,Substituição de Funções, engenheiros civis   Nathaniel Peregrino Bloomfield,27.300-7,nan,27.117-9  como executor do contrato n 050/2001-SSP,nan,nan,nan,nan,nan,nan,nan,nan,nan,nan,"Designar engenheiros civis   Nathaniel Peregrino Bloomfield, matricula 27.300-7 e Adao
Jesus Gondim de Oliveira, matricula 27.117-9  como executor do contrato n 050/2001-SSP, firmado
com Seta Comercial e Servicos Ltda., para construcao da 24a Delegacia de Policia na EQNO 10/12,
Lote E, Ceilandia DF"
10,Substituição de Funções, engenheiros civis   Nathaniel Peregrino Bloomfield,27.300-7,nan,27.143-8,nan,nan,nan,nan,nan,nan,nan,nan,nan,nan,"Designar engenheiros civis   Nathaniel Peregrino Bloomfield, matricula 27.300-7 e Raul
Massakasu Matuda, matricula 27.143-8,   como executores do contrato n 051/2001-SSP, firmado
com Seta Comercial e Servicos Ltda., para construcao da 31a Delegacia de Policia, situada a Q"
11,Substituição de Funções, o Escrivao de Policia REGINALDO MARTINS LAIA,46.800-2,o Escrivao de Policia EDER MARTINS FERREIRA,47.475-4,"Chefe de
Cartorio/6a DP/CPC/PCDF",DFG-02,nan,nan,nan,nan,nan,nan,nan,nan,"Designar o Escrivao de Policia REGINALDO MARTINS LAIA, matricula no 46.800-2, para
substituir o Escrivao de Policia EDER MARTINS FERREIRA, matricula no 47.475-4, Chefe de
Cartorio/6a DP/CPC/PCDF, simbolo DFG-02, por motivo de licenca premio por assiduidade, no
periodo de 01 a 30.10.2001"
12,Substituição de Funções, a Delegada de Policia SOLANGE MARIA BRITO FIALHO COUTINHO,33.058-2,a Delegada de Policia SARLLY SOARES PRADO,24.819-3,Vogal da Comissao Permanente de Disciplina/PCDF,DFG-11,nan,nan,nan,nan,nan,nan,nan,nan,"Designar a Delegada de Policia SOLANGE MARIA BRITO FIALHO COUTINHO, matricula no
33.058-2, para substituir a Delegada de Policia SARLLY SOARES PRADO, matricula no 24.819-3,
Vogal da Comissao Permanente de Disciplina/PCDF, Simbolo DFG-11, por motivo de ferias regula-
mentares, no periodo de 01 a 02.10.2001"
13,Substituição de Funções, a Delegada de Policia NAICE LANDIM TEIXEIRENSE PINHEIRO,47.176-3,a Delegada de Policia SARLLY SOARES PRADO,24.819-3,Vogal da Comissao Permanente de Disciplina/PCDF,DFG-11,nan,nan,nan,nan,nan,nan,nan,nan,"Designar a Delegada de Policia NAICE LANDIM TEIXEIRENSE PINHEIRO, matricula no
47.176-3, para substituir a Delegada de Policia SARLLY SOARES PRADO, matricula no 24.819-3,
Vogal da Comissao Permanente de Disciplina/PCDF, Simbolo DFG-11, por motivo de ferias regula-
mentares, no periodo de 03 a 09.10.2001"
14,Substituição de Funções, a Delegada de Policia MONICA CHMIELEWSKI,47.174-7,a Delegada de Policia SARLLY SOARES PRADO,24.819-3,"Vogal da
Comissao Permanente de Disciplina/PCDF",DFG-11,nan,nan,nan,nan,nan,nan,nan,nan,"Designar a Delegada de Policia MONICA CHMIELEWSKI, matricula no 47.174-7, para
substituir a Delegada de Policia SARLLY SOARES PRADO, matricula no 24.819-3, Vogal da
Comissao Permanente de Disciplina/PCDF, Simbolo DFG-11, por motivo de ferias regulamen-
tares, no periodo de 10 a 19.10.2001"
15,Substituição de Funções, o Papiloscopista Policial LOURIVAL RODRIGUES FERREIRA,48.197-,o Papiloscopista Policial JOSE OSMAR PEREIRA,48.054-1,"Chefe da
Secao de Pericia Datiloscopica/DPA/I.I./CPT/PCDF",DFG-02,nan,nan,nan,nan,nan,nan,nan,nan,"Designar o Papiloscopista Policial LOURIVAL RODRIGUES FERREIRA, matricula no 48.197-
1, para substituir o Papiloscopista Policial JOSE OSMAR PEREIRA, matricula no 48.054-1, Chefe da
Secao de Pericia Datiloscopica/DPA/I.I./CPT/PCDF, Simbolo DFG-02, por motivo de ferias regula-
mentares, no periodo de 09.10 a 07.11.2001"
16,Substituição de Funções, o Papiloscopista Policial BALTAZAR CRISTINO DA SILVA,39.752-0,o Papiloscopista Policial JOVANE NONATO DA CONCEICAO,"48.064-
9",Chefe do Posto de Identificacao no 12/DI/I.I./CPT/PCDF,DFG-02,nan,nan,nan,nan,nan,nan,nan,nan,"Designar o Papiloscopista Policial BALTAZAR CRISTINO DA SILVA, matricula no 39.752-0,
para substituir o Papiloscopista Policial JOVANE NONATO DA CONCEICAO, matricula no 48.064-
9, Chefe do Posto de Identificacao no 12/DI/I.I./CPT/PCDF, Simbolo DFG-02, por motivo de ferias
regulamentares, no periodo de 09.10 a 23.10.2001"
17,Substituição de Funções, a Papiloscopista Policial RENATA MONTEIRO COSTA AMARAL,48.078-,a Papiloscopista Policial JUREMA APARECIDA PEREIRA DE MORAIS,48.126-2,Chefe do Posto de Identificacao no 24/DI/I.I./CPT/PCDF,DFG-02,nan,nan,nan,nan,nan,nan,nan,nan,"Designar a Papiloscopista Policial RENATA MONTEIRO COSTA AMARAL, matricula no 48.078-
9, para substituir a Papiloscopista Policial JUREMA APARECIDA PEREIRA DE MORAIS, matricula
no 48.126-2, Chefe do Posto de Identificacao no 24/DI/I.I./CPT/PCDF, Simbolo DFG-02, por motivo
de ferias regulamentares, no periodo de 15.10 a 29.10.2001"
18,Substituição de Funções, a Papiloscopista Policial RITTA MARGARIDA PAIM C,nan,nan,nan,nan,nan,nan,nan,nan,nan,nan,nan,nan,nan,Designar a Papiloscopista Policial RITTA MARGARIDA PAIM C
19,Substituição de Funções, o Papiloscopista Policial GERALDO COSTA FARIA,38.378-3,a Papiloscopista Policial MERIAN BORGES DE SOUSA,24.037-0,"Chefe do
Posto de Identificacao no 18/DI/I.I./CPT/PCDF",DFG-02,nan,nan,nan,nan,nan,nan,nan,nan,"Designar o Papiloscopista Policial GERALDO COSTA FARIA, matricula no 38.378-3, para
substituir a Papiloscopista Policial MERIAN BORGES DE SOUSA, matricula no 24.037-0, Chefe do
Posto de Identificacao no 18/DI/I.I./CPT/PCDF, Simbolo DFG-02, por motivo de licenca para trata-
mento de saude, no periodo de 19.09 a 18.10.2001"
20,Substituição de Funções, o Papiloscopista Policial VALDEK PEREIRA DA SILVA,48.075-4,o Papiloscopista Policial MARCIO MENDES DA SILVA,36.512-2,"Chefe do
Posto de Identificacao no 11/DI/I.I./CPT/PCDF",DFG-02,nan,nan,nan,nan,nan,nan,nan,nan,"Designar o Papiloscopista Policial VALDEK PEREIRA DA SILVA, matricula no 48.075-4, para
substituir o Papiloscopista Policial MARCIO MENDES DA SILVA, matricula no 36.512-2, Chefe do
Posto de Identificacao no 11/DI/I.I./CPT/PCDF, Simbolo DFG-02, por motivo de licenca para trata-
mento de saude, no periodo de 10.09 a 14.09.2001"
21,Substituição de Funções, o Papiloscopista Policial VALDEK PEREIRA DA SILVA,48.075-4,o Papiloscopista Policial MARCIO MENDES DA SILVA,36.512-2,"Chefe do
Posto de Identificacao no 11/DI/I.I./CPT/PCDF",DFG-02,nan,nan,nan,nan,nan,nan,nan,nan,"Designar o Papiloscopista Policial VALDEK PEREIRA DA SILVA, matricula no 48.075-4, para
substituir o Papiloscopista Policial MARCIO MENDES DA SILVA, matricula no 36.512-2, Chefe do
Posto de Identificacao no 11/DI/I.I./CPT/PCDF, Simbolo DFG-02, por motivo de licenca para trata-
mento de saude, no periodo de 20.09 a 19.10.2001"
22,Substituição de Funções, o Perito Criminal JOSE ALBERTO DE ALMEIDA,19.319-4,a Perita Criminal LEA SEBASTIANA MEIRELES DOS SANTOS,21.101-X,Chefe da Secao de Merceologia/ I.C./CPT/PCDF,DFG-08,nan,nan,nan,nan,nan,nan,nan,nan,"Designar o Perito Criminal JOSE ALBERTO DE ALMEIDA, matricula no 19.319-4, para
substituir a Perita Criminal LEA SEBASTIANA MEIRELES DOS SANTOS, matricula no 21.101-X,
Chefe da Secao de Merceologia/ I.C./CPT/PCDF, Simbolo DFG-08, por motivo de ferias regulamen-
tares, no periodo de 12.09 a 26.09.2001"
23,Substituição de Funções, o Agente de Policia JENNER SALES SANTANA,38.910-2,o Agente de Policia JURACI DE ARAUJO MEDEIROS,24.136-9,"Chefe da Secao de
Investigacoes Criminais/20a DP/CPC/PCDF",DFG-02,nan,nan,nan,nan,nan,nan,nan,nan,"Designar o Agente de Policia JENNER SALES SANTANA, matricula no 38.910-2, para substituir
o Agente de Policia JURACI DE ARAUJO MEDEIROS, matricula no 24.136-9, Chefe da Secao de
Investigacoes Criminais/20a DP/CPC/PCDF, Simbolo DFG-02, por motivo de licenca premio por
assiduidade, no periodo de 03.10 a 01.11.2001"
24,Substituição de Funções, a Escriva de Policia TANIA LUISA LOPES DE OLIVEIRA,35.151-2,o Escrivao de Policia VICENTE DE PAULA OLIVEIRA,22.956-3,Chefe do Cartorio/12a DP/CPC/PCDF,DFG-02,nan,nan,nan,nan,nan,nan,nan,nan,"Designar a Escriva de Policia TANIA LUISA LOPES DE OLIVEIRA, matricula no 35.151-2,
para substituir o Escrivao de Policia VICENTE DE PAULA OLIVEIRA, matricula no 22.956-3,
Chefe do Cartorio/12a DP/CPC/PCDF, Simbolo DFG-02, por motivo de ferias regulamentares, no
periodo de  09.10 a 18.10.2001"
25,Substituição de Funções, o Escrivao de Policia JOSE LAERCIO VIEIRA,46.822-3,o Escrivao de Policia ALUISIO DE SOUSA PAIVA,35.214-4,"Chefe do Cartorio/4a DP/
CPC/PCDF",DFG-02,nan,nan,nan,nan,nan,nan,nan,nan,"Designar o Escrivao de Policia JOSE LAERCIO VIEIRA, matricula no 46.822-3, para substituir
o Escrivao de Policia ALUISIO DE SOUSA PAIVA, matricula no 35.214-4, Chefe do Cartorio/4a DP/
CPC/PCDF, Simbolo DFG-02, por motivo de ferias regulamentares, no periodo de 15.10 a 24.10.2001"
26,Substituição de Funções, o Perito Criminal SILVIO BOCON,39.589-7,"o Perito
Criminal JOSE LUIS ROZATTO FERNANDEZ",39.584-6,"Chefe da Secao de Engenha-
ria Legal e Meio Ambiente/I.C./CPT/PCDF",DFG-08,nan,nan,nan,nan,nan,nan,nan,nan,"Designar o Perito Criminal SILVIO BOCON, matricula no 39.589-7, para substituir o Perito
Criminal JOSE LUIS ROZATTO FERNANDEZ, matricula no 39.584-6, Chefe da Secao de Engenha-
ria Legal e Meio Ambiente/I.C./CPT/PCDF, Simbolo DFG-08, por motivo de ferias regulamentares,
no periodo de 15.10 a 29.10.2001"
27,Substituição de Funções, o Agente de Policia PAULO FABRICIO BATISTA,47.396-0,o Agente de Policia WILSON FERNANDES SIQUEIRA,35.345-0,"Chefe da
Secao de Vigilancia/14a DP/CPC/PCDF",DFG-02,nan,nan,nan,nan,nan,nan,nan,nan,"Designar o Agente de Policia PAULO FABRICIO BATISTA, matricula no 47.396-0, para
substituir o Agente de Policia WILSON FERNANDES SIQUEIRA, matricula no 35.345-0, Chefe da
Secao de Vigilancia/14a DP/CPC/PCDF, Simbolo DFG-02, por motivo de licenca premio por assidui-
dade, no periodo de 15.10 a 13.11.2001"
28,Substituição de Funções, o Escrivao de Policia LUIZ CLAUDIO RAMOS MOREIRA,39.466-1,a Escriva de Policia MAURILENA SILVA GUIMARAES,57.010-9,"Chefe do Cartorio/
DPCA/CPT/PCDF",DFG-02,nan,nan,nan,nan,nan,nan,nan,nan,"Designar o Escrivao de Policia LUIZ CLAUDIO RAMOS MOREIRA, matricula no 39.466-1, para
substituir a Escriva de Policia MAURILENA SILVA GUIMARAES, matricula no 57.010-9, Chefe do Cartorio/
DPCA/CPT/PCDF, Simbolo DFG-02, por motivo de ferias regulamentares, no periodo de 29.10 a 07.11.2001"
29,Substituição de Funções, a Agente de Policia ADRIANA KARLA DE CASTRO NAPOLI,58.321-,a Agente de Policia SIMONE ROCHA GAY,57.558-5,"Chefe da Secao
de Atendimento Tecnico/DPCA/CPE/PCDF",DFG-02,nan,nan,nan,nan,nan,nan,nan,nan,"Designar a Agente de Policia ADRIANA KARLA DE CASTRO NAPOLI, matricula no 58.321-
9, para substituir a Agente de Policia SIMONE ROCHA GAY, matricula no 57.558-5, Chefe da Secao
de Atendimento Tecnico/DPCA/CPE/PCDF, Simbolo DFG-02, por motivo de ferias regulamentares,
no periodo de 15.10 a 24.10.2001"
30,Substituição de Funções, o Agente de Policia MOACIR RODRIGUES XAVIER,37.286-2,o Agente de Policia MAURO VIEIRA CHEROBIM,25.584-X,"Chefe da Secao
de Investigacoes Criminais/9a DP/CPC/PCDF",DFG-02,nan,nan,nan,nan,nan,nan,nan,nan,"Designar o Agente de Policia MOACIR RODRIGUES XAVIER, matricula no 37.286-2, para
substituir o Agente de Policia MAURO VIEIRA CHEROBIM, matricula no 25.584-X, Chefe da Secao
de Investigacoes Criminais/9a DP/CPC/PCDF, Simbolo DFG-02, por motivo de ferias regulamenta-
res, no periodo de 12.09 a 21.09.2001"
31,Substituição de Funções, o Delegado de Policia APARICIO XAVIER MARTINS FONTES,32.230-,a Delegada de Policia SELMA MARIA FROTA CARMONA,"28.636-
2",Delegada-Chefe da DPCA/CPE/PCDF,DFG-11,nan,nan,nan,nan,nan,nan,nan,nan,"Designar o Delegado de Policia APARICIO XAVIER MARTINS FONTES, matricula no 32.230-
X, para substituir a Delegada de Policia SELMA MARIA FROTA CARMONA, matricula no 28.636-
2, Delegada-Chefe da DPCA/CPE/PCDF, Simbolo DFG-11, por motivo de ferias regulamentares, no
periodo de 23.10 a 01.11.2001"
32,Substituição de Funções, o Delegado de Policia APARICIO XAVIER MARTINS FONTES,32.230-,a Delegada de Policia SELMA MARIA FROTA CARMONA,"28.636-
2",Delegada-Chefe da DPCA/CPE/PCDF,DFG-11,nan,nan,nan,nan,nan,nan,nan,nan,"Designar o Delegado de Policia APARICIO XAVIER MARTINS FONTES, matricula no 32.230-
X, para substituir a Delegada de Policia SELMA MARIA FROTA CARMONA, matricula no 28.636-
2, Delegada-Chefe da DPCA/CPE/PCDF, Simbolo DFG-11, por motivo de afastamento legal, no
periodo 05.11 a 16.11.2001"
33,Substituição de Funções, o Delegado de Policia GILBERTO ALVES RIBEIRO,24.033-8,o Delegado de Policia DOMINGOS JOSE LINDOZO MUNIZ,22.954-7,Coordenador da Coordenacao de Policia Especializada/PCDF,DFG-12,nan,nan,nan,nan,nan,nan,nan,nan,"Designar o Delegado de Policia GILBERTO ALVES RIBEIRO, matricula no 24.033-8, para
substituir o Delegado de Policia DOMINGOS JOSE LINDOZO MUNIZ, matricula no 22.954-7,
Coordenador da Coordenacao de Policia Especializada/PCDF, Simbolo DFG-12, por motivo de afas-
tamento legal, no periodo de 01.10 a 11.10.2001"
34,Substituição de Funções, o Agente de Policia DURVAL ANTONIO SOARES,23.636-5,o Delegado de Policia WELLIGTON JOSE RIBEIRO,24.804-5,"Diretor da
Divisao de Pessoal/DAG/PCDF",DFG-11,nan,nan,nan,nan,nan,nan,nan,nan,"Designar o Agente de Policia DURVAL ANTONIO SOARES, matricula no 23.636-5, para
substituir o Delegado de Policia WELLIGTON JOSE RIBEIRO, matricula no 24.804-5, Diretor da
Divisao de Pessoal/DAG/PCDF, Simbolo DFG-11, por motivo de abono de ponto, no periodo de
15.10 a 19.10.2001"
35,Substituição de Funções, a Papiloscopista Policial ROSELENA GOMES CARNEIRO,19.371-2,a Delegada de Policia ANDIARA DE REZENDE,33.158-9,Chefe do Servico de Comunicacao Social/PCDF,DFG-10,nan,nan,nan,nan,nan,nan,nan,nan,"Designar a Papiloscopista Policial ROSELENA GOMES CARNEIRO, matricula no 19.371-2,
para substituir a Delegada de Policia ANDIARA DE REZENDE, matricula no 33.158-9, Chefe do Servico de Comunicacao Social/PCDF, Simbolo DFG-10, por motivo de ferias regulamentares, no
periodo de 15.10 a 03.11.2001"
36,Substituição de Funções, o Perito Criminal MILTON DIAS DA SILVA,31.809-4,"o
Perito Criminal CARLOS ALBERTO FREIRE",19.911-7,"por motivo de ferias regula-
mentares",nan,nan,nan,nan,nan,nan,nan,nan,nan,"Designar o Perito Criminal MILTON DIAS DA SILVA, matricula no 31.809-4, para substituir o
Perito Criminal CARLOS ALBERTO FREIRE, matricula no 19.911-7, por motivo de ferias regula-
mentares, no periodo de 10.10 a 19.10.2001"
37,Substituição de Funções, o Agente de Policia JOSE EDIMAR DE SOUSA,47.690-0,nan,nan,nan,DFA-02,nan,nan,nan,nan,nan,nan,nan,nan,"Designar o Agente de Policia JOSE EDIMAR DE SOUSA, matricula no 47.690-0, para exercer o
Cargo em Comissao, Simbolo DFA-02, de Secretario Administrativo/PCDF, a partir de 28.08.2001"
38,Substituição de Funções, o Delegado de Policia MOISES MARTINS DE SOUSA,27.530-1,nan,nan,nan,DFA-05,nan,nan,nan,nan,nan,nan,nan,nan,"Designar o Delegado de Policia MOISES MARTINS DE SOUSA, matricula no 27.530-1, para
exercer o Cargo em Comissao, Simbolo DFA-05, de Assistente da 6a DP/CPC/PCDF, a partir de
10.08.2001"
39,Substituição de Funções, a Delegada de Policia ADRYANI FERNANDES LOBO,57.305-1,nan,nan,nan,DFA-05,nan,nan,nan,nan,nan,nan,nan,nan,"Designar a Delegada de Policia ADRYANI FERNANDES LOBO, matricula no 57.305-1,
para exercer o Cargo em Comissao, Simbolo DFA-05, de Assistente da 18a DP/CPC/PCDF, a
partir de 14.08.2001"
40,Substituição de Funções, o Agente de Policia MARCO ANTONIO DE SOUSA FERNANDES,57.961-0,nan,nan,nan,DFG-02,nan,nan,nan,nan,nan,nan,nan,nan,"Designar o Agente de Policia MARCO ANTONIO DE SOUSA FERNANDES, matricula no
57.961-0, para exercer o Cargo em Comissao, Simbolo DFG-02, de Chefe da Secao de Manutencao de
Equipamentos Eletronicos/DIMETEL/DAG/PCDF, a partir de 01.10.2001"
41,Substituição de Funções, o Agente de Policia IVAN FRANCISCO DANTAS,34.156-8,nan,nan,nan,DFA-02,nan,nan,nan,nan,nan,nan,nan,nan,"Designar o Agente de Policia IVAN FRANCISCO DANTAS, matricula no 34.156-8, para exercer
o Cargo em Comissao, Simbolo DFA-02, de Secretario-Administrativo/DPDNA/CPT/PCDF, a partir
de 21.08.2001"
42,Substituição de Funções, o Agente de Policia MAURO VIEIRA CHEROBIM,25.584-X,nan,nan,nan,DFG-02,nan,nan,nan,nan,nan,nan,nan,nan,"Designar o Agente de Policia MAURO VIEIRA CHEROBIM, matricula no 25.584-X, para
exercer o Cargo em Comissao, Simbolo DFG-02, de Chefe da Secao de Investigacoes Criminais/9a DP/
CPC/PCDF, a partir de 13.08.2001"
43,Substituição de Funções, o Agente de Policia MAURICIO DA SILVA ANDRADE,47.364-2,nan,nan,nan,DFG-02,nan,nan,nan,nan,nan,nan,nan,nan,"Designar o Agente de Policia MAURICIO DA SILVA ANDRADE, matricula no 47.364-2, para
exercer o Cargo em Comissao, Simbolo DFG-02, de Chefe da Secao de Vigilancia/9a DP/CPC/PCDF,
a partir de 13.08.2001"
44,Substituição de Funções, a Agente de Policia MARCIA LILIAM MICLOS BOTELHO MATEUS,34.205-X,nan,nan,nan,DFG-02,nan,nan,nan,nan,nan,nan,nan,nan,"Designar a Agente de Policia MARCIA LILIAM MICLOS BOTELHO MATEUS, matricula no
34.205-X, para exercer o Cargo em Comissao, Simbolo DFG-02, de Chefe da Secao de Apoio
Administrativo/9a DP/CPC/PCDF, a partir de 13.08.2001"
45,Substituição de Funções, a Tecnica de Apoio as Atividades Policiais Civis GLAUCIA GLADYS FRANCISCO,32.188-5,nan,nan,nan,DFA-02,nan,nan,nan,nan,nan,nan,nan,nan,"Designar a Tecnica de Apoio as Atividades Policiais Civis GLAUCIA GLADYS FRANCISCO,
matricula no 32.188-5, para exercer o Cargo em Comissao, Simbolo DFA-02, de Secretario Adminis-
trativo/IML/CPT/PCDF, a partir de 04.10.2001"
46,Substituição de Funções," o Agente de Atividades Complementares de Seguranca Publica NILMAR MENDES
PEIXOTO",33.159-7,nan,nan,nan,DFG-05,nan,nan,nan,nan,nan,nan,nan,nan,"Designar o Agente de Atividades Complementares de Seguranca Publica NILMAR MENDES
PEIXOTO, matricula no 33.159-7, para exercer o Cargo em Comissao, Simbolo DFG-05, de Chefe da
Secao de Histologia/DPML/IML/CPT/PCDF, a partir de 04.10.2001"
47,Substituição de Funções, a Escriva de Policia ANA LUCIA CAVALCANTI,27.196-9,nan,nan,nan,DFG-02,nan,nan,nan,nan,nan,nan,nan,nan,"Designar a Escriva de Policia ANA LUCIA CAVALCANTI, matricula no 27.196-9, para exercer
o Cargo em Comissao, Simbolo DFG-02, de Chefe do Cartorio/9a DP/CPC/PCDF, a partir de
22.08.2001"
48,Substituição de Funções, o servidor SILVIO CASTRO CERQUEIRA,47.211-5,nan,nan,nan,nan,nan,nan,nan,nan,nan,nan,nan,nan,"DESIGNAR o servidor SILVIO CASTRO CERQUEIRA, Delegado de Policia, matricula 47.211-5,
para desempenhar as funcoes de Executor do contrato celebrado entre o Distrito Federal, por inter-
medio da Policia Civil, e a empresa Positivo Informatica Ltda., objeto do processo 052-001.924/
1999, que dispoe sobre aquisicao de microcomputadores para a PCDF, cujas atribuicoes estao previs-
tas na Instrucao Normativa no.10/97, publicada no Diario Oficial do Distrito Federal no 88, de 12 de
abril de 1997 e no Decreto no"
49,Substituição de Funções, o servidor SILVIO CASTRO CERQUEIRA,47.211-,nan,nan,nan,nan,nan,nan,nan,nan,nan,nan,nan,nan,"DESIGNAR o servidor SILVIO CASTRO CERQUEIRA, Delegado de Policia, matricula 47.211-
5, para desempenhar as funcoes de Executor dos contratos celebrados entre o Distrito Federal,
por intermedio da Policia Civil, e as empresas Microtecnica Informatica Ltda"
50,Substituição de Funções, o servidor SILVIO CASTRO CERQUEIRA,47.211-5,nan,nan,nan,nan,nan,nan,nan,nan,nan,nan,nan,nan,"DESIGNAR o servidor SILVIO CASTRO CERQUEIRA, Delegado de Policia, matricula 47.211-5,
para desempenhar as funcoes de Executor do contrato celebrado entre o Distrito Federal, por inter-
medio da Policia Civil, e a empresa Data Graphics Informatica Ltda., objeto do processo 052-
001.942/2000, que dispoe sobre aquisicao de impressoras jato de tinta para a PCDF, cujas atribuicoes
estao previstas na Instrucao Normativa no.10/97, publicada no Diario Oficial do Distrito Federal no
88, de 12 de abril de 1997 e no Decreto no"
51,Substituição de Funções, o servidor SILVIO CASTRO CERQUEIRA,47.211-5,nan,nan,nan,nan,nan,nan,nan,nan,nan,nan,nan,nan,"DESIGNAR o servidor SILVIO CASTRO CERQUEIRA, Delegado de Policia, matricula 47.211-5,
para desempenhar as funcoes de Executor do contrato celebrado entre o Distrito Federal, por inter-
medio da Policia Civil, e a empresa Aker Consultoria e Informatica Ltda., objeto do processo 052-
000.378/2001, que dispoe sobre aquisicao do software Fire Wall Aker versao 3.5 para a PCDF, cujas
atribuicoes estao previstas na Instrucao Normativa no.10/97, publicada no Diario Oficial do Distrito
Federal no 88, de 12 de abril de 1997 e no Decreto no"
52,Substituição de Funções, o servidor EDNILTON PEREIRA DA SILVA,43.677-1,nan,nan,nan,nan,nan,nan,nan,nan,nan,nan,nan,nan,"DESIGNAR o servidor EDNILTON PEREIRA DA SILVA, Auxiliar de Apoio as Atividades Policiais
Civil, matricula 43.677-1, para desempenhar as funcoes de Executor do contrato celebrado entre o
Distrito Federal, por intermedio da Policia Civil, e a empresa Bus Car Ltda., objeto do processo
052.001.867/1999, que dispoe sobre recuperacao das avarias sofridas na viatura placa JFO-8902  DF
da carga patrimonial da Comissao Permanente de Disciplina da PCDF, cujas atribuicoes estao previs-
tas na Instrucao Normativa no.10/97, publicada no Diario Oficial do Distrito Federal no 88, de 12 de
abril de 1997 e no Decreto No"
53,Substituição de Funções, a servidora KARLA ANGELICA ALVES DE PAULA,39.539-,nan,nan,nan,nan,nan,nan,nan,nan,nan,nan,nan,nan,"DESIGNAR a servidora KARLA ANGELICA ALVES DE PAULA, Perita Criminal, matricula 39.539-
0, para desempenhar as funcoes de Executora do contrato celebrado entre o Distrito Federal, por
intermedio da Policia Civil, e a empresa MILLIPORE Industria e Comercio Ltda, objeto do processo
052.001.591/2000, que dispoe sobre prestacao de servicos de manutencao preventiva e corretiva em
equipamentos (deionizador) da Divisao de Pesquisa de DNA Forense para a PCDF, cujas atribuicoes
estao previstas na Instrucao Normativa no.10/97, publicada no Diario Oficial do Distrito Federal no
88, de 12 de abril de 1997 e no Decreto no"
54,Substituição de Funções, o servidor ADAO JESUS GONDIM DE OLIVEIRA,27.117-,nan,nan,nan,nan,nan,nan,nan,nan,nan,nan,nan,nan,"DESIGNAR o servidor ADAO JESUS GONDIM DE OLIVEIRA, Perito Criminal, matricula 27.117-
9, para desempenhar as funcoes de Executor do contrato celebrado entre o Distrito Federal, por
intermedio da Policia Civil, e a empresa HP Distribuidora e Servicos Gerais Ltda., objeto do processo
052-000.640/2001, que dispoe sobre aquisicao e instalacao de um portao basculante para a PCDF,
cujas atribuicoes estao previstas na Instrucao Normativa no.10/97, publicada no Diario Oficial do
Distrito Federal no 88, de 12 de abril de 1997 e no Decreto no"
55,Substituição de Funções, o servidor LAMARTINE JOSE MANSUR,1650.810-4,nan,nan,nan,DFA-,nan,nan,nan,nan,nan,nan,nan,nan,"Designar o servidor LAMARTINE JOSE MANSUR, matricula 1650.810-4, Assessor Simbolo DFA-
12 da Diretoria do Espaco Cultural da 508 Sul, para, na qualidade de Executor e sem prejuizo de suas
atribuicoes normais, acompanhar o cumprimento do  Termo de Autorizacao de Uso no 001/2001-
SEC, celebrado entre o Distrito Federal atraves da Secretaria de Estado  de Cultura e a FUNDACAO
CIDADE DA PAZ"
56,Substituição de Funções, a servidora ANTONIA MARTINS FEITOSA,105.068-0,nan,nan,nan,nan,nan,nan,nan,nan,nan,nan,nan,nan,"Designar a servidora ANTONIA MARTINS FEITOSA, Matricula no 105.068-0, sem prejuizo de
suas atribuicoes,  como executora dos Contratos  n.os  004 e  005/2001,  firmados  entre   a  Secretaria
de Meio Ambiente e Recursos Hidricos  SEMARH e as empresas  BRASIL TELECOM S/A e
EMPRESA BRASILEIRA DE TELECOMUNICACOES S/A, respectivamente,  competindo-lhe  as
seguintes atribuicoes: a) acompanhar a execucao do contrato, em todas as suas fases, conforme paragrafos 1o e 2o do Art"
57,Substituição de Funções, os servidores CARLOS MAGNO MIRANDA NETTO,n.o,nan,n.o 105.089-3,nan,nan,nan,nan,nan,nan,nan,nan,nan,nan,"Designar os servidores CARLOS MAGNO MIRANDA NETTO, matricula n.o 105.125-2, e JOSE
JERONIMO FERREIRA, matricula n.o 105.089-3, para comporem, na qualidade de presidente e
membro, respectivamente, a Comissao de Tomada de Contas Especial instituida atraves da Ordem de
Servico de 29 de marco de 2000, publicada no Diario Oficial do Distrito Federal n.o 70, de 11 de abril
de 1999, alterada posteriormente pela Portaria de 06 de outubro de 2000, publicada no Diario Oficial
do Distrito Federal n.o 195, de 10 de outubro de 2000, com o objetivo de atender as determinacoes
provindas da Secretaria de Fazenda e Planejamento constantes do Processo n.o 191.000.130/2000,
que versa sobre a investigacao de roubo de bens patrimoniais no interior da Estacao Ecologica de
Aguas Emendadas  ESECAE"
58,Substituição de Funções, o servidor BENEDITO FERREIRA HIGINO,nan,nan,nan,nan,nan,nan,nan,nan,nan,nan,nan,nan,nan,"Designar o servidor BENEDITO FERREIRA HIGINO, matr"
59,Substituição de Funções, o servidor NATAL REGINO,nan,nan,nan,nan,nan,nan,nan,nan,nan,nan,nan,nan,nan,"Designar o servidor NATAL REGINO, matr"
60,Substituição de Funções, a servidora MARIA DA SILVA,43.881-2,nan,40.563-9,nan,DFG-08,nan,nan,nan,nan,nan,nan,nan,nan,"Designar a servidora MARIA DA SILVA, Encarregado da Secao de Orcamento e Financas, matricula
no 43.881-2, para substituir, sem prejuizo de suas atribuicoes, a servidora CRISTINA DE ARAUJO
TAVARES, matricula no 40.563-9, Simbolo DFG-08, Chefe da Secao de Orcamento e Financas, da
Divisao de Administracao Geral, da Administracao Regional de Brasilia, da Secretaria de Coordenacao
das Administracoes Regionais do Distrito Federal, no periodo de 02 a 21 de outubro de 2001, por
motivo de ferias regulamentares do titular"
61,Substituição de Funções, o servidor ROBSON DE HOLANDA COSTA PEREIRA,94.437-8,nan,94.009-7,nan,DFG-12,nan,nan,nan,nan,nan,nan,nan,nan,"Designar o servidor ROBSON DE HOLANDA COSTA PEREIRA, Chefe da Secao de Pessoal, da
Divisao de Administracao Geral, matricula no 94.437-8, para substituir, sem prejuizo de suas atribui-
coes, o servidor NELSON RABELO JUNIOR, matricula no 94.009-7, Simbolo DFG-12, Chefe do
Nucleo de Circunscricao Administrativa do Setor de Industria e Abastecimento, da Administracao
Regional do Guara, da Secretaria de Coordenacao das Administracoes Regionais do Distrito Federal,
no periodo de 15 a 29 de outubro de 2001, por motivo de ferias regulamentares do titular"
62,Substituição de Funções, a Dra,nan,nan,nan,nan,nan,nan,nan,nan,nan,nan,nan,nan,nan,Designar a Dra
