,tipo,nome,matricula,simbolo,cargo_comissao,lotacao,orgao,vigencia,pedido,cargo_efetivo,siape,motivo,text
0,Exoneração, R,nan,DFA-11,nan,nan,nan,nan,nan,nan,nan,nan,"EXONERAR, Raimundo Luis Oliveira Neves, do  Cargo em Comissao, Simbolo DFA-11, de Assessor,
da Subsecretaria de Promocao e Moradia da Secretaria de Desenvolvimento Urbano e Habitacao"
1,Exoneração, LETICIA BRITO CASTANHEIRA,no,nan,nan,nan,nan,nan,a pedido,nan,nan,nan,"EXONERAR, a pedido, LETICIA BRITO CASTANHEIRA, matricula no 108"
2,Exoneração, NELI DURAES DO PRADO,nan,nan,nan,nan,nan,nan,nan,nan,nan,nan,"EXONERAR NELI DURAES DO PRADO, Agente  de Policia, matricula 47"
3,Exoneração, FRANCISCO ARAUJO BARRADAS,nan,nan,nan,nan,nan,nan,nan,nan,nan,nan,"EXONERAR, por estar sendo nomeado para outro cargo, FRANCISCO ARAUJO BARRADAS,
Assistente Intermediario de Saude (Agente Administrativo), Matricula no 126"
4,Exoneração, DELIANE APARECIDA DE CARVALHO,nan,nan,nan,nan,nan,nan,a pedido,nan,nan,nan,"EXONERAR, a pedido, DELIANE APARECIDA DE CARVALHO, Carreira de Enfermeiro, Matricu-
la no 139"
5,Exoneração, MILENA PALMEIRA REIS,nan,nan,nan,nan,nan,nan,a pedido,nan,nan,nan,"EXONERAR, a pedido, MILENA PALMEIRA REIS, Matricula no 140"
6,Exoneração, FRANCISCO DE ASSIS DE SOUSA,nan,nan,nan,nan,nan,nan,a pedido,nan,nan,nan,"EXONERAR a pedido, FRANCISCO DE ASSIS DE SOUSA, Matricula no 136"
7,Exoneração, Q,nan,nan,nan,nan,nan,nan,a pedido,nan,nan,nan,"EXONERAR, a pedido, do Quadro de Pessoal do Distrito Federal com lotacao na Secretaria de Estado
de Saude do Distrito Federal, com base no art"
8,Exoneração, Q,nan,nan,nan,nan,nan,nan,a pedido,nan,nan,nan,"EXONERAR, a pedido, do Quadro de Pessoal do Distrito Federal com lotacao na Secretaria de Estado
de Saude do Distrito Federal, com base no art"
9,Exoneração, Q,nan,nan,nan,nan,nan,nan,a pedido,nan,nan,nan,"EXONERAR, a pedido, do Quadro de Pessoal do Distrito Federal com lotacao na Secretaria de Estado
de Saude do Distrito Federal, com base no art"
10,Exoneração,  IVAN GONZAGA BARBOSA,nan,nan,nan,nan,nan,nan,nan,nan,nan,nan,"EXONERAR, por estar sendo nomeado para outro cargo,  IVAN GONZAGA BARBOSA, Carreira
Medica (Pediatria), Matricula no 111"
11,Exoneração,  ANA MARIA  DE CARVALHO LOUREI,nan,nan,nan,nan,nan,nan,nan,nan,nan,nan,"EXONERAR, por estar sendo nomeada para outro cargo,  ANA MARIA  DE CARVALHO LOUREI-
RO, Assistente Intermediario de Saude II (Agente Administrativo), Matricula no 140"
12,Exoneração, Q,nan,nan,nan,nan,nan,nan,a pedido,nan,nan,nan,"EXONERAR, a pedido, do Quadro de Pessoal do Distrito Federal com lotacao na Secretaria de Estado
de Saude do Distrito Federal, com base no art"
13,Exoneração, Q,nan,nan,nan,nan,nan,nan,a pedido,nan,nan,nan,"EXONERAR, a pedido, do Quadro de Pessoal do Distrito Federal com lotacao na Secretaria de Estado
de Saude do Distrito Federal, com base no art"
14,Exoneração, Q,nan,nan,nan,nan,nan,nan,a pedido,nan,nan,nan,"EXONERAR, a pedido, do Quadro de Pessoal do Distrito Federal com lotacao na Secretaria de Estado
de Saude do Distrito Federal, com base no art"
15,Exoneração, Q,nan,nan,nan,nan,nan,nan,a pedido,nan,nan,nan,"EXONERAR, a pedido, do Quadro de Pessoal do Distrito Federal com lotacao na Secretaria de Estado
de Saude do Distrito Federal, com base no art"
16,Exoneração, Q,nan,nan,nan,nan,nan,nan,a pedido,nan,nan,nan,"EXONERAR, a pedido, do Quadro de Pessoal do Distrito Federal com lotacao na Secretaria de Estado
de Saude do Distrito Federal, com base no art"
17,Exoneração, Q,nan,nan,nan,nan,nan,nan,a pedido,nan,nan,nan,"EXONERAR, a pedido, do Quadro de Pessoal do Distrito Federal com lotacao na Secretaria de Estado de
Saude do Distrito Federal, com base no art"
18,Exoneração, Q,nan,nan,nan,nan,nan,nan,a pedido,nan,nan,nan,"EXONERAR, a pedido, do Quadro de Pessoal do Distrito Federal com lotacao na Secretaria de Estado
de Saude do Distrito Federal, com base no art"
19,Exoneração, Q,nan,nan,nan,nan,nan,nan,a pedido,nan,nan,nan,"EXONERAR, a pedido, do Quadro de Pessoal do Distrito Federal com lotacao na Secretaria de Estado
de Saude do Distrito Federal, com base no art"
