,Tipo do Ato,SEI,Nome,Matricula,Cargo,Classe,Padrao,Quadro,Fundamento Legal,Orgao,Vigencia,Matricula SIAPE,text
0,Reversão,8.666/93," aposentada em 08 de julho de
1998",n.o 24.400-7, Agente de Educacao / Portaria,Unica,V,Quadro de Pessoal do Distrito Federal,"Decreto n.o 20.011, de 20 de janeiro de 1999, combinado com o Decreto
n.o 21.564, de 26 de setembro de 2000o afastamento do Pais, com destino a Inglaterra, no periodo de
07 a 16 de dezembro de 2001, dos empregados da Companhia de Saneamento do Distrito Federal 
CAESB, ELTON GONCALVES, matricula n.o 50.504-8  Divisao de Monitoramento e Controle de
Agua  e GALENO EDGAR FORTALEZA BRANDES, matricula n.o 49.653-7  Escritorio Regional
de Brasilia", Distrito Federal,nan,nan,"Reverter a atividade SANDRA MARIA DE OLIVEIRA FERREIRA,  aposentada em 08 de julho de
1998, matricula n.o 24.400-7, no cargo de Agente de Educacao / Portaria, Classe Unica, Padrao V, do
Quadro de Pessoal do Distrito Federal, nos termos dos artigos 25 e 26 da Lei n.o 8.112, de 11 de
dezembro de 1990. O GOVERNADOR DO DISTRITO FEDERAL, no uso das atribuicoes que lhe confere o artigo 100,
incisos XXVI e XXVII, da Lei Organica do Distrito Federal, Resolve: Tornar sem efeito o Decreto de 04 de dezembro de 2001, publicado no DODF no 231, pagina 15, de
05 de dezembro de 2001 que exonerou, por estar sendo nomeado para outro cargo, AFRANIO
ROBERTO DE SOUSA FILHO, do Cargo de Natureza Especial, Simbolo CNE-05, de Secretario-
Adjunto, da Secretaria de Fazenda e Planejamento do Governo do Distrito Federal. O GOVERNADOR DO DISTRITO FEDERAL, no uso das atribuicoes que lhe confere o art. 100,
inciso XXVII da Lei Organica do Distrito Federal, resolve: Exonerar WILZA DUTRA, do Cargo em Comissao, Simbolo DFA 06, de Assistente do Centro de
Desenvolvimento Social de Planaltina, da Diretoria de Assistencia Social, da  Secretaria de Estado de
Acao Social do Distrito Federal. Exonerar, por estar sendo nomeada para outro Cargo, ANA EMILIA MADEIRA ALVES, do Cargo em
Comissao, Simbolo DFA 02, de Encarregado do Centro de Desenvolvimento Social de Planaltina, da                                                                       Diario Oficial do Distrito Federal
PAGINA   45
No 232, quinta-feira, 06 de dezembro de 2001 Diretoria de Assistencia Social, da Secretaria de Estado de Acao Social do Distrito Federal. Nomear ANA EMILIA MADEIRA ALVES, para exercer o Cargo em Comissao, Simbolo DFA 06, de
Assistente do Centro de Desenvolvimento Social de Planaltina, da Diretoria de Assistencia Social, da
Secretaria de Estado de Acao Social do Distrito Federal. Nomear MIZAEL RAPOSO NETO, para exercer o Cargo em Comissao, Simbolo DFA 02, de Encar-
regado do Centro de Desenvolvimento Social de Planaltina, da Diretoria de Assistencia Social, da
Secretaria de Estado de Acao Social do Distrito Federal. Tornar sem efeito, o Decreto de 21 de novembro de 2001, publicado no Diario Oficial do Distrito
Federal no 223, de 22 de novembro de 2001, pagina 57, que nomeou LUIZ CARLOS MARIANO DE
ALMEIDA, para exercer o Cargo em Comissao, Simbolo DFA 09, de Assistente da Diretoria de
Recursos Humanos, da Secretaria de Estado de Acao Social do Distrito Federal. Nomear JOSE ANTONIO BORGES DE PAIVA, para exercer o Cargo em Comissao, Simbolo DFA 09, de
Assistente da Diretoria de Recursos Humanos, da Secretaria de Estado de Acao Social do Distrito Federal. JOAQUIM DOMINGOS RORIZ DESPACHOS DO GOVERNADOR
Em 5 de dezembro de 2001 PROCESSO No 150.001.627/2001; INTERESSADO: Secretaria de Cultura; ASSUNTO: Viagem a
servico. 1.HOMOLOGO,  com base no Decreto no 20.011, de 20 de janeiro de 1999, e no Decreto no 21.564,
de 26 de setembro de 2000, o deslocamento as cidades de Sao Paulo  SP e Rio de Janeiro - RJ, no
periodo de 29 de novembro a 01 de dezembro de 2001, de MARIA LUIZA DORNAS RAMOS,
matricula no 92.840-3, Secretaria de Cultura, e dos servidores e musicos membros da Orquestra
Sinfonica de Brasilia constantes na relacao apresentada nas folhas no 2, 3, 4 do presente processo, a
fim de participarem do lancamento do CD Classicos do Samba, sem onus para o Distrito Federal, a
excecao dos vencimentos e demais vantagens fixas. 2.Publique-se e encaminhe-se a Secretaria de Cultura para os fins pertinentes. PROCESSO N.o: 092.005.307/2001 ;INTERESSADO: Companhia de Saneamento do Distrito Fede-
ral  CAESB; ASSUNTO:  Afastamento do Pais AUTORIZO, nos termos do Decreto n.o 20.011, de 20 de janeiro de 1999, combinado com o Decreto
n.o 21.564, de 26 de setembro de 2000o afastamento do Pais, com destino a Inglaterra, no periodo de
07 a 16 de dezembro de 2001, dos empregados da Companhia de Saneamento do Distrito Federal 
CAESB, ELTON GONCALVES, matricula n.o 50.504-8  Divisao de Monitoramento e Controle de
Agua  e GALENO EDGAR FORTALEZA BRANDES, matricula n.o 49.653-7  Escritorio Regional
de Brasilia, a fim de participarem da Missao Internacional de Estudos e Benchmarking, promovida
pela Associacao Brasileira de Engenharia Sanitaria  ABES, com onus para a Companhia de Sanea-
mento do Distrito Federal  CAESB, conforme especificado nos autos. Publique-se e restitua-se a Companhia de Saneamento do Distrito Federal  CAESB,  para os fins
pertinentes. JOAQUIM DOMINGOS RORIZ RETIFICACAO No Decreto de 29 de novembro de 2001, publicado no DODF no 229, de 03 de dezembro de 2001,
pagina 26, que nomeou, JUDITE JANUARIO DO ESPIRITO SANTO OLIVEIRA, para exercer o
Cargo em Comissao, Simbolo DFG-12, de Chefe do Posto de Atendimento Regional de Brazlandia, do
Instituto de Defesa do Consumidor, da Secretaria de Governo do Distrito Federal. Onde se le : ... JUDITE JANUARIO DO ESPIRITO SANTO OLIVEIRA...
Leia-se      : ...JUDITH JANUARIO DO ESPIRITO SANTO OLIVEIRA SOUZA... SECRETARIA DE GOVERNO PORTARIA DE 5 DE DEZEMBRO DE 2001 O SECRETARIO DE GOVERNO DO DISTRITO FEDERAL, no uso das atribuicoes regimentais
estabelecidas pelo Decreto no 15.063, de 23 de setembro de 1993, resolve: Tornar sem efeito a Portaria de 22 de novembro de 2001, publicada no DODF no 224 de 23 de
novembro de 2001, que cessou o pagamento da Gratificacao por  Encargo em Gabinete, na categoria
de Auxiliar, do servidor GENKO KARLO SENTO SE DE ANDRADE, matricula no 92.091-6, a
disposicao da  Secretaria de Estado de Coordenacao das Administracoes Regionais do Distrito Federal. Tornar sem efeito a Portaria de 22 de novembro de 2001, publicada no DODF no 224 de 23 de
novembro de 2001,que cessou o pagamento da Gratificacao por  Encargo em Gabinete, na categoria
de Assistente, do servidor JONATAS EMERSON COSTA, matricula no 101.200-2, a disposicao da
Secretaria de Estado de Coordenacao das Administracoes Regionais do Distrito Federal. BENJAMIM SEGISMUNDO DE J. RORIZ SECRETARIA DE GESTAO ADMINISTRATIVA SUBSECRETARIA DE RECURSOS HUMANOS ORDEM DE SERVICO DE 3 DE DEZEMBRO DE 2001 A SUBSECRETARIA DE RECURSOS HUMANOS/SGA, no uso das atribuicoes que lhe sao conferidas
pelo Decreto no 15.057, de 24 de setembro de 1993, resolve: Conceder Licenca Premio por Assiduidade, conforme artigo 87, da Lei no 8.112, de 11 de dezembro
de 1990, aos servidores abaixo relacionados: NOME  MATRICULA 
LOTACAO  QUINQ.  PERIODO  MARIA DO E. S. DA COSTA 
REGO 
22.544-4  ARSP  2o  19/08/1996 a 17/08/2001  ANTONIO F. R. SILVA  22.737-4  PRG  2o  24/10/1996 a 22/10/2001  EMILIA PIRES CORNELIO  24.985-8  PRG  1o 
2o 
3o  17/07/1984 a 15/07/1989 
16/07/1989 a 14/07/1994 
15/07/1994 a 13/07/1999  GILVANIA MARIA NUNES  26.936-0  PRG  3o  15/06/1996 a 13/06/2001  MARIA DA PAZ DE L. 
NOGUEIRA 
39.171-9  PRG  2o  05/02/1992 a 02/02/1997  GILMAR P. DA SILVA  44.193-7  PRG  1o  04/01/1995 a 02/01/2000  WALFREDO F. DE S. C. DIAS  48.603-5  PRG  1o  28/08/1996 a 26/08/2001  RAIMUNDO N. RODRIGUES  37.757-0  RA-IV  4o  21/08/1996 a 19/08/2001  JOSE FERREIRA DA S. FILHO  34.591-1  SEAS  2o  17/08/1996 a 15/08/2001  EDELZA RAMOS 
NASCIMENTO 
34.632-2  SEAS  2o  24/08/1996 a 22/08/2001  JOAO EVANGELISTA DOS 
SANTOS 
101.705-5  SEAS  4o  29/12/1993 a 27/12/1998  MARIA LUIZA DA CRUZ  101.780-2  SEAS  4o  18/11/1994 a 16/11/1999  VALDIVINO B. DE SOUSA  101.835-3  SEAS  4o  25/04/1995 a 22/04/2000  ANTONIO AIRES RIBEIRO  101.873-6  SEAS  4o  08/06/1996 a 06/06/2001  RUBENS F. FERREIRA  101.945-7  SEAS  4o  25/02/1996 a 22/02/2001  MARCIA MARIA DE C. 
MARIANO 
101.981-3  SEAS  4o  11/06/1996 a 09/06/2001  JESSE PEREIRA DE 
SANTANA 
102.024-2  SEAS  4o  14/10/1996 a 12/10/2001  DURVALINA NUNES DA 
MATA 
102.028-5  SEAS  4o  15/10/1996 a 13/10/2001  FRANCISCO ROCHA LOPES  102.033-1  SEAS  4o  16/10/1996 a 14/10/2001  ADELINO F. DO 
NASCIMENTO 
102.389-6  SEAS  3o 
 
07/06/1993 a 05/06/1998    REGIVAN DE O. MORAIS  102.454-X  SEAS  3o  09/09/1993 a 07/09/1998  JURACI TORRES DO 
NASCIMENTO 
102.588-0  SEAS  3o  15/03/1994 a 13/03/1999  MARIA DAS G. GOMES E 
SILVA 
102.750-6  SEAS  3o  01/12/1994 a 29/11/1999  VALMIR MOREIRA LEAO  102.809-X  SEAS  3o  02/02/1992 a 30/01/1997  ANCILLA M. DE CASTRO  102.832-4  SEAS  2o  15/11/1989 a 13/11/1994  BARTOLOMEU P. GOMES  102.890-1  SEAS  3o  13/11/1994 a 11/11/1999  HELENA F. DE CASTRO  102.926-6  SEAS  3o  13/11/1994 a 11/12/1999  ADORANDO GOMES 
PUREZA 
103.079-5  SEAS  2o  14/03/1994 a 12/04/1999  EDMILSON DA SILVA 
DURAO 
103.154-6  SEAS  3o  17/05/1996 a 15/05/2001  VERONICA M. M. DE LEMOS  103.314-X  SEAS  3o  31/01/1993 a 29/01/1998  JOHN KLEBER B. DE 
ARAUJO 
103.436-7  SEAS  3o  14/09/1996 a 12/09/2001  CRISTINA DE F. GUIMARAES  103.667-X  SEAS  2o  20/08/1994 a 18/11/1999  JOSE VICENTE R. DA SILVA  103.951-2  SEAS  1o  12/09/1994 a 10/07/2000  MARIA DE F. MOREIRA 
LIMA 
104.188-6  SEAS  1o  29/04/1996 a 27/04/2001  MARGALY S. DE MEDEIROS  104.208-4  SEAS  1o  10/05/1996 a 08/05/2001  MARIA JOSE C. DA SILVA  39.131-X  SEC  2o  01/09/1993 a 30/08/1998  ALAN MARIANO DE 
ALMEIDA 
1650.514-1  SEC  1o  07/10/1991 a 04/08/1997  OSVALDO P. DA PAZ  98.891-X  SEDUH  1o 
2o 
3o 
4o 
5o  13/09/1976 a 11/09/1981 
12/09/1981 a 10/10/1986 
11/10/1986 a 09/11/1991 
10/11/1991 a 07/11/1996 
08/11/1996 a 06/11/2001  AILSON M. DA SILVA  22.703-X  SEFP  4o  05/10/1996 a 03/10/2001  WANDERLEY LUIZ GOMES  22.738-2  SEFP  2o  23/10/1996 a 21/10/2001  EDVALDO M. CHAGAS  22.759-5  SEFP  2o  01/11/1996 a 30/10/2001  MARCOS U. Q. LESSA  22.768-4  SEFP  2o  02/11/1996 a 31/10/2001  NELIO L. WANDERLEI  25.238-7  SEFP  3o  27/10/1994 a 25/10/1999  CARLOS R. C. BEZERRA  30.799-8  SEG  2o  21/10/1996 a 19/10/2001  FRANCISCO P. DOS SANTOS  47.756-7  SGA  1o  04/04/1996 a 02/04/2001   Retificar na Ordem de Servico de 08 de outubro de 1992, publicada no DODF no 208 de 13/10/1992,
pag. 25, a Licenca Premio concedida a servidora ANCILLA MARIA DE CASTRO. ONDE SE LE: 1o QUINQUENIO de 01/11/1984 a 31/10/1989
LEIA-SE        : 1o QUINQUENIO de 16/11/1984 a 14/11/1989                                      Diario Oficial do Distrito Federal
PAGINA   46
No 232, quinta-feira, 06 de dezembro de 2001 Retificar na Ordem de Servico de 10 de dezembro de 1992, publicada no DODF no 256  de 17/12/1992,
pag. 13, a Licenca Premio concedida ao servidor ADELINO FERNANDES DO NASCIMENTO. ONDE SE LE: 1o QUINQUENIO de 10/03/1983 a 10/03/1988
LEIA-SE        : 1o QUINQUENIO de 10/06/1983 a 07/06/1988 Retificar na Ordem de Servico de 07 de janeiro de 1993, publicada no DODF no 05 de 07/01/1993,
pag. 04 (Sup), a Licenca Premio concedida ao servidor JOAO EVANGELISTA DOS SANTOS. ONDE SE LE: 1o QUINQUENIO de 03/10/1978 a 02/10/1983
                         2o QUINQUENIO de 03/10/1983 a 02/10/1988
LEIA-SE        : 1o QUINQUENIO de 03/10/1978 a 01/12/1983
                         2o QUINQUENIO de 02/12/1983 a 29/11/1988 Retificar na Ordem de Servico de 11 de fevereiro de 1993, publicada no DODF no 31 de 11/02/1993,
pag. 10, a Licenca Premio concedida ao servidor VALMIR MOREIRA LEAO. ONDE SE LE: 1o QUINQUENIO de 04/02/1980 a 03/02/1985
                         2o QUINQUENIO de 04/02/1985 a 03/02/1990
LEIA-SE        : 1o QUINQUENIO de 04/02/1982 a 02/02/1987
                         2o QUINQUENIO de 03/02/1987 a 01/02/1992 Retificar na Ordem de Servico de 17 de setembro de 1993, publicada no DODF no 202 de 05/10/1993,
pag. 41 e 42, a Licenca Premio concedida ao servidor REGIVAN DE OLIVEIRA MORAES. ONDE SE LE: 2o QUINQUENIO de 10/06/1988 a 09/06/1993
LEIA-SE        : 2o QUINQUENIO de 10/06/1988 a 08/09/1993 Retificar na Ordem de Servico de 02 de maio de 1994, publicada no DODF no 46 de 09/03/1994, a
Licenca Premio concedida ao servidor JOAO EVANGELISTA DOS SANTOS. ONDE SE LE: 3o QUINQUENIO de 03/10/1988 a 02/10/1993
LEIA-SE        : 3o QUINQUENIO de 30/11/1988 a 28/12/1993 Retificar na Ordem de Servico de 29 de novembro de 1994, publicada no DODF no 232 de 05/12/
1994, pag. 45, a Licenca Premio concedida ao servidor ADORANDO GOMES PUREZA. ONDE SE LE: 1o QUINQUENIO de 15/05/1985 a 14/05/1990
LEIA-SE        : 1o QUINQUENIO de 15/05/1985 a 13/03/1994 Retificar na Ordem de Servico de 13 de maio de 1996, publicada no DODF no 93 de 15/05/1996, a
Licenca Premio concedida ao Servidor ADELINO FERNANDES DO NASCIMENTO. ONDE SE LE : 2o QUINQUENIO de 10/06/1988 a 09/06/1993
LEIA-SE         : 2o QUINQUENIO de 08/06/1988 a 06/06/1993 Tornar sem efeito a Licenca Premio por Assiduidade concedida ao servidor VALMIR MOREIRA
LEAO, matricula no 102.809-X, lotacao: SEAS, referente ao 1o quinquenio, publicado no DODF no
104 de 26/05/1992, pags. 08 e 09 (Sup). Tornar sem efeito a  retificacao da Licenca Premio por Assiduidade concedida ao servidor ADELINO
FERNANDES DO NASCIMENTO, matricula no 102.389-6, lotacao: SEAS, referente ao 1o quinque-
nio publicado no DODF no 93 de 15/05/1996. CARMEN MESQUITA ARQUIVO PUBLICO DO DISTRITO FEDERAL ORDEM DE SERVICO DE 29 NOVEMBRO DE 2001 A SUPERINTENDENTE SUBSTITUTA DO ARQUIVO PUBLICO DISTRITO FEDERAL, no uso
das atribuicoes que lhe sao conferidas pelo Regimento do ArPDF, aprovado pelo Decreto no 19.494 de
07 de agosto de 1998, resolve: Designar a  servidora  MARIA DA CONCEICAO MARTINS C. PERNAMBUCO, matricula no  90.060-
5, Tecnico de Administracao Publica, para substituir LUCIA MARIA DAMASCENO FERNANDES,
matricula no  32.046-3, Encarregado de Registro Funcional do Servico de Pessoal, Codigo DFG-02, no
periodo de 03 a 17/12/2001, por motivo de ferias regulamentares da titular. DORANILDE MARIA D. DE S. BARBOSA SECRETARIA DE FAZENDA E PLANEJAMENTO PORTARIA No 612, DE 5 DE DEZEMBRO DE 2001 Designa Executor Tecnico para o Contrato no 18/97-SEFP. O SECRETARIO DE FAZENDA E PLANEJAMENTO DO DISTRITO FEDERAL, no uso das suas atribui-
coes e tendo em vista o disposto no caput do art. 67 da Lei no 8.666/93,"
