,Tipo do Ato,Nome do Servidor Substituto,Matrícula do Servidor Substituto,Nome do Servidor a ser Substituido,Matrícula do Servidor a ser SubstituidoCargo,Símbolo do cargo do servidor substituto,Cargo comissionado objeto da substituição,Símbolo do cargo do objeto da substituição,Símbolo do cargo comissionado objeto da substituição,Hierarquia da Lotação,Órgão,Data Inicial da Vigência,Data Final de Vigência,Matrícula SIAPE,Motivo,text
0,Substituição de Funções,nan,nan,ZENEIDE DE SOUSA PANTOJA,90.132-6,Superintendente do Arquivo Publico do Distrito Federal,DFG-12,nan,,nan,nan,nan,nan,nan,nan,"Designar, DORANILDE MARIA DUARTE DE SOUSA BARBOSA, matricula n.o 90.174-1, Gerente
da Gerencia Cultural, Simbolo DFG-12, para substituir ZENEIDE DE SOUSA PANTOJA, matricula
90.132-6, Superintendente do Arquivo Publico do Distrito Federal, Simbolo CNE-05, no periodo de
19/11 a 03/12/2001, por  motivo de licenca medica da titular"
1,Substituição de Funções, a  servidora  MARIA DA CONCEICAO MARTINS C,nan,nan,nan,nan,nan,nan,nan,nan,nan,nan,nan,nan,nan,Designar a  servidora  MARIA DA CONCEICAO MARTINS C
2,Substituição de Funções, o servidor MOISES CAETANO DE ALMEIDA,41.623-1,nan,nan,nan,nan,nan,nan,nan,nan,nan,nan,nan,nan,"Designar o servidor MOISES CAETANO DE ALMEIDA, matricula no 41.623-1, como
executor do Contrato no 18/97-SEFP, celebrado entre o Distrito Federal, por meio desta Secretaria,
e a Multh-tec Assistencia e Comercio de Maquinas Ltda., objetivando a prestacao de servicos a serem
executados de forma continua, correspondente a manutencao preventiva e corretiva nos equipamen-
tos graficos, para esta Secretaria"
3,Substituição de Funções,nan,nan,nan,nan,nan,DFG-13,nan,nan,nan,nan,nan,nan,nan,nan,"Designar, JUAN DESIDERIO ROLON ESPINOLA, matricula n.o 68.208-X, Diretor da Diretoria
Tecnico-Cientifica, Simbolo DFG-13, para atuar como executor do Convenio celebrado entre Funda-
cao de Apoio a Pesquisa do DF e a Fundacao de Desenvolvimento da Atividade Rural no Distrito
Federal  Fundacao Rural, conforme processo n.o 193.000.036/2001"
4,Substituição de Funções, PATRICIA DANTAS TRAJANO,23.791-4,nan,48.686-8 e CECILIA MARIA SA DE OLIVEIRA,nan,nan,nan,nan,nan,nan,nan,nan,nan,nan,"Designar PATRICIA DANTAS TRAJANO, matricula no 23.791-4,  MARIA GORETE GONTIJO
RIBEIRO, matricula no 48.686-8 e CECILIA MARIA SA DE OLIVEIRA, matricula no 65.005-6,
como executoras do Convenio no 77/2001, firmado entre a Secretaria de Estado de Educacao do
Distrito Federal e a empresa Alarm Center Comercio e Servicos Ltda"
5,Substituição de Funções, VANI CANDIDA DE SIQUEIRA,33.579-7,nan,nan,nan,nan,nan,nan,nan,nan,nan,nan,nan,nan,"Designar VANI CANDIDA DE SIQUEIRA, matricula no 33.579-7, como executora do Termo de
Cooperacao Tecnica no 06/2001, firmado entre a Secretaria de Estado de Educacao do Distrito
Federal, Secretaria de Estado de Cultura do Distrito Federal e a Administracao Regional de Ceilandia"
6,Substituição de Funções, VALDINEA SILVEIRA BRAGA REGO,700.026-X,nan,nan,nan,nan,nan,nan,nan,nan,nan,nan,nan,nan,"Designar VALDINEA SILVEIRA BRAGA REGO, matricula no 700.026-X, como executora do
Contrato no 086/2001, firmado entre a Secretaria de Estado de Educacao do Distrito Federal e a
empresa Assistencia Tecnica de Duplicadores - REIMAQ"
7,Substituição de Funções, AROLDO AMORIM ODORICO,n.o,nan,nan,nan,nan,nan,nan,nan,nan,nan,nan,nan,nan,"Designar AROLDO AMORIM ODORICO, matricula n.o 37.209-9, como executor do Termo de
Cessao de Uso no 09/2001, firmado entre a Secretaria de Estado de Educacao e a Administracao
Regional de Samambaia"
8,Substituição de Funções, a servidora NANCY DE JESUS GONCALVES FARIAS,117.992-6,"a
Chefe do Nucleo de Pessoal da Gerencia de Apoio Operacional da Diretoria Regional de Saude da
Candangolandia",nan,nan,DFG-05,nan,nan,nan,nan,nan,nan,nan,nan,"DESIGNAR a servidora NANCY DE JESUS GONCALVES FARIAS, Assistente Intermediario de
Saude, Classe Especial, Padrao V (Agente Administrativo), matricula no 117.992-6, para substituir a
Chefe do Nucleo de Pessoal da Gerencia de Apoio Operacional da Diretoria Regional de Saude da
Candangolandia, Nucleo Bandeirante e Riacho Fundo, Simbolo DFG-05, no periodo de10 de janeiro
a 8 de fevereiro de 2002, por motivo de ferias da titular, conforme Memorando no 120/2001-NP/
GAO/DRS/CNBRF"
9,Substituição de Funções, o servidor JOSIAS SAMPAIO CAVALCANTE JUNIOR,94.347-9,o servi,94.253-7,nan,DFG-12,nan,,nan,nan,nan,nan,nan,nan,"Designar o servidor JOSIAS SAMPAIO CAVALCANTE JUNIOR, matricula 94.347-9, Analista de
Atividades Rodoviarias, Gerente de Projetos/DEP/DITEC, simbolo DFG-12, para substituir o servi-
dor SAMUEL DIAS JUNIOR, matricula 94.253-7, Analista de Atividades Rodoviarias, Chefe da
Divisao de Estudos e Projetos/DITEC, simbolo DFG-13, no periodo de 10/12/2001 a 24/12/2001,
por motivo de ferias regulamentares da titular"
10,Substituição de Funções, a servidora MIRONILCE ALVES REGINO,33749-8,nan,nan,nan,nan,nan,nan,nan,nan,nan,nan,nan,nan,"Designar a servidora MIRONILCE ALVES REGINO, matricula 33749-8, Professora Requisitada/
FEDF, para, na qualidade de Executora e sem prejuizo de suas atribuicoes normais, acompanhar o
cumprimento do Termo de Contrato no074/2001-FAC, celebrado entre o Distrito Federal atraves da
Secretaria de Estado de Cultura e a Empresa ANTI STATUS QUO COMPANHIA DE DANCA  LTDA-
ME"
11,Substituição de Funções, a servidora MARINA LUCENA BRANCO,1650320-5,nan,nan,nan,nan,nan,nan,nan,nan,nan,nan,nan,nan,"Designar a servidora MARINA LUCENA BRANCO, matricula 1650320-5, Tecnico de Administra-
cao Publica, para, na qualidade de Executora e sem prejuizo de suas atribuicoes normais, acompanhar
o cumprimento do Termo de Contrato  no067/2001-FAC, celebrado entre o Distrito Federal atraves
da Secretaria de Estado de Cultura e a Empresa ASSOCIACAO ARTISTICA MAPATI"
12,Substituição de Funções, nos termos do Decreto,n.o,SERGIO ROBERTO BRANQUINHO PASSOS,n.o 98.490-6,"Chefe do Nucleo de Adminis-
tracao de Banco de Dados",DFA-04,nan,,nan,nan,nan,nan,nan,nan,"Designar nos termos do Decreto 21.816 de 12.12.2000, o servidor LICINIO AMADEU DOS SAN-
TOS JUNIOR, matricula n.o 105.123-7, Secretario Administrativo, simbolo DFA-04, para substituir
SERGIO ROBERTO BRANQUINHO PASSOS, matricula n.o 98.490-6, Chefe do Nucleo de Adminis-
tracao de Banco de Dados, Simbolo DFG-09, da Gerencia de Informatica da Diretoria de Apoio
Operacional, da Secretaria de Meio Ambiente de Recursos Hidricos do Distrito Federal, no periodo de
10.12.2001 a 24.12.2001,  por motivo de ferias regulamentares"
13,Substituição de Funções, nos termos do art,nan,nan,nan,nan,nan,nan,nan,nan,nan,nan,nan,nan,nan,Designar nos termos do art
14,Substituição de Funções, nos termos do art,nan,nan,nan,nan,nan,nan,nan,nan,nan,nan,nan,nan,nan,Designar nos termos do art
15,Substituição de Funções, LUIS CARLOS ALVES GARCIA,93.930-7,ENIVALDO ALVES SILVA,52.611-8,Chefe de Gabinete,DFG-06,nan,,nan,nan,nan,nan,nan,nan,"Designar LUIS CARLOS ALVES GARCIA, matricula no 93.930-7, Chefe da Secao de Servicos Gerais,
simbolo DFG-06, para substituir ENIVALDO ALVES SILVA, matricula no 52.611-8, Chefe de Gabinete,
simbolo DFG-14,  do Jardim Botanico de Brasilia da Secretaria de Meio Ambiente e Recursos Hidricos do
Distrito Federal, no periodo de 03/12/2001 a 23/12/2001,  por  motivo de ferias do titular"
16,Substituição de Funções, MARIA XIMENES PONTES SANTOS,93.970-6,MARIA ARAUJO DOS SANTOS,52.634-1,nan,DFG-03,nan,nan,nan,nan,nan,nan,nan,nan,"Designar MARIA XIMENES PONTES SANTOS, matricula no 93.970-6, Auxiliar de Administra-
cao Publica,  para substituir MARIA ARAUJO DOS SANTOS,  matricula no 52.634-1, Encarregado,
simbolo DFG-03,  do Jardim Botanico de Brasilia da Secretaria de Meio Ambiente e Recursos Hidricos
do Distrito Federal, no periodo de 01/12/2001 a 30/12/2001,  por motivo de ferias da titular"
17,Substituição de Funções, JOAQUIM NUNES DA SILVA,93.966-8,VICENTE JOSE CAETANO,52.657-6,nan,DFG-,nan,nan,nan,nan,nan,nan,nan,nan,"Designar JOAQUIM NUNES DA SILVA, matricula no 93.966-8, Auxiliar de Administracao Publi-
ca,  para substituir VICENTE JOSE CAETANO,  matricula no 52.657-6, Encarregado, simbolo DFG-
03,  do Jardim Botanico de Brasilia da Secretaria de Meio Ambiente e Recursos Hidricos do Distrito
Federal, no periodo de 17/12/2001 a 15/01/2002,  por motivo de ferias do titular"
18,Substituição de Funções, o servidor,nan,nan,nan,nan,nan,nan,nan,nan,nan,nan,nan,nan,nan,"Designar o servidor: LUIZ GONZAGA FERREIRA CHAGAS, mat"
19,Substituição de Funções, o servidor,nan,nan,nan,nan,nan,nan,nan,nan,nan,nan,nan,nan,nan,"Designar o servidor: MANUEL AFONSO FILHO, mat"
20,Substituição de Funções, o servidor,nan,nan,nan,nan,nan,nan,nan,nan,nan,nan,nan,nan,nan,"Designar o servidor: ANTONIO DANTAS DA GAMA, mat"
21,Substituição de Funções, a servidora,nan,nan,nan,nan,nan,nan,nan,nan,nan,nan,nan,nan,nan,"Designar a servidora, EDLEUZA BARBOZA DOS SANTOS, mat"
22,Substituição de Funções, o servidor,nan,nan,nan,nan,nan,nan,nan,nan,nan,nan,nan,nan,nan,"Designar o servidor: CICERO MIGUEL DA SILVA, mat"
23,Substituição de Funções, o servidor,nan,nan,nan,nan,nan,nan,nan,nan,nan,nan,nan,nan,nan,"Designar o servidor: FRANCISCO DAS CHAGAS LIMA, mat"
24,Substituição de Funções, o servidor,nan,nan,nan,nan,nan,nan,nan,nan,nan,nan,nan,nan,nan,"Designar o servidor: FRANCISCO XAVIER OLIVEIRA, mat"
25,Substituição de Funções, a servidora,nan,nan,nan,nan,nan,nan,nan,nan,nan,nan,nan,nan,nan,"Designar a servidora: ANA LOPES NETO, mat"
26,Substituição de Funções, o servidor,nan,nan,nan,nan,nan,nan,nan,nan,nan,nan,nan,nan,nan,"Designar o servidor: NILSON LOPES CARDOSO, mat"
27,Substituição de Funções, o servidor,nan,nan,nan,nan,nan,nan,nan,nan,nan,nan,nan,nan,nan,"Designar o servidor: MARIO CEZAR DE OLIVEIRA JUNIOR, mat"
28,Substituição de Funções, o servidor PAULO CESAR PERES NUNES,nan,nan,nan,nan,nan,nan,nan,nan,nan,nan,nan,nan,nan,"DESIGNAR o servidor PAULO CESAR PERES NUNES, matr"
29,Substituição de Funções, os servidores JOSE EUSTAQUIO ALVES MOREIRA,93.890-4,nan,96.195-7,nan,nan,nan,nan,nan,nan,nan,nan,nan,nan,"Designar os servidores JOSE EUSTAQUIO ALVES MOREIRA, matricula 93.890-4, Gerente de
Planejamento, ISMAEL PEREIRA DA COSTA JUNIOR, matricula 96.195-7, Encarregado da Secao
de Obras e Reparos e CLEIDE CELESTE DE CARVALHO, matricula no 1.650.638-4, Tecnico de
Administracao Publica, para sob a presidencia do primeiro e secretariado pelo ultimo, ate o relatorio
final, praticar todos os atos necessarios ao cabal esclarecimentos dos fatos"
30,Substituição de Funções, PATRICIA DA SILVEIRA CARDADOR,96.943-5,LUIZ LUCAS DA CONCEICAO,33.580-0,Coordenador de Materia Legislativa e Assuntos do Tribunal de Contas do Distrito Federal,CNE-06,nan,nan,nan,nan,nan,nan,nan,nan,"Designar PATRICIA DA SILVEIRA CARDADOR, matricula no 96.943-5, Procuradora do Distrito
Federal de 2a Categoria, para substituir LUIZ LUCAS DA CONCEICAO, matricula no 33.580-0,
Coordenador de Materia Legislativa e Assuntos do Tribunal de Contas do Distrito Federal, Simbolo
CNE-06, da Procuradoria-Geral do Distrito Federal, no periodo de 03/12/2001 a 01/01/2002, por
motivo de ferias do titular"
