,Tipo do Ato,Nome do Servidor Substituto,Matrícula do Servidor Substituto,Nome do Servidor a ser Substituido,Matrícula do Servidor a ser SubstituidoCargo,Símbolo do cargo do servidor substituto,Cargo comissionado objeto da substituição,Símbolo do cargo do objeto da substituição,Símbolo do cargo comissionado objeto da substituição,Hierarquia da Lotação,Órgão,Data Inicial da Vigência,Data Final de Vigência,Matrícula SIAPE,Motivo,text
0,Substituição de Funções,  AFRANIO ROBERTO DE SOUSA FILHO,nan,nan,nan,nan,nan,nan,nan,nan,nan,nan,nan,nan,nan,"Designar  AFRANIO ROBERTO DE SOUSA FILHO, Secretario Adjunto de Desenvolvimento
Economico, Ciencia e Tecnologia, para a funcao de Secretario Executivo do Conselho de Politica
de Desenvolvimento Integrado do Distrito Federal  CPDI/DF"
1,Substituição de Funções, JESUALDO FLORIANO MACHADO LESSA,n.o,nan,n.o 31.094-8,nan,DFG-12,nan,nan,nan,nan,nan,nan,nan,nan,"Designar JESUALDO FLORIANO MACHADO LESSA, matricula n.o 43.868-5, para substi-
tuir LUCIANO MARTINS PEREIRA, matricula n.o 31.094-8, Gerente de Tomada de Contas,
Simbolo DFG-12, da Diretoria Geral de Contabilidade da Subsecretaria de Financas da Secre-
taria de Fazenda e Planejamento, no periodo de 07 a 20 de janeiro de 2002, por motivo de ferias
regulamentares"
2,Substituição de Funções, CLERIA MARIA DA SILVA,n.o,ADEILDE MA,n.o 30.895-1,nan,DFG-10,nan,nan,nan,nan,nan,nan,nan,nan,"Designar CLERIA MARIA DA SILVA, matricula n.o 26.088-6, para substituir ADEILDE MA-
RIA DA CONCEICAO, matricula n.o 30.895-1, Chefe do Nucleo de Cadastro e Controle de
Responsabilidade, Simbolo DFG-10, da Gerencia de Tomada de Contas da Diretoria Geral de
Contabilidade da Subsecretaria de Financas da Secretaria de Fazenda e Planejamento, no periodo
de 07 a 26 de janeiro de 2002, por motivo de ferias regulamentares"
3,Substituição de Funções, LUCIANA DE OLIVEIRA,n.o,CARLOS AUGUS,n.o 42.546-X,nan,DFG-10,nan,nan,nan,nan,nan,nan,nan,nan,"Designar LUCIANA DE OLIVEIRA, matricula n.o 2.477-5, para substituir CARLOS AUGUS-
TO DE LOYOLA PEREIRA, matricula n.o 42.546-X, Chefe do Nucleo de Convenios e Subven-
coes Sociais, Simbolo DFG-10, da Gerencia de Tomada de Contas da Diretoria Geral de Contabi-
lidade da Subsecretaria de Financas da Secretaria de Fazenda e Planejamento, no periodo de 14 de
janeiro a 02 de fevereiro de 2002, por motivo de ferias regulamentares"
4,Substituição de Funções, ALMIR ERNESTO DE CASTRO GUILHERME,n.o,nan,n.o 43.868-5,nan,DFG-10,nan,nan,nan,nan,nan,nan,nan,nan,"Designar ALMIR ERNESTO DE CASTRO GUILHERME, matricula n.o 44.034-5, para subs-
tituir JESUALDO FLORIANO MACHADO LESSA, matricula n.o 43.868-5, Chefe do Nu-
cleo de Prestacao de Contas de Ordenadores de Despesa, Simbolo DFG-10, da Gerencia de
Tomada de Contas da Diretoria Geral de Contabilidade da Subsecretaria de Financas da Secre-
taria de Fazenda e Planejamento, no periodo de 21 de janeiro a 09 de fevereiro de 2002, por
motivo de ferias regulamentares"
5,Substituição de Funções, EDVALDO DIAS DE ANDRADE,n.o,"ESTELA
FRANCISCA DOS SANTOS ALVES",n.o 44.186-4,Encarregada do Expediente,nan,nan,nan,nan,nan,nan,nan,nan,nan,"Designar EDVALDO DIAS DE ANDRADE, matricula n.o 91.472-X, para substituir ESTELA
FRANCISCA DOS SANTOS ALVES, matricula n.o 44.186-4, Encarregada do Expediente, Sim-                                                                       Diario Oficial do Distrito Federal
PAGINA   27
No 2, quinta-feira, 3 de janeiro de 2002 bolo DFG-02, da Diretoria Geral de Administracao Financeira da  Subsecretaria de Financas da
Secretaria de Fazenda e Planejamento, no periodo de 07 de janeiro a 05 de fevereiro de 2002, por
motivo de ferias regulamentares"
6,Substituição de Funções, GRACA MARIA LUIZA DE FREITAS,nan,nan,nan,nan,nan,nan,nan,nan,nan,nan,nan,nan,nan,"Designar GRACA MARIA LUIZA DE FREITAS, da Subsecretaria de Financas da
Secretaria de Fazenda e Planejamento"
7,Substituição de Funções, GRACA MARIA LUIZA DE FREITAS,nan,nan,nan,nan,nan,nan,nan,nan,nan,nan,nan,nan,nan,"Designar GRACA MARIA LUIZA DE FREITAS, da Subsecretaria de Financas da
Secretaria de Fazenda e Planejamento, no periodo de 7 de janeiro a 5 de fevereiro de 2002, por
motivo de ferias regulamentares"
8,Substituição de Funções, o servidor Luiz Agrio Cavalcanti Teixeira,120.493-9,"o Diretor Regional de Saude da Asa Norte da Secretaria de Estado de Saude
do Distrito Federal",nan,nan,DFG-13,nan,nan,nan,nan,nan,nan,nan,nan,"Designar o servidor Luiz Agrio Cavalcanti Teixeira, Carreira Medica (Cirurgia Geral), Matricula no
120.493-9, para substituir o Diretor Regional de Saude da Asa Norte da Secretaria de Estado de Saude
do Distrito Federal, Simbolo DFG-13, no periodo de 07 a 26 de janeiro de 2002, por motivo de ferias"
9,Substituição de Funções, PAULO ROBERTO NUNES RAMOS,135.720-4,nan,nan,nan,nan,nan,nan,nan,nan,nan,nan,nan,nan,"Designar PAULO ROBERTO NUNES RAMOS, matricula no 135.720-4, Gerente de Equipa-
mentos Medico-Hospitalares e Manutencao, EXECUTOR do Contrato No 082/2001 - SES/DF,
celebrado entre o Distrito Federal, por intermedio da Secretaria de Estado de Saude e a firma POLI
ENGENHARIA LTDA.,  em 10/12/2001"
10,Substituição de Funções, o servidor Jose Ricardo Andrade,141.134-9,"a Gerente de Apoio de Alta Complexidade da
Diretoria de Procedimentos de Alta Complexidade da Subsecretaria de Atencao a Saude da Secre",nan,nan,DFG-11,nan,nan,nan,nan,nan,nan,nan,nan,"Designar o servidor Jose Ricardo Andrade, Assistente Intermediario de Saude II  (Agente Admi-
nistrativo), Matricula no 141.134-9, para substituir a Gerente de Apoio de Alta Complexidade da
Diretoria de Procedimentos de Alta Complexidade da Subsecretaria de Atencao a Saude da Secre-
taria de Estado de Saude do Distrito Federal, Simbolo DFG-11, a contar de 23 de novembro de
2001, por motivo de Licenca Medica"
11,Substituição de Funções, a servidora LUCIA MARIA CARVALHO,n.o,a Chefe do Nucleo de Apoio Operacional do Centro de Saude no,nan,nan,DFG-05,nan,nan,nan,nan,nan,nan,nan,nan,"DESIGNAR a servidora LUCIA MARIA CARVALHO, AIS (Agente Administrativo), matricula
n.o 118.394-X, para substituir a Chefe do Nucleo de Apoio Operacional do Centro de Saude no 08
da Diretoria Regional de Saude do Gama, Simbolo DFG-05, no  periodo de 04 de fevereiro a 05 de
marco de 2002,  por motivo de ferias do Titular, conforme Memorando n.o 100/2001 do NAO/
CSG-08,  de 10 de dezembro de 2001"
12,Substituição de Funções, o servidor JACKSON DE PINA SILVA,140.676-0,a Gerente do Centro de Saude no,nan,nan,nan,nan,nan,nan,nan,nan,nan,nan,nan,"designar o servidor JACKSON DE PINA SILVA, CM - Ginecologia e Obstetricia,
matricula 140.676-0, para substituir a Gerente do Centro de Saude no 05 de Ceilandia.."
13,Substituição de Funções, a servidora SADIA MARTINS DE PAULA SOUZA,140.665-5,nan,nan,nan,nan,nan,nan,nan,nan,nan,nan,nan,nan,"designar a servidora SADIA MARTINS DE PAULA SOUZA, CM - Ginecologia e Obste-
tricia, matricula 140.665-5, para responder pela Gerencia do Centro de Saude no 05 de Ceilandia.."
14,Substituição de Funções, a servidora CREUSA TOCCHIO LISBOA NEVES,126.102-9,"a Chefe do Nucleo de Coleta e Apresentacao de Dados da
Gerencia de Regulacao Controle e Avaliacao",nan,nan,DFG,nan,nan,nan,nan,nan,nan,nan,nan,"Designar a servidora CREUSA TOCCHIO LISBOA NEVES, AIS  Agente Administrativo,
matricula 126.102-9 para substituir a Chefe do Nucleo de Coleta e Apresentacao de Dados da
Gerencia de Regulacao Controle e Avaliacao/DRSC, simbolo DFG 04, por motivo de ferias da
titular, no periodo de 10.01.2002 a 08.02.2002, conforme Memorando 027/2001  NUCOAD/
DRSC datado de 06.12.2001"
15,Substituição de Funções, a servidora SANDRA MARIA CARDOSO DOS SANTOS,123.700-4,"a Supervisora de Enfermagem em Central de Material
Esterilizado da Gerencia de Enfermagem",nan,nan,DFG,nan,nan,nan,nan,nan,nan,nan,nan,"Designar a servidora SANDRA MARIA CARDOSO DOS SANTOS, AIS  Auxiliar de Enferma-
gem, matricula 123.700-4 para substituir a Supervisora de Enfermagem em Central de Material
Esterilizado da Gerencia de Enfermagem/DRSC, simbolo DFG 03, por motivo de Licenca Premio
da titular, no periodo de 01.12.2001 a 31.12.2001, conforme Memorando 289/2001  GENF/
DRSC datado de 25.10.2001"
16,Substituição de Funções, a servidora ELOISA HELENA CARNEIRO CAMPOS,120.370-3,a Secretaria Administrativa do Setor de Recepcao do Nucleo de Radiologia e Imagenologia da Gerencia de Diagnose e Terapia,nan,nan,DFG,nan,nan,nan,nan,nan,nan,nan,nan,"Designar a servidora ELOISA HELENA CARNEIRO CAMPOS, AIS  Agente Administrativo,
matricula 120.370-3, para substituir a Secretaria Administrativa do Setor de Recepcao do Nucleo de Radiologia e Imagenologia da Gerencia de Diagnose e Terapia/DRSC, simbolo DFG 03, por
motivo de ferias da titular, no periodo de 03.12.2001 a 17.12.2001, conforme Memorando 050/
2001  NURI/DRSC datado de 26.11.2001"
17,Substituição de Funções, o servidor SERGIO SILVA RAMOS,122.138-,o Chefe do Nucleo de Emergencia da Gerencia de Atencao a Saude,nan,nan,DFG,nan,nan,nan,nan,nan,nan,nan,nan,"Designar o servidor SERGIO SILVA RAMOS, CM  Medico Clinica Medica, matricula 122.138-
8 para substituir o Chefe do Nucleo de Emergencia da Gerencia de Atencao a Saude/DRSC,
simbolo DFG 06, por motivo de ferias do titular, no periodo de 10.12.2001 a 24.12.2001,
conforme Memorando 121/2001  NUEM/DRSC datado de 05.11.2001"
18,Substituição de Funções, o servidor ELY VICENTE RIBEIRO,126.243-2,"o Chefe do Nucleo de Manutencao e Reparo da Gerencia de Apoio
Operacional",nan,nan,DFG,nan,nan,nan,nan,nan,nan,nan,nan,"Designar o servidor ELY VICENTE RIBEIRO, AOSD - Limpeza e Conservacao, matricula
126.243-2 para substituir o Chefe do Nucleo de Manutencao e Reparo da Gerencia de Apoio
Operacional/DRSC, simbolo DFG 04, por motivo de ferias do titular, no periodo de 10.01.2002
a 08.02.2002, conforme Memorando 213/2001  NUMARE/DRSC datado de 11.12.2001"
19,Substituição de Funções, o servidor JOSE CHAUTEAUBRIAND MOREIRA,116.664-6,"a Chefe do Nucleo de Processamento de Contas da SIA e SIH
da Gerencia de Regulacao Controle e Avaliacao",nan,nan,DFG,nan,nan,nan,nan,nan,nan,nan,nan,"Designar o servidor JOSE CHAUTEAUBRIAND MOREIRA, AIS  Agente Administrativo,
matricula 116.664-6 para substituir a Chefe do Nucleo de Processamento de Contas da SIA e SIH
da Gerencia de Regulacao Controle e Avaliacao/DRSC, simbolo DFG 05, por motivo de ferias da
titular, no periodo de 14.01.2002 a 12.02.2002, conforme Memorando 023/2001  NUPROC/
DRSC datado de 05.12.2001"
20,Substituição de Funções, a servidora VANESSA RODRIGUES SANTANA,140.858-5,"o Chefe do Nucleo de Apoio
Operacional da Gerencia do Centro de Saude no",nan,nan,DFG,nan,nan,nan,nan,nan,nan,nan,nan,"Designar a servidora VANESSA RODRIGUES SANTANA, Chefe do Nucleo de Registro Con-
trole e Avaliacao do CSC 05, matricula 140.858-5 para substituir o Chefe do Nucleo de Apoio
Operacional da Gerencia do Centro de Saude no 05 de Ceilandia, simbolo DFG 05, por motivo de
ferias do titular, no periodo de 01.11.2001 a 31.11.2001, conforme Memorando 020/2001 
GCSC 05 datado de Novembro/2001"
21,Substituição de Funções, a servidora LUIZA MIDORI MIURA,119.662-6,a Chefe do Nucleo de Enfermagem da Gerencia do Centro de Saude no,nan,nan,DFG,nan,nan,nan,nan,nan,nan,nan,nan,"Designar a servidora LUIZA MIDORI MIURA, CE  Enfermeira, matricula 119.662-6 para
substituir a Chefe do Nucleo de Enfermagem da Gerencia do Centro de Saude no 05 de Ceilandia,
simbolo DFG 05, por motivo de ferias da titular, no periodo de 13.02.2002 a 22.02.2002,
conforme Memorando 003/2001  NE/GCSC 05 datado de 20.11.2001"
22,Substituição de Funções, o servidor PEDRO DONIZETTI DE SOUZA,108.494-1,"a Chefe do Nucleo de Regulacao Controle e Avaliacao da Gerencia do
Centro de Saude no",nan,nan,DFG,nan,nan,nan,nan,nan,nan,nan,nan,"Designar o servidor PEDRO DONIZETTI DE SOUZA, AIS  Agente Administrativo, matricula
108.494-1 para substituir a Chefe do Nucleo de Regulacao Controle e Avaliacao da Gerencia do
Centro de Saude no 07 de Ceilandia, simbolo DFG 04, por motivo de ferias da titular, no periodo
de 10.01.2002 a 19.01.2002, conforme Memorando 051/2001  CSC 07 datado de 28.11.2001"
23,Substituição de Funções, a servidora JOANA DARQUE DOS SANTOS BENTO,138.758-8,"Chefe do Nucleo de Apoio Operacional da Gerencia
do Centro de Saude no",nan,nan,DFG,nan,nan,nan,nan,nan,nan,nan,nan,"Designar a servidora JOANA DARQUE DOS SANTOS BENTO, AIS  Agente Administra-
tivo, matricula 138.758-8 para substituir Chefe do Nucleo de Apoio Operacional da Gerencia
do Centro de Saude no 07 de Ceilandia, simbolo DFG 05, por motivo de ferias da titular, no
periodo de 14.01.2002 a 28.01.2002, conforme Memorando 053/2001  NAO/CSC 07 data-
do de 04.12.2001"
24,Substituição de Funções, a servidora ANA MARCIA BEZERRA RODRIGUES SILVA,131.012-7,"a Chefe do Nucleo de Apoio Operacional da
Gerencia do Centro de Saude no",nan,nan,DFG,nan,nan,nan,nan,nan,nan,nan,nan,"Designar a servidora ANA MARCIA BEZERRA RODRIGUES SILVA, AIS  Agente Admi-
nistrativo, matricula 131.012-7 para substituir a Chefe do Nucleo de Apoio Operacional da
Gerencia do Centro de Saude no 08 de Ceilandia, simbolo DFG 05, por motivo de ferias da
titular, no periodo de 15.01.2002 a 29.01.2002, conforme Memorando 200/2001  NAO/
GCSC 08 datado de 14.11.2001"
25,Substituição de Funções, o servidor PAULO ROBERTO BARBOSA,131.830-6,nan,130.856-4,nan,DFG,nan,nan,nan,nan,nan,nan,nan,nan,"Designar o servidor PAULO ROBERTO BARBOSA, CM  Medico Clinica Medica, matricula
131.830-6, DFG  14, para responder pela Gerencia do Centro de Saude no 10 de Ceilandia,
simbolo DFG 08, por motivo de ferias da servidora CYNTIA HORTA DE SOUZA, CM 
Medica Pediatria, matricula 130.856-4, DFG  14, no periodo de 14.01.2002 a 28.01.2002,
conforme Memorando 96/2001  Gerencia do CSC 10 datado de 14.11.2001"
26,Substituição de Funções, a servidora SONIA MARIA BELTRAO,137.866-X,nan,128.982-9,nan,DFG,nan,nan,nan,nan,nan,nan,nan,nan,"Designar a servidora SONIA MARIA BELTRAO, CM  Medica Ginecologia e Obstetricia,
matricula 137.866-X, DFG  14, para responder pela Gerencia do Centro de Saude no 11 de
Ceilandia, simbolo DFG 08, por motivo de ferias da servidora RUTH BEATRIZ SCARTEZINI
E SILVA, CM  Medica Pediatria, matricula 128.982-9, DFG  14, no periodo de 10.01.2002 a
24.01.2002, conforme Memorando 18/2001  Gerencia do CSC 11 datado de 01.11.2001"
27,Substituição de Funções, o servidor JORGE ANDRE VEIGA DE MENEZES,138.601-8,o Gerente do Laboratorio Regional de Ceilan,nan,nan,DFG,nan,nan,nan,nan,nan,nan,nan,nan,"Designar o servidor JORGE ANDRE VEIGA DE MENEZES, AS  Farmaceutico Bioquimico
Laboratorio, matricula 138.601-8, para substituir o Gerente do Laboratorio Regional de Ceilan-
dia, simbolo DFG 08, por motivo de ferias do titular, no periodo de 17.01.2002 a 31.01.2002,
conforme Memorando 89/2001  Gerencia do LRC datado de 13.11.2001"
28,Substituição de Funções, a servidora ELENICE PEREIRA DE SOUZA,116.590-9,a Gerente de Apoio Operacional da Diretoria Regional de Saude da Candangolan,nan,nan,DFG-07,nan,nan,nan,nan,nan,nan,nan,nan,"DESIGNAR a servidora ELENICE PEREIRA DE SOUZA, Assistente Intermediario de
Saude, Classe Especial, Padrao V (Agente Administrativo), matricula no 116.590-9, para
substituir a Gerente de Apoio Operacional da Diretoria Regional de Saude da Candangolan-
dia, Nucleo Bandeirante e Riacho Fundo, Simbolo DFG-07, no periodo de 02 a 16 de
janeiro de 2002, por motivo de ferias da titular, conforme Memorando no 093/2001-GAO/
DRS/CNBRF"
29,Substituição de Funções, a servidora VILMA DIAS DE LIMA,139.359-6,"a Chefe do Nucleo de
Apoio Operacional do Centro de Saude no",nan,nan,,nan,nan,nan,nan,nan,nan,nan,nan,"DESIGNAR a servidora VILMA DIAS DE LIMA, Assistente Intermediario de Saude, 3a Classe,
Padrao V (Agente Administrativo), matricula no 139.359-6, para substituir a Chefe do Nucleo de
Apoio Operacional do Centro de Saude no 01/Candangolandia da Diretoria Regional de Saude da
Candangolandia, Nucleo Bandeirante e Riacho Fundo, Simbolo   DFG-05, no periodo de 14 de
janeiro a 12 de fevereiro de 2002, por motivo de ferias da titular, conforme Memorando no 46/01-
Gerente do CS 01 Cand"
30,Substituição de Funções, a servidora ANA MARIA DE OLIVEIRA MAIA,n.o,TEREZINHA DE JESUS ROCHA BARBOSA,"n.o 104.540-
7",ocupante do Cargo em Comissao,DFG,nan,nan,nan,"Secretaria de Estado de
Acao Social do Distrito Federal, no periodo de 02 a 16.01.2002, por motivo de ferias
regulamentares da Titular",nan,nan,nan,nan,"Designar a servidora ANA MARIA DE OLIVEIRA MAIA, matricula n.o 107.204-8, Assis-
tente, para substituir TEREZINHA DE JESUS ROCHA BARBOSA, matricula n.o 104.540-
7, ocupante do Cargo em Comissao, Simbolo DFG 12, de Gerente do Centro de Desenvol-
vimento Social do Guara, da Diretoria de Assistencia Social, da Secretaria de Estado de
Acao Social do Distrito Federal, no periodo de 02 a 16.01.2002, por motivo de ferias
regulamentares da Titular"
31,Substituição de Funções, a servidora MARIA EUNICE RODRIGUES MARTINELLO,n.o,APARECIDA DE FATIMA DE OLIVEIRA QUEIROZ,n.o 104.634-9,ocupante do Cargo em Comissao,DFG,nan,nan,nan,"Secretaria de Estado de Acao Social do Distrito Federal, no
periodo de 17 a 31.01.2002, por motivo de ferias regulamentares da Titular",nan,nan,nan,nan,"Designar a servidora MARIA EUNICE RODRIGUES MARTINELLO, matricula n.o 104.631-4,
Encarregada, para substituir APARECIDA DE FATIMA DE OLIVEIRA QUEIROZ, matricula
n.o 104.634-9, ocupante do Cargo em Comissao, Simbolo DFG 08, de Chefe do Nucleo de
Disciplina da Gerencia de Internacao Estrita do Centro de Atendimento Juvenil Especializado, da
Diretoria de Assistencia Social, da Secretaria de Estado de Acao Social do Distrito Federal, no
periodo de 17 a 31.01.2002, por motivo de ferias regulamentares da Titular"
32,Substituição de Funções, a servidora CELVA DIVINA RABELO ARAUJO,n.o,MARIA ISABEL DO NASCIMENTO LEDES,n.o 104.642-X,"ocu-
pante do Cargo em Comissao",DFG,nan,nan,nan,"Secretaria de Estado de
Acao Social do Distrito Federal, no periodo de 02 a 31.01.2002, por motivo de ferias regulamen-
tares da Titular",nan,nan,nan,nan,"Designar a servidora CELVA DIVINA RABELO ARAUJO, matricula n.o 102.683-6, Professora,
para substituir MARIA ISABEL DO NASCIMENTO LEDES, matricula n.o 104.642-X, ocu-
pante do Cargo em Comissao, Simbolo DFG 10, de Chefe do Nucleo Pedagogico do Centro de
Atendimento Juvenil Especializado, da Diretoria de Assistencia Social, da Secretaria de Estado de
Acao Social do Distrito Federal, no periodo de 02 a 31.01.2002, por motivo de ferias regulamen-
tares da Titular"
33,Substituição de Funções, a servidor DIMAS CANDIDO DE SOUZA,n.o,ELIZAR DE MELO PEREZ,"n.o 104.535-
0",ocupante do Cargo em Comissao,DFG,nan,nan,nan,"Secretaria de Estado de Acao Social do Distrito Federal, no periodo de 02
a 16.01.2002, por motivo de ferias regulamentares do Titular",nan,nan,nan,nan,"Designar a servidor DIMAS CANDIDO DE SOUZA, matricula n.o 102.018-8, Auxiliar Opera-
cional em Servicos Sociais, para substituir ELIZAR DE MELO PEREZ, matricula n.o 104.535-
0, ocupante do Cargo em Comissao, Simbolo DFG 08, de Chefe do Nucleo de Disciplina da
Gerencia de Internacao Provisoria do Centro de Atendimento Juvenil Especializado, da Diretoria
de Assistencia Social, da Secretaria de Estado de Acao Social do Distrito Federal, no periodo de 02
a 16.01.2002, por motivo de ferias regulamentares do Titular"
34,Substituição de Funções, a servidora MARIA BEATRIZ SILVA CARVALHO,n.o,SANDRA REGINA MOREIRA RODRIGUES PIMPAO,"n.o
102.758-2",ocupante do Cargo em Comissao,DFG,nan,nan,nan,"Secretaria de Estado de Acao Social do Distrito Federal, no periodo de 02 a 31.01.2002,
por motivo de ferias regulamentares da Titular",nan,nan,nan,nan,"Designar a servidora MARIA BEATRIZ SILVA CARVALHO, matricula n.o 103.517-7, Assisten-
te Social, para substituir SANDRA REGINA MOREIRA RODRIGUES PIMPAO, matricula n.o
102.758-2, ocupante do Cargo em Comissao, Simbolo DFG 10, de Chefe do Nucleo de Profissi-
onalizacao e Trabalho do Centro de Atendimento Juvenil Especializado, da Diretoria de Assisten-
cia Social, da Secretaria de Estado de Acao Social do Distrito Federal, no periodo de 02 a 31.01.2002,
por motivo de ferias regulamentares da Titular"
35,Substituição de Funções, a servidora MARILIA COSTA RAMOS NASCIMENTO,n.o,ROSEGLAY DE MARIA SALAZAR FARIAS,"n.o 103.660-
2",ocupante do Cargo em Comissao,DFG,nan,nan,nan,"Secretaria de
Estado de Acao Social do Distrito Federal, no periodo de 07 a 21.01.2002, por motivo de ferias
regulamentares da Titular",nan,nan,nan,nan,"Designar a servidora MARILIA COSTA RAMOS NASCIMENTO, matricula n.o 102.816-2,
Psicologa, para substituir ROSEGLAY DE MARIA SALAZAR FARIAS, matricula n.o 103.660-
2, ocupante do Cargo em Comissao, Simbolo DFG 10, de Chefe do Nucleo Psicossocial do
Centro de Atendimento Juvenil Especializado, da Diretoria de Assistencia Social, da Secretaria de
Estado de Acao Social do Distrito Federal, no periodo de 07 a 21.01.2002, por motivo de ferias
regulamentares da Titular"
36,Substituição de Funções, a servidora LUCILA OLIVIA PRADO GONTIJO,n.o,MANOEL BASTOS BRABO,n.o 96.875-7,"ocupante do Cargo em
Comissao",DFG,nan,nan,nan,nan,nan,nan,nan,nan,"Designar a servidora LUCILA OLIVIA PRADO GONTIJO, matricula n.o 98.109-5, Gerente,
para substituir MANOEL BASTOS BRABO, matricula n.o 96.875-7, ocupante do Cargo em
Comissao, Simbolo DFG 14, de Diretor da Diretoria de Planejamento e Controle, da Secretaria de
Estado de Acao Social do Distrito Federal, no periodo de 02 a 31.01.2002, por motivo de ferias
regulamentares do Titular"
37,Substituição de Funções, a servidor PEDRO BERLAMINO DA CONCEICAO,n.o,LUIZ ANTONIO LINS RABELO FILHO,n.o 93.538-7,ocupante do Cargo em Comissao,DFG,nan,nan,nan,"Secretaria de Estado
de Acao Social do Distrito Federal, no periodo de 02 a 31.01.2002, por motivo de ferias
regulamentares do Titular",nan,nan,nan,nan,"Designar a servidor PEDRO BERLAMINO DA CONCEICAO, matricula n.o 102.733-6, As-
sistente, para substituir LUIZ ANTONIO LINS RABELO FILHO, matricula n.o 93.538-7,
ocupante do Cargo em Comissao, Simbolo DFG 11, de Gerente da Gerencia de Estudos e
Programacao Orcamentaria, da Diretoria de Planejamento e Controle, da Secretaria de Estado
de Acao Social do Distrito Federal, no periodo de 02 a 31.01.2002, por motivo de ferias
regulamentares do Titular"
38,Substituição de Funções, a servidora JESSE MIRANDA VITALE HELLMEISTER,n.o,ELIZABETH GARCIA RODRIGUES,n.o 102.788-3,"ocu-
pante do Cargo em Comissao",DFG,nan,nan,nan,nan,nan,nan,nan,nan,"Designar a servidora JESSE MIRANDA VITALE HELLMEISTER, matricula n.o 104.601-2,
Assessor, para substituir ELIZABETH GARCIA RODRIGUES, matricula n.o 102.788-3, ocu-
pante do Cargo em Comissao, Simbolo DFG 14, de Diretor da Diretoria de Assistencia Social, da
Secretaria de Estado de Acao Social do Distrito Federal, no periodo de 02 a 16.01.2002, por
motivo de ferias regulamentares da Titular"
39,Substituição de Funções, a servidor CARLOS ROBERTO VIEIRA,n.o,EXPEDITO FERREIRA MENDES,"n.o
101.723-3",ocupante do Cargo em Comissao,DFG,nan,nan,nan,nan,nan,nan,nan,nan,"Designar a servidor CARLOS ROBERTO VIEIRA, matricula n.o 101.609-1, Assistente Interme-
diario em Servicos Sociais, para substituir EXPEDITO FERREIRA MENDES, matricula n.o
101.723-3, ocupante do Cargo em Comissao, Simbolo DFG 09, de Chefe do Nucleo de Transpor-
tes da Diretoria de Apoio Operacional, da Secretaria de Estado de Acao Social do Distrito Federal,
no periodo de 02 a 16.01.2002, por motivo de ferias regulamentares do Titular"
40,Substituição de Funções, a servidora MARIA ROSA OZU,n.o,LUCIBEL NAVES,n.o 103.250-X,ocupante do Cargo em Comissao,nan,nan,nan,nan,nan,nan,nan,nan,nan,"Designar a servidora MARIA ROSA OZU, matricula n.o 103.681-5, Assistente Social, para
substituir LUCIBEL NAVES, matricula n.o 103.250-X, ocupante do Cargo em Comissao, Simbo-
lo DFG 08, de Chefe do Nucleo Tecnico da Gerencia de Internacao Estrita do Centro de Atendi-
mento Juvenil Especializado, da Diretoria de Assistencia Social, da Secretaria de Estado de Acao
Social do Distrito Federal, no periodo de 21.01.2002 a 04.02.2002, por motivo de ferias regula-
mentares da Titular"
41,Substituição de Funções, o servidor JOSE OLIVEIRA DA SILVA,n.o,nan,nan,nan,nan,nan,nan,nan,nan,nan,nan,nan,nan,"Designar o servidor JOSE OLIVEIRA DA SILVA, matricula n.o  101.845-0, Executor do
Contrato no 06/2001, celebrado entre o Distrito Federal, por meio da Secretaria de Esta-
do de Acao Social e  a TECNOLTA EQUIPAMENTOS ELETRONICOS LTDA, cabendo
ao designado as atribuicoes previstas no  artigo 13, inciso II, do Decreto  n.o 16.098, de
29/11/94, publicado no Diario Oficial do Distrito Federal de 30/11/94, e demais normas
inerentes ao assunto"
42,Substituição de Funções, o Engenheiro MAURICIO CANOVAS SEGURA,23.791-4,nan,nan,nan,nan,nan,nan,nan,nan,nan,nan,nan,nan,"Designar o Engenheiro MAURICIO CANOVAS SEGURA, matricula no 23.791-4, EXECUTOR
do Contrato no  193/2001-SO,  nos  Termos  do  Padrao no 11/96, firmado entre o Distrito Federal,
por meio da Secretaria de Infra-Estrutura e Obras e a Companhia Urbanizadora da Nova Capital
do Brasil  NOVACAP, objetivando a elaboracao de projeto executivo de arquitetura da Curia da
Catedral Metropolitana de Brasilia, localizada na Esplanada dos Ministerios/DF"
43,Substituição de Funções, os servidores WILMA DE SOUZA LABANCA,n.o,nan,n.o 108.744-4,nan,nan,nan,nan,nan,nan,nan,nan,nan,nan,"Designar os servidores WILMA DE SOUZA LABANCA, matricula n.o 105.162-8, LUCI-
NAO GUIMARAES VIOLATTI, matricula n.o 108.744-4, ALDO CESAR VIEIRA FERNAN-
DES, matricula n.o 37.377X, CELIA REGINA ABREU SANTANA, matricula n.o 43.061-7,
FLAVIO MARCELO SILVEIRA BRAGA, matricula n.o 37.394-X, JOSE AQUILES T"
44,Substituição de Funções, o servidor VLADIMIR FERNANDES MENDONCA COSTA,107.615-,nan,nan,nan,nan,nan,nan,nan,nan,nan,nan,nan,nan,"Designar o servidor VLADIMIR FERNANDES MENDONCA COSTA, matricula no 107.615-
9 executor tecnico do Contrato no 007/2001 de Locacao do Imovel, firmado entre o Distrito
Federal/Secretaria de Trabalho e Direitos Humanos e a Empresa PHENICIA COMERCIO,
CONSTRUTORA E INCORPORADORA LTDA, processo no 170.000.260/2001 2- Nos impedimentos legais, respondera pelas atribuicoes BENEDITO FERREIRA HIGINO,
matr"
