,Tipo do Ato,SEI,Nome,Matrícula,Tipo de Aposentadoria,Cargo,Classe,Padrao,Quadro,Fundamento Legal,Orgao,Vigencia,Matricula SIAPE,text
0,Aposentadoria,082.011870/98,"que concedeu aposentadoria a FRANCISCA NASCI-
MENTO BIJOS",n.o,nan," SECRETARIO DE ESTADO DE
GESTAO ADMINISTRATIVA DO DISTRITO FEDERAL",nan,nan,"Quadro:  QPDF 
Processo: 080",nan, Distrito Federal,nan,nan,"Conceder aposentadoria aos servidores abaixo relacionados: DADOS DE IDENTIFICACAO  FUNDAMENTACAO LEGAL   
Nome: GILBERTO BAILAO 
Matricula: 92.711-2 
Cargo:  Professor, nivel 03 
Classe:  Unica 
Padrao:  25 F 
Quadro:  QPDF 
Processo: 080.011096/2001 
   
Artigo 40,  1o, inciso IIIa, e  5o e 8o, da Constituicao 
da Republica Federativa do Brasil, acrescidos aos 
proventos os Incentivos Funcionais de que trata o artigo 
30 da Lei no 6.366, de 15 de outubro de 1976, de acordo 
com o paragrafo unico do artigo 13 da Lei no 66, de 18 
de dezembro de 1989.   
Nome: HELOISA ALVES SOARES ARAUJO 
Matricula: 61.968-X 
Cargo:  Professor, nivel  01 GT3, conforme 
os artigos 14 e 15 da Lei no 66, de 18 de 
dezembro de 1989 
Classe:  Unica 
Padrao:  22 D 
Quadro:  QPDF 
Processo: 080.004602/2000 
   
Artigo 186, inciso III, alinea c, e 189, paragrafo unico, 
da Lei no 8.112, de 11 de dezembro de 1990, combinados 
com o artigo 41, inciso III, alinea c, e  4o , da Lei 
Organica do Distrito Federal e artigo 3o da Emenda 
Constitucional no 20, de 16 de dezembro de 1998. 
     
Nome: TERESINHA MARQUES OLIVEIRA 
CALDEIRA 
Matricula: 99.830-3 
Cargo:  Professor, nivel  03 
Classe:  Unica 
Padrao:  25 F 
Quadro:  QPDF 
Processo: 080.013423/2001 
  Artigo 186, inciso III, alinea c, e 189, paragrafo unico, 
da Lei no 8.112, de 11 de dezembro de 1990, combinados 
com o artigo 41, inciso III, alinea c, e  4o , da Lei 
Organica do Distrito Federal e artigo 3o da Emenda 
Constitucional no 20, de 16 de dezembro de 1998, 
acrescidos aos proventos os Incentivos Funcionais de 
que trata o artigo 30 da Lei no 6.366, de 15 de outubro de 
1976, de acordo com o paragrafo unico do artigo 13 da 
Lei no 66, de 18 de dezembro de 1989. 
   
Nome: TEOFILA MARTINS EVANGELISTA 
Matricula: 72.444-0 
Cargo:  Professor, nivel  02 
Classe:  Unica 
Padrao:  25 E 
Quadro:  QPDF 
Processo: 080.012043/2001   
Artigo 40,  1o, inciso IIIa, e  5o e 8o, da Constituicao 
da Republica Federativa do Brasil, acrescidos aos 
proventos os Incentivos Funcionais de que trata o artigo 
30 da Lei no 6.366, de 15 de outubro de 1976, de acordo 
com o paragrafo unico do artigo 13 da Lei no 66, de 18 
de dezembro de 1989. 
   
Nome: MARIA MESSIAS OLIVEIRA 
Matricula: 75.625-3 
Cargo:      Professor,  nivel   03 
Classe:  Unica 
Padrao:  25 F 
Quadro:  QPDF 
Processo: 080.011194/2001 
   
Artigo 186, inciso III, alinea c, e 189, paragrafo unico, 
da Lei no 8.112, de 11 de dezembro de 1990, combinados 
com o artigo 41, inciso III, alinea c, e  4o , da Lei 
Organica do Distrito Federal e artigo 3o da Emenda 
Constitucional no 20, de 16 de dezembro de 1998, com 
as vantagens previstas no artigo 62 da Lei no 8.112, de 
11 de dezembro de 1990, combinado com o artigo 3o da 
Lei no  8.911, de 12 de julho de 1994, e com os artigos 1o 
e 7o da Lei no 1.004, de 11 de janeiro de 1996. 
   
Nome: GLEIDE MIRIAN DIONIZIO 
Matricula: 53.147-2 
Cargo:  Professor, nivel 01 GT3, conforme 
os artigos 14 e 15 da Lei no 66, de 18 de 
dezembro de 1989 
Classe:  Unica 
Padrao:       24 D 
Quadro:  QPDF 
Processo: 080.011363/2001 
   
Artigo 186, inciso III, alinea c, e 189, paragrafo unico, 
da Lei no 8.112, de 11 de dezembro de 1990, combinados 
com o artigo 41, inciso III, alinea c, e  4o , da Lei 
Organica do Distrito Federal e artigo 3o da Emenda 
Constitucional no 20, de 16 de dezembro de 1998, com 
as vantagens previstas no artigo 62 da Lei no 8.112, de 
11 de dezembro de 1990, combinado com o artigo 3o da 
Lei no  8.911, de 12 de julho de 1994, e com os artigos 1o 
e 7o da Lei no 1.004, de 11 de janeiro de 1996. 
 
   
Nome: ANTONIO DE ALMEIDA GALINDO 
Matricula: 93.401-1 
Cargo:       Assistente   de  Educacao/Conducao 
de Veiculos Automotores 
Classe:  Especial 
Padrao:  VI 
Quadro:  QPDF 
Processo: 080.013031/2001 
   
Artigo 8o,  1o, incisos Ia, Ib, e II da Emenda 
Constitucional no 20, de 16 de dezembro de 1998, e 
artigo 40,  8o, da Constituicao da Republica Federativa 
do Brasil, , com as vantagens previstas no artigo 62 da 
Lei no 8.112, de 11 de dezembro de 1990, combinado 
com o artigo 3o da Lei no  8.911, de 12 de julho de 1994, 
e com o artigo 7o da Lei no 1.004, de 11 de janeiro de 
1996. 
 
   
Nome: SEVERINO BENVINDO DE MORAIS 
Matricula: 97.548-6 
Cargo:  Agente de Educacao/ Portaria 
Classe:  Unica 
Padrao:       XXIV 
Quadro:  QPDF 
Processo: 080.011647/2001 
   
Artigo 186, inciso III, alinea d, e 189, paragrafo unico, 
da Lei no 8.112, de 11 de dezembro de 1990, combinados 
com o artigo 41, inciso III, alinea d, e  4o , da Lei 
Organica do Distrito Federal e com o artigo 40,  1o, 
inciso IIIb, e  8o, da Constituicao da Republica 
Federativa do Brasil. 
 
    
Nome: ARLINDA NASCIMENTO DA SILVA  
Matricula: 79.399-X 
Cargo:  Agente de Educacao/ Servicos de 
Cozinha 
Classe:  Unica 
Padrao:  XXIV 
Quadro:  QPDF 
Processo: 080.008694/2001 
   
Artigo 186, inciso III, alinea d, e 189, paragrafo unico, 
da Lei no 8.112, de 11 de dezembro de 1990, combinados 
com o artigo 41, inciso III, alinea d, e  4o , da Lei 
Organica do Distrito Federal e com o artigo 40,  1o, 
inciso IIIb, e  8o, da Constituicao da Republica 
Federativa do Brasil. 
 
   
Nome: DARIO LOPES DIAS 
Matricula: 51.833-6 
Cargo:  Auxiliar de Educacao/ Conservacao 
e Limpeza 
Classe:  Unica 
Padrao:  XXIII 
Quadro:  QPDF 
Processo: 080.013454/2001 
   
Artigo 186, inciso III, alinea d, e 189, paragrafo unico, 
da Lei no 8.112, de 11 de dezembro de 1990, combinados 
com o artigo 41, inciso III, alinea d, e  4o , da Lei 
Organica do Distrito Federal e  artigo 3o da Emenda 
Constitucional no 20, de 16 de dezembro de 1998. 
 
 
                                                                          Diario Oficial do Distrito Federal
PAGINA   17
No 231, quarta-feira, 05 de dezembro de 2001  
Nome: TERESINHA MARIA DE JESUS 
Matricula: 51.009-2 
Cargo:  Auxiliar de Educacao/ Servicos 
Gerais 
Classe:  Unica 
Padrao:  XXIV 
Quadro:  QPDF 
Processo: 080.013234/2001 
   
Artigo 186, inciso III, alinea d, e 189, paragrafo unico, 
da Lei no 8.112, de 11 de dezembro de 1990, combinados 
com o artigo 41, inciso III, alinea d, e  4o , da Lei 
Organica do Distrito Federal e com o artigo 40,  1o, 
inciso IIIb, e  8o, da Constituicao da Republica 
Federativa do Brasil. 
 
 
   
Nome: MARIA GIZELDA DE MENEZES 
CARDOSO 
Matricula: 98.022-6 
Cargo:  Professor, nivel  03 
Classe:  Unica 
Padrao:    25 F 
Quadro:  QPDF 
Processo: 082.018510/1998 
   
Artigo 186, inciso III, alinea c, e 189, paragrafo unico, 
da Lei no 8.112, de 11 de dezembro de 1990, combinados 
com o artigo 41, inciso III, alinea c, e  4o , da Lei 
Organica do Distrito Federal e artigo 3o da Emenda 
Constitucional no 20, de 16 de dezembro de 1998, 
acrescidos aos proventos os Incentivos Funcionais de 
que trata o artigo 30 da Lei no 6.366, de 15 de outubro de 
1976, de acordo com o paragrafo unico do artigo 13 da 
Lei no 66, de 18 de dezembro de 1989, com as vantagens 
previstas no artigo 62 da Lei no 8.112, de 11 de 
dezembro de 1990, combinado com o artigo 3o da Lei no  
8.911, de 12 de julho de 1994, e com o artigo  7o da Lei 
no 1.004, de 11 de janeiro de 1996. 
   
Nome: MARIA HILTA CRUZ 
Matricula: 89.424-9 
Cargo:  Agente de Educacao/ Portaria 
Classe:  Unica 
Padrao:  XXIV 
Quadro:  QPDF 
Processo: 080.013082/2001 
   
Artigo 186, inciso III, alinea a, e 189, paragrafo unico, 
da Lei no 8.112, de 11 de dezembro de 1990, combinados 
com o artigo 41, inciso III, alinea a, e  4o, da Lei 
Organica do Distrito Federal, e com o artigo 40,  1o. 
Inciso IIIa, e  8o, da Constituicao da Republica 
Federativa do Brasil.   
Nome: MARINA TOYOKO KOBAYASHI 
Matricula: 99.283-6 
Cargo:  Professor, nivel 03 
Classe:  Unica 
Padrao:    25 F 
Quadro:  QPDF 
Processo: 082.006927/1998 
   
Artigo 8o, incisos I, II, IIIa e IIIb, e  4o da Emenda 
Constitucional no 20, de 16 de dezembro de 1998, e 
artigo 40,  8o, da Constituicao da Republica Federativa 
do Brasil, acrescidos aos proventos os Incentivos 
Funcionais de que trata o artigo 30 da Lei no 6.366, de 15 
de outubro de 1976, de acordo com o paragrafo unico do 
artigo 13 da Lei no 66, de 18 de dezembro de 1989. 
   
Nome: BENEDITA FERREIRA RODRIGUES 
Matricula: 91.340-5 
Cargo: Auxiliar de Educacao/ Conservacao de 
Limpeza 
Classe:  Unica 
Padrao:    XXIV 
Quadro:  QPDF 
Processo: 082.008918/2000 
   
Artigo 8o, incisos I, II, IIIa e IIIb, da Emenda 
Constitucional no 20, de 16 de dezembro de 1998, e 
artigo 40,  8o, da Constituicao da Republica Federativa 
do Brasil.    
Nome: MARIA ZULMA FERREIRA 
Matricula: 95.255-9 
Cargo: Agente de Educacao/ Servicos de 
Cozinha 
Classe:  Unica 
Padrao:    XXIV 
Quadro:  QPDF 
Processo: 080.007209/2001 
   
Artigo 8o, incisos I, II, IIIa e IIIb, da Emenda 
Constitucional no 20, de 16 de dezembro de 1998, e 
artigo 40,  8o, da Constituicao da Republica Federativa 
do Brasil.   
Nome: EDILEUZA MARTINS RODRIGUES 
DE ARAUJO 
Matricula: 89.480-X 
Cargo: Agente de Educacao/ Servicos de 
Cozinha 
Classe:  Unica 
Padrao:  XXIV 
Quadro:  QPDF 
Processo: 080.013683/2001 
   
Artigo 8o, incisos I, II, IIIa e IIIb, da Emenda 
Constitucional no 20, de 16 de dezembro de 1998, e 
artigo 40,  8o, da Constituicao da Republica Federativa 
do Brasil. 
     
Nome: MARIA APARECIDA DA FROTA 
ARAUJO 
Matricula: 47.256-5 
Cargo:     Professor,      nivel   01 GT3, 
conforme os artigos 14 e 15 da Lei no 66, de 18 
de dezembro de 1989  
Classe:  Unica 
Padrao:  23 D 
Quadro:  QPDF 
Processo: 080.004733/2001 
   
Artigo 8o, incisos I, II, IIIa e IIIb, e  4o, da Emenda 
Constitucional no 20, de 16 de dezembro de 1998, e 
artigo 40,  8o, da Constituicao da Republica Federativa 
do Brasil. 
   
Nome: EONICE MACHADO TAROUCO 
SALDANHA 
Matricula: 99.072-8 
Cargo:      Professor,  nivel   03 
Classe:  Unica 
Padrao:  25 F 
Quadro:  QPDF 
Processo: 082.017087/1998 
   
Artigo 8o, incisos I, II, IIIa e IIIb, e  4o, da Emenda 
Constitucional no 20, de 16 de dezembro de 1998, e 
artigo 40,  8o, da Constituicao da Republica Federativa 
do Brasil, acrescidos aos proventos os Incentivos 
Funcionais de que trata o artigo 30 da Lei no 6.366, de 15 
de outubro de 1976, de acordo com o paragrafo unico do 
artigo 13 da Lei no 66, de 18 de dezembro de 1989. 
 
   
Nome: ABADIA FERNANDES 
Matricula: 51031-9 
Cargo:  Agente de Educacao/ Portaria 
Classe:  Unica 
Padrao:    XXIV 
Quadro:  QPDF 
Processo: 080.012976/2001 
   
Artigo 186, inciso III, alinea d, e 189, paragrafo unico, 
da Lei no 8.112, de 11 de dezembro de 1990, combinados 
com o artigo 41, inciso III, alinea d, e  4o , da Lei 
Organica do Distrito Federal e com o artigo 40,  1o, 
inciso IIIb, e  8o, da Constituicao da Republica 
Federativa do Brasil. 
 
   
Nome: MARIA BARBOSA DE SOUZA 
Matricula: 78.142-8 
Cargo: Agente de Educacao/ Servicos de 
Cozinha 
Classe:  Unica 
Padrao:    XXIV 
Quadro:  QPDF 
Processo: 080.013684/2001   
Artigo 186, inciso III, alinea d, e 189, paragrafo unico, 
da Lei no 8.112, de 11 de dezembro de 1990, combinados 
com o artigo 41, inciso III, alinea d, e  4o , da Lei 
Organica do Distrito Federal e com o artigo 40,  1o, 
inciso IIIb, e  8o, da Constituicao da Republica 
Federativa do Brasil. 
   
Aposentar os servidores abaixo relacionados: 
 
 
Nome: DIVA HOZA HELI SOUZA 
Matricula: 67.024-3 
Cargo: Auxiliar de Educacao/ Conservacao e 
Limpeza 
Classe:  Unica 
Padrao:  XVIII 
Quadro:  QPDF 
Processo: 080.013825/2001   
Artigo 186, inciso I, in fine, e 189, paragrafo unico, da 
Lei no 8.112, de 11 de dezembro de 1990, combinados 
com o artigo 41, inciso I, e  4o, da Lei Organica do 
Distrito Federal e com o artigo 40,  1o, inciso I, e  8o, 
da Constituicao da Republica Federativa do Brasil, 
alterado pelo artigo 1o da Emenda Constitucional no 20, 
de 16 de dezembro de 1998.   
Nome: CELMA ANDREZA DA COSTA 
PEDRO 
Matricula: 49.462-3 
Cargo:  Auxiliar de Educacao/ Servicos 
Gerais 
Classe:  Unica 
Padrao:  X 
Quadro:  QPDF 
Processo: 080.013827/2001 
   
Artigo 186, inciso I, in fine, e 189, paragrafo unico, da 
Lei no 8.112, de 11 de dezembro de 1990, combinados 
com o artigo 41, inciso I, e  4o, da Lei Organica do 
Distrito Federal e com o artigo 40,  1o, inciso I, e  8o, 
da Constituicao da Republica Federativa do Brasil, 
alterado pelo artigo 1o da Emenda Constitucional no 20, 
de 16 de dezembro de 1998. 
    
Nome: RIVALDO SOARES DINIZ 
Matricula: 74.952-4 
Cargo:  Agente de Educacao/Vigilancia 
Classe:  Unica 
Padrao:  XXIV 
Quadro:  QPDF 
Processo: 080.013612/2001 
   
Artigo 186, inciso I,  1o, e 189, paragrafo unico, da Lei 
no 8.112, de 11 de dezembro de 1990, combinados com o 
artigo 41, inciso I, e  4o, da Lei Organica do Distrito 
Federal e com o artigo 40,  1o, inciso I, e  8o, da 
Constituicao da Republica Federativa do Brasil, alterado 
pelo artigo 1o da Emenda Constitucional no 20, de 16 de 
dezembro de 1998.    DALMO ALEXANDRE COSTA PORTARIA No 657, DE 28 DE NOVEMBRO DE 2001 O SECRETARIO-ADJUNTO NO EXERCICIO DO CARGO DE SECRETARIO DE ESTADO DE
GESTAO ADMINISTRATIVA DO DISTRITO FEDERAL, no uso das atribuicoes que lhe foram confe-
ridas pelo inciso II do artigo 97, do Regimento Interno aprovado pela Portaria n.o 21, de 16 de janeiro
de 2.001 e tendo em vista o que dispoe o  Decreto n.o 21.549, de 22 de setembro de 2000, resolve:
Conceder aposentadoria ao servidor abaixo relacionado:                                      Diario Oficial do Distrito Federal
PAGINA   18
No 231, quarta-feira, 05 de dezembro de 2001 DADOS DE IDENTIFICACAO  FUNDAMENTACAO LEGAL   
Nome: Francisca Nascimento Bijos  
Matricula: 96.989-3 
Cargo: Professor 
Nivel: 02-GT3, conforme os artigos 14 e 15, 
da Lei no 66, de 18 de dezembro de 1989 
Classe: Unica 
Padrao: 25 E 
Quadro: Q.P.D.F. 
Processo: 082.011870/98 
 
   
Artigo 186, inciso III, alinea c, e 189, paragrafo 
unico, da Lei n.o 8.112, de 11 de dezembro de 1990, 
combinado com o artigo 41, inciso III, alinea c, e  
4o, da Lei Organica do Distrito Federal, e artigo 3o, da 
Emenda Constitucional n.o 20, de 16 de dezembro de 
1998, acrescidos aos proventos os Incentivos 
Funcionais de que trata o artigo 30, da Lei n.o 6.366, 
de 15 de outubro de 1976, de acordo com o paragrafo 
unico, do artigo 13, da Lei n.o 66, de 18 de dezembro 
de 1989, com as vantagens do artigo 62 da Lei n 8.112, 
de 11 de dezembro de 1990, com o 3o da 8.911, de 12 
de julho de 1994, por forca do artigo 7o da Lei no 
1.004, de 11 de janeiro de 1996.     
Aposentar o servidor abaixo relacionado: 
 
DADOS DE IDENTIFICACAO  FUNDAMENTACAO LEGAL   
Nome: Sonia Fernandes Rosa  
Matricula: 97.349-1 
Cargo: Auxiliar de Educacao / Conservacao e 
Limpeza 
Classe: Unica 
Padrao: XXIV 
Quadro: Q.P.D.F. 
Processo: 080.004781/00 
 
   
Artigo 186, inciso I, in fine e 189, paragrafo unico, da 
Lei n.o 8.112, de 11 de dezembro de 1990, combinado 
com o artigo 41, inciso I, e  4o, da Lei Organica do 
Distrito Federal, e com o artigo 40,  1o, inciso I, e  8o 
da Constituicao da Republica Federativa do Brasil, 
alterado pelo artigo 1o , da Emenda Constitucional n.o 
20, de 16 de dezembro de 1998.   
Tornar sem efeito a Instrucao de 04 de novembro de 1998, publicada no Diario Oficial do Distrito
Federal do dia de 06 de novembro de 1998, que concedeu aposentadoria a FRANCISCA NASCI-
MENTO BIJOS, matricula n.o 96.989-3, do Quadro de Pessoal do Distrito Federal. Processo n.o
082.011870/98."
