,tipo_ato,tipo_documento,processo,dodf_data,dodf_num,tornado_sem_efeito_publicacao,dodf_pagina,servidor,matricula,cargo,dodf_tipo_edicao,text
0,Atos tornados sem efeito - aposentadoria,Portaria,020.000.631/90,17 de julho de 1991,137,15 de julho de 1991,nan, OSVALDO XAVIER DA SILVA,02.226-8, Assistente,suplemento,"TORNAR SEM EFEITO a Portaria de 15 de julho de 1991, publicada no Diario Oficial do Distrito Federal no 137, de 17 de julho de 1991  suplemento, que reviu os proventos de aposentadoria de OSVALDO XAVIER DA SILVA, Matricula no 02.226-8, Assistente, Classe Especial, Padrao III, do Quadro de Pessoal do Distrito  Federal. Processo no : 020.000.631/90. "
1,Atos tornados sem efeito - aposentadoria,Portaria,030.003.778/94,02 de agosto de 1995,148,01 de agosto de 1995,nan, FRANCISCO DE ASSIS LANDY,13.229-2, Auxiliar de Administracao Publica,normal,"TORNAR SEM EFEITO na Portaria de 01 de agosto de 1995, publicada no Diario Oficial do Distrito Federal no 148, de 02 de agosto de 1995, os atos que reviram os proventos de aposentadoria de FRANCISCO DE ASSIS LANDY, Auxiliar de Administracao Publica, Matricula no 13.229-2, do Quadro de Pessoal do Distrito Federal. Processo no 030.003.778/94. "
2,Atos tornados sem efeito - aposentadoria,nan,040.004.597/90,03 de maio de 1999,83,30 de abril de 1999,nan, IRENE HIPOLITO DA ROCHA,05.055-5, Tecnico de Financas e Controle,normal,"TORNAR SEM EFEITO no Decreto de 30 de abril de 1999, publicado no Diario Oficial do Distrito Federal no 83, de 03 de maio de 1999, os atos que reviram os proventos de aposentadoria, bem como o ato que retificou a revisao de aposentadoria de IRENE HIPOLITO DA ROCHA, Matricula no 05.055-5, Tecnico de Financas e Controle, Classe Especial, Padrao III, do Quadro de Pessoal do Distrito Federal. Processo no 040.004.597/90. "
3,Atos tornados sem efeito - aposentadoria,Ordem de Servico,050.000.769/91,10 de julho de 1991,132,01 de julho de 1991,nan, VALDEMIR JACINTO DE DEUS,06.487-4, Classe Especial,suplemento,"TORNAR SEM EFEITO a Ordem de Servico de 01 de julho de 1991, publicada no Diario Oficial do Distrito Federal no 132(suplemento), de 10 de julho de 1991, que retificou a aposentadoria de VALDEMIR JACINTO DE DEUS, matricula 06.487-4, Classe Especial, Padrao III, do Quadro de Pessoal do Distrito Federal. Processo no 050.000.769/91. "
4,Atos tornados sem efeito - aposentadoria,Portaria,030.002.456/85,27 de abril de 1995,81,25 de abril de 1995,nan, ESIO BUARQUE DA SILVA GUSMAO,20.593-1, 1a Classe,normal,"TORNAR SEM EFEITO na Portaria Coletiva de 25 de abril de 1995, publicada no Diario Oficial do Distrito Federal no 81, de 27 de abril de 1995, o ato que retificou a aposentadoria de ESIO BUARQUE DA SILVA GUSMAO, matricula 20.593-1, 1a Classe, Padrao IV, do Quadro de Pessoal do Distrito Federal. Processo no 030.002.456/85. "
