,Tipo do Ato,Nome do Servidor Substituto,Matrícula do Servidor Substituto,Nome do Servidor a ser Substituido,Matrícula do Servidor a ser SubstituidoCargo,Símbolo do cargo do servidor substituto,Cargo comissionado objeto da substituição,Símbolo do cargo do objeto da substituição,Símbolo do cargo comissionado objeto da substituição,Hierarquia da Lotação,Órgão,Data Inicial da Vigência,Data Final de Vigência,Matrícula SIAPE,Motivo,text
0,Substituição de Funções, EVALDO CARNEIRO,95.537-X,JOSE RORIZ AGUIAR,94.351-7,"Secretario de Articulacao para o Desenvolvi-
mento do Entorno de Distrito Federal",CNE-05,nan,,nan,nan,nan,nan,nan,nan,"Designar EVALDO CARNEIRO, matricula 95.537-X, Secretario Adjunto, Simbolo CNE-05, para
substituir JOSE RORIZ AGUIAR, matricula 94.351-7, Secretario de Articulacao para o Desenvolvi-
mento do Entorno de Distrito Federal, Simbolo CNE-03,  por motivo de ferias regulamentares do
titular  no periodo de 03 de dezembro de 2001 a 01 de janeiro de 2002"
1,Substituição de Funções, DURVAL RAMOS DE CARVALHO,97.437-4,ORLANDO GONCALVES DA SILVA,"94.389-
4",Chefe do Nucleo de Suporte Operacional,DFA-05,nan,,nan,nan,nan,nan,nan,nan,"Designar DURVAL RAMOS DE CARVALHO, matricula 97.437-4, Assistente do Nucleo de Suporte
Operacional, Simbolo DFA-05, para substituir ORLANDO GONCALVES DA SILVA, matricula 94.389-
4, Chefe do Nucleo de Suporte Operacional, Simbolo DFG-09, da Secretaria de Articulacao para o
Desenvolvimento do Entorno do Distrito Federal, por motivo de ferias regulamentares do titular  no
periodo de 07 de dezembro de 2001 a 21 de dezembro de 2001"
2,Substituição de Funções, o servidor CLEOFASIO BATISTA DE MORAES,98.419-1,IRVAL MIRANDA DE ARAUJO,nan,nan,DFG-11,nan,nan,nan,nan,nan,nan,nan,nan,"Designar o servidor CLEOFASIO BATISTA DE MORAES, matricula no 98.419-1, do cargo efetivo
de Tecnico de Administracao Publica, da Agencia de Desenvolvimento do Turismo do Distrito
Federal, para substituir IRVAL MIRANDA DE ARAUJO, do cargo em comissao de Gerente de Patri-
monio, Simbolo DFG-11, da Agencia de Desenvolvimento do Turismo do Distrito Federal, por
motivo de substituicao da Diretora, no periodo de 03.12.2001  a  22.12.2002"
3,Substituição de Funções,  a servidora CATARINA CAMPOS SANTANA,39.161-1,JOAO AMERICO CORREA DA SILVA ROCHA,106.505-X,"Chefe do Nucleo de Acom-
panhamento Financeiro de Projetos",DFG-09,nan,nan,nan,nan,nan,nan,nan,nan,"Designar  a servidora CATARINA CAMPOS SANTANA, matricula no 39.161-1, Tecnico em Admi-
nistracao Publica, da Agencia de Desenvolvimento do Turismo do Distrito Federal, para substituir
JOAO AMERICO CORREA DA SILVA ROCHA, matricula n 106.505-X, Chefe do Nucleo de Acom-
panhamento Financeiro de Projetos, Simbolo DFG-09, da Agencia de Desenvolvimento do Turismo
do Distrito Federal, por motivo de ferias do titular, no periodo de 03.12.2001  a  01.01.2002"
4,Substituição de Funções,nan,nan,a servidora ADINALVA APARECIDA DE SOUZA SANTOS,nan,nan,DFG-02,nan,,nan,nan,nan,nan,nan,nan,"Designar, a servidora MARIA DE LOURDES ARAUJO DE OLIVEIRA, matricula no 96.787-4,
Encarregado, simbolo DFG-02, da Gerencia de Remuneracao, da Diretoria de Administracao de
Recursos Humanos, para substituir a servidora ADINALVA APARECIDA DE SOUZA SANTOS ,
Chefe do Nucleo de Supervisao e Orientacao, simbolo DFG-08 da Gerencia de Remuneracao, da
Diretoria de Administracao de Recursos Humanos, de Subsecretaria de Recursos Humanos, por motivo
de ferias regulamentares da titular, no periodo de 03.12.2001 a 17.12.2001"
5,Substituição de Funções, a servidora ARA RUBIA APARECIDA FERNANDES,90.769-3,nan,nan,nan,nan,nan,nan,nan,nan,nan,nan,nan,nan,"Designar a servidora ARA RUBIA APARECIDA FERNANDES, matricula no 90.769-3, como
executora do Contrato no 34/2001-SEFP, celebrado entre o Distrito Federal, por meio desta Secreta-
ria, e a Construtora Azambuja Ltda., objetivando a execucao de servicos de obras de engenharia/
metalurgica de cercamento das unidades da Subsecretaria da Receita, Postos BR-020 (Posto FOR),
BR-040 (Posto BEL), BR-060 (Posto ANA), Lotes da Projecao B do Centro Administrativo da
Cidade de Taguatinga, Lotes Av"
6,Substituição de Funções, Gerlice Lucia Moura Reis,30.945-1,"o titular do Cargo em
Comissao",nan,nan,DFG-11,nan,nan,nan,nan,nan,nan,nan,nan,"Designar Gerlice Lucia Moura Reis, matricula no 30.945-1 para substituir o titular do Cargo em
Comissao, simbolo DFG-11, de Gerente da Gerencia do Desporto Escolar, no periodo de 07/01/2002
a 05/02/2002"
7,Substituição de Funções, Judite Ferreira de Brito,56.053-7,"o titular do Cargo em
Comissao",nan,nan,DFG-13,nan,nan,nan,nan,nan,nan,nan,nan,"Designar Judite Ferreira de Brito, matricula no 56.053-7, para substituir o titular do Cargo em
Comissao, simbolo DFG-13, de Diretor da Diretoria de Apoio Pedagogico, no periodo de 12/01/2002
a  08/02/2002, por motivo de ferias do titular"
8,Substituição de Funções, Neide Goncalves Ferreira,72.954-X,"o titular do Cargo em
Comissao",nan,nan,DFG-11,nan,nan,nan,nan,nan,nan,nan,nan,"Designar Neide Goncalves Ferreira, matricula no 72.954-X, para substituir o titular do Cargo em
Comissao, simbolo DFG-11, de Gerente da Gerencia de Exames, no periodo de 03/12/2001 a  17/12/
2001, por motivo de ferias do titular"
9,Substituição de Funções, a Conselheira Altair Macedo Lahud Loureiro,nan,nan,nan,nan,nan,nan,nan,nan,nan,nan,nan,nan,nan,"Designar a Conselheira Altair Macedo Lahud Loureiro, para membro das Camaras constituidas pela
Ordem de Servico no"
10,Substituição de Funções, o servidor VALDIR NUNES DE SOUZA,131.201-4,"a Chefe da Unidade de Ginecologia e Obstetricia da Gerencia de Atencao a
Saude",nan,nan,DFG,nan,nan,nan,nan,nan,nan,nan,nan,"Designar o servidor VALDIR NUNES DE SOUZA, CM  Medico Ginecologia e Obstetricia, matricula
131.201-4 para substituir a Chefe da Unidade de Ginecologia e Obstetricia da Gerencia de Atencao a
Saude/DRSC, simbolo DFG 06, por motivo de ferias da titular, no periodo de 02.01.2002 a 31.01.2002,
conforme Memorando 427/2001  UGO/HRC datado de 30.10.2001"
11,Substituição de Funções, a servidora ALICE ODETE CARDOSO LELIS SARAIVA,nan,a Chefe da Unidade de Neonatologia da Gerencia de Atencao a Saude,nan,nan,DFG,nan,nan,nan,nan,nan,nan,nan,nan,"Designar a servidora ALICE ODETE CARDOSO LELIS SARAIVA, CM  Medica Pediatria, matricu-
la 129.224-2, para substituir a Chefe da Unidade de Neonatologia da Gerencia de Atencao a Saude/
DRSC, simbolo DFG 05, por motivo de ferias da titular, no periodo de 10.12.2001 a 24.12.2001,
conforme Memorando 142/2001  Sec.Ped./DRSC, datado de 30.10.2001"
12,Substituição de Funções, a servidora RAIMUNDA TEREZA RIBEIRO SILVA,360.630-9,o Chefe do Nucleo de Material e Patrimonio da Gerencia de Apoio Opera,nan,nan,DFG,nan,nan,nan,nan,nan,nan,nan,nan,"Designar a servidora RAIMUNDA TEREZA RIBEIRO SILVA, AI  Agente Administrativo, matricula
360.630-9 para substituir o Chefe do Nucleo de Material e Patrimonio da Gerencia de Apoio Opera-
cional/DRSC, simbolo DFG 04, por motivo de ferias do titular, no periodo de 10.01.2002 a 08.02.2002,
conforme Memorando 34/2001  NMP/HRC, datado de 05.11.2001"
13,Substituição de Funções, a servidora EULINA MARIA DO NASCIMENTO M,nan,nan,nan,nan,nan,nan,nan,nan,nan,nan,nan,nan,nan,Designar a servidora EULINA MARIA DO NASCIMENTO M
14,Substituição de Funções, a servidora LUDMILLA ALBARSE SOARES,140.808-9,a Supervisora da Supervisao de Enfermagem em Centro Cirurgico da Gerencia de Enferma,nan,nan,DFG,nan,nan,nan,nan,nan,nan,nan,nan,"Designar a servidora LUDMILLA ALBARSE SOARES, CE  Enfermeira, matricula 140.808-9 para
substituir a Supervisora da Supervisao de Enfermagem em Centro Cirurgico da Gerencia de Enferma-
gem/DRSC, simbolo DFG 03, por motivo de ferias da titular, no periodo de 02.01.2002 a 21.01.2002,
conforme Memorando 100/2001  SECC/HRC, datado de 05.11.2001"
15,Substituição de Funções, o servidor MANOEL COELHO DE SANTANA,126.457-5,o Gerente da Gerencia de Regulacao Controle e Avaliacao,nan,nan,DFG,nan,nan,nan,nan,nan,nan,nan,nan,"Designar o servidor MANOEL COELHO DE SANTANA, AI  Motorista, matricula 126.457-5 para
substituir o Gerente da Gerencia de Regulacao Controle e Avaliacao/DRSC, simbolo DFG 08, por
motivo de ferias do titular, no periodo de 10.01.2002 a 08.02.2002, conforme Memorando 383/
2001  GRCA/DRSC, datado de 12.11.2001"
16,Substituição de Funções, a servidora SANDRA MARGARETE ROCHA DOS SANTOS,119.716-9,o Gerente do Centro de Saude no,nan,nan,DFG,nan,nan,nan,nan,nan,nan,nan,nan,"Designar a servidora SANDRA MARGARETE ROCHA DOS SANTOS, CE  Enfermeira, matricula
119.716-9 para substituir o Gerente do Centro de Saude no 02 de Ceilandia, simbolo DFG 08, por
motivo de ferias do titular, no periodo de 03.12.2001 a 17.12.2001, conforme Memorando 18/2001
 Gerencia do CSC 02, datado de 01.10.2001  GCSC 02"
17,Substituição de Funções, a servidora MARIA DE FATIMA DELLA CORTE MARQUEZ,136.592-4,o Gerente do Centro de Saude no,nan,nan,DFG,nan,nan,nan,nan,nan,nan,nan,nan,"Designar a servidora MARIA DE FATIMA DELLA CORTE MARQUEZ, CM  Medica Pediatria,
matricula 136.592-4 para substituir o Gerente do Centro de Saude no 08 de Ceilandia, simbolo DFG 08,
por motivo de ferias do titular, no periodo de 10.01.2002 a 19.01.2002, conforme Memorando 202/
2001  NAO/CSC 05, datado de 19.11.2001  GCSC 08"
18,Substituição de Funções, a servidora DENISE RODRIGUES COSTA SOARES,138.548-,o Chefe do Nucleo de Enfermagem do Centro de Saude no,nan,nan,DFG,nan,nan,nan,nan,nan,nan,nan,nan,"Designar a servidora DENISE RODRIGUES COSTA SOARES, CE  Enfermeira, matricula 138.548-
8 para substituir o Chefe do Nucleo de Enfermagem do Centro de Saude no 08 de Ceilandia, simbolo
DFG 05, por motivo de ferias da titular, no periodo de 15.01.2002 a 03.02.2002, conforme Memo-
rando 201/2001  NAO/GCSC 05, datado de 14.11.2001  GCSC 08"
19,Substituição de Funções, a servidora IZABEL NEVES DE LOIOLA,118.164-5,a Chefe do Nucleo de Enfermagem do Centro de Saude no,nan,nan,DFG,nan,nan,nan,nan,nan,nan,nan,nan,"Designar a servidora IZABEL NEVES DE LOIOLA, CE  Enfermeira, matricula 118.164-5 para
substituir a Chefe do Nucleo de Enfermagem do Centro de Saude no 09 de Ceilandia, simbolo DFG 05,
por motivo de ferias da titular, no periodo de 01.01.2002 a 30.01.2002, conforme Memorando 58/
2001  Gerencia do CSC 09, datado de 05.11.2001  GCSC 09"
20,Substituição de Funções, a servidora MARIA SIRLEY DA SILVEIRA,n.o,nan,nan,nan,nan,nan,nan,nan,nan,nan,nan,nan,nan,"Designar a servidora MARIA SIRLEY DA SILVEIRA, matricula n.o 98.442-6, Executora do
Convenio no 04/2000, celebrado entre o Distrito Federal, por intermedio da Secretaria de Estado de
Acao Social e Entidade  FENACOES  INTEGRACAO SOCIAL, cabendo a designada as atribuicoes
previstas no  artigo 13, inciso II, do Decreto  n.o 16.098, de 29/11/94, publicado no Diario Oficial do
Distrito Federal de 30/11/94, na Portaria no 140, de 17/11/99, e demais normas inerentes ao assunto"
21,Substituição de Funções, a servidora MARIA SIRLEY DA SILVEIRA,n.o,nan,nan,nan,nan,nan,nan,nan,nan,nan,nan,nan,nan,"Designar a servidora MARIA SIRLEY DA SILVEIRA, matricula n.o  98.442-6, Executora dos
Convenios nos 015/2000 e 016/2000, celebrados entre o Distrito Federal, por intermedio da Secreta-
ria de Estado de Acao Social e a entidade FENACOES  INTEGRACAO SOCIAL, cabendo a designada
as atribuicoes previstas no  artigo 13, inciso II, do Decreto  n.o 16.098, de 29/11/94, publicado no
Diario Oficial do Distrito Federal de 30/11/94, na Portaria no 140, de 17/11/99, e demais normas
inerentes ao assunto"
22,Substituição de Funções, a Agente de Policia ANDREA PAIVA CIRQUEIRA,58.125-9,nan,35.346-9,nan,DFG-02,nan,nan,nan,nan,nan,nan,nan,nan,"Designar a Agente de Policia ANDREA PAIVA CIRQUEIRA, matricula no 58.125-9, para substi-
tuir o Agente de Policia IRAN LIMA ARAGAO FILHO, matricula no 35.346-9, Chefe da Secao de
Apoio Administrativo/DOT/CPE/PCDF, Simbolo DFG-02, por motivo de licenca premio por assidui-
dade, no periodo de 26.11"
23,Substituição de Funções, a Auxiliar de Apoio as Atividades Policiais Civis ELIZABETH  BERNARDES MOREI,31.709-8,JAINE BEATRIZ PEREIRA BORGES,"31.483-
8",Chefe da Secao de Apoio Administrativo/21a DPCPC/PCDF,DFG-02,nan,nan,nan,nan,nan,nan,nan,nan,"Designar a Auxiliar de Apoio as Atividades Policiais Civis ELIZABETH  BERNARDES MOREI-
RA, matricula no 31.709-8, para substituir JAINE BEATRIZ PEREIRA BORGES, matricula no 31.483-
8, Chefe da Secao de Apoio Administrativo/21a DPCPC/PCDF, Simbolo DFG-02, por motivo de
licenca para tratamento de saude, no periodo de 12 a 26.11.2001"
24,Substituição de Funções, o Agente de Policia ANOR MAURICIO SOUZA DE ANDRADE,58.396-,o Agente de Policia ACIOL PEREIRA DOS SANTOS,23.566-0,"Chefe
do Servico de Comunicacao Administrativa/PCDF",DFG-10,nan,nan,nan,nan,nan,nan,nan,nan,"Designar o Agente de Policia ANOR MAURICIO SOUZA DE ANDRADE, matricula no 58.396-
0, para substituir o Agente de Policia ACIOL PEREIRA DOS SANTOS, matricula no 23.566-0, Chefe
do Servico de Comunicacao Administrativa/PCDF, Simbolo DFG-10, por motivo de ferias regulamen-
tares, no periodo de 11.12.2001 a 09.01.2002"
25,Substituição de Funções, o Agente de Policia LUIZ HENRIQUE DOS SANTOS PINHEIRO,31.478-,o Delegado de Policia GEDIAEL CORDEIRO LEITE,24.791-X,"Chefe
do Posto Policial no 08/1a DP/CPC/PCDF",DFG-11,nan,nan,nan,nan,nan,nan,nan,nan,"Designar o Agente de Policia LUIZ HENRIQUE DOS SANTOS PINHEIRO, matricula no 31.478-
1, para substituir o Delegado de Policia GEDIAEL CORDEIRO LEITE, matricula no 24.791-X, Chefe
do Posto Policial no 08/1a DP/CPC/PCDF, Simbolo DFG-11, por motivo de ferias regulamentares, no
periodo de 26.11"
26,Substituição de Funções, o Perito Medico,39.931-0,"o
Perito Criminal GUSTAVO DE CARVALHO DALTON",39.998-1,"Diretor da Divisao de
Pesquisa de DNA Forense/CPT/PCDF",DFG-11,nan,nan,nan,nan,nan,nan,nan,nan,"Designar o Perito Medico-Legista HYUNG IL PAK, matricula no 39.931-0, para substituir o
Perito Criminal GUSTAVO DE CARVALHO DALTON, matricula no 39.998-1, Diretor da Divisao de
Pesquisa de DNA Forense/CPT/PCDF, Simbolo DFG-11, por motivo de ferias regulamentares, no
periodo de 12 a 21.11.2001"
27,Substituição de Funções, o Papiloscopista Policial MANOEL ABADIA SOBRINHO,48.121-1,o Papiloscopista Policial MARCIO MENDES DA SILVA,36.512-2,"Chefe do
Posto de Identificacao no 11/I.I/CPT/PCDF",nan,nan,nan,nan,nan,nan,nan,nan,nan,"Designar o Papiloscopista Policial MANOEL ABADIA SOBRINHO, matricula no 48.121-1, para substituir o Papiloscopista Policial MARCIO MENDES DA SILVA, matricula no 36.512-2, Chefe do
Posto de Identificacao no 11/I.I/CPT/PCDF, por motivo de licenca para tratamento de saude, no
periodo de 31.10"
28,Substituição de Funções, o servidor PETRONAH DE CASTRO E SILVA,25.525-4,nan,nan,nan,nan,nan,nan,nan,nan,nan,nan,nan,nan,"DESIGNAR o servidor PETRONAH DE CASTRO E SILVA, Agente de Policia, matricula 25.525-4,
para desempenhar as funcoes de executor dos contratos celebrados entre o Distrito Federal, por
intermedio da Policia Civil, e a empresas GV Formularios Ltda., Primicia Grafica e Editora Ltda"
29,Substituição de Funções, o servidor PETRONAH DE CASTRO E SILVA,25.525-4,nan,nan,nan,nan,nan,nan,nan,nan,nan,nan,nan,nan,"DESIGNAR o servidor PETRONAH DE CASTRO E SILVA, Agente de Policia, matricula 25.525-4,
para desempenhar as funcoes de executor do contrato celebrado entre o Distrito Federal, por inter-
medio da Policia Civil, e a empresa Expedgraf Grafica e Papelaria Ltda., objeto do processo
052.001.168/2001, que dispoe sobre aquisicao de cedula de identidade plano para a PCDF, cujas
atribuicoes estao previstas na Instrucao Normativa no.10/97, publicada no Diario Oficial do Distrito
Federal No 88, de 12 de abril de 1997 e no Decreto No"
30,Substituição de Funções, o servidor PETRONAH DE CASTRO E SILVA,25.525-4,nan,nan,nan,nan,nan,nan,nan,nan,nan,nan,nan,nan,"DESIGNAR o servidor PETRONAH DE CASTRO E SILVA, Agente de Policia, matricula 25.525-4,
para desempenhar as funcoes de executor do contrato celebrado entre o Distrito Federal, por inter-
medio da Policia Civil, e a empresa Primicia Grafica e Editora Ltda., objeto do processo 052.001.329/
2001, que dispoe sobre aquisicao de material de coleta de impressoes digitais para a PCDF, cujas
atribuicoes estao previstas na Instrucao Normativa no.10/97, publicada no Diario Oficial do Distrito
Federal No 88, de 12 de abril de 1997 e no Decreto No"
31,Substituição de Funções, o servidor PETRONAH DE CASTRO E SILVA,25.525-4,nan,nan,nan,nan,nan,nan,nan,nan,nan,nan,nan,nan,"DESIGNAR o servidor PETRONAH DE CASTRO E SILVA, Agente de Policia, matricula 25.525-4,
para desempenhar as funcoes de executor do contrato celebrado entre o Distrito Federal, por inter-
medio da Policia Civil, e a empresa Lojas Ene Esse Ltda., objeto do processo 052.001.801/2001, que
dispoe sobre aquisicao de material de construcao e acabamento para a PCDF, cujas atribuicoes estao
previstas na Instrucao Normativa no.10/97, publicada no Diario Oficial do Distrito Federal No 88, de
12 de abril de 1997 e no Decreto No"
32,Substituição de Funções, o servidor PETRONAH DE CASTRO E SILVA,25.525-4,nan,nan,nan,nan,nan,nan,nan,nan,nan,nan,nan,nan,"DESIGNAR o servidor PETRONAH DE CASTRO E SILVA, Agente de Policia, matricula 25.525-4,
para desempenhar as funcoes de executor do contrato celebrado entre o Distrito Federal, por inter-
medio da Policia Civil, e a empresa Maria da Conceicao S"
33,Substituição de Funções, o servidor PETRONAH DE CASTRO E SILVA,25.525-4,nan,nan,nan,nan,nan,nan,nan,nan,nan,nan,nan,nan,"DESIGNAR o servidor PETRONAH DE CASTRO E SILVA, Agente de Policia, matricula 25.525-4,
para desempenhar as funcoes de executor dos contratos celebrados entre o Distrito Federal, por
intermedio da Policia Civil, e a empresas Artes Graficas e Editora Pontual Ltda"
34,Substituição de Funções, o servidor PETRONAH DE CASTRO E SILVA,25.525-4,nan,nan,nan,nan,nan,nan,nan,nan,nan,nan,nan,nan,"DESIGNAR o servidor PETRONAH DE CASTRO E SILVA, Agente de Policia, matricula 25.525-4,
para desempenhar as funcoes de executor do contrato celebrado entre o Distrito Federal, por inter-                                                                       Diario Oficial do Distrito Federal
PAGINA   35
No 231, quarta-feira, 05 de dezembro de 2001 medio da Policia Civil, e a empresa Maxclean Comercio Servicos Importacao e Exportacao Ltda.,
objeto do processo 052.001.512/2001, que dispoe sobre aquisicao de material de expedientepara a
PCDF, consoante Ata de Registro de Precos No 15/2000-SCL, cujas atribuicoes estao previstas na
Instrucao Normativa no.10/97, publicada no Diario Oficial do Distrito Federal No 88, de 12 de abril de
1997 e no Decreto No"
35,Substituição de Funções, o servidor PETRONAH DE CASTRO E SILVA,25.525-4,nan,nan,nan,nan,nan,nan,nan,nan,nan,nan,nan,nan,"DESIGNAR o servidor PETRONAH DE CASTRO E SILVA, Agente de Policia, matricula 25.525-4,
para desempenhar as funcoes de executor do contrato celebrado entre o Distrito Federal, por inter-
medio da Policia Civil, e a empresa Primeira Linha Comercial de Rolamentos Ltda., objeto do
processo 052.000.630/2001, que dispoe sobre aquisicao de material de sinalizacao para a PCDF, cujas
atribuicoes estao previstas na Instrucao Normativa no.10/97, publicada no Diario Oficial do Distrito
Federal No 88, de 12 de abril de 1997 e no Decreto No"
36,Substituição de Funções, o servidor SAVIO TOLEDO CAVALLARI,24.347-7,nan,nan,nan,nan,nan,nan,nan,nan,nan,nan,nan,nan,"DESIGNAR o servidor SAVIO TOLEDO CAVALLARI, Agente de Policia, matricula 24.347-7, para
desempenhar as funcoes de Executor do Contrato No 53/2001-PCDF celebrado entre o Distrito
Federal, por intermedio da Policia Civil, e a empresa Dinamica Administracao Servicos e Obras Ltda.,
objeto do processo 052.000.598/2001, que dispoe sobre prestacao de servicos de limpeza, asseio e
conservacao predial, com fornecimento de mao-de-obra, saneantes domissanitarios, materiais e
equipamentos durante o exercicio de 2001, cujas atribuicoes estao previstas na Instrucao Normativa
no.10/97, publicada no Diario Oficial do Distrito Federal no 88, de 12 de abril de 1997 e no Decreto
no"
37,Substituição de Funções, o servidor IVAN MOREIRA GARRIDO,1650203-1,nan,nan,nan,nan,nan,nan,nan,nan,nan,nan,nan,nan,"Designar o servidor IVAN MOREIRA GARRIDO, matricula 1650203-1, Assistente da Diretoria de
Difusao Cultural da SEC, para, na qualidade de Executor e sem prejuizo de suas atribuicoes normais,
acompanhar o cumprimento do Termo de Convenio no008/2001, celebrado entre o Distrito Federal
atraves da Secretaria de  Estado de Cultura e o CONSELHO DE IGREJAS E PASTORES DE BRASI-
LIA"
