,Tipo do Ato,Nome do Servidor Substituto,Matrícula do Servidor Substituto,Nome do Servidor a ser Substituido,Matrícula do Servidor a ser SubstituidoCargo,Símbolo do cargo do servidor substituto,Cargo comissionado objeto da substituição,Símbolo do cargo do objeto da substituição,Símbolo do cargo comissionado objeto da substituição,Hierarquia da Lotação,Órgão,Data Inicial da Vigência,Data Final de Vigência,Matrícula SIAPE,Motivo,text
0,Substituição de Funções, MICHELLE APARECIDA DE MENEZES NOGUEIRA,94.359-2,"MANUEL
VICENTE SERRAO DE SOUSA",93.922-6,"Chefe do Posto de Atendimento
Regional de Samambaia",DFA-10,nan,nan,nan,nan,nan,nan,nan,nan,"Designar MICHELLE APARECIDA DE MENEZES NOGUEIRA, matricula no 94.359-2, Asses-
sor do Posto de Atendimento Regional do Gama, Simbolo DFA-10, para substituir MANUEL
VICENTE SERRAO DE SOUSA, matricula no 93.922-6, Chefe do Posto de Atendimento
Regional de Samambaia, do Instituto de Defesa do Consumidor do Distrito Federal, por motivo
de ferias regulamentares do titular no periodo de 03 de setembro a 02 de outubro de 2001"
1,Substituição de Funções, PAULO SERGIO CABRAL DA COSTA,93.720-7,"OSWALDO FRANCISCO
DE MORAIS",93.584-0,Chefe da Assessoria Tecnica,DFG-12,nan,,nan,nan,nan,nan,nan,nan,"Designar PAULO SERGIO CABRAL DA COSTA, matricula no 93.720-7, Chefe do Posto de
Atendimento Regional da Ceilandia, Simbolo DFG-12, para substituir OSWALDO FRANCISCO
DE MORAIS, matricula no 93.584-0, Chefe da Assessoria Tecnica, Simbolo DFG-13, do Insti-
tuto de Defesa do Consumidor do Distrito Federal, no periodo de 19 a 28 de setembro de 2001,
por motivo de ferias regulamentares do titular"
2,Substituição de Funções, CLAUDIO MOISES SALES,nan,nan,nan,nan,DFG-04,nan,nan,nan,nan,nan,nan,nan,nan,"DESIGNAR CLAUDIO MOISES SALES, Assistente Intermediario de Saude (Motorista), Ma-
tricula no 133.393-3, para RESPONDER interinamente pelo Cargo em Comissao, Simbolo
DFG-04, de Chefe do Nucleo de Transporte da Gerencia de Apoio Operacional do Hospital
Regional de Sobradinho da Secretaria de Estado de Saude do Distrito Federal, ate a nomeacao do
novo titular"
3,Substituição de Funções, ERLI TOLEDO DA SILVA,43.029-3,JOZELIA PRA,42.945-7,nan,DF,nan,,nan,nan,nan,nan,nan,nan,"Designar ERLI TOLEDO DA SILVA, matricula no 43.029-3, Chefe do Nucleo de Analise de
Cargos e Carreiras, simbolo DF 08 da GCD/DCDRH/SRH/SGA, para substituir JOZELIA PRA-
CA DE MEDEIROS, matricula no 42.945-7, Gerente de Carreira e Desempenho, simbolo DF 11
da DCDRH/SRH da Secretaria de Estado de Gestao Administrativa no periodo de 15.10.2001 a
13.11.2001, por motivo de ferias regulares da titular"
4,Substituição de Funções, a servidora JOANA DARC LINS DE OLIVEIRA,30.477-8,nan,107.841-0,nan,DFG-08,nan,nan,nan,nan,nan,nan,nan,nan,"Designar a servidora JOANA DARC LINS DE OLIVEIRA, matricula no 30.477-8, para substi-
tuir LELLIANE TEREZINHA CHAVES PEDROSA, matricula no 107.841-0, Chefe do Nucleo
de Cadastro de Inativos e Pensionistas, Simbolo DFG-08, da Gerencia de Aposentadorias e
Pensoes, da Diretoria de Administracao de Recursos Humanos, da Subsecretaria de Recursos
Humanos, da Secretaria de Estado de Gestao Administrativa do Distrito Federal, no periodo de
30/09 a 05/10 de 2001, por motivo de Licenca Medica da titular"
5,Substituição de Funções,nan,nan,nan,nan,nan,nan,nan,nan,nan,nan,nan,nan,nan,nan,"Designar, nos termos do paragrafo 1o, do artigo 149 da Lei no 8.112, de 11 de dezembro de
1990, a servidora DALVA MOREIRA DA ROCHA MACHADO, Tecnico de Administracao
Publica, Matricula no 43.746-8, para exercer a funcao de Secretaria da Comissao de Sindican-
cia, referente ao Processo no 040.002.227/2001, a contar de 24 de setembro de 2.001"
6,Substituição de Funções,nan,nan,nan,nan,nan,nan,nan,nan,nan,nan,nan,nan,nan,nan,"Designar, nos termos do paragrafo 1o, do artigo 149 da Lei no 8.112, de 11 de dezembro de                                      Diario Oficial do Distrito Federal
PAGINA   36
No 194, segunda-feira, 8 de outubro de 2001 1990, a servidora DALVA MOREIRA DA ROCHA MACHADO, Tecnico de Administracao
Publica, Matricula no 43.746-8, para exercer a funcao de Secretaria da Comissao de Sindican-
cia, referente ao Processo no 040.001.895/2001, a contar de 24 de setembro de 2.001"
7,Substituição de Funções,   SIMONE FERREIRA DE BRITO,127.729-4,nan,134.789-6 e  MAURO LOPES HUGO DE JESUS,nan,nan,nan,nan,nan,nan,nan,nan,nan,nan,"Designar   SIMONE FERREIRA DE BRITO, matricula no 127.729-4,  MARIA LUCIA
SILVA,  matricula no 134.789-6 e  MAURO LOPES HUGO DE JESUS,  matricula no 134.171-
5, para sob a presidencia do primeiro comporem Comissao de Processo Administrativo Disci-
plinar, objetivando apurar os fatos constantes do processo no 060.005.343/2000"
8,Substituição de Funções,   SIMONE FERREIRA DE BRITO,127.729-4,nan,134.789-6 e  MAURO LOPES HUGO DE JESUS,nan,nan,nan,nan,nan,nan,nan,nan,nan,nan,"Designar   SIMONE FERREIRA DE BRITO, matricula no 127.729-4,  MARIA LUCIA
SILVA,  matricula no 134.789-6 e  MAURO LOPES HUGO DE JESUS,  matricula no 134.171-
5, para sob a presidencia do primeiro comporem Comissao de Processo Administrativo Disci-
plinar, objetivando apurar os fatos constantes do processo no 061.013.321 /98"
9,Substituição de Funções, o  servidor  OSNI DAS GRACAS EVANGELHO,n.o,nan,nan,nan,nan,nan,nan,nan,nan,nan,nan,nan,nan,"Designar o  servidor  OSNI DAS GRACAS EVANGELHO, matricula n.o  102.768-9, Execu-
tor  do Convenio no 13/2000, celebrado entre o Distrito Federal, por intermedio da Secretaria
de Estado de Acao Social e  a OBRAS ASSISTENCIAIS SAO SEBASTIAO, cabendo ao  designa-
do  as atribuicoes previstas no  artigo 13, inciso II, do Decreto  n.o 16.098, de 29/11/94,
publicado no Diario Oficial do Distrito Federal de 30/11/94, na Portaria no 140, de 17/11/99,
e demais normas inerentes ao assunto"
10,Substituição de Funções, o  servidor  OSNI DAS GRACAS EVANGELHO,n.o,nan,nan,nan,nan,nan,nan,nan,nan,nan,nan,nan,nan,"Designar o  servidor  OSNI DAS GRACAS EVANGELHO, matricula n.o  102.768-9, Execu-
tor  do Convenio no 31/1998, celebrado entre o Distrito Federal, por intermedio da Secretaria
de Estado de Acao Social e o INSTITUTO CANDANGO DE SOLIDARIEDADE-ICS, cabendo
ao  designado  as atribuicoes previstas no  artigo 13, inciso II, do Decreto  n.o 16.098, de 29/
11/94, publicado no Diario Oficial do Distrito Federal de 30/11/94, na Portaria no 140, de 17/
11/99, e demais normas inerentes ao assunto"
11,Substituição de Funções,nan,nan,nan,nan,nan,nan,nan,nan,nan,nan,nan,nan,nan,nan,"Designar, nos termos do artigo 149, paragrafo 1o, da Lei 8.112, de 11 de dezembro de 1990, o
servidor JENISON CARVALHO XAVIER, Matricula no1650300-8, para exercer a funcao de
secretario na Comissao relativa ao Processo no 150.001310/2001"
12,Substituição de Funções, Comissao Especial de Licitacao destinada a elaborar edital,nan,nan,nan,nan,nan,nan,nan,nan,nan,nan,nan,nan,nan,"Designar Comissao Especial de Licitacao destinada a elaborar edital, receber, examinar
e julgar todos os documentos e procedimentos licitatorios para contratacoes relativas as acoes
de qualificacao profissional"
13,Substituição de Funções, os servidores MARIA AUXILIADORA MONTEIRO DE ARAUJO,nan,nan,nan,nan,nan,nan,nan,nan,nan,nan,nan,nan,nan,"Designar os servidores MARIA AUXILIADORA MONTEIRO DE ARAUJO, Mat"
14,Substituição de Funções, o Servidor PERICLES AUGUSTO SOARES,n.o,nan,nan,nan,nan,nan,nan,nan,nan,nan,nan,nan,nan,"DESIGNAR o Servidor PERICLES AUGUSTO SOARES, Encarregado de Servico, Matricula n.o
47.788-5, para responder pela Secao de Transporte desta RA-II, por tempo indeterminado"
