,tipo,nome,matricula,simbolo,cargo_comissao,lotacao,orgao,vigencia,pedido,cargo_efetivo,siape,motivo,text
0,Exoneração, ITAMAR DOS SANTOS SILVEIRA,nan,CNE-04,nan,nan,nan,nan,nan,nan,nan,nan,"EXONERAR, por estar sendo nomeado para outro cargo, ITAMAR DOS SANTOS SILVEIRA, do
Cargo de Natureza Especial, Simbolo CNE-04, de Administrador Regional do Recanto das Emas, da
Secretaria de Coordenacao das Administracoes Regionais do Distrito Federal"
1,Exoneração, MARIA DE FATIMA CABRAL BARBO,nan,DFG-14,nan,nan,nan,nan,nan,nan,nan,nan,"EXONERAR, por estar sendo nomeada para outro cargo, MARIA DE FATIMA CABRAL BARBO-
SA, do Cargo em Comissao, Simbolo DFG-14, de Chefe de Gabinete, da Administracao Regional do
Recanto das Emas, da Secretaria de Coordenacao das Administracoes Regionais do Distrito Federal"
2,Exoneração, SIMONE GARCIA COSTA,no,nan,nan,nan,nan,nan,a pedido,nan,nan,nan,"EXONERAR a pedido, SIMONE GARCIA COSTA, matricula no 109"
3,Exoneração, SUZANERES DE JESUS REIS,no,nan,nan,nan,nan,nan,a pedido,nan,nan,nan,"EXONERAR a pedido, SUZANERES DE JESUS REIS, matricula no 107"
4,Exoneração, VILSIMA MENEZES LUNES DE ALMEIDA,no,nan,nan,nan,nan,nan,a pedido,nan,nan,nan,"EXONERAR a pedido, VILSIMA MENEZES LUNES DE ALMEIDA, matricula no 94"
5,Exoneração, GERALDO PINHEIRO DE SOUSA,no,nan,nan,nan,nan,nan,a pedido,nan,nan,nan,"EXONERAR a pedido, GERALDO PINHEIRO DE SOUSA, matricula no 94"
6,Exoneração, VALDINELE VIEIRA DE FRANCA,no,nan,nan,nan,nan,nan,nan,nan,nan,nan,"EXONERAR VALDINELE VIEIRA DE FRANCA, matricula no 94"
7,Exoneração, PAULO ROBERTO GONCALVES DA MOTA,no,nan,nan,nan,nan,nan,nan,nan,nan,nan,"EXONERAR PAULO ROBERTO GONCALVES DA MOTA, matricula no 95"
