,Tipo,Nome,Cargo Efetivo,Matricula,Siape,Simbolo,Cargo Comissao,Lotacao,Orgao,text
0,Nomeação, ITAMAR DOS SANTOS SILVEIRA,para exercer o Cargo em Comissao,nan,nan,DFG-, Gerente da Gerencia de Taguatinga Sul,Administracao Regional de Taguatinga,"Secretaria
de Coordenacao das Administracoes Regionais do Distrito Federal","NOMEAR ITAMAR DOS SANTOS SILVEIRA, para exercer o Cargo em Comissao, Simbolo DFG-
14, de Gerente da Gerencia de Taguatinga Sul, da Administracao Regional de Taguatinga, da Secretaria
de Coordenacao das Administracoes Regionais do Distrito Federal"
1,Nomeação, MARIA DE FATIMA CABRAL BARBOSA,para exercer o Cargo de Natureza Especial,nan,nan,CNE-04, Administrador Regional do Recanto das Emas,nan,nan,"NOMEAR MARIA DE FATIMA CABRAL BARBOSA, para exercer o Cargo de Natureza Especial,
Simbolo CNE-04, de Administrador Regional do Recanto das Emas, da Secretaria de Coordenacao das
Administracoes Regionais do Distrito Federal"
2,Nomeação, MARCOS ANTONIO COELHO SOARES,para exercer o Cargo em Comissao,nan,nan,DFG-10, Chefe do Servico de Elaboracao de Projeto e Desenho Tecnico,"Divisao Regional de
Exame, Aprovacao e Elaboracao de Projetos, da Administracao Regional do Riacho Fundo","Secre-
taria de Estado de Coordenacao das Administracoes Regionais do Distrito Federal","NOMEAR MARCOS ANTONIO COELHO SOARES, para exercer o Cargo em Comissao, Simbolo
DFG-10, de Chefe do Servico de Elaboracao de Projeto e Desenho Tecnico, da Divisao Regional de
Exame, Aprovacao e Elaboracao de Projetos, da Administracao Regional do Riacho Fundo, da Secre-
taria de Estado de Coordenacao das Administracoes Regionais do Distrito Federal"
3,Nomeação, KARINE SANTIAGO MARIATH RANGEL,para exercer o do Cargo em Comissao,nan,nan,DFA-03, Secretario Administrativo da Assessoria de Comunicacao Social,"Administra-
cao Regional do Lago Sul","Secretaria de Estado de Coordenacao das Administracoes Regionais do
Distrito Federal","NOMEAR KARINE SANTIAGO MARIATH RANGEL, para exercer o do Cargo em Comissao,
Simbolo DFA-03, de Secretario Administrativo da Assessoria de Comunicacao Social, da Administra-
cao Regional do Lago Sul, da Secretaria de Estado de Coordenacao das Administracoes Regionais do
Distrito Federal"
4,Nomeação, MARIA DE FATIMA PEREIRA,para exercer o Cargo em Comissao,nan,nan,DFA-02,"
Secretario Administrativo",Administracao Regional de Sao Sebastiao,"Secretaria de Estado de
Coordenacao das Administracoes Regionais do Distrito Federal","NOMEAR MARIA DE FATIMA PEREIRA, para exercer o Cargo em Comissao, Simbolo DFA-02, de
Secretario Administrativo, da Administracao Regional de Sao Sebastiao, da Secretaria de Estado de
Coordenacao das Administracoes Regionais do Distrito Federal"
5,Nomeação, CLOVES LUNES DE ALMEIDA,para exercer o Cargo em Comissao,nan,nan,DFA-05, Assistente,Administracao Regional de Sao Sebastiao,"Secretaria de Estado de Coordenacao
das Administracoes Regionais do Distrito Federal","NOMEAR CLOVES LUNES DE ALMEIDA, para exercer o Cargo em Comissao, Simbolo DFA-05,
de Assistente, da Administracao Regional de Sao Sebastiao, da Secretaria de Estado de Coordenacao
das Administracoes Regionais do Distrito Federal"
6,Nomeação, HORTENCIA LOPES BARROSO DE SOUSA,para exercer o Cargo em Comissao,nan,nan,nan,nan,nan,nan,"NOMEAR HORTENCIA LOPES BARROSO DE SOUSA, para exercer o Cargo em Comissao, Simbo-
lo DFA-05, de Assistente, da Administracao Regional de Sao Sebastiao, da Secretaria de Estado de
Coordenacao das Administracoes Regionais do Distrito Federal"
7,Nomeação, PAULO ROBERTO GONCALVES DA MOTA,nan,95.858-1,nan,DFG-02, Encarregado do Servico de Fiscalizacao de Zona Rural,"Divisao Regional de Fiscalizacao de Obras e Posturas, da Administracao Regional de Planaltina",Secretaria de Estado de Coordenacao das Administracoes Regionais do Distrito Federal,"NOMEAR PAULO ROBERTO GONCALVES DA MOTA, matricula no 95.858-1, para exercer o
Cargo em Comissao, Simbolo DFG-02, de Encarregado do Servico de Fiscalizacao de Zona Rural, da
Divisao Regional de Fiscalizacao de Obras e Posturas, da Administracao Regional de Planaltina, da
Secretaria de Estado de Coordenacao das Administracoes Regionais do Distrito Federal"
8,Nomeação, VALDINELE VIEIRA DE FRANCA,nan,94.621-4,nan,DFG-02, Encarregado da Secao de Administracao de Proprios,"Divisao de
Administracao Geral, da Administracao Regional de Planaltina","Secretaria de Estado de Coordena-
cao das Administracoes Regionais do Distrito Federal","NOMEAR VALDINELE VIEIRA DE FRANCA, matricula no 94.621-4, para exercer o Cargo em
Comissao, Simbolo DFG-02, de Encarregado da Secao de Administracao de Proprios, da Divisao de
Administracao Geral, da Administracao Regional de Planaltina, da Secretaria de Estado de Coordena-
cao das Administracoes Regionais do Distrito Federal"
9,Nomeação, LUIZ CARLOS BATISTA PALA,Operador de Maquinas/SESDF,141.500-X,nan,DFG-02," Encarregado da Secao de Conservacao de
Logradouros Publicos","Divisao Regional de Obras, da Administracao Regional de Planaltina",Secretaria de Estado de Coordenacao das Administracoes Regionais do Distrito Federal,"NOMEAR LUIZ CARLOS BATISTA PALA, Operador de Maquinas/SESDF, matricula no 141.500-X,
para exercer o Cargo em Comissao, Simbolo DFG-02, de Encarregado da Secao de Conservacao de
Logradouros Publicos, da Divisao Regional de Obras, da Administracao Regional de Planaltina, da
Secretaria de Estado de Coordenacao das Administracoes Regionais do Distrito Federal"
