,Tipo do Ato,Nome do Servidor Substituto,Matrícula do Servidor Substituto,Nome do Servidor a ser Substituido,Matrícula do Servidor a ser SubstituidoCargo,Símbolo do cargo do servidor substituto,Cargo comissionado objeto da substituição,Símbolo do cargo do objeto da substituição,Símbolo do cargo comissionado objeto da substituição,Hierarquia da Lotação,Órgão,Data Inicial da Vigência,Data Final de Vigência,Matrícula SIAPE,Motivo,text
0,Substituição de Funções, SINVAL LUCAS DE SOUZA FILHO,62.264-8,nan,nan,nan,nan,nan,nan,nan,nan,nan,nan,nan,nan,"DESIGNAR SINVAL LUCAS DE SOUZA FILHO, matricula no 62.264-8, Chefe de Gabinete da
Secretaria de Estado de Educacao do Distrito Federal, para responder pelo Cargo de Natureza Especi-
al, CNE-03, de Secretario de Estado de Educacao do Distrito Federal, no periodo de 26 a 29/06/2002,
por motivo da titular estar participando da II Reuniao Ordinaria do Conselho Nacional de Secretarios
de Educacao  CONSED/2002, em Joao Pessoa  Paraiba"
1,Substituição de Funções, o servidor MOISES CAETANO DE ALMEIDA,41.623-1,nan,nan,nan,nan,nan,nan,nan,nan,nan,nan,nan,nan,"Designar o servidor MOISES CAETANO DE ALMEIDA, matricula no 41.623-1, como
executor do Contrato no 12/2002-SEFP, celebrado entre o Distrito Federal, por meio desta Secretaria
e a Tecnolta Equipamentos Eletronicos Ltda., objetivando a prestacao de servicos de manutencao
preventiva e corretiva, com reposicao de pecas, em 01 (um) duplicador digital Risograph GR 1750,
para esta Secretaria"
2,Substituição de Funções, REGIS WERKHAUSER ESCALANTE,108.095-4,"MARCELO
VILLARES COELHO",107.201-3,Diretor,DFG-14,nan,nan,nan,nan,nan,nan,nan,nan,"Designar REGIS WERKHAUSER ESCALANTE, matricula n 108.095-4, para substituir MARCELO
VILLARES COELHO, matricula n 107.201-3, Diretor, Simbolo DFG-14, da Diretoria de Informa-
tica da Secretaria de Fazenda e Planejamento do Distrito Federal, no periodo de 8 a 27 de julho de
2002, por motivo de ferias regulamentares"
3,Substituição de Funções, SILVIO MANOEL ANTONIO FERREIRA,34.645-4,"MARISA
JESUS DE FREITAS",43.172-9,Encarregado do Expediente,DFG-02,nan,nan,nan,nan,nan,nan,nan,nan,"Designar SILVIO MANOEL ANTONIO FERREIRA, matricula n 34.645-4, para substituir MARISA
JESUS DE FREITAS, matricula n 43.172-9, Encarregado do Expediente, Simbolo DFG-02, da
Diretoria de Informatica da Secretaria de Fazenda e Planejamento do Distrito Federal, no periodo de
17 de julho a 15 de agosto de 2002, por motivo de ferias regulamentares"
4,Substituição de Funções, FERNANDO CORTES RIBEIRO,33.242-9,CELIA MAURI,31.786-1,nan,DFG-10,nan,nan,nan,nan,nan,nan,nan,nan,"Designar FERNANDO CORTES RIBEIRO, matricula n 33.242-9, para substituir CELIA MAURI-
CIO DE MELO, matricula n 31.786-1, Chefe, Simbolo DFG-10, do Nucleo de Captacao e Controle
de Dados da Gerencia de Producao da Diretoria de Informatica da Secretaria de Fazenda e Planejamen-
to do Distrito Federal, no periodo de 1o a 30 de julho de 2002, por motivo de ferias regulamentares"
5,Substituição de Funções, GUSTAVO SHIMODA CUPERTINO,108.967-6,JORGE GIA,92.280-2,nan,DFG-07,nan,nan,nan,nan,nan,nan,nan,nan,"Designar GUSTAVO SHIMODA CUPERTINO, matricula no 108.967-6, para substituir JORGE GIA-
COMO BARRON SANCHEZ, matricula no 92.280-2, Chefe, Simbolo DFG-07, da Central de Infor-
macoes da Gerencia de Atendimento ao Contribuinte da Subsecretaria da Receita da Secretaria de
Fazenda e Planejamento do Distrito Federal, no periodo de 8 a 27 de julho de 2002, por motivo de
ferias regulamentares"
6,Substituição de Funções, LUCIANE BORGES FERREIRA MARQUES,39.949-3,CE,43.192-3,nan,DFG-02,nan,nan,nan,nan,nan,nan,nan,nan,"Designar LUCIANE BORGES FERREIRA MARQUES, matricula no 39.949-3, para substituir CE-
LESTE APARECIDA DE GUSMAO DOS REIS, matricula no 43.192-3, Encarregado de Secretaria,
Simbolo DFG-02, da Gerencia de Atendimento ao Contribuinte da Subsecretaria da Receita da Secre-
taria de Fazenda e Planejamento do Distrito Federal, no periodo de 8 a 27 de julho de 2002, por
motivo de ferias regulamentares"
7,Substituição de Funções, JADSON VIEIRA CAMPOS,30.201-5,"HURSULA LIMA DE
MENDONCA TELES",92.331-1,Chefe,DFG-11,nan,nan,nan,nan,nan,nan,nan,nan,"Designar JADSON VIEIRA CAMPOS, matricula no 30.201-5, para substituir HURSULA LIMA DE
MENDONCA TELES, matricula no 92.331-1, Chefe, Simbolo DFG-11, da Agencia de Atendimento
da Receita  Ceilandia da Gerencia de Atendimento ao Contribuinte da Subsecretaria da Receita da
Secretaria de Fazenda e Planejamento do Distrito Federal, no periodo de 1o a 20 de julho de 2002, por
motivo de ferias regulamentares"
8,Substituição de Funções, DIRCE NEIVA DA SILVA,30.873-0,"LUCIANA CRISTINA
AGUIAR DE CARVALHO",91.395-2,Encarregado,DFG-01,nan,nan,nan,nan,nan,nan,nan,nan,"Designar DIRCE NEIVA DA SILVA, matricula no 30.873-0, para substituir LUCIANA CRISTINA
AGUIAR DE CARVALHO, matricula no 91.395-2, Encarregado, Simbolo DFG-01, da Subsecretaria
de Apoio Operacional da Secretaria de Fazenda e Planejamento, no periodo de 20 de junho a 19 de
julho de 2002, por motivo de ferias regulamentares"
9,Substituição de Funções, as professoras,nan,nan,nan,nan,nan,nan,nan,nan,nan,nan,nan,nan,nan,"Designar as professoras, abaixo relacionadas, para, sob a presidencia da primeira, constituirem
Comissao Organizadora do Concurso Premio ao Professor 2002:
"
10,Substituição de Funções, o servidor AROLDO AMORIM ODORICO,37.209-9,"a titular do
cargo em comissao de Chefe do Nucleo de Tombamento e Movimentacao da Diretoria de Apoio
Logistico e Material",nan,nan,DFG-07,nan,nan,nan,nan,nan,nan,nan,nan,"Designar o servidor AROLDO AMORIM ODORICO, matricula 37.209-9, para substituir a titular do
cargo em comissao de Chefe do Nucleo de Tombamento e Movimentacao da Diretoria de Apoio
Logistico e Material, simbolo DFG-07, no periodo de 08/07/2002 a 06/08/2002, por motivo de ferias
da titular"
11,Substituição de Funções, o servidor CECILIA DE REZENDE NUNES,32.175-3,"a titular do
cargo em comissao de Chefe do Nucleo de Registro Patrimonial da Diretoria de Apoio Logistico e
Material",nan,nan,DFG-07,nan,nan,nan,nan,nan,nan,nan,nan,"Designar o servidor CECILIA DE REZENDE NUNES, matricula 32.175-3, para substituir a titular do
cargo em comissao de Chefe do Nucleo de Registro Patrimonial da Diretoria de Apoio Logistico e
Material, simbolo DFG-07, no periodo de 15/07/2002 a 13/08/2002, por motivo de ferias da titular"
12,Substituição de Funções, comissao de Sindicancia,nan,nan,nan,nan,nan,nan,nan,nan,nan,nan,nan,nan,nan,DESIGNAR comissao de Sindicancia
13,Substituição de Funções, o servidor ANTENOR FEITOSA DE MOURA,93.863-7,o servidor JOSE MARIA PINHEIRO CUNHA,nan,nan,DFG-02,nan,nan,nan,nan,nan,nan,nan,nan,"Designar o servidor ANTENOR FEITOSA DE MOURA, matricula 93.863-7, Tecnico de
Atividades Rodoviarias, para substituir o servidor JOSE MARIA PINHEIRO CUNHA, matri-
cula 93.963-3, Tecnico de Atividades Rodoviarias, Encarregado de Pre-Moldados e Gabioes
I, simbolo DFG-02 DI/DIMPI, no periodo de 01.07.2002 a 30.07.2002, por motivo de
ferias regulamentares do titular"
14,Substituição de Funções, o servidor BALTAZAR FRANCISCO DE ARAUJO,93501-8,o servidor JOSE CANDIDO DE OLIVEIRA,nan,nan,DFG-09,nan,nan,nan,nan,nan,nan,nan,nan,"Designar o servidor BALTAZAR FRANCISCO DE ARAUJO, matricula 93501-8, Tecnico
de Atividades Rodoviarias, para substituir o servidor JOSE CANDIDO DE OLIVEIRA, matri-
cula 92.353-2, Tecnico de Atividades Rodoviarias, Chefe do Nucleo de Fabricacao de Placas,
simbolo DFG-09  DI/DIMPI, no periodo de 01.07.2002 a 30.07.2002, por motivo de ferias
regulamentares do titular"
15,Substituição de Funções, o servidor NILO SERGIO MARQUES MAIA,93.570-0,o servidor JOAO ALBERTO LEGEY DE SIQUEIRA,94.333-9,Analista de Atividades Rodoviarias,DFG-12,nan,nan,nan,nan,nan,nan,nan,nan,"Designar o servidor NILO SERGIO MARQUES MAIA, matricula 93.570-0, Tecnico de
Atividades Rodoviarias, para substituir o servidor JOAO ALBERTO LEGEY DE SIQUEIRA,
matricula 94.333-9, Analista de Atividades Rodoviarias, Gerente de Conservacao, simbolo
DFG-12  4o DR/DIOB, no periodo de 01.07.2002 a 20.07.2002, por motivo de ferias
regulamentares do titular"
16,Substituição de Funções, para comporem a Comissao de que trata o item anterior,55.009-4,nan,"52.480-8 e HAMILTON
MENEZES DE CARVALHO",nan,nan,nan,nan,nan,nan,nan,nan,nan,nan,"Designar para comporem a Comissao de que trata o item anterior, os servidores MARY BLANC DIAS
BARBOSA, matricula no 55.009-4, AIRTON HELIO MILANI, matricula no 52.480-8 e HAMILTON
MENEZES DE CARVALHO, matricula 92.277-3, cabendo a Presidencia ao primeiro"
17,Substituição de Funções, o servidor CARLOS ALBERTO MONTEIRO,55.732-3,"o
servidor ALEXANDRE DEOCLECIANO CHAVES",92.275-7,"no Cargo em Comissao
de Encarregado",DFG-05,nan,nan,nan,nan,nan,nan,nan,nan,"Designar o servidor CARLOS ALBERTO MONTEIRO, matricula no 55.732-3, para substituir o
servidor ALEXANDRE DEOCLECIANO CHAVES, matricula no 92.275-7, no Cargo em Comissao
de Encarregado, Simbolo DFG-05, da Gerencia de Apoio Operacional, da Coordenacao Operacional,
do Departamento Metropolitano de Transportes Urbanos do Distrito Federal, nos termos do para-
grafo 3o, do Art"
18,Substituição de Funções, nos termos do Decreto,37.583-7,nan,105.293-4,nan,DFA-04,nan,,nan,nan,nan,nan,nan,nan,"Designar nos termos do Decreto 21.816 de 12.12.2000, a servidora JOSEFA LAURIZETE RIBEIRO,
matricula no 37.583-7, Secretario Administrativo, Simbolo DFA-04, da Diretoria de Apoio Operaci-
onal, para substituir, GERUSA SABACK GURGEL, matricula no 105.293-4, Chefe do Nucleo de
Recursos Humanos, Simbolo DFG-09, da Gerencia Administrativa, da Diretoria de Apoio Operacio-
nal, da Secretaria de Meio Ambiente e Recursos Hidricos, no periodo de 17.07.2002 a 31.07.2002,
por motivo de ferias regulamentares da titular"
19,Substituição de Funções, os servidores,44.035-3,nan,37.041-X,nan,nan,nan,nan,nan,nan,nan,nan,nan,nan,"DESIGNAR os servidores: AGESISLAU LOPES COELHO, matricula no 44.035-3, Analista
de Planejamento e Orcamento, RUTH DIAS MEIRELLES, Inspetora de Atividades Urbanas,
matricula no 37.041-X, ROBSON DE HOLANDA COSTA PEREIRA, matricula no 94.437-8,
Chefe da Secao de Pessoal/DAG e ALZERINA FATIMA SILVA, matricula no 41.698-3, Auxi-
liar de Administracao Publica, para sob a presidencia do primeiro e secretariada pela ultima,
constituirem Comissao de Sindicancia, para apurar os fatos relacionados nos processos nos
137.002.788/2000, 137.002.786/2000, 137.003.658/2000, 137.002.802/2000,
137.002.785/2000 e 137.002.784/2000, devendo apresentar relatorio conclusivo no prazo
de 30(trinta) dias"
