,Tipo do Ato,Nome do Servidor Substituto,Matrícula do Servidor Substituto,Nome do Servidor a ser Substituido,Matrícula do Servidor a ser SubstituidoCargo,Símbolo do cargo do servidor substituto,Cargo comissionado objeto da substituição,Símbolo do cargo do objeto da substituição,Símbolo do cargo comissionado objeto da substituição,Hierarquia da Lotação,Órgão,Data Inicial da Vigência,Data Final de Vigência,Matrícula SIAPE,Motivo,text
0,Substituição de Funções, os servidores LELIA DE ALMADA HORTA MADSEN,nan,nan,nan,nan,nan,nan,nan,nan,nan,nan,nan,nan,nan,"Designar os servidores LELIA DE ALMADA HORTA MADSEN, mat"
1,Substituição de Funções, a servidora Jacy Freire Frazao,39.816-0,nan,nan,nan,nan,nan,nan,nan,nan,nan,nan,nan,nan,"Designar a servidora Jacy Freire Frazao, matricula 39.816-0, como secretaria e os demais membros
integrantes desta CPTCE  que atuarao nos processos de TCE abaixo descritos: SALMA ALVES RODRIGUES FUNDACAO DE APOIO A PESQUISA ORDEM E SERVICO No 29, DE 19 DE NOVEMBRO DE 2001 A Diretora-Presidenta da Fundacao de Apoio a Pesquisa do Distrito Federal, no uso de suas atribuicoes
legais, consubstanciadas no inciso VII, do Art"
2,Substituição de Funções,nan,nan,nan,nan,nan,DFG-14,nan,nan,nan,nan,nan,nan,nan,nan,"Designar, ROSA ELIANE DIAS RODRIGUES SILVA, matricula n.o 68.205-5, Chefe de Gabinete,
Simbolo DFG-14, para atuar com executora do contrato celebrado entre Fundacao de Apoio a
Pesquisa do DF e o Centro de Tecnologia de Software de Brasilia - TECSOFT, conforme processo n.o
193.000.035/2001"
3,Substituição de Funções, a servidora Luciane Antunes Madeira da Silva,91.695-1,"o Chefe do Nucleo de Inspecao da Gerencia de Fiscalizacao da Diretoria de
Vigilancia Sanitaria da Subsecretaria de Vigilancia a Saude da Secretaria de Estado de Saude do Distrito
Federal",nan,nan,DFG-10,nan,nan,nan,nan,nan,nan,nan,nan,"Designar a servidora Luciane Antunes Madeira da Silva, Inspetora de Atividades Urbanas, Matricula no
91.695-1, para substituir o Chefe do Nucleo de Inspecao da Gerencia de Fiscalizacao da Diretoria de
Vigilancia Sanitaria da Subsecretaria de Vigilancia a Saude da Secretaria de Estado de Saude do Distrito
Federal, Simbolo DFG-10, no periodo de 07 de janeiro a 05 de fevereiro de 2002, por motivo de Ferias"
4,Substituição de Funções, o servidor Carita Sampaio Leal,134.481-1,"a Chefe do Nucleo de Instrucao Processual e Preparacao de
Atos da Gerencia de Pessoal Inativo da Diretoria de Recurso Humanos da Subsecretaria  de Apoio
Operacional da Secretaria de Estado de Saude do Distrito Federal",nan,nan,DFG-07,nan,nan,nan,nan,nan,nan,nan,nan,"Designar o servidor Carita Sampaio Leal, Assistente Intermediario de Saude (Agente Administrativo),
Matricula no 134.481-1, para substituir a Chefe do Nucleo de Instrucao Processual e Preparacao de
Atos da Gerencia de Pessoal Inativo da Diretoria de Recurso Humanos da Subsecretaria  de Apoio
Operacional da Secretaria de Estado de Saude do Distrito Federal, Simbolo DFG-07, no periodo de 31
de outubro a 14 de novembro de 2001, por motivo de Licenca Medica"
5,Substituição de Funções, o servidor Gilson Matilde Diana,133.991-5,"o Chefe do Nucleo de Manutencao Automotiva da
Gerencia de Transportes da Diretoria de Apoio Logistico e Material da Subsecretaria de Apoio
Operacional da Secretaria de Estado de Saude do Distrito Federal",nan,nan,DFG-07,nan,nan,nan,nan,nan,nan,nan,nan,"Designar o servidor Gilson Matilde Diana, Assistente Intermediario de Saude (Agente Administrati-
vo),  Matricula no 133.991-5, para substituir o Chefe do Nucleo de Manutencao Automotiva da
Gerencia de Transportes da Diretoria de Apoio Logistico e Material da Subsecretaria de Apoio
Operacional da Secretaria de Estado de Saude do Distrito Federal, Simbolo DFG-07, no periodo de 07
de janeiro a 05 de fevereiro de 2002, por motivo de Ferias"
6,Substituição de Funções, a servidora MARIA GERCINA DE V,nan,nan,nan,nan,nan,nan,nan,nan,nan,nan,nan,nan,nan,Designar a servidora MARIA GERCINA DE V
7,Substituição de Funções, a servidora MARIA DAS GRACAS MOTA,141102-0," a Chefe do Nucleo de Educacao e Treinamento em Saude da Gerencia de Atencao
Medica e Assistencial do Hospital Regional de Brazlandia da Secretaria de Estado de Saude do Distrito
Federal",nan,nan,nan,nan,nan,nan,nan,nan,nan,nan,nan,"Designar a servidora MARIA DAS GRACAS MOTA, Matricula 141102-0, ASC- area de Nutricao,
para substituir  a Chefe do Nucleo de Educacao e Treinamento em Saude da Gerencia de Atencao
Medica e Assistencial do Hospital Regional de Brazlandia da Secretaria de Estado de Saude do Distrito
Federal, DFG - 05, no periodo de 16 de novembro de 2001 a 30 de novembro de 2001, por motivo
de ferias da titular"
8,Substituição de Funções, o servidor EMERSON VALADARES DA SILVA,140.016-9,"o Chefe do Nucleo de Patologia Clinica da Gerencia de
Diagnose e Terapia",nan,nan,DFG,nan,nan,nan,nan,nan,nan,nan,nan,"Designar o servidor EMERSON VALADARES DA SILVA, AS  Farmaceutico Bioquimico Laborato-
rio, matricula 140.016-9 para substituir o Chefe do Nucleo de Patologia Clinica da Gerencia de
Diagnose e Terapia/DRSC, simbolo DFG 05, por motivo de ferias do titular, no periodo de 01.11.2001
a 30.11.2001, conforme Memorando 162/2001  NPC/HRC datado de 25.10.2001"
9,Substituição de Funções, o servidor EUMAR ALVES BRUM,136.865-,o Assistente da DRSC,nan,nan,DFA,nan,nan,nan,nan,nan,nan,nan,nan,"Designar o servidor EUMAR ALVES BRUM, Gerente de Apoio Operacional/HRC, matricula 136.865-
6, para substituir o Assistente da DRSC, simbolo DFA 09, por motivo de ferias do titular, no periodo
de 10.01.2002 a 08.02.2002, conforme Memorando 32/2001 - Ass./DRSC, datado de 06.10.2001"
10,Substituição de Funções, a servidora MARIA BENEDITA DE PAULA FUKUYOSHI,132.213-3,o Supervisor de Enfermagem em Emergencia da Gerencia de Enfermagem,nan,nan,DFG,nan,nan,nan,nan,nan,nan,nan,nan,"Designar a servidora MARIA BENEDITA DE PAULA FUKUYOSHI, CE  Enfermeira, matricula
132.213-3 para substituir o Supervisor de Enfermagem em Emergencia da Gerencia de Enfermagem/
DRSC, simbolo DFG 03, por motivo de ferias do titular, no periodo de 11.12.2001 a 09.01.2002,
conforme Memorando 30/2001  SEE/GENF/DRSC, datado de 16.10.2001"
11,Substituição de Funções, a servidora SANDRA MARIA CARDOSO DOS SANTOS,123.700-4,a Gerente da Gerencia de Enfermagem,nan,nan,DFG,nan,nan,nan,nan,nan,nan,nan,nan,"Designar a servidora SANDRA MARIA CARDOSO DOS SANTOS, AI  Auxiliar de Enfermagem,
matricula 123.700-4 para substituir a Gerente da Gerencia de Enfermagem/DRSC, simbolo DFG 08,
por motivo de ferias da titular, no periodo de 10.01.2002 a 29.01.2002, conforme Memorando 301/
2001  GENF/DRSC, datado de 31.10.2001"
12,Substituição de Funções, a servidora DENISE MARQUES DA SILVA,131.439-,o Chefe da Unidade de Anestesiologia e Gasoterapia da Gerencia de Atencao a Saude,nan,nan,DFG,nan,nan,nan,nan,nan,nan,nan,nan,"Designar a servidora DENISE MARQUES DA SILVA, CM  Medica Anestesiologia, matricula 131.439-
4 para substituir o Chefe da Unidade de Anestesiologia e Gasoterapia da Gerencia de Atencao a Saude/
DRSC, simbolo DFG 05, por motivo de ferias do titular, no periodo de 10.01.2002 a 24.01.2002,
conforme Memorando 79/2001  UAG/HRC, datado de 01.11.2001"
13,Substituição de Funções, o servidor MARCIO ANTONIO RICARDO DE TOLEDO,nan,a Gerente do Centro de Saude no,nan,nan,DFG,nan,nan,nan,nan,nan,nan,nan,nan,"Designar o servidor MARCIO ANTONIO RICARDO DE TOLEDO, CM  Medico Pediatria, matri-
cula 130.532-8 para substituir a Gerente do Centro de Saude no 01 de Ceilandia, simbolo DFG 08, por
motivo de ferias da titular, no periodo de 14.01.2002 a 02.02.2002, conforme Memorando 58/2001
 Gerencia do CSC 01 datado de 31.10.2001  GCSC 01"
14,Substituição de Funções, o servidor JACKSON DE PINA SILVA,140.676-,a Gerente do Centro de Saude no,nan,nan,DFG,nan,nan,nan,nan,nan,nan,nan,nan,"Designar o servidor JACKSON DE PINA SILVA, CM - Ginecologia e Obstetricia, matricula 140.676-
0 para substituir a Gerente do Centro de Saude no 05 de Ceilandia, simbolo DFG 08, por motivo de
ferias da titular, no periodo de 26.12.2001 a 24.01.2002, conforme Memorando 009/2001  Geren-
cia do CSC 05, datado de 11.10.2001  GCSC 05"
15,Substituição de Funções, a servidora ENEIDA FALCAO MENESES RODRIGUES,110.901-4,o Chefe do Nucleo de Apoio Operacional do Centro de Saude no,nan,nan,DFG,nan,nan,nan,nan,nan,nan,nan,nan,"Designar a servidora ENEIDA FALCAO MENESES RODRIGUES, AI  Agente Administrativo,
matricula 110.901-4 para substituir o Chefe do Nucleo de Apoio Operacional do Centro de Saude no
05 de Ceilandia, simbolo DFG 05, por motivo de ferias do titular, no periodo de 10.01.2002 a
08.02.2002, conforme Memorando 075/2001  NAO/GCSC 05, datado de 29.10.2001  GCSC 05"
16,Substituição de Funções, a servidora ELZA MARTINS DE CASTRO SILVA,nan,"o cargo de Chefe do Nucleo de Banco de Leite Humano da Diretoria
Regional de Saude de Sobradinho",nan,nan,DFG-05,nan,nan,nan,nan,nan,nan,nan,nan,"Designar a servidora ELZA MARTINS DE CASTRO SILVA, AIS (Auxiliar de Enfermagem), matricu-
la n.o 115.580-6, para substituir o cargo de Chefe do Nucleo de Banco de Leite Humano da Diretoria
Regional de Saude de Sobradinho, Simbolo DFG-05, do Quadro de Cargos em Comissao da Secretaria
de Estado de Saude do Distrito Federal, no periodo de 02 a 31.01.2002, por motivo de ferias do titular"
17,Substituição de Funções, a servidora ELDA MARIA DOS SANTOS,nan,nan,nan,nan,nan,nan,nan,nan,nan,nan,nan,nan,nan,"Designar a servidora ELDA MARIA DOS SANTOS, medico (Gineco - Obstetricia), matricula n"
18,Substituição de Funções, o servidor CICERO RIBEIRO DA SILVA,n.o,nan,nan,nan,nan,nan,nan,nan,nan,nan,nan,nan,nan,"Designar o servidor CICERO RIBEIRO DA SILVA, matricula n.o 102.164-8, como Sindicante na
apuracao do acidente em servico sofrido pela servidora RAIMUNDA NONATA TEIXEIRA,   matri-
cula n.o 102175-3, ocorrido em  18/10/2001,  conforme processo n.o 100.001591/2001"
19,Substituição de Funções, o inspetor de atividades urbanas FRANCISCO LUIZ SILVA FILHO,0108.574-,nan,nan,nan,nan,nan,nan,nan,nan,nan,nan,nan,nan,"Designar o inspetor de atividades urbanas FRANCISCO LUIZ SILVA FILHO,  matricula no 0108.574-
3, EXECUTOR do Contrato no  169/2001-SO,  nos  Termos  do  Padrao no 11/96, firmado entre o
Distrito Federal, por meio da Secretaria de Infra-Estrutura e Obras e a Companhia Urbanizadora da
Nova Capital do Brasil  NOVACAP, objetivando o plantio de grama em areas adjacentes ao Viaduto
do Pistao Sul em Taguatinga/DF"
20,Substituição de Funções, o inspetor de atividades urbanas FALB DA SILVA CRISTINO,0108.572-7,nan,nan,nan,nan,nan,nan,nan,nan,nan,nan,nan,nan,"Designar o inspetor de atividades urbanas FALB DA SILVA CRISTINO,  matricula no 0108.572-7,
EXECUTOR do Contrato no  170/2001-SO,  nos  Termos  do  Padrao no 11/96, firmado entre o
Distrito Federal, por meio da Secretaria de Infra-Estrutura e Obras e a Companhia Urbanizadora da
Nova Capital do Brasil  NOVACAP, objetivando a elaboracao do projeto de estrutura da Biblioteca
do Centro Cultural de Brasilia-DF"
21,Substituição de Funções, o inspetor de atividades urbanas SANDRO JARDIM DE OLIVEIRA,0108.568-,nan,nan,nan,nan,nan,nan,nan,nan,nan,nan,nan,nan,"Designar o inspetor de atividades urbanas SANDRO JARDIM DE OLIVEIRA,  matricula no 0108.568-
9, EXECUTOR do Contrato no  178/2001-SO,  nos  Termos  do  Padrao no 11/96, firmado entre o
Distrito Federal, por meio da Secretaria de Infra-Estrutura e Obras e a Companhia Urbanizadora da
Nova Capital do Brasil  NOVACAP, objetivando a elaboracao de projetos executivos de arquitetura
para a cobertura e complementacao dos sanitarios publicos da Feira dos Importados, localizada no
Setor de Industria e Abastecimento, em Brasilia/DF"
22,Substituição de Funções, o inspetor de atividades urbanas ANTONIO CARLOS RIBEIRO SILVA,0108.577-3,nan,nan,nan,nan,nan,nan,nan,nan,nan,nan,nan,nan,"Designar o inspetor de atividades urbanas ANTONIO CARLOS RIBEIRO SILVA,  matricula no
0108.577-3, EXECUTOR do Contrato no  173/2001-SO,  nos  Termos  do  Padrao no 11/96,
firmado entre o Distrito Federal, por meio da Secretaria de Infra-Estrutura e Obras e a Compa-
nhia Urbanizadora da Nova Capital do Brasil  NOVACAP, objetivando o fornecimento e plantio
de palmeiras Geriva nas areas do Viaduto do Pistao Sul, em Taguatinga/DF"
23,Substituição de Funções, o servidor EDER WAGNER DANTAS DE MEDEIROS,108.122-5,nan,nan,nan,nan,nan,nan,nan,nan,nan,nan,nan,nan,"Designar o servidor EDER WAGNER DANTAS DE MEDEIROS, Matricula No 108.122-5, execu-
tor do Contrato de Prestacao de Servicos No 06/2001 ( Processo No 070.000.288/2001 ), celebrado
entre o Distrito Federal, por meio da Secretaria de Estado de Agricultura, Pecuaria e Abastecimento
do Distrito Federal, e a Empresa TECNOLTA  EQUIPAMENTOS ELETRONICOS LTDA, objeti-
vando a prestacao de servicos em locacao de maquina copiadora para o exercicio de 2001"
24,Substituição de Funções, para compor a Comissao instituida por este ato,280;,nan,"182 todos da CEASA/DF e
ANTONIO DANTAS COSTA JUNIOR",nan,nan,nan,nan,nan,nan,nan,nan,nan,nan,"Designar para compor a Comissao instituida por este ato, sob a presidencia do primeiro, os
servidores BRAULIO ROCHA NOGUEIRA, Matricula No 280; JOSE RIBAMAR OLIVEIRA, Matri-
cula No 187 e MANOEL RODRIGUES DE MORAES, Matricula No 182 todos da CEASA/DF e
ANTONIO DANTAS COSTA JUNIOR, Matricula No 366-2 da EMATER/DF"
25,Substituição de Funções," a Diretora da Diretoria de Fiscalizacao de Areas Publicas Rurais NANCY RORIZ
SOLETTI",nan,nan,nan,nan,nan,nan,nan,nan,nan,nan,nan,nan,nan,"Designar a Diretora da Diretoria de Fiscalizacao de Areas Publicas Rurais NANCY RORIZ
SOLETTI, para, na qualidade de Consultora, assistir aos membros da Comissao no desempenho de
suas atribuicoes"
26,Substituição de Funções, o servidor NILSON ALMEIDA QUIRINO,47.767-2,nan,nan,nan,nan,nan,nan,nan,nan,nan,nan,nan,nan,"DESIGNAR o servidor NILSON ALMEIDA QUIRINO, Agente de Policia, matricula 47.767-2, para
desempenhar as funcoes de Executor do contrato celebrado entre o Distrito Federal, por intermedio
da Policia Civil, e a empresa Associacao Brasileira de Orcamento Publico, objeto do processo
0052.001.255/2001, que dispoe sobre a inscricao de um servidor no XIII Curso de Planejamento e
Orcamento Publico, cujas atribuicoes estao previstas na Instrucao Normativa no.10/97, publicada no
Diario Oficial do Distrito Federal no 88, de 12 de abril de 1997 e no Decreto no"
27,Substituição de Funções, o servidor LEUTON RODRIGUES DA SILVA,25.450-9,nan,nan,nan,nan,nan,nan,nan,nan,nan,nan,nan,nan,"DESIGNAR o servidor LEUTON RODRIGUES DA SILVA, Agente de Policia, matricula 25.450-9, para
desempenhar as funcoes de Executor do contrato celebrado entre o Distrito Federal, por intermedio da
Policia Civil, e a empresa FUMANCHU Chaves e Trancas Ltda., objeto do processo 052.001.402/
2000, que dispoe sobre prestacao de servicos de chaveiro e copias de chaves durante o exercicio 2001
para a PCDF, cujas atribuicoes estao previstas na Instrucao Normativa no.10/97, publicada no Diario
Oficial do Distrito Federal no 88, de 12 de abril de 1997 e no Decreto no"
28,Substituição de Funções, o servidor PETRONAH DE CASTRO E SILVA,25.525-4,nan,nan,nan,nan,nan,nan,nan,nan,nan,nan,nan,nan,"DESIGNAR o servidor PETRONAH DE CASTRO E SILVA, Agente de Policia, matricula 25.525-4,
para desempenhar as funcoes de executor do contrato celebrado entre o Distrito Federal, por inter-
medio da Policia Civil, e as empresas Vanbert Representacoes e Comercio Ltda., Distribuidora Ban-
deirante de Descartaveis e Chocolates Ltda., Hidrocor Comercial de Tintas Ltda., Unidas Comercial
e Distribuidora Ltda., Castro Brasilia Comercial Ltda., HP Distribuidora e Servicos Gerais Ltda"
29,Substituição de Funções, o servidor PETRONAH DE CASTRO E SILVA,25.525-4,nan,nan,nan,nan,nan,nan,nan,nan,nan,nan,nan,nan,"DESIGNAR o servidor PETRONAH DE CASTRO E SILVA, Agente de Policia, matricula
25.525-4, para desempenhar as funcoes de executor do contrato celebrado entre o Distrito
Federal, por intermedio da Policia Civil, e as empresas Papelaria Brito Comercio, Importacao
e Representacoes Ltda., Movap Moveis Ltda., LM Comercio e Servicos Ltda., FIPEL Comer-
cial de Fitas e Papeis Ltda., FAXFORM Distribuidora de Material de Escritorio e Informatica
Ltda"
30,Substituição de Funções, o servidor PETRONAH DE CASTRO E SILVA,25.525-4,nan,nan,nan,nan,nan,nan,nan,nan,nan,nan,nan,nan,"DESIGNAR o servidor PETRONAH DE CASTRO E SILVA, Agente de Policia, matricula
25.525-4, para desempenhar as funcoes de Executor dos contratos celebrados entre o Distrito
Federal, por intermedio da Policia Civil, e as empresas Movap Moveis Ltda, LM Comercio e
Servicos Ltda, Autograf Grafica e Editora Ltda, Fipel Comercial de Fitas e Papeis Ltda, BC
Comercial Ltda-ME, FAXFORM Distribuidora de Materiais de Escritorios e Informatica Ltda.,
HP Distribuidora e Servicos Gerais Ltda, Multiplik Comercio e Representacoes Ltda., Distri-
buidora ABC de Papeis Ltda, Kalunga Comercio e Industria Grafica Ltda., objeto do processo
052.001.015/2001, que dispoe sobre a aquisicao de material de consumo consoante Ata de
Registro de Precos No 6/2001-SCL para a PCDF, cujas atribuicoes estao previstas na Instrucao
Normativa No.10/97, publicada no Diario Oficial do Distrito Federal No 88, de 12 de abril de
1997 e no Decreto No"
31,Substituição de Funções, o servidor PETRONAH DE CASTRO E SILVA,25.525-4,nan,nan,nan,nan,nan,nan,nan,nan,nan,nan,nan,nan,"DESIGNAR o servidor PETRONAH DE CASTRO E SILVA, Agente de Policia, matricula
25.525-4, para desempenhar as funcoes de executor do contrato celebrado entre o Distrito
Federal, por intermedio da Policia Civil, e a empresa Ponto do Artesao Comercio e Distribui-
cao Ltda., objeto do processo 052.000.0992001, que dispoe sobre aquisicao de material de
consumo para a PCDF, cujas atribuicoes estao previstas na Instrucao Normativa no.10/97,
publicada no Diario Oficial do Distrito Federal No 88, de 12 de abril de 1997 e no Decreto No"
32,Substituição de Funções, o servidor PETRONAH DE CASTRO E SILVA,25.525-4,nan,nan,nan,nan,nan,nan,nan,nan,nan,nan,nan,nan,"DESIGNAR o servidor PETRONAH DE CASTRO E SILVA, Agente de Policia, matricula
25.525-4, para desempenhar as funcoes de executor do contrato celebrado entre o Distrito
Federal, por intermedio da Policia Civil, e a empresa Artes Graficas e Editora Pontual Ltda.,
objeto do processo 052.000.136/2001, que dispoe sobre aquisicao de material de consumo
para a PCDF, cujas atribuicoes estao previstas na Instrucao Normativa no.10/97, publicada
no Diario Oficial do Distrito Federal No 88, de 12 de abril de 1997 e no Decreto No"
33,Substituição de Funções, o servidor PETRONAH DE CASTRO E SILVA,25.525-4,nan,nan,nan,nan,nan,nan,nan,nan,nan,nan,nan,nan,"DESIGNAR o servidor PETRONAH DE CASTRO E SILVA, Agente de Policia, matricula
25.525-4, para desempenhar as funcoes de executor do contrato celebrado entre o Distrito
Federal, por intermedio da Policia Civil, e a empresa Sucesso Comercio e Servicos Ltda.,
objeto do processo 052.000.775/2001, que dispoe sobre aquisicao de material de consumo
para a PCDF, cujas atribuicoes estao previstas na Instrucao Normativa no.10/97, publicada
no Diario Oficial do Distrito Federal No 88, de 12 de abril de 1997 e no Decreto No"
34,Substituição de Funções, o servidor EDSON NERY MATOS,94.647-8,nan,nan,nan,nan,nan,nan,nan,nan,nan,nan,nan,nan,"Designar o servidor EDSON NERY MATOS, matricula no 94.647-8  para EXECUTOR do contrato
de prestacao de servico de informatica firmado com a Companhia de Desenvolvimento do Planalto
Central  CODEPLAN, de que trata o processo no 250.000.129/2001"
35,Substituição de Funções, os servidores RONALDO DA COSTA Tec,nan,nan,nan,nan,nan,nan,nan,nan,nan,nan,nan,nan,nan,Designar os servidores RONALDO DA COSTA Tec
36,Substituição de Funções, os servidores Andrei Jose Braga Mendes,n.o,nan,n.o 106.501-7,nan,nan,nan,nan,nan,nan,nan,nan,nan,nan,"DESIGNAR os servidores Andrei Jose Braga Mendes, matricula n.o 97.471-4, Chefe de Gabinete,
como presidente, Marlene Carneiro Ramos, matricula n.o 106.501-7, Diretora Regional de Desenvol-
vimento Social e Jacquelene Rodrigues dos Santos, matricula n.o 34.026-x, Assessor,  para acompa-
nhar, supervisionar e fiscalizar a entrega de materiais para familias carentes da area de risco desta
Regiao Administrativa"
37,Substituição de Funções, BENJAMIM RODRIGUES PEREIRA,108.536-0,nan,nan,nan,nan,nan,nan,nan,nan,nan,nan,nan,nan,"Designar BENJAMIM RODRIGUES PEREIRA, Assessor da Assessoria Tecnica, matricula no
108.536-0, LUCIA DE FATIMA MONTEIRO, Assessora do Gabinete e ALZIRA RIBEIRO DE
ARAUJO, Assistente da DAG, para sob a presidencia do primeiro, comporem Comissao de
Tomada de Contas Especial, incumbida de apurar os danos causados aos bens patrimoniais da
Secao de Orcamento e Financas deste Orgao, conforme Ocorrencia Policial no 7612/2000-0,
devendo apresentar relatorio conclusivo, no prazo de 60 (sessenta) dias, a contar da publicacao
desta Ordem de Servico"
