,Tipo do Ato,Nome do Servidor Substituto,Matrícula do Servidor Substituto,Nome do Servidor a ser Substituido,Matrícula do Servidor a ser SubstituidoCargo,Símbolo do cargo do servidor substituto,Cargo comissionado objeto da substituição,Símbolo do cargo do objeto da substituição,Símbolo do cargo comissionado objeto da substituição,Hierarquia da Lotação,Órgão,Data Inicial da Vigência,Data Final de Vigência,Matrícula SIAPE,Motivo,text
0,Substituição de Funções, ANTONIO SERGIO DA GAMA SOARES,98.440-X,WILLIAM EUSTAQUIO DE CARVALHO,98.611-9,Chefe de Gabinete,DFG-13,nan,,nan,nan,nan,nan,nan,nan,"Designar ANTONIO SERGIO DA GAMA SOARES, matricula no 98.440-X, Diretor de Planejamento
e Projetos, Simbolo DFG-13, da Agencia de Desenvolvimento do Turismo do Distrito Federal, para
substituir WILLIAM EUSTAQUIO DE CARVALHO, matricula no 98.611-9, Chefe de Gabinete,
Simbolo CNE-06, da Agencia de Desenvolvimento do Turismo do Distrito Federal, no periodo de 03
de dezembro de 2001 a 1o de janeiro de 2002, por motivo de ferias regulamentares"
1,Substituição de Funções, ANNA MARIA DANTAS ANTUNES VILLABOIM,71.757-6,nan,nan,nan,nan,nan,nan,nan,nan,nan,nan,nan,nan,"Designar ANNA MARIA DANTAS ANTUNES VILLABOIM, matricula no 71.757-6, como execu-
tora do Contrato no 76/2001, firmado entre a Secretaria de Estado de Educacao do Distrito Federal e
a Universidade de Sao Paulo/Museu de Arqueologia e Etnologia"
2,Substituição de Funções, Maria do Socorro Guimaraes Amaral Lima,76.553-8,"o titular do
Cargo em Comissao",nan,nan,DFG-11,nan,nan,nan,nan,nan,nan,nan,nan,"Designar Maria do Socorro Guimaraes Amaral Lima, matricula no 76.553-8, para substituir o titular do
Cargo em Comissao, simbolo DFG-11, de Gerente de Formacao da Escola de Aperfeicoamento dos
Profissionais da Educacao, no periodo de 18/10/2001 a  01/11/2001, por motivo de ferias do titular"
3,Substituição de Funções, MAX MAGLEN BENITEZ ALBRES,39.033-X,nan,nan,nan,DFG-07,nan,nan,nan,nan,nan,nan,nan,nan,"Designar MAX MAGLEN BENITEZ ALBRES, matricula no 39.033-X, para substitutir o titular do
Cargo em Comissao, Simbolo DFG-07, de Chefe do Nucleo de Execucao do Programa Sucesso no
Aprender da Gerencia de Integracao Escola-Comunidade da Diretoria de Assistencia Escolar da Subse-
cretaria de Suporte Educacional, no periodo de 17/10/2001 a 29/10/2001, por motivo de ferias
regulamentares do titular"
4,Substituição de Funções, NARA POLLYANA FRANCISCO DE AZEVEDO,25.020-1,nan,47.636-6,nan,nan,nan,nan,nan,nan,nan,nan,nan,nan,"Designar NARA POLLYANA FRANCISCO DE AZEVEDO, matricula no 25.020-1,  PAULA PATRI-
CIA RIBEIRO DE ALMEIDA DALLA CORTE, matricula no 47.636-6, FRANCISCA CELIA BAR-
BOSA NOGUEIRA, matricula no 30.851-X e ROSANGELA URANGA GONCALVES CAMPOS,
matricula no 25.333-2, para, sob a presidencia do primeiro, formar Comissao Regional Sindicante, a
partir da publicacao desta Ordem de Servico, cabendo ao Presidente designar o secretario"
5,Substituição de Funções, os servidores abaixo relacionados,23.035-9,nan,nan,nan,DFG-02,nan,nan,nan,nan,nan,nan,nan,nan,"Designar os servidores abaixo relacionados, para substituirem os titulares dos cargos em comissao a
seguir especificados:
Dina da Costa Lima, matricula 23.035-9, Chefe de Secretaria da Escola Classe Corrego Barreiro,
simbolo DFG-02, no periodo de 05/11/2001 a 04/12/2001, por motivo de ferias da titular"
6,Substituição de Funções, o servidor MARCELO GUIMARAES DE SOUSA,28.994-9,"a
Chefe de Secretaria Escolar do Centro Educacional",nan,nan,nan,nan,nan,nan,nan,nan,nan,nan,nan,"DESIGNAR o servidor MARCELO GUIMARAES DE SOUSA, matricula  28.994-9, para substituir a
Chefe de Secretaria Escolar do Centro Educacional 02 de Sobradinho, DFG-06, no periodo de 11/10/
01 a 12/11/01, por motivo de Licenca  para Tratamento de Saude"
7,Substituição de Funções, MARIA CRISTINA NUNES FALEIRO,53.005-7,"a titular do
cargo em comissao de Chefe de Secretaria Escolar da Escola Classe",nan,nan,DFG,nan,nan,nan,nan,nan,nan,nan,nan,"Designar MARIA CRISTINA NUNES FALEIRO, matricula 53.005-7, para substituir a titular do
cargo em comissao de Chefe de Secretaria Escolar da Escola Classe 01 de Ceilandia, simbolo DFG 02,
no periodo de 11/10/01 a 07/02/02 por motivo de Licenca Maternidade do titular"
8,Substituição de Funções, MARLEUZA RAMOS BARRETO,20.312-2,"a titular do Cargo
em Comissao de Chefe de Secretaria Escolar da Escola Classe",nan,nan,nan,nan,nan,nan,nan,nan,nan,nan,nan,"Designar MARLEUZA RAMOS BARRETO, matricula no 20.312-2, para substituir a titular do Cargo
em Comissao de Chefe de Secretaria Escolar da Escola Classe 307 de Samambaia, DFG 02 , pelo
periodo de 16/10/2001 a 14/11/2001, por motivo de ferias de titular"
9,Substituição de Funções, MARIA CRISTINA MENDES GOMES MACHADO,38.197-7,a titular do Cargo em Comissao de Chefe do Nucleo de Apoio Escolar,nan,nan,nan,nan,nan,nan,nan,nan,nan,nan,nan,"Designar MARIA CRISTINA MENDES GOMES MACHADO, matricula no 38.197-7, para substituir
a titular do Cargo em Comissao de Chefe do Nucleo de Apoio Escolar, DFG 07 , pelo periodo de 10/
10/2001 a 29/10/2001, por motivo de Licenca para Tratamento de Saude da titular"
10,Substituição de Funções, os servidores abaixo relacionados para substituirem os Titulares dos Cargos em Comissao,nan,nan,nan,nan,nan,nan,nan,nan,nan,nan,nan,nan,nan,"Designar os servidores abaixo relacionados para substituirem os Titulares dos Cargos em Comissao,
por motivo de ferias: Luisa Maria S"
11,Substituição de Funções,  JULIO CESAR BRANDAO STOHLER,116.961-0,nan,116.336-1 e  MARIA SANTANA GONCALVES DE AQUINO,nan,nan,nan,nan,nan,nan,nan,nan,nan,nan,"Designar  JULIO CESAR BRANDAO STOHLER, matricula no 116.961-0,  CARMEN LUCIA DA
SILVA EVANGELISTA,  matricula no 116.336-1 e  MARIA SANTANA GONCALVES DE AQUINO,
matricula no 128.563-7 para, sob a presidencia do primeiro comporem Comissao de Processo Admi-
nistrativo Disciplinar, objetivando a apuracao dos fatos constantes do processo no 276.000.462/
2001"
12,Substituição de Funções, pelo periodo de,112.012-3,nan,nan,nan,nan,nan,nan,nan,nan,nan,nan,nan,nan,"Designar pelo periodo de 2 (dois) anos, o servidor Luiz Fernando Galvao Salinas, matricula
112.012-3, Medico, representante dos estabelecimentos de saude da Secretaria de Estado de Saude do
Distrito Federal, para a funcao de membro do Comite de Etica em Pesquisa  CEP/SES"
13,Substituição de Funções, o servidor Sergio de Souza Marques,131.178-6,"a Gerente de Pessoal Ativo da Diretoria de Recursos
Humanos da Subsecretaria de Apoio Operacional da Secretaria de Estado de Saude do Distrito Federal",nan,nan,DFG,nan,nan,nan,nan,nan,nan,nan,nan,"Designar o servidor Sergio de Souza Marques, Assistente Intermediario de Saude (Agente Administra-
tivo), Matricula no 131.178-6, para substituir a Gerente de Pessoal Ativo da Diretoria de Recursos
Humanos da Subsecretaria de Apoio Operacional da Secretaria de Estado de Saude do Distrito Federal,
Simbolo DFG - 11, no periodo de 19 de novembro a 08 de dezembro de 2001, por motivo de ferias"
14,Substituição de Funções, os entrevistadores abaixo para comporem,nan,nan,nan,nan,nan,nan,nan,nan,nan,nan,nan,nan,nan,"Designar os entrevistadores abaixo para comporem, sob a coordenacao da primeira,  Grupo de
Trabalho para aplicar pesquisa de opiniao junto a clientes internos e externos visando melhorar a
qualidade no atendimento e humanizacao dos processos: Ester Marise de Araujo Rangel Campante Oliveira - Matricula: 115.907-1 Adriana Ribas Silva Farage - Matricula: 360.213-3 Alberto Ludovico Mariano - Matricula: 111.160-4 Carmelia Vilela Matthias - Matricula: 135.251-2 Edmundo Fraga Oliveira - Matricula: 128.608-0 Fabricia Almeida de Sousa - Matricula: 137.775-2 Katia Maria da Fonseca de Oliveira - Matricula: 133.064-0 Margaret Ayres Barbosa - Matricula: 124.039-0 Maria Angela Silva - Matricula: 125.272-1 Mario Caixeta Borges - Matricula: 137.674-8 Rodrigo Pinheiro de Andrade - Matricula: 138.842-8 MARTINHO GONCALVES DA COSTA DIRETORIA DE SAUDE DE SAO SEBASTIAO ORDEM DE SERVICO DE 22 DE OUTUBRO DE 2001 A DIRETORA DA REGIONAL DE SAUDE DE SAO SEBASTIAO, no uso das atribuicoes que lhe sao
conferidas pelo item II da Portaria  no 11/2000, de 11 de setembro de 2.000, publicada no DODF no
181, de 20 de setembro de 2000, resolve: Conceder Auxilio Natalidade, aos servidores abaixo relacionados, nos termos do artigo 196 da Lei
8.112/90: NOME:  Juliane Fernandes da Silva Rosa
MATRICULA: 140.313-3
PELO NASCIMENTO: de sua filha Julia da Silva Rosa, ocorrido em  30.09.2001"
15,Substituição de Funções, o servidor RAIMUNDO ALBERTO DUMONT,n.o,MARCOS ANTONIO MARTINS MARQUES,n.o 101.912-0,ocupante do Cargo em Comissao,DFG,nan,nan,nan,"Secretaria de Estado de Acao Social do Distrito Federal,
no periodo de 13 a 30.10.2001, por motivo de Licenca Medica do Titular",nan,nan,nan,nan,"Designar o servidor RAIMUNDO ALBERTO DUMONT, matricula n.o 102.054-4, Assistente Inter-
mediario em Servicos Sociais, para substituir MARCOS ANTONIO MARTINS MARQUES, matricula
n.o 101.912-0, ocupante do Cargo em Comissao, Simbolo DFG 12, de Gerente da Gerencia Adminis-
trativa, da Diretora de Apoio Operacional, da Secretaria de Estado de Acao Social do Distrito Federal,
no periodo de 13 a 30.10.2001, por motivo de Licenca Medica do Titular"
16,Substituição de Funções,  a servidora MARIA DO CARMO DO AMARAL SOBRAL,n.o,nan,nan,nan,nan,nan,nan,nan,nan,nan,nan,nan,nan,"Designar  a servidora MARIA DO CARMO DO AMARAL SOBRAL, matricula n.o 103.974-1,
Executora do Convenio no 28/99, celebrado entre o Distrito Federal, por intermedio da Secretaria de
Estado de Acao Social e o INSTITUTO DOM ORIONE, cabendo a designada as atribuicoes previstas
no  artigo 13, inciso II, do Decreto  n.o 16.098, de 29/11/94, publicado no Diario Oficial do Distrito
Federal de 30/11/94, na Portaria no 140, de 17/11/99, e demais normas inerentes ao assunto"
17,Substituição de Funções,  a servidora  CELIA CRISTINA V,nan,nan,nan,nan,nan,nan,nan,nan,nan,nan,nan,nan,nan,Designar  a servidora  CELIA CRISTINA V
18,Substituição de Funções,  a servidora LUCIA MARIA FIGUEIREDO DA ROCHA,n.o,nan,nan,nan,nan,nan,nan,nan,nan,nan,nan,nan,nan,"Designar  a servidora LUCIA MARIA FIGUEIREDO DA ROCHA, matricula n.o 101.591-5,
Executora do Convenio no 10/2000, celebrado entre o Distrito Federal, por intermedio da Secretaria
de Estado de Acao Social e o  CENTRO COMUNITARIO SAO LUCAS, cabendo a designada as
atribuicoes previstas no  artigo 13, inciso II, do Decreto  n.o 16.098, de 29/11/94, publicado no Diario
Oficial do Distrito Federal de 30/11/94, na Portaria no 140, de 17/11/99, e demais normas inerentes
ao assunto"
19,Substituição de Funções, JOSE FERNANDES SILVA DO NASCIMENTO,01.458-3,ALMIR MAIA RIBEIRO,01.457-5,"Diretor Geral do Departamento de Transito do
Distrito Federal",nan,nan,nan,nan,nan,nan,nan,nan,nan,"Designar JOSE FERNANDES SILVA DO NASCIMENTO, matricula no 01.458-3, para substituir
ALMIR MAIA RIBEIRO, matricula no 01.457-5, Diretor Geral do Departamento de Transito do
Distrito Federal, CNE-5, no periodo de 23/10 a 01/11/2001, por motivo de ferias do titular"
20,Substituição de Funções, SALVADOR MARTINS DA ANUNCIACAO,94.248-0,"EDOM
BATISTA DE SOUZA",94.371-1,Encarregado de Forragicultura,nan,nan,nan,nan,nan,nan,nan,nan,nan,"Designar SALVADOR MARTINS DA ANUNCIACAO, matricula no 94.248-0, para substituir EDOM
BATISTA DE SOUZA, matricula no 94.371-1, Encarregado de Forragicultura, de 17/10/2001 a 31/
10/2001, por motivo de  ferias regulamentares"
21,Substituição de Funções, o servidor LAERCIO BESERRA DE FRANCA,98.473-1,nan,94.165-4,nan,DFG-10,nan,nan,nan,nan,nan,nan,nan,nan,"Designar o servidor LAERCIO BESERRA DE FRANCA, Chefe da Secao de Conservacao de Logra-
douros Publicos, da Divisao de Obras Publicas, matricula no 98.473-1, para substituir, sem prejuizo de
suas atribuicoes, o servidor JOSE DO ESPIRITO SANTO CASTRO E SILVA, matricula no 94.165-4,
Simbolo DFG-10, Chefe do Servico de Administracao de Feiras, da Divisao de Permissoes e Conces-
soes Publicas, da Administracao Regional de Santa Maria, da Secretaria de Coordenacao das Adminis-
tracoes Regionais do Distrito Federal, no periodo de 10 a 24 de outubro de 2001, por motivo de ferias
regulamentares do titular"
22,Substituição de Funções, a servidora ARLETE MONCAYO LIMA DOS ANJOS,41.576-6,nan,95.272-9,nan,DFG-08,nan,nan,nan,nan,nan,nan,nan,nan,"Designar a servidora ARLETE MONCAYO LIMA DOS ANJOS, Tecnico de Administracao Publica,
matricula no 41.576-6, para substituir, sem prejuizo de suas atribuicoes, a servidora HELENA ARRA-
ES JARDIM, matricula no 95.272-9, Simbolo DFG-08, Chefe da Secao de Cadastro, da Gerencia de
Planejamento, da Administracao Regional de Taguatinga, da Secretaria de Coordenacao das Adminis-
tracoes Regionais do Distrito Federal, no periodo de 05 de novembro a 04 de dezembro de 2001, por
motivo de ferias regulamentares do titular"
23,Substituição de Funções, o servidor MARCIO LEMOS PIMENTEL JUNIOR,95.979-0,nan,95.487-X,nan,DFG-08,nan,nan,nan,nan,nan,nan,nan,nan,"Designar o servidor MARCIO LEMOS PIMENTEL JUNIOR, matricula no 95.979-0, Encarregado do
Servico de Fiscalizacao de Obras e Posturas, da Divisao Regional de Aprovacao, Licenciamento e
Fiscalizacao, para substituir, sem prejuizo de suas atribuicoes, a servidora GABRIELA REGINA COE-
LHO DOS SANTOS, matricula no 95.487-X, Simbolo DFG-08, Chefe da Secao de Servicos Gerais, da
Divisao de Administracao Geral, da Administracao Regional do Lago Sul, da Secretaria de Estado de
Coordenacao das Administracoes Regionais do Distrito Federal, no periodo de 01 de outubro a 28 de
dezembro de 2001, por motivo de Licenca Maternidade do titular"
24,Substituição de Funções, a servidora SONIA MARIA DE OLIVEIRA,41.573-1,nan,39.223-5,nan,DFG-08,nan,nan,nan,nan,nan,nan,nan,nan,"Designar a servidora SONIA MARIA DE OLIVEIRA, matricula no 41.573-1, Tecnico de Administra-
cao Publica, para substituir, sem prejuizo de suas atribuicoes, o servidor DOMINGOS FERREIRA DE
LIMA, matricula no 39.223-5, Simbolo DFG-08, Chefe da Secao de Orcamento e Financas, da Divisao
de Administracao Geral, da Administracao Regional do Riacho Fundo, da Secretaria de Estado de
Coordenacao das Administracoes Regionais do Distrito Federal, no periodo de 01 a 15 de outubro de
2001, por motivo de ferias regulamentares do titular"
25,Substituição de Funções, o servidor PEDRO PAULO DE FIGUEIREDO,95.410-1,nan,94.207-3,nan,DFG-12,nan,nan,nan,"Secretaria de Estado de Coordenacao das Administracoes Regionais do Distrito Federal, no periodo de
15 a 29 de outubro de 2001, por motivo de licenca medica do titular",nan,nan,nan,nan,"Designar o servidor PEDRO PAULO DE FIGUEIREDO, matricula no 95.410-1, Chefe da Secao de
Material e Patrimonio, da Divisao de Administracao Geral, para substituir, sem prejuizo de suas
atribuicoes, a servidora LECIVALDA DE FATIMA CARDOSO, matricula no 94.207-3, Simbolo
DFG-12, de Diretor da Divisao de Administracao Geral, da Administracao Regional do Paranoa, da
Secretaria de Estado de Coordenacao das Administracoes Regionais do Distrito Federal, no periodo de
15 a 29 de outubro de 2001, por motivo de licenca medica do titular"
26,Substituição de Funções, a servidora CLEOMARDEN GUIMARAES MORGADO,105.597-6,nan,43.453-1,nan,DFG-08,nan,nan,nan,nan,nan,nan,nan,nan,"Designar a servidora CLEOMARDEN GUIMARAES MORGADO, matricula no 105.597-6, Assisten-
te da Divisao Regional de Obras Publicas, para substituir, sem prejuizo de suas atribuicoes, a servidora
FRANCISCA BATISTA PAIVA MARINHO, matricula no 43.453-1, Simbolo DFG-08, Chefe da Secao
de Pessoal, da Divisao de Administracao Geral, da Administracao Regional do Paranoa, da Secretaria
de Estado de Coordenacao das Administracoes Regionais do Distrito Federal, no periodo de 19 de
novembro a 18 de dezembro de 2001, por motivo de ferias regulamentares do titular"
27,Substituição de Funções, o servidor ERLON RIBEIRO COELHO,40.623-6,nan,40.626-0,nan,DFG-02,nan,nan,nan,nan,nan,nan,nan,nan,"Designar o servidor ERLON RIBEIRO COELHO, matricula no 40.623-6, Fiscal de Atividades
Urbanas, para substituir, sem prejuizo de suas atribuicoes, o servidor PEDRO GUIMARAES
MARIZ NETO, matricula no 40.626-0, Simbolo DFG-02, Encarregado do Servico de Fiscalizacao
de Obras, da Divisao Regional de Fiscalizacao de Obras e Posturas, da Administracao Regional do
Cruzeiro, da Secretaria de Estado de Coordenacao das Administracoes Regionais do Distrito
Federal, no periodo de 05 a 14 de novembro e de 03 a 22 de dezembro de 2001, por motivo de
ferias regulamentares do titular"
28,Substituição de Funções, o servidor ROGERIO DORNELAS DE SOUZA,33.255-0,nan,31.067-0,nan,DFG-02,nan,nan,nan,"Secretaria de Estado de
Coordenacao das Administracoes Regionais do Distrito Federal, no periodo de 01 a 31 de outubro de
2001, por motivo de convocacao para compor corpo de jurados do TJC/TJFT do titular",nan,nan,nan,nan,"Designar o servidor ROGERIO DORNELAS DE SOUZA, matricula no 33.255-0, Tecnico de Admi-
nistracao Publica, para substituir, sem prejuizo de suas atribuicoes, a servidora VANDECY DA CRUZ,
matricula no 31.067-0, Simbolo DFG-02, de Encarregado da Secao de Orcamento e Financas, da
Divisao de Administracao Geral, da Administracao Regional de Ceilandia, da Secretaria de Estado de
Coordenacao das Administracoes Regionais do Distrito Federal, no periodo de 01 a 31 de outubro de
2001, por motivo de convocacao para compor corpo de jurados do TJC/TJFT do titular"
29,Substituição de Funções, o servidor ROGERIO DORNELAS DE SOUZA,33.255-0,nan,31.067-0,nan,DFG-02,nan,nan,nan,"Secretaria de Estado de
Coordenacao das Administracoes Regionais do Distrito Federal, no periodo de 05 de novembro a 04
de dezembro de 2001, por motivo de ferias regulamentares do titular",nan,nan,nan,nan,"Designar o servidor ROGERIO DORNELAS DE SOUZA, matricula no 33.255-0, Tecnico de Admi-
nistracao Publica, para substituir, sem prejuizo de suas atribuicoes, a servidora VANDECY DA CRUZ,
matricula no 31.067-0, Simbolo DFG-02, de Encarregado da Secao de Orcamento e Financas, da
Divisao de Administracao Geral, da Administracao Regional de Ceilandia, da Secretaria de Estado de
Coordenacao das Administracoes Regionais do Distrito Federal, no periodo de 05 de novembro a 04
de dezembro de 2001, por motivo de ferias regulamentares do titular"
30,Substituição de Funções, a servidora GREICE MAURA DOS SANTOS MENEZES,22.500-2,nan,106.677-3,nan,DFG-05,nan,nan,nan,nan,nan,nan,nan,nan,"Designar a servidora GREICE MAURA DOS SANTOS MENEZES, matricula no 22.500-2, Fiscal de
Atividades Urbanas, para substituir, sem prejuizo de suas atribuicoes, a servidora MARIA DE FATI-
MA REGO DE QUEIROZ, matricula no 106.677-3, Simbolo DFG-05, Chefe da Secao de Administra-
cao de Terminais Rodoviarios, da Divisao Regional de Servicos Publicos, da Administracao Regional
de Ceilandia, da Secretaria de Estado de Coordenacao das Administracoes Regionais do Distrito
Federal, no periodo de 26 de novembro a 25 de dezembro de 2001, por motivo de ferias regulamen-
tares do titular"
31,Substituição de Funções, NEWTON JOSE DINIZ,90909-2,nan,41175-2,nan,nan,nan,nan,nan,nan,nan,nan,nan,nan,"DESIGNAR NEWTON JOSE DINIZ, Diretor da Divisao Regional de Obras e Servicos Publicos, matri-
cula no 95613-9, como Coordenador, ANDRE TORRES CORDEIRO, Inspetor de Atividades Urbanas,
matricula no 90909-2 e MARCELO BATISTA GOMES, Fiscal de Atividades Urbanas matricula no
41175-2, como membros, do Grupo de Tarefa para adequar meios-fios e calcadas na Regiao Administra-
tiva do Lago Norte, visando permitir a acessibilidade as pessoas portadoras de dificuldades de locomo-
cao, por meio de rampas, dentro do Programa de Governo  Acessibilidade: Direito de todos"
32,Substituição de Funções, ANTONIO ALVES DE SOUZA,94.659-1,nan,108.527-1,nan,nan,nan,nan,nan,nan,nan,nan,nan,nan,"Designar ANTONIO ALVES DE SOUZA, Diretor da Divisao Regional de Cultura, matricula no
94.659-1, MAUREN IARA NASCIMENTO DE ALMEIDA, Chefe do Nucleo de Ordenamento
Territorial, matricula no 108.527-1, BENJAMIM RODRIGUES PEREIRA, Assessor da Assessoria
Tecnica, matricula no 108.536-0, MAZINE CELIO DE ARAUJO, Assistente da Divisao Regional de
Exame, Elaboracao e Aprovacao de Projetos, matricula no 96.182-5, Sergio Coelho Tolentino,
Inspetor de Atividades Urbanas, matricula no 108.560-3 e ELOIDES SILVA DA MATA, Chefe do
Servico de Licenciamento, matricula no 97.621-0,  para, sob a presidencia do primeiro e, em seu
impedimento do segundo, constituirem Comissao  responsavel pelo estudo do projeto de adocao de
paradas de onibus, pracas, jardins e baloes em Sobradinho e Sobradinho II, apresentando relatorio
conclusivo no prazo de 90 (noventa) dias"
33,Substituição de Funções, os servidores MARIA JOSE GUILHERME DE MEDEIROS,888-5,nan,1083-9,nan,nan,nan,nan,nan,nan,nan,nan,nan,nan,"Designar os servidores MARIA JOSE GUILHERME DE MEDEIROS, Tecnica de Administracao
Publica  A, matricula 888-5, MARCIO FERREIRA DA CUNHA, Tecnico de Administracao Publica
- A, matricula 1083-9, e GILVANDO JOSE LOURENCO, Tecnico de Administracao Publica - A,
matricula 789-7, para, sob a presidencia da primeira, constituirem comissao incumbida de conduzir,
no prazo de 30 (trinta) dias, processo de sindicancia para apurar os fatos narrados nos referidos autos"
