,Tipo do Ato,Nome do Servidor Substituto,Matrícula do Servidor Substituto,Nome do Servidor a ser Substituido,Matrícula do Servidor a ser SubstituidoCargo,Símbolo do cargo do servidor substituto,Cargo comissionado objeto da substituição,Símbolo do cargo do objeto da substituição,Símbolo do cargo comissionado objeto da substituição,Hierarquia da Lotação,Órgão,Data Inicial da Vigência,Data Final de Vigência,Matrícula SIAPE,Motivo,text
0,Substituição de Funções," os substitutos eventuais dos Diretores da
CODEPLAN",nan,nan,nan,nan,nan,nan,nan,nan,nan,nan,nan,nan,nan,"designar os substitutos eventuais dos Diretores da
CODEPLAN, em suas ausencias e impedimentos, da seguinte forma: a) o Diretor-Presidente
sera substituido pelo Diretor Tecnico; b) o Diretor Tecnico pelo Diretor de Informatica; c) o
Diretor de Informatica pelo Diretor Administrativo e Financeiro e este ultimo pelo Diretor
Tecnico"
