,Tipo,Nome,Cargo Efetivo,Matricula,Siape,Simbolo,Cargo Comissao,Lotacao,Orgao,text
0,Nomeação, MAURICIO CLEBER HOLANDA EVANGELISTA,"para exercer o Cargo em Co-
missao",nan,nan,DFG-02, Encarregado da Secao de Material e Patrimonio,"Divisao de
Administracao Geral, da Administracao Regional do Guara","Secretaria de Estado de Coordena-
cao das Administracoes Regionais do Distrito Federal","NOMEAR MAURICIO CLEBER HOLANDA EVANGELISTA, para exercer o Cargo em Co-
missao, Simbolo DFG-02, de Encarregado da Secao de Material e Patrimonio, da Divisao de
Administracao Geral, da Administracao Regional do Guara, da Secretaria de Estado de Coordena-
cao das Administracoes Regionais do Distrito Federal"
1,Nomeação, CONCEICAO APARECIDA BRAGA,para exercer o Cargo em Comissao,nan,nan,DFG-05, Chefe da Secao de Bancas de Jornais e Revistas,"Divisao Regional de Servicos
Publicos, da Administracao Regional do Guara","Secretaria de Estado de Coordenacao das
Administracoes Regionais do Distrito Federal","NOMEAR CONCEICAO APARECIDA BRAGA, para exercer o Cargo em Comissao, Simbolo
DFG-05, de Chefe da Secao de Bancas de Jornais e Revistas, da Divisao Regional de Servicos
Publicos, da Administracao Regional do Guara, da Secretaria de Estado de Coordenacao das
Administracoes Regionais do Distrito Federal"
2,Nomeação, JOAO FERREIRA DOS SANTOS FILHO,para exercer o Cargo em Comissao,nan,nan,DFG-10, Chefe do Servico de Licenciamento de Atividades Economicas,"Divisao
Regional de Licenciamento, da Administracao Regional do Guara","Secretaria de Estado de
Coordenacao das Administracoes Regionais do Distrito Federal","NOMEAR JOAO FERREIRA DOS SANTOS FILHO, para exercer o Cargo em Comissao,
Simbolo DFG-10, de Chefe do Servico de Licenciamento de Atividades Economicas, da Divisao
Regional de Licenciamento, da Administracao Regional do Guara, da Secretaria de Estado de
Coordenacao das Administracoes Regionais do Distrito Federal"
3,Nomeação, MANOEL DUARTE NORONHA,para exercer o Cargo em Comissao,nan,nan,DFG-12, Gerente de Planejamento,Administracao Regional do Guara,"Secretaria de
Estado de Coordenacao das Administracoes Regionais do Distrito Federal","NOMEAR MANOEL DUARTE NORONHA, para exercer o Cargo em Comissao, Simbolo
DFG-12, de Gerente de Planejamento, da Administracao Regional do Guara, da Secretaria de
Estado de Coordenacao das Administracoes Regionais do Distrito Federal"
4,Nomeação, ENIVALDO DA SILVA RAMOS,Tecnico de Administracao Publica,23.301-3,nan,DFG-02," Encarregado da Secao de
Orcamento e Financas","Divisao de Administracao Geral, da Administracao Regional de Planal-
tina",Secretaria de Estado de Coordenacao das Administracoes Regionais do Distrito Federal,"NOMEAR ENIVALDO DA SILVA RAMOS, Tecnico de Administracao Publica, matricula no
23.301-3, para exercer o Cargo em Comissao, Simbolo DFG-02, de Encarregado da Secao de
Orcamento e Financas, da Divisao de Administracao Geral, da Administracao Regional de Planal-
tina, da Secretaria de Estado de Coordenacao das Administracoes Regionais do Distrito Federal"
5,Nomeação, CESAR AUGUSTO ALVIM,Fiscal de Obras,23.247-5,nan,DFG-10, Chefe do Servico de Fiscalizacao de Zona Rural,Administracao Regional de Planaltina,"Secretaria de Estado de Coordenacao das Administra-
coes Regionais do Distrito Federal","NOMEAR CESAR AUGUSTO ALVIM, Fiscal de Obras, matricula no 23.247-5, para exercer o
Cargo em Comissao, Simbolo DFG-10, de Chefe do Servico de Fiscalizacao de Zona Rural, da
Administracao Regional de Planaltina, da Secretaria de Estado de Coordenacao das Administra-
coes Regionais do Distrito Federal"
6,Nomeação, LUIS MARIO MOLINAR NETO,para exercer o Cargo em Comissao,nan,nan,DFA-11, Assessor da Gerencia de Suporte as Administracoes Regionais,"Diretoria de
Planejamento, Orcamento e Gestao das Acoes Regionais","Secretaria de Estado de Coordenacao
das Administracoes Regionais do Distrito Federal","NOMEAR LUIS MARIO MOLINAR NETO, para exercer o Cargo em Comissao, Simbolo
DFA-11, de Assessor da Gerencia de Suporte as Administracoes Regionais, da Diretoria de
Planejamento, Orcamento e Gestao das Acoes Regionais, da Secretaria de Estado de Coordenacao
das Administracoes Regionais do Distrito Federal"
7,Nomeação, SAMUEL DAGOBERTO GARCIA,Fiscal de Atividades Urbanas,21.930-4,nan,DFG-10," Chefe do Servico de Fiscali-
zacao de Zona Rural","Divisao Regional de Fiscalizacao de Obras e Posturas, da Administracao
Regional de Taguatinga","Secretaria de Estado de Coordenacao das Administracoes Regionais do
Distrito Federal","NOMEAR SAMUEL DAGOBERTO GARCIA, Fiscal de Atividades Urbanas, matricula no
21.930-4, para exercer o Cargo em Comissao, Simbolo DFG-10, de Chefe do Servico de Fiscali-
zacao de Zona Rural, da Divisao Regional de Fiscalizacao de Obras e Posturas, da Administracao
Regional de Taguatinga, da Secretaria de Estado de Coordenacao das Administracoes Regionais do
Distrito Federal"
8,Nomeação, SERGIO ERNANDES ANDRADE DE ALMEIDA,Fiscal de Atividades Urbanas,91.352-9,nan,DFG-12," Chefe da Asses-
soria Tecnica",Administracao Regional de Taguatinga,"Secretaria de Estado de Coordenacao
das Administracoes Regionais do Distrito Federal","NOMEAR SERGIO ERNANDES ANDRADE DE ALMEIDA, Fiscal de Atividades Urbanas,
matricula no 91.352-9, para exercer o Cargo em Comissao, Simbolo DFG-12, de Chefe da Asses-
soria Tecnica, da Administracao Regional de Taguatinga, da Secretaria de Estado de Coordenacao
das Administracoes Regionais do Distrito Federal"
