,Tipo do Ato,Nome do Servidor Substituto,Matrícula do Servidor Substituto,Nome do Servidor a ser Substituido,Matrícula do Servidor a ser SubstituidoCargo,Símbolo do cargo do servidor substituto,Cargo comissionado objeto da substituição,Símbolo do cargo do objeto da substituição,Símbolo do cargo comissionado objeto da substituição,Hierarquia da Lotação,Órgão,Data Inicial da Vigência,Data Final de Vigência,Matrícula SIAPE,Motivo,text
0,Substituição de Funções, MARCELO BARROS OTTONI,nan,nan,nan,nan,nan,nan,nan,nan,nan,nan,nan,nan,nan,"Designar MARCELO BARROS OTTONI, como Membro Efetivo da Junta de Controle do
Departamento de Estradas de Rodagem do Distrito Federal  DER, representando a Secretaria de
Governo do Distrito Federal"
1,Substituição de Funções, CARLOS ANDRE DUDA,n.o,WELIGTON LUIZ MORAES,nan,nan,CNE-,nan,nan,nan,nan,nan,nan,nan,nan,"Designar CARLOS ANDRE DUDA, matricula n.o 97.377-7, Secretario-Adjunto, Simbolo CNE-
05,  da Secretaria de Comunicacao Social, para substituir WELIGTON LUIZ MORAES, Secre-
tario de Comunicacao Social do DF, CNE-03, no periodo de 31/12/2001 a 29/01/2002, por motivo
de ferias regulamentares do titular"
2,Substituição de Funções, LUIZ DE OLIVEIRA GOMES NETO,93.948-X,o Administrador Regional,nan,nan,CNE-04,nan,nan,nan,nan,nan,nan,nan,nan,"DESIGNAR LUIZ DE OLIVEIRA GOMES NETO, matricula no 93.948-X, Chefe de Gabinete,
para substituir o Administrador Regional, Cargo de Natureza Especial, Simbolo CNE-04, da
Administracao Regional de Brasilia, da Secretaria de Estado de Coordenacao das Administracoes
Regionais do Distrito Federal, no periodo de 31 de dezembro de 2001 a 29 de janeiro de 2002, por
motivo de ferias regulamentares do titular"
3,Substituição de Funções, MARIA CRISTINA DE CASTRO MARTINS,95.991-X,nan,nan,nan,DFG-08,nan,nan,nan,"Secretaria
de Estado de Coordenacao das Administracoes Regionais do Distrito Federal",nan,nan,nan,nan,"DESIGNAR MARIA CRISTINA DE CASTRO MARTINS, matricula no 95.991-X,  Encarrega-
do da Secao de Servicos Gerais, da Divisao de Administracao Geral, para responder, interina e
cumulativamente, sem acumular salarios, pelo Cargo em Comissao, Simbolo DFG-08, de Chefe
da Junta Regional do Servico Militar, da Administracao Regional do Riacho Fundo, da Secretaria
de Estado de Coordenacao das Administracoes Regionais do Distrito Federal"
4,Substituição de Funções, TAKANE KIYOTSUKA DO NASCIMENTO,94.529-X,o Administrador Regional,nan,nan,CNE-,nan,nan,nan,nan,nan,nan,nan,nan,"DESIGNAR TAKANE KIYOTSUKA DO NASCIMENTO, matricula no 94.529-X, Chefe de
Gabinete, para substituir o Administrador Regional, Cargo de Natureza Especial, Simbolo CNE-
04, da Administracao Regional de Planaltina, da Secretaria de Estado de Coordenacao das Admi-
nistracoes Regionais do Distrito Federal, no periodo de 02 a 31 de janeiro de 2002, por motivo de
ferias regulamentares do titular"
5,Substituição de Funções, FATIMA SUELY SOUSA SOARES,107.554-3,a Administradora Regional,nan,nan,CNE-04,nan,nan,nan,nan,nan,nan,nan,nan,"DESIGNAR FATIMA SUELY SOUSA SOARES, matricula no 107.554-3, Chefe de Gabinete,
para substituir a Administradora Regional, Cargo de Natureza Especial, Simbolo CNE-04, da
Administracao Regional de Santa Maria, da Secretaria de Estado de Coordenacao das Administra-
coes Regionais do Distrito Federal, no periodo de 02 a 31 de janeiro de 2002, por motivo de ferias
regulamentares do titular"
6,Substituição de Funções, a servidora JOANA MARIA MASCARENHAS DA SILVA MELIS,22.342-,GILSA MARIA LEMOS FRANCO,23.163-0,"Chefe do Nucleo
de Cadastro",DFG,nan,nan,nan,nan,nan,nan,nan,nan,"Designar a servidora JOANA MARIA MASCARENHAS DA SILVA MELIS, matricula no 22.342-
5, para substituir GILSA MARIA LEMOS FRANCO, matricula no 23.163-0, Chefe do Nucleo
de Cadastro, Simbolo DFG - 08, da Gerencia de Lotacao e Movimentacao da Diretoria de Carreira
e Desenvolvimento de Recursos Humanos/SRH,  por motivo de ferias regulamentares do titular,
no periodo de 07/01/2002 a 05/02/2002"
7,Substituição de Funções, a servidora SAMIRAMYS LEMOS DE SOUZA,34.349-8,"a
Titular do Cargo em Comissao de Chefe do Nucleo de Elaboracao de Contratos e Convenios",nan,nan,DFG-07,nan,nan,nan,nan,nan,nan,nan,nan,"Designar a servidora SAMIRAMYS LEMOS DE SOUZA, matricula 34.349-8, para substituir a
Titular do Cargo em Comissao de Chefe do Nucleo de Elaboracao de Contratos e Convenios, da
Gerencia de Contratos e Convenios da Diretoria Financeira, simbolo DFG-07, no periodo de 18/
12/2001 a 16/01/2002, por motivo de ferias da Titular"
8,Substituição de Funções, a servidora Maria da Graca Arrais Rosa,117.362-6,"o Chefe do Nucleo de Cargos e Salarios
da  Gerencia de Pessoal Ativo da Diretoria de Recursos Humanos da Subsecretaria de Apoio
Operacional da Secretaria de Estado de Saude do Distrito Federal",nan,nan,DFG-07,nan,nan,nan,nan,nan,nan,nan,nan,"Designar a servidora Maria da Graca Arrais Rosa, Assistente Intermediario de Saude II (Agente
Administrativo), Matricula no 117.362-6, para substituir o Chefe do Nucleo de Cargos e Salarios
da  Gerencia de Pessoal Ativo da Diretoria de Recursos Humanos da Subsecretaria de Apoio
Operacional da Secretaria de Estado de Saude do Distrito Federal, Simbolo DFG-07, no periodo
de 02 a 11 de janeiro de 2002, por motivo de ferias"
9,Substituição de Funções, a servidora Maria de Fatima de Oliveira Chacon,118.320-6,"a Chefe do Nucleo de Coleta de
Dados e Apropriacao de Despesa da Gerencia de Apropriacao de Custo da Diretoria de Contabi",nan,nan,DFG-07,nan,nan,nan,nan,nan,nan,nan,nan,"Designar a servidora Maria de Fatima de Oliveira Chacon, Assistente Intermediario de Saude II
(Agente Administrativo), Matricula no 118.320-6, para substituir a Chefe do Nucleo de Coleta de
Dados e Apropriacao de Despesa da Gerencia de Apropriacao de Custo da Diretoria de Contabi-
lidade e Financas  da Subsecretaria de Apoio Operacional da Secretaria de Estado de Saude do
Distrito Federal, Simbolo DFG-07, no periodo de 14 de fevereiro a 05 de marco de 2002, por
motivo de ferias"
10,Substituição de Funções, a servidora Maria Irene Costa Santos,40.942-1,"o Chefe do Nucleo de Inspecao da Gerencia de Fiscalizacao da
Diretoria de Vigilancia I da Subsecretaria de Vigilancia a Saude da Secretaria de Estado de Saude
do Distrito Federal",nan,nan,DFG-10,nan,nan,nan,nan,nan,nan,nan,nan,"Designar a servidora Maria Irene Costa Santos, Inspetor de Atividades Urbanas, Matricula no
40.942-1, para substituir o Chefe do Nucleo de Inspecao da Gerencia de Fiscalizacao da
Diretoria de Vigilancia I da Subsecretaria de Vigilancia a Saude da Secretaria de Estado de Saude
do Distrito Federal, Simbolo DFG-10, no periodo de 04 de fevereiro a 05 de marco de 2002, por
motivo de ferias"
11,Substituição de Funções, o servidor Dawison Moreira Barcelos,139.993-4,"o Chefe do Nucleo de Controle de
Ressarcimentos das Operadoras de Plano de Saude da Gerencia de Processamento de Contas da
Diretoria de Controle e Avaliacao dos Servicos de Saude da Subsecretaria de Planejamento e
Politicas de Saude da Secretaria de Estado de Saude do Distrito Federal",nan,nan,DFG-07,nan,nan,nan,nan,nan,nan,nan,nan,"Designar o servidor Dawison Moreira Barcelos, Assistente Intermediario de Saude II (Agente
Administrativo), Matricula no 139.993-4, para substituir o Chefe do Nucleo de Controle de
Ressarcimentos das Operadoras de Plano de Saude da Gerencia de Processamento de Contas da
Diretoria de Controle e Avaliacao dos Servicos de Saude da Subsecretaria de Planejamento e
Politicas de Saude da Secretaria de Estado de Saude do Distrito Federal, Simbolo DFG-07, no
periodo de 14 a 23 de janeiro de 2002, por motivo de ferias"
12,Substituição de Funções, o servidor Fabio Costa Ignacio,41.994-X,"a Chefe do Nucleo de Supervisao das Acoes da Gerencia de Supervisao
da Estrategia de Saude da Familia da Diretoria de Estrategia de Saude da Familia da Subsecretaria
de Atencao a Saude da Secretaria de Estado de Saude do Distrito Federal",nan,nan,DFG-07,nan,nan,nan,nan,nan,nan,nan,nan,"Designar o servidor Fabio Costa Ignacio, Auxiliar de Administracao Publica AG I, Matricula no
41.994-X, para substituir a Chefe do Nucleo de Supervisao das Acoes da Gerencia de Supervisao
da Estrategia de Saude da Familia da Diretoria de Estrategia de Saude da Familia da Subsecretaria
de Atencao a Saude da Secretaria de Estado de Saude do Distrito Federal, Simbolo DFG-07, no
periodo de 07 a 21 de janeiro de 2002, por motivo de ferias"
13,Substituição de Funções, a servidora Sebastiana Castro Monteiro,43.694-1,a Chefe do Nucleo de Avaliacao de Resultados e Impac,nan,nan,DFG-07,nan,nan,nan,nan,nan,nan,nan,nan,"Designar a servidora Sebastiana Castro Monteiro, Tecnico em Administracao Publica AG I,
Matricula no 43.694-1, para substituir a Chefe do Nucleo de Avaliacao de Resultados e Impac-
tos da Gerencia de Acompanhamento e Avaliacao de Resultados e Impacto da Diretoria de
Estrategia de Saude da Familia da  Subsecretaria de Atencao a Saude da Secretaria de Estado de
Saude do Distrito Federal, Simbolo DFG-07, no periodo de 07 a 21 de janeiro de 2002, por
motivo de ferias"
14,Substituição de Funções, a servidora Fatima Monteiro Pereira,125.196-1,"a Chefe do Nucleo de Apoio Operacional do Centro de
Saude no",nan,nan,DFG,nan,nan,nan,nan,nan,nan,nan,nan,"Designar a servidora Fatima Monteiro Pereira, Agente de Saude Publica, Terceira Classe, Padrao
IV, Matricula 125.196-1,para substituir a Chefe do Nucleo de Apoio Operacional do Centro de
Saude no 01 da Direcao Regional de Saude do Guara, simbolo DFG - 05,  no periodo de 07/01/2002
a 21/01/2002,  por motivo de ferias da titular, conforme Memorando n.o 79/2001- GP/CSGu 01,
datado de 21 de dezembro de  2001"
15,Substituição de Funções, a servidora Carmen Ligia Tezoni Lima,115.165-7,"o Chefe do Nucleo de Apoio Operacional do Centro de
Saude no",nan,nan,DFG,nan,nan,nan,nan,nan,nan,nan,nan,"Designar a servidora Carmen Ligia Tezoni Lima, Agente Administrativo,  Classe Especial, Padrao
V, Matricula 115.165-7, para substituir o Chefe do Nucleo de Apoio Operacional do Centro de
Saude no 02 da Direcao Regional de Saude do Guara, simbolo DFG - 04, no periodo de 27/02/2002
a 28/03/2002,  por motivo de ferias do titular, conforme Memorando n.o 046/2001 - Gerencia do
CSGu 02,  datado de 13 de dezembro de  2001"
16,Substituição de Funções, a servidora  Lucia Maria Silva Santana,360.524-8,"o Chefe do Nucleo de Regulacao Controle e Avaliacao do
Centro de Saude no",nan,nan,DFG,nan,nan,nan,nan,nan,nan,nan,nan,"Designar a servidora  Lucia Maria Silva Santana, Agente Administrativo, Classe A, Padrao III,
Matricula 360.524-8, para substituir o Chefe do Nucleo de Regulacao Controle e Avaliacao do
Centro de Saude no 02 da Direcao Regional  de Saude do Guara, simbolo DFG - 04, no periodo  de
02/01/2002 a 31/01/2002, por motivo de ferias do titular, conforme Memorando n.o 33/2001 -
NRCA/CSGu 02, datado de 06 de dezembro de 2001"
17,Substituição de Funções, a  servidora,124.514-7,a Chefe do Nucleo de Enfermagem do Centro de Saude n,nan,nan,DFG,nan,nan,nan,nan,nan,nan,nan,nan,"Designar a  servidora, Elaine Elisa Ribeiro Vilella Rodero, Enfermeira, Primeira Classe, Padrao VI,
Matricula 124.514-7, para substituir a Chefe do Nucleo de Enfermagem do Centro de Saude n.o 02
da  Direcao Regional de  Saude do Guara, simbolo DFG - 05, no periodo  de 14/01/2002 a 23/01/
2002, por motivo de ferias da titular, conforme Memorando n.o 029/2001-Nucleo de Enferma-
gem/CSGu 02, datado de 20 de novembro  de  2001"
18,Substituição de Funções, a servidora Dinora Zanina Lima,119.282-5,a Chefe do Nucleo de Enfermagem do Centro de Saude no,nan,nan,DFG,nan,nan,nan,nan,nan,nan,nan,nan,"Designar a servidora Dinora Zanina Lima, Enfermeira, Classe Especial, Padrao V, Matricula
119.282-5, para substituir a Chefe do Nucleo de Enfermagem do Centro de Saude no 03 da Direcao
Regional de Saude do Guara, simbolo  DFG - 05, no periodo de 07/01/2002 a 26/01/2002, por
motivo de ferias da titular, conforme Memorando n.o 090/2001 - GAO/HRGu, datado de 07 de
dezembro de 2001"
19,Substituição de Funções, o servidor Luis Humberto Jardim Correa,132.256-7,"a Gerente do Laboratorio
Regional do Guara",nan,nan,DFG-08,nan,nan,nan,nan,nan,nan,nan,nan,"Designar o servidor Luis Humberto Jardim Correa, Farmaceutico Bioquimico - Laboratorio,
Segunda Classe, Padrao VII, Matricula 132.256-7, para substituir a Gerente do Laboratorio
Regional do Guara, da Direcao Regional de Saude do Guara, simbolo DFG-08, no periodo de 07/
01/2002 a 21/01/2002, por motivo de ferias da titular, conforme Memorando 078/2001-LRGu-
SES-DF, datado de 12 de dezembro de 2001"
20,Substituição de Funções, a servidor Walter Marcos de Lima,121.215-0,nan,nan,nan,DFG-05,nan,nan,nan,nan,nan,nan,nan,nan,"Designar a servidor Walter Marcos de Lima, Matricula 121.215-0,  para susbstituir o Chefe do
Nucleo de Apoio Operacional do CS/SMBA 02 da Diretoria Regional de Saude de Samambaia, do
quadro de cargos em comissao da Secretaria de Estado de Saude do Distrito Federal,simbolo
DFG-05, no periodo de 07 a 16/01/2002, em virtude de ferias do titular"
21,Substituição de Funções, a servidora Maria das Gracas Bonfim Bispo,138.672-7,nan,nan,nan,DFG-05,nan,nan,nan,nan,nan,nan,nan,nan,"Designar a servidora Maria das Gracas Bonfim Bispo, Matricula 138.672-7, para subs-
tituir o Chefe do do Nucleo de Apoio Operacional do CS/SMBA 03 da Diretoria Regi-
onal de Saude de Samambaia, do quadro de cargos em comissao da Secretaria de Estado
de Saude do Distrito Federal, simbolo  DFG-05, no periodo de 14 a 28/02/2002, em
virtude de ferias do titular"
22,Substituição de Funções, a servidora Queila Alves Barcelos,137.777-9,"a
Chefe do Nucleo de Apoio Operacional do CS",nan,nan,DFG-05,nan,nan,nan,nan,nan,nan,nan,nan,"Designar a servidora Queila Alves Barcelos, Matricula 137.777-9, para substituir a
Chefe do Nucleo de Apoio Operacional do CS/SMBA 01 da Diretoria Regional de
Saude de Samambaia, do quadro de cargos em comissao da Secretaria de Estado de
Saude do Distrito Federal, simbolo DFG-05, no periodo de  07 a 21/01/2002, em
virtude de ferias da titular"
23,Substituição de Funções, a Servidora Margareth da Silva Diniz,141.032-6," a Chefe do
Nucleo de Enfermagem do CS",nan,nan,DFG-05,nan,nan,nan,nan,nan,nan,nan,nan,"Designar a Servidora Margareth da Silva Diniz, Matricula 141.032-6, para substituir  a Chefe do
Nucleo de Enfermagem do CS/SMBA 02 da Diretoria Regional de Saude de Samambaia, do quadro
de cargos em comissao da Secretaria de Estado de Saude do Distrito Federal, simbolo DFG-05, no
periodo de 21/01 a 19/02/2002, em virtude de ferias da titular"
24,Substituição de Funções, o servidor PEDRO ISABEL DA SILVA,93.652-9,o servidor SEBASTIAO DE SOUSA DIAS,92.125-4,Tecnico de Atividades Rodoviarias,DFG-01,nan,nan,nan,nan,nan,nan,nan,nan,"Designar o servidor PEDRO ISABEL DA SILVA, matricula 93.652-9, Tecnico de Ativi-
dades Rodoviarias, para substituir o servidor SEBASTIAO DE SOUSA DIAS, matricula
92.125-4, Tecnico de Atividades Rodoviarias, Encarregado de Ferramentaria II/DM/
DIMPI, simbolo DFG-01, no periodo de 04/02/2002 a 05/03/2002, por motivo de ferias
regulamentares do titular"
25,Substituição de Funções, o servidor GILBERTO BEZERRA DA COSTA,92.678-7,o servidor JOSE BARBOSA DE SOUSA,93.728-2,Tecnico de Atividades Rodoviarias,DFG-02,nan,nan,nan,nan,nan,nan,nan,nan,"Designar o servidor GILBERTO BEZERRA DA COSTA, matricula 92.678-7, Tecnico de
Atividades Rodoviarias, para substituir o servidor JOSE BARBOSA DE SOUSA, matricula
93.728-2, Tecnico de Atividades Rodoviarias, Encarregado de Lanternagem e Pintura/DM/
DIMPI, simbolo DFG-02, no periodo de 18/02/2002 a 09/03/2002, por motivo de ferias
regulamentares do titular"
26,Substituição de Funções, o servidor MARCO ANTONIO DE LIMA,93.910-2,o servidor PAULO BENEVAL CAVALCANTE,92.430-X,Tecnico de Atividades Rodoviarias,DFG-01,nan,nan,nan,nan,nan,nan,nan,nan,"Designar o servidor MARCO ANTONIO DE LIMA, matricula 93.910-2, Tecnico de Ativida-
des Rodoviarias, para substituir o servidor PAULO BENEVAL CAVALCANTE, matricula
92.430-X, Tecnico de Atividades Rodoviarias, Encarregado de Lavagem, Borracharia e Lubri-
ficacao/DM/DIMPI, simbolo DFG-01, no periodo de 04/02/2002 a 05/03/2002, por motivo de
ferias regulamentares do titular"
27,Substituição de Funções, o servidor EVALDO GREGORIO DA SILVA,94.215-4,o servidor ADALBERTO LIMA SABATE,nan,nan,DFG-09,nan,nan,nan,nan,nan,nan,nan,nan,"Designar o servidor EVALDO GREGORIO DA SILVA, matricula 94.215-4, Tecnico de
Atividades Rodoviarias, para substituir o servidor ADALBERTO LIMA SABATE, matricu-
la 93.379-1, Tecnico de Atividades Rodoviarias, Chefe do Nucleo de Apoio Administrativo/
2o DR/DIOB, simbolo DFG-09, no periodo de 04/02/2002 a 05/03/2002, por motivo de
ferias regulamentares do titular"
28,Substituição de Funções, o servidor JARES JOSE DA FONSECA,93.862-9,"o servidor
LUIZ DE ALMEIDA FREIRE",94.102-6,"Encarregado de Equipamentos Rodoviarios/
3o DR/DIOB",DFG-02,nan,nan,nan,nan,nan,nan,nan,nan,"Designar o servidor JARES JOSE DA FONSECA, matricula 93.862-9, para substituir o servidor
LUIZ DE ALMEIDA FREIRE, matricula 94.102-6, Encarregado de Equipamentos Rodoviarios/
3o DR/DIOB, simbolo DFG-02, no periodo de 04/02/2002 a 05/03/2002, por motivo de ferias
regulamentares do titular"
29,Substituição de Funções, a servidora TANIA CAETANO DA SILVA,94.095-X,o servidor PAULO CESAR LAPA DE SOUSA,93.720-7,"Auxiliar de
Atividades Rodoviarias",DFG-12,nan,,nan,nan,nan,nan,nan,nan,"Designar a servidora TANIA CAETANO DA SILVA, matricula 94.095-X, Tecnico de Ativida-
des Rodoviarias, Gerente de Administracao de Pessoal/DRH/DIAFI, simbolo DFG-12, para
substituir o servidor PAULO CESAR LAPA DE SOUSA, matricula 93.720-7, Auxiliar de
Atividades Rodoviarias, Chefe da Divisao de Recursos Humanos/DIAFI, simbolo DFG-13, no
periodo de 01/02/2002 a 27/02/2002, por motivo de ferias regulamentares do titular"
30,Substituição de Funções, os servidores GILBERTO BOMTEMPO DE LIMA,30.573-1,nan,101.172-3 ,nan,nan,nan,nan,nan,nan,nan,nan,nan,nan,"DESIGNAR os servidores GILBERTO BOMTEMPO DE LIMA, matricula no 30.573-1,  LU-
CELI PINHEIRO LEMOS, matricula no 101.172-3 , BRUNO MACHADO DE OLIVEIRA E
SOUZA,  matricula no 12046-3  e JOSE OTAVIO COSTA DE ALMEIDA, matricula no 3653-6,
para sob a presidencia do primeiro, constituirem Comissao para realizar Inventario Patrimonial
Fisico dos bens moveis e imoveis da Administracao Regional do Guara, referente ao exercicio de
2001, no prazo de 45(quarenta e cinco dias)"
31,Substituição de Funções, os servidores  FABIO BARROS DA SILVEIRA,41.959-1,nan,3219-0  e ROSANGELA OLIVEIRA IGNOWSKY,nan,nan,nan,nan,nan,nan,nan,nan,nan,nan,"DESIGNAR os servidores  FABIO BARROS DA SILVEIRA, matricula no 41.959-1, LAUDI-
NETE CHAGAS, matricula no 3219-0  e ROSANGELA OLIVEIRA IGNOWSKY, matricula no
4649-3, para sob a presidencia do primeiro, constituirem Comissao para realizar Inventario do
Almoxarifado da Administracao Regional do Guara, referente ao exercicio de 2001, no prazo de
30(trinta dias)"
32,Substituição de Funções, os servidores IONE BERNARDES DE BRITO,39.727-X,"o
servidor ANTULIO RIBEIRO GONCALVES","105.757-X e  ARNALDO DE AVELAR ROCHA BARBO- SERVIDOR  MATRICULA  CARGO  LOTACAO  JOAO DE SOUZA 
GUEDES 
92.202-1  ENCARREGADO  GFV/COP/DMTU/DF   
ADALBERTO QUEIROZ DE ROURE INSTRUCAO DE SERVICO DE 4 JANEIRO DE 2002 O Diretor-Geral Substituto do Departamento Metropolitano de Transportes Urbanos do Distri-
to Federal - DMTU/DF","no Cargo em Comissao de
Supervisor",DFG-10,nan,nan,nan,nan,nan,nan,nan,nan,"DESIGNAR os servidores IONE BERNARDES DE BRITO, matricula no 39.727-X, UBIRAGI
DANTAS BRANDAO, matricula no 105.757-X e  ARNALDO DE AVELAR ROCHA BARBO- SERVIDOR  MATRICULA  CARGO  LOTACAO  JOAO DE SOUZA 
GUEDES 
92.202-1  ENCARREGADO  GFV/COP/DMTU/DF   
ADALBERTO QUEIROZ DE ROURE INSTRUCAO DE SERVICO DE 4 JANEIRO DE 2002 O Diretor-Geral Substituto do Departamento Metropolitano de Transportes Urbanos do Distri-
to Federal - DMTU/DF, no uso das atribuicoes que lhe confere o Decreto no 21.816, de 12 de
dezembro de 2000, resolve: Designar o servidor ABSAI VIEIRA DA FONSECA, matricula no 37.680-9, para substituir o
servidor ANTULIO RIBEIRO GONCALVES, matricula no 92.028-2, no Cargo em Comissao de
Supervisor, Simbolo DFG-10, da Gerencia de Fiscalizacao e Vistoria, da Coordenacao Operacio-
nal, do Departamento Metropolitano de Transportes Urbanos do Distrito Federal, no periodo de
07/01/2002 a 05/02/2002, por motivo de ferias regulamentares do titular"
33,Substituição de Funções, o servidor JOSE ANTONIO CARAMORI BORGES,55.161-9,nan,92.026-6,nan,DFG-12,nan,nan,nan,nan,nan,nan,nan,nan,"Designar o servidor JOSE ANTONIO CARAMORI BORGES, matricula no 55.161-9, para subs-
tituir o servidor  JORGE LUIS MIRANDA NAZARE, matricula no 92.026-6, no Cargo em
Comissao de Gerente, Simbolo DFG-12, da Gerencia de Planejamento e Estudos Especiais, da
Coordenacao Tecnica, do Departamento Metropolitano de Transportes Urbanos do Distrito Fede-
ral, no periodo de 28/01/2002 a 26/02/2002, por motivo de ferias regulamentares do titular"
34,Substituição de Funções, JOANA D ARC DA SILVA NUNES,43.830-8,ALDENORA PEREIRA DE MEDEIROS,22.350-0,Chefe do Servico de Execucao Orcamentaria e Financeira,DFG-08,nan,nan,nan,nan,nan,nan,nan,nan,"Designar JOANA D ARC DA SILVA NUNES, Auxiliar de Apoio as Atividades Juridicas,
matricula no 43.830-8, para substituir ALDENORA PEREIRA DE MEDEIROS, matricula no
22.350-0, Chefe do Servico de Execucao Orcamentaria e Financeira, Simbolo DFG-08, do Depar-
tamento de Administracao Geral, da Procuradoria-Geral do Distrito Federal, no periodo de
21.01.2002 a 04.02.2002, por motivo de ferias da titular"
35,Substituição de Funções, PAULO ALVES PEREIRA,34.036-7,HUMBERTO SARAIVA GOMES DE BARROS,93.224-8,Chefe do Nucleo de Suporte Tecnico,DFG-12,nan,nan,nan,nan,nan,nan,nan,nan,"Designar PAULO ALVES PEREIRA, Assistente de Apoio as Atividades Juridicas, matricula
no 34.036-7, para substituir HUMBERTO SARAIVA GOMES DE BARROS, matricula no
93.224-8, Chefe do Nucleo de Suporte Tecnico, Simbolo DFG-12, do Centro de Apoio Tecnico,
da Procuradoria-Geral do Distrito Federal, no periodo de 07.01.2002 a 26.01.2002, por motivo
de ferias do titular"
36,Substituição de Funções, AILTON SILVA GOMES,24.843-6,ISMAEL ROGERIO ARAUJO BARBOSA,41.748-3,Chefe do Nucleo de Desenvolvimento de Sistemas,DFG-12,nan,nan,nan,nan,nan,nan,nan,nan,"Designar AILTON SILVA GOMES, Assistente de Apoio as Atividades Juridicas, matricula
no 24.843-6, para substituir ISMAEL ROGERIO ARAUJO BARBOSA, matricula no 41.748-3,
Chefe do Nucleo de Desenvolvimento de Sistemas, Simbolo DFG-12, do Centro de Apoio
Tecnico, da Procuradoria-Geral do Distrito Federal, no periodo de 07.01.2002 a 26.01.2002, por
motivo de ferias do titular"
37,Substituição de Funções, RENE ROCHA FILHO,41.135-3,MARIA LOPES DE MORAIS,30.765-3,nan,CNE-06,nan,nan,nan,nan,nan,nan,nan,nan,"Designar RENE ROCHA FILHO, Procurador do Distrito Federal de 1a Categoria, matricula
no 41.135-3, para substituir MARIA LOPES DE MORAIS, Subprocuradora-Geral, matricula no
30.765-3, Coordenadora, Simbolo CNE-06, da Procuradoria-Geral do Distrito Federal, no perio-
do de 02.01.2002 a 15.01.2002, por motivo da titular estar substituindo a Procuradora-Chefe da
Procuradoria de Pessoal, em seu periodo de ferias"
38,Substituição de Funções, ANTONIO CARLOS ALENCAR CARVALHO,47.681-1,VALERIA ILDA DUARTE PESSOA,47.682-X,Procuradora-Geral Adjunta,DFA-,nan,,nan,nan,nan,nan,nan,nan,"Designar ANTONIO CARLOS ALENCAR CARVALHO, Procurador Assessor, Simbolo DFA-
14, matricula no 47.681-1, para substituir VALERIA ILDA DUARTE PESSOA, matricula no
47.682-X, Procuradora-Geral Adjunta, Simbolo CNE-05, da Procuradoria-Geral do Distrito Fe-
deral, no periodo de 02 a 31.01.2002, por motivo de ferias da titular"
