,Tipo do Ato,Nome do Servidor Substituto,Matrícula do Servidor Substituto,Nome do Servidor a ser Substituido,Matrícula do Servidor a ser SubstituidoCargo,Símbolo do cargo do servidor substituto,Cargo comissionado objeto da substituição,Símbolo do cargo do objeto da substituição,Símbolo do cargo comissionado objeto da substituição,Hierarquia da Lotação,Órgão,Data Inicial da Vigência,Data Final de Vigência,Matrícula SIAPE,Motivo,text
0,Substituição de Funções, o servidor FLAVIANO PAULO DE  A,nan,nan,nan,nan,nan,nan,nan,nan,nan,nan,nan,nan,nan,Designar o servidor FLAVIANO PAULO DE  A
1,Substituição de Funções, a servidora MARIA DAS DORES SOUSA,42.497-8,nan,nan,nan,nan,nan,nan,nan,nan,nan,nan,nan,nan,"Designar a servidora MARIA DAS DORES SOUSA, matricula no 42.497-8, Auxiliar de Administracao
Publica, lotada na Gerencia de Suporte Operacional desta  Diretoria,  para atuar como Executora e
Supervisora do Contrato no 18/2001-SGA, Start Telecomunicacoes e Comercio Ltda ME, referente a
prestacao de servicos de manutencao preventiva e corretiva em aparelhos de fac-similes desta Secretaria"
2,Substituição de Funções, o servidor VENCESLAU MOURA LOPES,30.872-2,nan,nan,nan,nan,nan,nan,nan,nan,nan,nan,nan,nan,"Designar o servidor VENCESLAU MOURA LOPES, matricula 30.872-2, Tecnico de Orcamento,
Encarregado da Gerencia de Suporte Operacional desta  Diretoria,  para atuar como Executor e
Supervisor do Contrato no 19/2001-SGA, Microfax Assistencia Ltda, referente a prestacao de servi-
cos de manutencao preventiva e corretiva em maquinas de escrever e de calcular desta Secretaria"
3,Substituição de Funções, MIRIAM DA SILVA CARVALHO BURNETT,42.502-8,EVAN,44.602-5,nan,DFG-14,nan,nan,nan,nan,nan,nan,nan,nan,"Designar MIRIAM DA SILVA CARVALHO BURNETT, matricula no 42.502-8, para substituir EVAN-
DRO DO NASCIMENTO SIMAO, matricula no 44.602-5, Diretor, Simbolo DFG-14, da Diretoria de
Contas da Subsecretaria de Auditoria da Secretaria de Fazenda e Planejamento do Distrito Federal, no
periodo de 8 a 27 de outubro de 2001, por motivo de ferias regulamentares"
4,Substituição de Funções, OLAVO GONCALVES DE FARIAS,21.488-8,nan,nan,nan,nan,nan,nan,nan,nan,nan,nan,nan,nan,"Designar OLAVO GONCALVES DE FARIAS, matricula no 21.488-8, Chefe do Nucleo de
Transportes/SUAOP/SEFP, como executor do Contrato no 30/2001-SEFP, celebrado entre o Distrito
Federal, por meio desta Secretaria, e a Firma Barros Automoveis Ltda., objetivando a prestacao de
servicos a serem executados de forma continua, correspondentes a prestacao de servicos de manuten-
cao preventiva e corretiva nos 15 (quinze) veiculos marca FORD pertencentes a frota oficial da
Secretaria de Fazenda e Planejamento do Distrito Federal, incluindo retifica de motores e aplicacao
de pecas e acessorios genuinos com controle de qualidade da montadora"
5,Substituição de Funções,  AMARILDO ALVES BARAUNA,nan,nan,nan,nan,nan,nan,nan,nan,nan,nan,nan,nan,nan,"Designar  AMARILDO ALVES BARAUNA, EXECUTOR  do Convenio CA no 06/99-16-ANVISA/
MS, celebrado entre a   Uniao Federal, atraves da Agencia Nacional de Vigilancia Sanitaria  ANVISA,
com a interveniencia Banco do Brasil S/A, e a Secretaria de Estado de Saude do Distrito Federal, em
28 de agosto  de 2001"
6,Substituição de Funções, a servidora KAZUMI KURODA SETTE SILVA,129.649-3,nan,nan,nan,nan,nan,nan,nan,nan,nan,nan,nan,nan,"Designar a servidora KAZUMI KURODA SETTE SILVA, Engenheira, matricula no 129.649-3,
EXECUTORA do Contrato no 072/2001-SES/DF, celebrado entre o Distrito Federal, por intermedio
da Secretaria de Estado de Saude e a firma MC ENGENHARIA LTDA., em 21 de setembro de 2001"
7,Substituição de Funções, a servidora Silvany Candida Matias,115.861-9,nan,135.077-3,nan,nan,nan,nan,nan,nan,nan,nan,nan,nan,"Designar a servidora Silvany Candida Matias, Assistente Intermediario de Saude (Agente de Saude
Publica), Matricula no 115.861-9,  para Defensor Dativo da servidora Efigenia de Fatima de Oliveira,
Assistente Intermediario de Saude (Auxiliar de Enfermagem), Matricula no 135.077-3, envolvida no
processo no 061.030767/2000"
8,Substituição de Funções, a servidora SANDRA MARIA PEREIRA LIMA,nan,nan,nan,nan,nan,nan,nan,nan,nan,nan,nan,nan,nan,"DESIGNAR a servidora SANDRA MARIA PEREIRA LIMA, AUX"
9,Substituição de Funções, a servidora Maria Vera Lucia Pimentel de Araujo,91.092-9,"a Chefe do Nucleo de Pessoal Cedido da Gerencia de Pessoal
Ativo da Diretoria de Recursos Humanos da Subsecretaria de Apoio Operacional da Secretaria de
Estado de Saude do Distrito Federal",nan,nan,DFG-07,nan,nan,nan,nan,nan,nan,nan,nan,"Designar a servidora Maria Vera Lucia Pimentel de Araujo, Tecnico de Administracao Publica,
Matricula no 91.092-9, para substituir a Chefe do Nucleo de Pessoal Cedido da Gerencia de Pessoal
Ativo da Diretoria de Recursos Humanos da Subsecretaria de Apoio Operacional da Secretaria de
Estado de Saude do Distrito Federal, Simbolo DFG-07, no periodo de 09 a 11 e 12 a 21 de julho de
2001, por motivo de  Licenca Medica e Ferias, respectivamente"
10,Substituição de Funções, o servidor Francisco das Chagas Barbosa Carvalho,21.645-3,"o Chefe do Nucleo de Protocolo da Gerencia de Comunicacao
Administrativa da Diretoria de Apoio Logistico e Material da Subsecretaria de Apoio Operacional da
Secretaria de Estado de Saude do Distrito Federal",nan,nan,DFG-07,nan,nan,nan,nan,nan,nan,nan,nan,"Designar o servidor Francisco das Chagas Barbosa Carvalho, Tecnico de Administracao Publica,
Matricula no 21.645-3, para substituir o Chefe do Nucleo de Protocolo da Gerencia de Comunicacao
Administrativa da Diretoria de Apoio Logistico e Material da Subsecretaria de Apoio Operacional da
Secretaria de Estado de Saude do Distrito Federal, Simbolo DFG-07, no periodo de 02 a 31 de janeiro
de 2002, por motivo de Ferias"
11,Substituição de Funções, o servidor Mario Ronaldo dos Santos,100.605-3,"o Chefe do Nucleo de Toxicologia da Gerencia de Controle e Qualidade de
Produtos e Ambientes do Laboratorio Central de Saude Publica da Subsecretaria de Vigilancia a Saude
da Secretaria de Estado de Saude do Distrito Federal",nan,nan,DFG-10,nan,nan,nan,nan,nan,nan,nan,nan,"Designar o servidor Mario Ronaldo dos Santos, Analista de Administracao Publica, Matricula no
100.605-3, para substituir o Chefe do Nucleo de Toxicologia da Gerencia de Controle e Qualidade de
Produtos e Ambientes do Laboratorio Central de Saude Publica da Subsecretaria de Vigilancia a Saude
da Secretaria de Estado de Saude do Distrito Federal, Simbolo DFG-10, no periodo de 19 de novembro
a 18 de dezembro de 2001, por motivo de Ferias"
12,Substituição de Funções, a servidora  CLAUDIA BARBOSA DOS SANTOS BARROS,100766-1,o Chefe do Servico de Distribuicao,nan,nan,DFG-11,nan,nan,nan,nan,nan,nan,nan,nan,"Designar a servidora  CLAUDIA BARBOSA DOS SANTOS BARROS, matricula 100766-1,para
substituir o Chefe do Servico de Distribuicao, simbolo DFG-11, no periodo de 10 a 19 de setembrode
2001, por motivo de ferias regulamentares do titular"
13,Substituição de Funções, WELLINGTON ANTONIO DA SILVA,123.865-5,nan,128.006-6,nan,nan,nan,nan,nan,nan,nan,nan,nan,nan,"Designar WELLINGTON ANTONIO DA SILVA, matricula no 123.865-5, SATURNINO PIRES FI-
LHO, matricula no 128.006-6, MARCOS ANTONIO G"
14,Substituição de Funções, IONE VILELA DIAS,109.656-7,nan,111.289-9,nan,nan,nan,nan,nan,nan,nan,nan,nan,nan,"Designar IONE VILELA DIAS, matricula no 109.656-7, FRANCISCO TAIVONE PEREIRA, matri-
cula no 137.086-3, ANTONIO PEDRO TORRES, matricula no 111.289-9, CLAUDIA MARIA LO-
PES SILVA DE CASTRO, matricula  no  133.385-2,para, sob a presidencia do primeiro, comporem
Comissao de Inventario fisico dos bens moveis  em uso da Fundacao Hospitalar do Distrito federal 
em processo de extincao, correspondente ao exercicio de 2001, do Centro de Orientacao Medico-
Psicopedagogica/SES"
15,Substituição de Funções, FLAVIO COSTA RABELO NETO,133.942-7,nan,30.844-7,nan,nan,nan,nan,nan,nan,nan,nan,nan,nan,"Designar FLAVIO COSTA RABELO NETO, matricula no 133.942-7, JOSE RAIMUNDO DE AL-
MEIDA SANTOS, matricula no 30.844-7, RUBENS RIBEIRO DE SOUZA,  matricula no 130.873-4,
SARAH ALVES DE OLIVEIRA, matricula no 133.462-0,  GEORGE EMANUEL DA SILVA ,matricula
360.625-2, para, sob a presidencia do primeiro, comporem Comissao de Inventario fisico dos bens
moveis  em uso da Fundacao Hospitalar do Distrito federal  em processo de extincao, corresponden-
te ao exercicio de 2001, da Administracao Central"
16,Substituição de Funções, MARIA IZABEL DA CONCEICAO SANTOS,116.234-9,nan,110.423-3,nan,nan,nan,nan,nan,nan,nan,nan,nan,nan,"Designar MARIA IZABEL DA CONCEICAO SANTOS, matricula no 116.234-9, SEBASTIAO DO
PRADO MORAIS, matricula no 110.423-3, JAIRO GOMES BRANDAO,  matricula no 112.615-6,
WILMAR GOMES DA SILVA, matricula no 131.926-4, VALDEMAR GOMES CHAVES NETO,
matricula 135.403-5, NIOMAR COELHO DE CASTRO, matricula no 111.061-6, WANDERLEY
HERCULANO DA SILVA, matricula no 127.663-8,para, sob a presidencia do primeiro, comporem
Comissao de Inventario fisico dos bens moveis  em uso da Fundacao Hospitalar do Distrito Federal 
em processo de extincao, correspondente ao exercicio de 2001, do Hospital Regional de Planaltina"
17,Substituição de Funções, FRANCISCO LISVONE S,nan,nan,nan,nan,nan,nan,nan,nan,nan,nan,nan,nan,nan,Designar FRANCISCO LISVONE S
18,Substituição de Funções, EUMAR ALVES BRUM,136.865-6,nan,120.826-8,nan,nan,nan,nan,nan,nan,nan,nan,nan,nan,"Designar EUMAR ALVES BRUM, matricula no 136.865-6, JOSE WILSON DA SILVA, matricula no
120.826-8, ADONIS S"
19,Substituição de Funções, ANDREA FIUZA FREIRE,137.121-5,nan,118.226-9,nan,nan,nan,nan,nan,nan,nan,nan,nan,nan,"Designar ANDREA FIUZA FREIRE, matricula no 137.121-5, JOSE CARLOS LEANDRO, matricula
no 118.226-9, WALMUCIO ANTUNES LIMA,  matricula no 117.958-6, CARLOS ALBERTO BRA-
GA LIRA, matricula no 109.596-0, EDSON TOMAS DE LIMA, matricula 120.840-3, JOSE RAMI-
RES DE LIMA, matricula no 131.233-2, RAMIRES NONATO CARNEIRO, matricula no 120.149-2,
para, sob a presidencia do primeiro, comporem Comissao de Inventario fisico dos bens moveis  em
uso da Fundacao Hospitalar do Distrito federal  em processo de extincao, correspondente ao
exercicio de 2001, do Hospital Regional da Asa Sul"
20,Substituição de Funções, LUCIO MARIA MACEDO FRANCA,137.120-7,nan,119.242-6,nan,nan,nan,nan,nan,nan,nan,nan,nan,nan,"Designar LUCIO MARIA MACEDO FRANCA, matricula no 137.120-7, ANTONIO NETO DE
SOUSA, matricula no 119.242-6, GIDEON SANTANA LEITAO , matricula no 113.694-1, JOSE
RIBAMAR MARTINS JORGE , matricula    no 126.064-2, DEBLEISON BREDA, matricula  118.941-
7, BENEDITO PEREIRA TELES, matricula no 124.227-X, SONIA MARIA BORBA SALES MOREI-
RA, matricula no 136.837-1, MARCOS CAJADO DE ARAUJO, matricula 105.446-5, para, sob a
presidencia do primeiro, comporem Comissao de Inventario fisico dos bens moveis  em uso da
Fundacao Hospitalar do Distrito federal  em processo de extincao, correspondente ao exercicio de
2001, do Hospital de Base do DF  HBDF"
21,Substituição de Funções, ROMMILTON VIEIRA DE SOUSA,113.861-8,nan,nan,nan,nan,nan,nan,nan,nan,nan,nan,nan,nan,"Designar ROMMILTON VIEIRA DE SOUSA, matricula no 113.861-8, LUCIA DE LOURDES DE A"
22,Substituição de Funções, LEOPOLDO DE SIQUEIRA RIBEIRO,119.504-2,nan,125.093-0,nan,nan,nan,nan,nan,nan,nan,nan,nan,nan,"Designar LEOPOLDO DE SIQUEIRA RIBEIRO, matricula no 119.504-2, ADOMILSON BORGES
BARROS, matricula no 125.093-0, VALDEMIR NOGUEIRA DA MOTA, matricula no 115.658-6,
JAIR VIEIRA GONCALVES FILHO, matricula no 127.880-1, CEZARINETE FONTINELLE VA-
RAO, matricula 124.483-3, ROSIDEILE DA SILVA MARQUES, matricula no 133.049-7,JOSE SI-
NELSON FILHO, matricula no 121.705-4, VERNON RODRIGUES DE OLIVEIRA, matricula 110.673-
2, para, sob a presidencia do primeiro, comporem Comissao de Inventario fisico dos bens moveis  em
uso da Fundacao Hospitalar do Distrito federal  em processo de extincao, correspondente ao
exercicio de 2001, do Hospital Regional de Taguatinga"
23,Substituição de Funções, MOACIR MARTINS CARLOS,127.652-2,nan,119.974-9,nan,nan,nan,nan,nan,nan,nan,nan,nan,nan,"Designar MOACIR MARTINS CARLOS, matricula no 127.652-2, ADEMAR GAMA PIRES, matricu-
la no 118.050-9, SERGIO LOPES PARANHOS,  matricula no 119.974-9, CARMEM SOARES MO-
REIRA DOS SANTOS, matricula no 121.392-7, LUCY MARY MELO DOS SANTOS FARIAS,
matricula 122.689-4, BERIVAN FEREIRA DE CASTRO, matricula no 121.914-6, SEBASTIAO
TITO ALVES, matricula no 118.733-3, LUCIO MORATO, matricula 115.050-2, CARLOS JOSE
AMANCIO DE OLIVEIRA,  matricula 126.940-2 , VALTER SOARES LEITE, matricula 80519
ICS,para, sob a presidencia do primeiro, comporem Comissao de Inventario fisico dos bens moveis
em uso da Fundacao Hospitalar do Distrito federal  em processo de extincao, correspondente ao
exercicio de 2001, do Hospital Regional de Sobradinho"
24,Substituição de Funções, VERA LUCIA VILELA DIAS,114.911-3,nan,137.071-2,nan,nan,nan,nan,nan,nan,nan,nan,nan,nan,"Designar VERA LUCIA VILELA DIAS, matricula no 114.911-3, CARLOS ALBERTO DE LIMA
PINHEIRO, matricula no 137.071-2, ENI NEVES DA SILVA, matricula no 137.962-3, MARCOS
ANTONIO SILVA LEAL, matricula no 128.138-1, LEA FERNANDA DOS SANTOS, matricula
139.364-2,  para, sob a presidencia do primeiro, comporem Comissao de Inventario fisico dos bens
moveis  em uso da Fundacao Hospitalar do Distrito federal  em processo de extincao, corresponden-
te ao exercicio de 2001, do Instituto de Saude Mental  ISM"
25,Substituição de Funções, JOSEFA GARCIA MARQUES,108.599-9,nan,100.757-2,nan,nan,nan,nan,nan,nan,nan,nan,nan,nan,"Designar JOSEFA GARCIA MARQUES, matricula no 108.599-9, BENEDITO NUNES DA SILVA
FILHO, matricula no 100.757-2, BRUNO GARBI, matricula no 136.891-5, EDSON JOSE DA SILVA,
matricula no 115.138-0, JOSE S"
26,Substituição de Funções, CELIA MARIA GONCALVES KRAWCZYK,113.749-2,nan,120.487-4,nan,nan,nan,nan,nan,nan,nan,nan,nan,nan,"Designar CELIA MARIA GONCALVES KRAWCZYK, matricula no 113.749-2, GOIANO GOMES
DE MOURA, matricula no 120.487-4, LUIZ DE ARAUJO DE CARVALHO, matricula no 122.230-9,
ANTONIO JOSE DE CARVALHO, matricula no 126.576-8,DAUBERSON DA SILVEIRA MELO,
matricula  11.213-9, MARLENE ALVES DA SILVA, matricula no 122.842-0, MARIVALDO DE
BARROS, matricula no 112.381-5, para, sob a presidencia do primeiro, comporem Comissao de
Inventario fisico dos bens moveis  em uso da Fundacao Hospitalar do Distrito federal  em processo
de extincao, correspondente ao exercicio de 2001, do Hospital Regional de Brazlandia  HRBz"
27,Substituição de Funções, ALVARO RIBEIRO PAIVA DE A,nan,nan,nan,nan,nan,nan,nan,nan,nan,nan,nan,nan,nan,Designar ALVARO RIBEIRO PAIVA DE A
28,Substituição de Funções, o servidor HELENILSON DOS SANTOS LEITAO,n.o,ANTONIO JOAQUIM DE SOUZA,n.o 104.686-1,"ocupante do Cargo em Co-
missao",DFG,nan,nan,nan,"Secretaria de Estado de Acao Social do Distrito Federal, no periodo de 02 a 31.08.2001,
por motivo de ferias regulamentares do Titular",nan,nan,nan,nan,"Designar o servidor HELENILSON DOS SANTOS LEITAO, matricula n.o 101.783-7, Assessor, para
substituir ANTONIO JOAQUIM DE SOUZA, matricula n.o 104.686-1, ocupante do Cargo em Co-
missao, Simbolo DFG 13, de Diretor do Centro de Albergamento Conviver, da Diretoria de Assis-
tencia Social, da Secretaria de Estado de Acao Social do Distrito Federal, no periodo de 02 a 31.08.2001,
por motivo de ferias regulamentares do Titular"
29,Substituição de Funções, o servidor DEMETRIO PEREIRA DE BRITO,37.902-6,"o
servidor AURELIO HENRIQUE POLEY MALACCO",92.256-0,"no Cargo em Comis-
sao de Encarregado",DFG-05,nan,nan,nan,nan,nan,nan,nan,nan,"Designar o servidor DEMETRIO PEREIRA DE BRITO, matricula no 37.902-6, para substituir o
servidor AURELIO HENRIQUE POLEY MALACCO, matricula no 92.256-0, no Cargo em Comis-
sao de Encarregado, Simbolo DFG-05, da Gerencia de Fiscalizacao e Vistoria, da Coordenacao Opera-
cional do Departamento Metropolitano de Transportes Urbanos do Distrito Federal, por motivo de
ferias regulamentares do titular, no periodo de 02/12/2001 a 31/12/2001"
30,Substituição de Funções, o servidor PETRONAH DE CASTRO E SILVA,25.525-4,nan,nan,nan,nan,nan,nan,nan,nan,nan,nan,nan,nan,"DESIGNAR o servidor PETRONAH DE CASTRO E SILVA, Agente de Policia, matricula 25.525-4,
para desempenhar as funcoes de Executor dos contratos celebrados entre o Distrito Federal, por
intermedio da Policia Civil, e as empresas Fipel Comercial de Fitas e Papeis Ltda., Cesar Reis Office
Products Ltda., Distribuidora ABC de Papeis Ltda., Reifas Comercial Ltda., Olivetti do Brasil S/A"
31,Substituição de Funções, o servidor PETRONAH DE CASTRO E SILVA,25.525-4,nan,nan,nan,nan,nan,nan,nan,nan,nan,nan,nan,nan,"DESIGNAR o servidor PETRONAH DE CASTRO E SILVA, Agente de Policia, matricula 25.525-4,
para desempenhar as funcoes de Executor do contrato celebrado entre o Distrito Federal, por inter-
medio da Policia Civil, e a empresa Max Clean Comercio, Servicos, Importacao e Exportacao Ltda.,
objeto do processo 052.001.032/2001, que dispoe sobre a aquisicao de material de consumo consoan-
te Ata de Registro de Precos No 15/2000-SCL para a PCDF, cujas atribuicoes estao previstas na
Instrucao Normativa No.10/97, publicada no Diario Oficial do Distrito Federal No 88, de 12 de abril
de 1997 e no Decreto No"
32,Substituição de Funções, o servidor SILVIO BOCON,39.589-7,nan,nan,nan,nan,nan,nan,nan,nan,nan,nan,nan,nan,"DESIGNAR o servidor SILVIO BOCON, Perito Criminal, matricula 39.589-7, para desempenhar as
funcoes de Executor do contrato celebrado entre o Distrito Federal, por intermedio da Policia Civil,
e a Fundacao de Empreendimentos Cientificos e Tecnologicos, objeto do processo 052.001.177/
2001, que dispoe sobre inscricao do servidor Roberto Rabethge no Curso de Engenharia de Seguranca
do Trabalho, cujas atribuicoes estao previstas na Instrucao Normativa no.10/97, publicada no Diario
Oficial do Distrito Federal no 88, de 12 de abril de 1997 e no Decreto no"
33,Substituição de Funções, o servidor PETRONAH DE CASTRO E SILVA,25.525-4,nan,nan,nan,nan,nan,nan,nan,nan,nan,nan,nan,nan,"DESIGNAR o servidor PETRONAH DE CASTRO E SILVA, Agente de Policia, matricula 25.525-4,
para desempenhar as funcoes de Executor do contrato celebrado entre o Distrito Federal, por inter-
medio da Policia Civil, e a empresa Max Clean Comercio, Servicos, Importacao e Exportacao Ltda.,
objeto do processo 052.001.231/2001, que dispoe sobre a aquisicao de material de consumo consoan-
te Ata de Registro de Precos No 15/2000-SCL para a PCDF, cujas atribuicoes estao previstas na
Instrucao Normativa No.10/97, publicada no Diario Oficial do Distrito Federal No 88, de 12 de abril
de 1997 e no Decreto No"
34,Substituição de Funções, a servidora NILSON ALMEIDA QUIRINO,47.767-2,nan,nan,nan,nan,nan,nan,nan,nan,nan,nan,nan,nan,"DESIGNAR a servidora NILSON ALMEIDA QUIRINO, Agente de Policia, matricula 47.767-2, para
desempenhar as funcoes de Executor do contrato celebrado entre o Distrito Federal, por intermedio
da Policia Civil, e a empresa Associacao Brasileira de Orcamento Publico, objeto do processo
0052.001.255/2001, que dispoe sobre a inscricao de um servidor no XIII Curso de Planejamento e
Orcamento Publico, cujas atribuicoes estao previstas na Instrucao Normativa no.10/97, publicada no
Diario Oficial do Distrito Federal no 88, de 12 de abril de 1997 e no Decreto no"
35,Substituição de Funções, o servidor NERCIZE GONCALVES DA MOTA,34.209-2,nan,nan,nan,nan,nan,nan,nan,nan,nan,nan,nan,nan,"DESIGNAR o servidor NERCIZE GONCALVES DA MOTA, Agente de Policia, matricula 34.209-2,
para desempenhar as funcoes de Executor do contrato celebrado entre o Distrito Federal, por inter-
medio da Policia Civil, e Interbrazil Seguradora S/A, objeto do processo 052.001.927/2000, que
dispoe sobre seguro obrigatorio DPVAT dos onibus e microonibus da PCDF, durante o exercicio
financeiro de 2001, cujas atribuicoes estao previstas na Instrucao Normativa no"
36,Substituição de Funções, o servidor PETRONAH DE CASTRO E SILVA,25.525-4,nan,nan,nan,nan,nan,nan,nan,nan,nan,nan,nan,nan,"DESIGNAR o servidor PETRONAH DE CASTRO E SILVA, Agente de Policia, matricula 25.525-4,
para desempenhar as funcoes de Executor do contrato celebrado entre o Distrito Federal, por inter-
medio da Policia Civil, e a empresa Barros Auto Pecas e Servicos Ltda., objeto do processo 052.000.777/
2001, que dispoe sobre a aquisicao de reservatorio para agua potavel para a PCDF, cujas atribuicoes
estao previstas na Instrucao Normativa No.10/97, publicada no Diario Oficial do Distrito Federal No
88, de 12 de abril de 1997 e no Decreto No"
37,Substituição de Funções, o servidor PETRONAH DE CASTRO E SILVA,25.525-4,nan,nan,nan,nan,nan,nan,nan,nan,nan,nan,nan,nan,"DESIGNAR o servidor PETRONAH DE CASTRO E SILVA, Agente de Policia, matricula 25.525-4,
para desempenhar as funcoes de Executor dos contratos celebrados entre o Distrito Federal, por
intermedio da Policia Civil, e as empresas Cesar Reis Office Products Ltda"
38,Substituição de Funções, o servidor BENEDITO GILVANE CASCARDO,31.548-6,nan,nan,nan,nan,nan,nan,nan,nan,nan,nan,nan,nan,"DESIGNAR o servidor BENEDITO GILVANE CASCARDO, Agente de Policia, matricula 31.548-6,
para desempenhar as funcoes de Executor dos contratos celebrados entre o Distrito Federal, por
intermedio da Policia Civil, e as empresas FIAT AUTOMOVEIS S/A E GENERAL MOTORS DO
BRASIL LTDA, objeto do processo 052.000.527/2001, que dispoe sobre aquisicao de veiculos para a
PCDF, cujas atribuicoes estao previstas na Instrucao Normativa no"
39,Substituição de Funções," a Inspetora de Obra e o respectivo setor onde se localiza a construcao a ser fiscalizada ate
ulterior deliberacao",nan,nan,nan,nan,nan,nan,nan,nan,nan,nan,nan,nan,nan,"Designar a Inspetora de Obra e o respectivo setor onde se localiza a construcao a ser fiscalizada ate
ulterior deliberacao"
40,Substituição de Funções, para compor o Grupo Tarefa os servidores,nan,nan,nan,nan,nan,nan,nan,nan,nan,nan,nan,nan,nan,"Designar para compor o Grupo Tarefa os servidores: Marcello Sayegh, mat"
41,Substituição de Funções,nan,nan,nan,95.473-X,nan,nan,nan,nan,nan,nan,nan,nan,nan,nan,"DESIGNAR, para compor o Grupo Tarefa  os servidores, DACLIMAR AZEVEDO DE CASTRO,
matricula no 95.474-8, Diretor da Divisao Regional de Obras Publicas, como Coordenador e como
membros: FERNANDO JOSE OLIVEIRA MIRANDA, matricula 95.473-X, Diretor da Divisao Regi-
onal de Exame e Aprovacao de Projetos e ADRIANA VILLELA DE SOUZA ARAUJO, matricula
92.168-8,  Diretora da Divisao Regional de Licenciamento e Fiscalizacao de Obras"
