,Tipo do Ato,Nome do Servidor Substituto,Matrícula do Servidor Substituto,Nome do Servidor a ser Substituido,Matrícula do Servidor a ser SubstituidoCargo,Símbolo do cargo do servidor substituto,Cargo comissionado objeto da substituição,Símbolo do cargo do objeto da substituição,Símbolo do cargo comissionado objeto da substituição,Hierarquia da Lotação,Órgão,Data Inicial da Vigência,Data Final de Vigência,Matrícula SIAPE,Motivo,text
0,Substituição de Funções, a servidora VICENCIA CAETANO DOS SANTOS MONTEIRO,o,"VERA LUCIA
VELOSO GIANINI",o 95.270-2,Gerente de Informatica,DFG-02,nan,,nan,nan,nan,nan,nan,nan,"Designar a servidora VICENCIA CAETANO DOS SANTOS MONTEIRO, matricula n o 108.856-
4, do cargo em comissao de Encarregado da Gerencia de Informatica, Simbolo DFG-02, da
Agencia de Desenvolvimento do Turismo do Distrito Federal,  para substituir VERA LUCIA
VELOSO GIANINI, matricula n o 95.270-2, Gerente de Informatica, simbolo DFG-11, da Agen-
cia de Desenvolvimento do Turismo do Distrito Federal, por motivo de ferias do titular, no
periodo de 31.12.2001 a 19.01.2002"
1,Substituição de Funções, CIRO PEREIRA MATOS FILHO,30.894-3,"MARIA
ESTEFANIA DOS SANTOS",30.839-0,Chefe,DFG-10,nan,nan,nan,nan,nan,nan,nan,nan,"Designar CIRO PEREIRA MATOS FILHO, matricula no 30.894-3, para substituir MARIA
ESTEFANIA DOS SANTOS, matricula no 30.839-0, Chefe, Simbolo DFG-10, do Nucleo de
Responsabilidade Patrimonial da Gerencia de Registro e Controle Patrimonial da Diretoria Geral
de Patrimonio da Subsecretaria de Financas da Secretaria de Fazenda e Planejamento do Distrito
Federal, no periodo de 7 de janeiro a 5 de fevereiro de 2002, por motivo de ferias regulamentares"
2,Substituição de Funções, LUCINEIDE SILVA DE SOUZA MAGALHAES,30.900-1,nan,25.810-5,nan,DFG-10,nan,nan,nan,nan,nan,nan,nan,nan,"Designar LUCINEIDE SILVA DE SOUZA MAGALHAES, matricula no 30.900-1, para substi-
tuir IVANILDA SOUSA PEREIRA DE MESQUITA, matricula no 25.810-5, Chefe do Nucleo de Secretarias de Estado, Simbolo DFG-10, da Gerencia de Controle e Analise Contabil da Diretoria
Geral de Contabilidade da Subsecretaria de Financas da Secretaria de Fazenda e Planejamento do
Distrito Federal, no periodo de 6 de dezembro de 2001 a 5 de abril de 2002, por motivo de licenca
maternidade"
3,Substituição de Funções, o Coordenador da Coordenacao de Desenvolvimento de Recursos Humanos  CO,nan,nan,nan,nan,nan,nan,nan,nan,nan,nan,nan,nan,nan,"Designar o Coordenador da Coordenacao de Desenvolvimento de Recursos Humanos  CO-
DERH, como EXECUTOR do Termo de Cooperacao Tecnica no 007/2001, celebrado entre a
Secretaria de Estado da Saude do Distrito Federal e a Secretaria de Estado de Educacao do
Distrito Federal"
4,Substituição de Funções, LUCIA SPERANTA ROSIU,118.279-0,nan,nan,nan,nan,nan,nan,nan,nan,nan,nan,nan,nan,"Designar LUCIA SPERANTA ROSIU, Chefe da UGO/HRC, matricula no 118.279-0, EXE-
CUTORA do Convenio no 582/2001, celebrado entre o Distrito Federal, por intermedio da
Secretaria de Estado de Saude e a Uniao Federal, por intermedio do Ministerio da Saude"
5,Substituição de Funções, SIMONE FERREIRA DE BRITO,127.729-4,nan,134.789-6 e STANLEY PINHEIRO PORTO,nan,nan,nan,nan,nan,nan,nan,nan,nan,nan,"Designar SIMONE FERREIRA DE BRITO, matricula no 127.729-4, MARIA LUCIA DA
SILVA, matricula no 134.789-6 e STANLEY PINHEIRO PORTO, matricula no 43.352-7 para,
sob a presidencia do primeiro, comporem Comissao de Processo Administrativo Disciplinar,
incumbida de apurar os fatos constantes do processo no 060.004.708/2000"
6,Substituição de Funções, o servidor Gilberto Martins Pereira,122.451-4,"a Chefe do Nucleo de Processamento de Contas do SIA e
SIH da Gerencia de Apoio Operacional do HRGu",nan,nan,DFG,nan,nan,nan,nan,nan,nan,nan,nan,"Designar o servidor Gilberto Martins Pereira, Agente Administrativo, Terceira Classe, Padrao V,
Matricula 122.451-4, para substituir a Chefe do Nucleo de Processamento de Contas do SIA e
SIH da Gerencia de Apoio Operacional do HRGu, simbolo DFG - 05, no periodo de 02/01/2002 a 16/01/2002,  por motivo de ferias da titular, conforme Memorando n.o 086/2001- GAO/HRGu,
datado de 28 de novembro de  2001"
7,Substituição de Funções, a servidora Eunice Falcao de Araujo,124.388-8,"a  Gerente
da Gerencia de Atencao Medica e  Assistencial do HRGu",nan,nan,DFG,nan,,nan,nan,nan,nan,nan,nan,"Designar a servidora Eunice Falcao de Araujo, Medico Pediatra, Chefe da Unidade de Pediatria,
simbolo DFG - 05, Primeira Classe, Padrao VI, Matricula 124.388-8, para substituir a  Gerente
da Gerencia de Atencao Medica e  Assistencial do HRGu, simbolo DFG - 09, no periodo de 07/
01/2002 a 05/02/2002,  por motivo de ferias da titular, conforme Memorando n.o 312/2001 -
DRSGu,  datado de 29 de novembro de  2001"
8,Substituição de Funções, o servidor Pedro David Fernandes Sena,139.427-4,"a Chefe do Nucleo de Educacao e Treinamento em
Saude da Gerencia de Atencao Medica e Assistencial do HRGu",nan,nan,DFG,nan,nan,nan,nan,nan,nan,nan,nan,"Designar o servidor Pedro David Fernandes Sena, Agente Administrativo,  Terceira Classe, Pa-
drao I, Matricula 139.427-4, para substituir a Chefe do Nucleo de Educacao e Treinamento em
Saude da Gerencia de Atencao Medica e Assistencial do HRGu, simbolo DFG - 05, no periodo  de
02/01/2002 a 31/01/2002, por motivo de ferias da titular, conforme Memorando n.o 318/2001 -
DRSGu, datado de 29 de novembro de 2001"
9,Substituição de Funções, o servidor Benedito Nunes da Silva Filho,100.757-2,"o Chefe do
Nucleo de Apoio Operacional do Centro de Saude n",nan,nan,DFG,nan,,nan,nan,nan,nan,nan,nan,"Designar o servidor Benedito Nunes da Silva Filho, Agente Administrativo, Chefe do
Nucleo de Regulacao, Controle e Avaliacao do Centro de Saude n.o 03/RSGu, simbolo
DFG - 04,  Classe Especial, Padrao V, Matricula 100.757-2, para substituir o Chefe do
Nucleo de Apoio Operacional do Centro de Saude n.o 03 da  Diretoria Regional de  Saude
do Guara, simbolo DFG - 05, no periodo  de 02/01/2002 a 31/01/2002, por motivo de
Ferias do titular, conforme Memorando n.o 103/2001 - CSGu 03, datado de 26 de novem-
bro  de  2001"
10,Substituição de Funções, o servidor Leonardo de Araujo Tome,134.925-2,a Chefe do Nucleo de Material e Patrimonio da Geren,nan,nan,DFG,nan,nan,nan,nan,nan,nan,nan,nan,"Designar o servidor Leonardo de Araujo Tome, Agente Administrativo, Terceira Classe, Padrao
VII, Matricula 134.925-2, para substituir a Chefe do Nucleo de Material e Patrimonio da Geren-
cia de Apoio Operacional do HRGu, simbolo  DFG - 04, no periodo de 07/01/2002 a 05/02/2002,
por motivo de ferias da titular, conforme Memorando n.o 159/2001 - NMP/HRGu, datado de 22
de novembro de 2001"
11,Substituição de Funções, os servidores RAIMUNDO ALBERTO DUMONT,102.054-4,nan,n.o 102.752-2,nan,nan,nan,nan,nan,nan,nan,nan,nan,nan,"Designar os servidores RAIMUNDO ALBERTO DUMONT, matricula 102.054-4,
representante da Diretoria de Apoio Operacional; RAIMUNDO AMANCIO DE SOUZA GE-
NOVA, matricula n.o 102.752-2, representante da Diretoria de Recursos Humanos; MANOEL
LUIZ CAMILO DE MORAES ANTUNES, matricula no 44.150-3, integrante da Comissao
Especial de Licitacao que executa a Concorrencia  no 010/2001  NOVACAP; RICARDO DE
FRANCO CIPRIANO ARAUJO, matricula no 103.978-4, representante da Gerencia de Admi-
nistracao de Necropoles e Servicos Funerarios para, sob a presidencia do primeiro e no prazo de
30 (trinta) dias, proceder ao inventario situacional das Necropoles do Distrito Federal relativo
aos aspectos materiais, humanos, patrimoniais, cartoriais, fisicos e outros considerados relevan-
tes, visando instrumentalizar a finalizacao do processo de terceirizacao"
12,Substituição de Funções, ISABEL REGINA BRASIL PASCHOAL,n.o,PAULO CESAR CARVALHO OLIVIERI,n.o 97.305-X,"ocupante do
Cargo em Comissao",CNE,nan,nan,nan,nan,nan,nan,nan,nan,"Designar ISABEL REGINA BRASIL PASCHOAL, matricula n.o 92.838-0, Chefe de Gabinete,
para substituir PAULO CESAR CARVALHO OLIVIERI, matricula n.o 97.305-X, ocupante do
Cargo em Comissao, Simbolo CNE 05, de Secretario-Adjunto da Secretaria de Estado de Acao
Social do Distrito Federal, no periodo de 17.12.2001 a 07.01.2002, por motivo de ferias regula-
mentares da Titular"
13,Substituição de Funções, os servidores Genesio Anacleto Tolentino,43.618-6,nan, 93.246-9,nan,nan,nan,nan,nan,nan,nan,nan,nan,nan,"Designar os servidores Genesio Anacleto Tolentino, matricula no 43.618-6, Francisco Jose de
Campos Amaral, matricula no  93.246-9, Armin Arnaldo Pfrimer, matricula no 93.837-8 e Mauri-
cio Canovas Segura, matricula no 23.791-4, para, sob a presidencia do primeiro, secretariada por
Iara Maria Martins dos Santos Miranda, matricula 95.587-6, constituirem Comissao Especial de
Licitacao, com a finalidade de proceder a realizacao de licitacao, na modalidade Concorrencia
Publica Internacional,  para a contratacao de empresa de consultoria para elaboracao do Plano de
Gerenciamento Integrado de Recursos Hidricos relativo ao Programa de Saneamento Basico no
DF, conforme contrato no 1288/OC-BR firmado pela Governo do Distrito Federal do Brasil com
o Banco Interamericano de Desenvolvimento  BID"
14,Substituição de Funções, o Inspetor de Atividades Urbanas SANDRO JARDIM DE OLIVEIRA,0108.568-9,nan,nan,nan,nan,nan,nan,nan,nan,nan,nan,nan,nan,"Designar o Inspetor de Atividades Urbanas SANDRO JARDIM DE OLIVEIRA, matricula no
0108.568-9, EXECUTOR do Contrato no 183/2001-SO, nos Termos do Padrao no 11/96, firmado
entre o Distrito Federal, por meio da Secretaria de Infra-Estrutura e Obras e a Companhia
Urbanizadora da Nova Capital do Brasil  NOVACAP, objetivando a execucao de pavimentacao
asfaltica, meios-fios e drenagem pluvial na Via de Ligacao da Quadra 05 do Setor Sul do Gama-DF"
15,Substituição de Funções, o Inspetor de Atividades Urbanas ANTONIO CARLOS RIBEIRO SILVA,0108.557-3,nan,nan,nan,nan,nan,nan,nan,nan,nan,nan,nan,nan,"Designar o Inspetor de Atividades Urbanas ANTONIO CARLOS RIBEIRO SILVA,  matricula no
0108.557-3, EXECUTOR do Contrato no 184/2001-SO, nos Termos do Padrao no 11/96, firmado
entre o Distrito Federal, por meio da Secretaria de Infra-Estrutura e Obras e a Companhia Urbaniza-
dora da Nova Capital do Brasil  NOVACAP, objetivando a execucao de drenagem pluvial na QNA 27/
28, com travessia da EPCT  em Taguatinga/DF"
16,Substituição de Funções, a Inspetora de Atividades Urbanas SILVIA CRISTINA SARDINHA MAIA,0108.581-6,nan,nan,nan,nan,nan,nan,nan,nan,nan,nan,nan,nan,"Designar a Inspetora de Atividades Urbanas SILVIA CRISTINA SARDINHA MAIA,  matricula
no 0108.581-6, EXECUTORA do Contrato no 185/2001-SO, nos Termos do Padrao no 11/96,
firmado entre o Distrito Federal, por meio da Secretaria de Infra-Estrutura e Obras e a Companhia
Urbanizadora da Nova Capital do Brasil  NOVACAP, objetivando a recuperacao de Quadra de
Esportes no Acampamento Pacheco Fernandes; execucao de passeios e complementacao de
meios-fios na Administracao da Vila Planalto e reforma da Praca Nelson Corso"
17,Substituição de Funções, o Inspetor de Atividades Urbanas ISLEAMER ABDEL KADER DOS SANTOS,0108.569-7,nan,nan,nan,nan,nan,nan,nan,nan,nan,nan,nan,nan,"Designar o Inspetor de Atividades Urbanas ISLEAMER ABDEL KADER DOS SANTOS,
matricula no 0108.569-7, EXECUTOR do Contrato no 186/2001-SO, nos Termos do Pa-
drao no 11/96, firmado entre o Distrito Federal, por meio da Secretaria de Infra-Estrutura
e Obras e a Companhia Urbanizadora da Nova Capital do Brasil  NOVACAP, objetivando
a execucao de pavimentacao asfaltica, meios-fios, passeios e drenagem pluvial nas vias em
frente as Escolas Classes das Quadras 318, 120 e 122, em Samambaia-DF"
18,Substituição de Funções, o Inspetor de Atividades Urbanas ISLEAMER ABDEL KADER DOS SANTOS,0108.569-7,nan,nan,nan,nan,nan,nan,nan,nan,nan,nan,nan,nan,"Designar o Inspetor de Atividades Urbanas ISLEAMER ABDEL KADER DOS SANTOS,
matricula no 0108.569-7, EXECUTOR do Contrato no 187/2001-SO, nos Termos do Padrao no
11/96, firmado entre o Distrito Federal, por meio da Secretaria de Infra-Estrutura e Obras e a
Companhia Urbanizadora da Nova Capital do Brasil  NOVACAP, objetivando a execucao da
pista para veiculos, portal, trilha de caminhada e duchas no Parque do Paranoa-DF"
19,Substituição de Funções, o servidor DOMINGOS DE ALMEIDA SANTIAGO,93.052-0,o servidor JUAREZ ALVES DIAS,93.594-8,Tecnico de Atividades Rodoviarias,DFG-01,nan,nan,nan,nan,nan,nan,nan,nan,"Designar o servidor DOMINGOS DE ALMEIDA SANTIAGO, matricula 93.052-0, Tecnico de
Atividades Rodoviarias, para substituir o servidor JUAREZ ALVES DIAS, matricula 93.594-8,
Tecnico de Atividades Rodoviarias, Encarregado de Manutencao Rodoviaria I/4o DR/DIOB,
simbolo DFG-01, no periodo de 02/01/2002 a 31/01/2002, por motivo de ferias regulamentares
do titular"
20,Substituição de Funções, a servidora ANA HILDA DO CARMO SILVA,94.068-2,nan,93.532-8,nan,DFG-09,nan,,nan,nan,nan,nan,nan,nan,"Designar a servidora ANA HILDA DO CARMO SILVA, matricula 94.068-2, Tecnico de Ativi-
dades Rodoviarias, Chefe do Nucleo de Compras/DMS/DIAFI, simbolo DFG-09, para substi-
tuir a servidora CELIA MARIA SIQUEIRA LEAL, matricula 93.532-8, Analista de Atividades
Rodoviarias, Chefe da Divisao de Material e Servicos/DIAFI, simbolo DFG-13, no periodo de
07/01/2002 a 05/02/2002, por motivo de ferias regulamentares da titular"
21,Substituição de Funções, os servidores Francisco Antonio Otaviano,81.300-1,nan,83.313-4,nan,nan,nan,nan,nan,nan,nan,nan,nan,nan,"Designar os servidores Francisco Antonio Otaviano, matricula no 81.300-1, Jose Aparecido
Lacerda de Souza, matricula no 83.313-4, Antonio Jose dos Santos, matricula no 75.507-9, Anto-
nio Maria Clarete Guimaraes, matricula no 74.593-6, Estelamar de Oliveira, matricula no 83.563-
3 Josemar Carlos da Rocha, matricula no 75.907-4, Osmano Jose de Mesquita, matricula no
81.862-3, Estela Mares Rodrigues, matricula no 81.060-6, Francisco do Nascimento Freitas,
matricula no 84.296-6, Francisco Alves Vieira, matricula no 82.632-4 e Osvaldo Bento, matricula
no 72.450-5, todos do QP/BELACAP para, sob a presidencia do primeiro, constituir a Comissao
Especial de Inventario Patrimonial; III"
22,Substituição de Funções, as servidoras Francisca Minako Arake Martins,84.279-6,nan,84.316-4,nan,nan,nan,nan,nan,nan,nan,nan,nan,nan,"Designar as servidoras Francisca Minako Arake Martins, matricula no 84.279-6 e Maria Lucia
Ferreira Franca, matricula no 84.316-4, ambas Assessoras desta Diretoria Geral, para executar a
tarefa de que trata o item anterior"
23,Substituição de Funções, o servidor DINISIO ANTONIO DA CRUZ,84.195-1,nan,nan,nan,DFA-11,nan,,nan,nan,nan,nan,nan,nan,"DESIGNAR o servidor DINISIO ANTONIO DA CRUZ, Assessor, Simbolo DFA-11, matricula
no 84.195-1, para, sem prejuizos de suas atuais funcoes, substituir o servidor CARLOS MOY-
SES MONTEIRO, Chefe de Gabinete do Diretor-Geral da BELACAP, Simbolo DFG-14, no
periodo  de 02.01.2002 a 16.01.2002 e  16.07.2002  a 31.07.2002, por motivo de ferias do titular"
24,Substituição de Funções, JESINALDO MACENA DE MENEZES,31.036-0,"JOSE
DILSON DE ABREU CAVALCANTE",31.038-7,"Chefe da Secao de Telex e Telefone
do Centro Integrado de Telecomunicacoes da Secretaria de Estado de Seguranca Publica do Distri-
to Federal ",nan,nan,nan,nan,nan,nan,nan,nan,nan,"Designar JESINALDO MACENA DE MENEZES, matricula 31.036-0, para substituir JOSE
DILSON DE ABREU CAVALCANTE, matricula  31.038-7, Chefe da Secao de Telex e Telefone
do Centro Integrado de Telecomunicacoes da Secretaria de Estado de Seguranca Publica do Distri-
to Federal , Codigo DFG-02, no periodo  de 14 a 23.01.2002, em virtude de ferias regulamentares ATHOS COSTA DE FARIA PORTARIA DE 11 DE DEZEMBRO DE 2001 O SECRETARIO DE SEGURANCA PUBLICA DO DISTRITO FEDERAL, no uso das atri-
buicoes que lhe confere o artigo 3o do Decreto no 3.466, de 07 de Dezembro de 1978, combinado
com o artigo 1o do Decreto no 4.671, de 01 de junho de 1979, alterado pelo Decreto 11.199, de 15
de agosto de 1988, resolve: Conceder Gratificacao pela Representacao de Gabinete, a servidora ANA CRISTINA DA MOTA
BEZERRA,  matricula 107.167-X,  pelo encargo de Auxiliar"
25,Substituição de Funções, a Agente de Policia ROSILDA FRANCISCO MENDES,57.467-,"a Tecnico de Apoio as Atividades Policiais Civis CLEIDIMAR SILVA
MAGALHAES",26.076-2,"Chefe da Secao de Apoio Administrativo/13a DP/
CPC/PCDF",DFG-02,nan,nan,nan,nan,nan,nan,nan,nan,"Designar a Agente de Policia ROSILDA FRANCISCO MENDES, matricula no 57.467-
8, para substituir a Tecnico de Apoio as Atividades Policiais Civis CLEIDIMAR SILVA
MAGALHAES, matricula no 26.076-2, Chefe da Secao de Apoio Administrativo/13a DP/
CPC/PCDF, Simbolo DFG-02, por motivo de licenca premio por assiduidade, no periodo
de 03.12.2001 a 01.01.2002"
26,Substituição de Funções, a Agente de Policia IVANETE PEREIRA BRITO,47.459-2,o Agente de Policia LUIZ DO NASCIMENTO ARAUJO,25.943-8,Chefe da Secao de Acidentes de Veiculos/30a DP/CPC/PCDF,DFG-02,nan,nan,nan,nan,nan,nan,nan,nan,"Designar a Agente de Policia IVANETE PEREIRA BRITO, matricula no 47.459-2, para
substituir o Agente de Policia LUIZ DO NASCIMENTO ARAUJO, matricula no 25.943-8,
Chefe da Secao de Acidentes de Veiculos/30a DP/CPC/PCDF, Simbolo DFG-02, por motivo de
ferias regulamentares, no periodo de 11.12.2001 a 09.01.2002"
27,Substituição de Funções, a Agente de Policia MARCIA MONICA GONCALVES,57.338-8,o Agente de Policia WELLINGTON PEREIRA DE LIMA,37.636-1,Chefe da Secao de Apoio Administrativo/19a DP/CPC/PCDF,DFG-02,nan,nan,nan,nan,nan,nan,nan,nan,"Designar a Agente de Policia MARCIA MONICA GONCALVES, matricula no 57.338-8 para
substituir o Agente de Policia WELLINGTON PEREIRA DE LIMA, matricula no 37.636-1,
Chefe da Secao de Apoio Administrativo/19a DP/CPC/PCDF, Simbolo DFG-02, por motivo de
licenca premio por assiduidade, no periodo de 11.12.2001 a 09.01.2002"
28,Substituição de Funções, o Agente de Policia MANOEL LUIZ ROCHA LEITE,31.375-0,o Agente de Policia EDIVAN LUIZ DA SILVA,46.333-7,"Chefe da Secao
de Investigacao Criminal/33a DP/CPC/PCDF",DFG-02,nan,nan,nan,nan,nan,nan,nan,nan,"Designar o Agente de Policia MANOEL LUIZ ROCHA LEITE, matricula no 31.375-0, para
substituir o Agente de Policia EDIVAN LUIZ DA SILVA, matricula no 46.333-7, Chefe da Secao
de Investigacao Criminal/33a DP/CPC/PCDF, Simbolo DFG-02, por motivo de ferias regulamen-
tares, no periodo de 11.12.2001 a 09.01.2002"
29,Substituição de Funções, o Papiloscopista Policial ROBSON ALEXANDRE MACHADO,48.566-7,o Papiloscopista Policial NARLEY JORGE ALFARO,23.811-2,Diretor da Divisao de Preparacao e Arquivo/I.I./CPT/PCDF,DFG-10,nan,nan,nan,nan,nan,nan,nan,nan,"Designar o Papiloscopista Policial ROBSON ALEXANDRE MACHADO, matricula no
48.566-7, para substituir o Papiloscopista Policial NARLEY JORGE ALFARO, matricula no
23.811-2, Diretor da Divisao de Preparacao e Arquivo/I.I./CPT/PCDF, Simbolo DFG-10, por
motivo de ferias regulamentares, no periodo de 11.12.2001 a 09.01.2002"
30,Substituição de Funções, o Papiloscopista Policial LEONARDO CESAR MENDES REIS,36.490-8,o Papiloscopista Policial GILDO FERREIRA CRUZ,35.340-X,Chefe da Secao de Classificacao/DPA/I.I./CPT/PCDF,nan,nan,nan,nan,nan,nan,nan,nan,nan,"Designar o Papiloscopista Policial LEONARDO CESAR MENDES REIS, matricula no
36.490-8, para substituir o Papiloscopista Policial GILDO FERREIRA CRUZ, matricula no
35.340-X, Chefe da Secao de Classificacao/DPA/I.I./CPT/PCDF, por motivo de licenca para
tratamento de saude, no periodo de 13.11"
31,Substituição de Funções, o Agente de Policia JOSE MARIA FERNANDES DE MATOS,31.879-5,nan,nan,nan,DFG-02,nan,nan,nan,nan,nan,nan,nan,nan,"Designar o Agente de Policia JOSE MARIA FERNANDES DE MATOS, matricula no
31.879-5, para exercer o Cargo em Comissao, Simbolo DFG-02, de Chefe da Secao de Investiga-
coes Criminais/14a DP/CPC/PCDF, a partir de 05.12.2001"
32,Substituição de Funções, o Agente de Policia WESLEY LUSTOSA TELES,47.318-9,nan,nan,nan,DFG-02,nan,nan,nan,nan,nan,nan,nan,nan,"Designar o Agente de Policia WESLEY LUSTOSA TELES, matricula no 47.318-9, para
exercer o Cargo em Comissao, Simbolo DFG-02, de Chefe da Secao de Apoio Administrativo/20a
DP/CPC/PCDF, a partir de 07.12.2001"
33,Substituição de Funções, os servidores abaixo relacionados para,96.760-2,nan,nan,nan,nan,nan,nan,nan,nan,nan,nan,nan,nan,"Designar os servidores abaixo relacionados para, sob a Coordenacao do servidor ANDRE
LUIZ DA SILVA MOURA, matricula 96.760-2, Assessor do Secretario de Meio Ambiente e
Recursos Hidricos, integrarem a Comissao da Unidade de Coordenacao Estadual do Programa
Nacional do Meio Ambiente II - UCE-DF/PNMA II:                                                                       Diario Oficial do Distrito Federal
PAGINA   25
No 241, quarta-feira, 19 de dezembro de 2001 AREA DE LICITACAO
SANDRA MOREIRA FONSECA - matricula n.o 32.947-9; AREA FINANCEIRA
MARIA DA GUIA PEREIRA DE MEDEIROS - 37.484-9; GRUPO TECNICO DO COMPONENTE: GESTAO INTEGRADA DE ATIVOS AMBIENTAIS ERIEL SINVAL CARDOSO - matricula n.o 38.081-4
LEONARDO CARVALHO LIMA - matricula n.o 108.038-5
LUCIANO GUIMARAES VIOLATTI - matricula n.o 44.083-3
MARTA MARIA GOMES DE OLIVEIRA - matricula n.o 010.4879-1
PAULO CESAR MAGALHAES FONSECA - matricula n.o 38.051-2
RENATO VARGAS PEREIRA - matricula n.o 97.395-5 GRUPO DE TECNICO DO COMPONENTE: LICENCIAMENTO AMBIENTAL JOSE CARLOS RIBEIRO REINO-matricula n.o 106.897-0
LUCIANO DE CASTRO TEIXEIRA- matricula n.o 37.447-4
MARIA DO SOCORRO ALVES DIAS- matricula 38.024-5
ROBERTO JOSE ROCHA GOMES- matricula n.o  105.114-8
RODRIGO TEIXEIRA ALVES- matricula n.o 105.156-3
WITER CAMPOS LIMA - matricula n.o 104.876-7 GRUPO DE TECNICO DO COMPONENTE: MONITORAMENTO DA QUALIDA-
DE DA AGUA JOAO BASILIO COSTALONGA SERAPHIM- matricula n.o 105.135-0
LUIZALICE BARBARO GUIMARAES LABARRERE- matricula n.o 38.084-7
MARCIO NIEMEYER BORGES- matricula n.o 50.252-9
RICARDO COSME ARRAIS MOREIRA- matricula 50.523-4
SANTINA ELISETE DE NOQUELI CASARI- matricula n.o 23.978-X
VERA REGINA ESTUQUI- matricula n.o 48.937-9 2  Esta Portaria entra em vigor na data de sua publicacao 3  Revogam-se as disposicoes em contrario"
34,Substituição de Funções, os servidores SAINT,98.428-0,nan,97.652-0,nan,nan,nan,nan,nan,nan,nan,nan,nan,nan,"Designar os servidores SAINT-CLAIR BORGES DOS SANTOS, matricula 98.428-0,
LEONARDO SIQUEIRA MACHADO, matricula 97.652-0, FRANCISCO DE SOUZA
BRAGA, matricula 107.533-0, para, sob a presidencia do primeiro, comporem a Comissao
acima citada; III  A Comissao tera prazo de 60 (sessenta) dias, a contar da data de publicacao, para concluir os
trabalhos; IV  Fica expressamente proibida a movimentacao de bens neste periodo; V  Esta Portaria entra em vigor na data de sua publicacao"
35,Substituição de Funções, a servidora JOANA BEZERRA DE REZENDE,97.872-8,nan,106.998-5,nan,DFG-12,nan,nan,nan,nan,nan,nan,nan,nan,"Designar a servidora JOANA BEZERRA DE REZENDE, matricula no 97.872-8, Assistente da
Divisao Regional de Servicos Publicos, para substituir, sem prejuizo de suas atribuicoes, o
servidor DIVINO ROSA DE SOUZA, matricula no 106.998-5, Simbolo DFG-12, diretor da
Divisao Regional de Servicos Publicos, da Administracao Regional de Taguatinga, da Secretaria de
Estado de Coordenacao das Administracoes Regionais do Distrito Federal, no periodo de 06 de
dezembro de 2001 a 04 de janeiro de 2002, por motivo de ferias regulamentares do titular"
36,Substituição de Funções, o servidor LUIZ FERNANDO COELHO NUNES,97.169-3,nan,43.611-9,nan,DFG-12,nan,nan,nan,nan,nan,nan,nan,nan,"Designar o servidor LUIZ FERNANDO COELHO NUNES, matricula no 97.169-3, Chefe do
Servico de Calculo, da Divisao Regional de Exame, Aprovacao e Elaboracao de Projetos, para
substituir, sem prejuizo de suas atribuicoes, o servidor ROGERIO MAGALHAES DE OLIVEI-
RA, matricula no 43.611-9, Simbolo DFG-12, Diretor da Divisao Regional de Licenciamento, da
Administracao Regional do Nucleo Bandeirante, da Secretaria de Estado de Coordenacao das
Administracoes Regionais do Distrito Federal, no periodo de 31 de dezembro de 2001 a 29 de
janeiro de 2002, por motivo de ferias regulamentares do titular"
37,Substituição de Funções, a servidora IVA ONORIO PEREIRA SILVA,94.929-9,nan,96.560-X,nan,DFG-12,nan,nan,nan,nan,nan,nan,nan,nan,"Designar a servidora IVA ONORIO PEREIRA SILVA, matricula no 94.929-9, Assistente da
Divisao de Administracao Geral, para substituir, sem prejuizo de suas atribuicoes, o servidor
JOSUE GUILHERME DE MEDEIROS, matricula no 96.560-X, Simbolo DFG-12, Diretor da
Divisao de Administracao Geral, da Administracao Regional do Cruzeiro, da Secretaria de Estado
de Coordenacao das Administracoes Regionais do Distrito Federal, no periodo de 02 a 31 de
janeiro de 2002, por motivo de ferias regulamentares do titular"
38,Substituição de Funções, o servidor ORLANDO RAMOS,96.274-0,nan,93.965-X,nan,DFG-08,nan,nan,nan,nan,nan,nan,nan,nan,"Designar o servidor ORLANDO RAMOS, matricula no 96.274-0, Secretario Administrativo da
Assessoria Tecnica, para substituir, sem prejuizo de suas atribuicoes, a servidora MARIA WIL-
MA VERAS ALVES, matricula no 93.965-X, Simbolo DFG-08, Chefe da Secao de Pessoal, da
Diretor da Divisao de Administracao Geral, da Administracao Regional do Cruzeiro, da Secretaria
de Estado de Coordenacao das Administracoes Regionais do Distrito Federal, no periodo de 31 de
dezembro de 2001 a 29 de janeiro de 2002, por motivo de ferias regulamentares do titular"
39,Substituição de Funções, o servidor LUIZ CLAUDIO DA SILVA MARTINS,36.395-2,nan,95.113-7,nan,DFG-12,nan,nan,nan,nan,nan,nan,nan,nan,"Designar o servidor LUIZ CLAUDIO DA SILVA MARTINS, matricula no 36.395-2, Encarrega-
do da Secao de Bancas de Jornais e Revistas da Divisao Regional de Servicos Publicos, para
substituir, sem prejuizo de suas atribuicoes, o servidor MANOEL ASSUNCAO DE BRITO,
matricula no 95.113-7, Simbolo DFG-12, Diretor da Divisao Regional de Servicos Publicos, da
Administracao Regional do Cruzeiro, da Secretaria de Estado de Coordenacao das Administra-
coes Regionais do Distrito Federal, no periodo de 31 de dezembro de 2001 a 29 de janeiro de
2002, por motivo de ferias regulamentares do titular"
40,Substituição de Funções, a servidora MARY STELLA NOVAES DE ALMEIDA,94.954-X,nan,nan,nan,DFG-12,nan,nan,nan,nan,nan,nan,nan,nan,"Designar a servidora MARY STELLA NOVAES DE ALMEIDA, matricula no 94.954-X,
Chefe da Secao Operacional, da Divisao Regional de Desporto, Lazer e Turismo, para subs-
tituir, sem prejuizo de suas atribuicoes, o servidor LUCIANO DA COSTA SOUZA, matri-
cula no 93.995-1, Simbolo DFG-12, Diretor da Divisao Regional de Desporto, Lazer e Turis-
mo, da Administracao Regional do Cruzeiro, da Secretaria de Estado de Coordenacao das
Administracoes Regionais do Distrito Federal, no periodo de 02 a 31 de  janeiro de 2002, por
motivo de ferias regulamentares do titular"
41,Substituição de Funções, a servidora CHRISTINE MANSUR ARAUJO,40.804-2,nan,25.414-2,nan,DFG-10,nan,nan,nan,"Secretaria de Estado de Coordenacao das Administracoes Regionais do Distrito
Federal, no periodo de 02 a 21 de janeiro de 2002, por motivo de ferias regulamentares do titular",nan,nan,nan,nan,"Designar a servidora CHRISTINE MANSUR ARAUJO, matricula no 40.804-2, Fiscal de Ativi-
dades Urbanas, para substituir, sem prejuizo de suas atribuicoes, o servidor ANTONIO PAULO
DE SALES, matricula no 25.414-2, Simbolo DFG-10, de Chefe do Servico de Fiscalizacao de
Posturas, da Divisao Regional de Fiscalizacao de Obras e Posturas, da Administracao Regional do
Cruzeiro, da Secretaria de Estado de Coordenacao das Administracoes Regionais do Distrito
Federal, no periodo de 02 a 21 de janeiro de 2002, por motivo de ferias regulamentares do titular"
42,Substituição de Funções, a servidora CHRISTINE MANSUR ARAUJO,40.804-2,nan,25.414-2,nan,DFG-10,nan,nan,nan,nan,nan,nan,nan,nan,"Designar a servidora CHRISTINE MANSUR ARAUJO, matricula no 40.804-2, Fiscal de Ativi-
dades Urbanas, para substituir, sem prejuizo de suas atribuicoes, o servidor ANTONIO PAULO
DE SALES, matricula no 25.414-2, Simbolo DFG-10, Chefe do Servico de Fiscalizacao de Postu-
ras, da Divisao Regional de Fiscalizacao de Obras e Posturas, da Administracao Regional do
Cruzeiro, da Secretaria de Estado de Coordenacao das Administracoes Regionais do Distrito
Federal, no periodo de 02 a 31 de janeiro de 2002, por motivo de ferias regulamentares do titular"
43,Substituição de Funções, a servidora MARCIA FERNANDES DE LIMA,93.964-1,nan,98.195-8,nan,DFG-08,nan,nan,nan,nan,nan,nan,nan,nan,"Designar a servidora MARCIA FERNANDES DE LIMA, matricula no 93.964-1, Encarregado da
Divisao Regional de Fiscalizacao de Obras e Posturas, para substituir, sem prejuizo de suas
atribuicoes, o servidor SUSANI MAESTRI ROSSONI PIRES, matricula no 98.195-8, Simbolo
DFG-08, Chefe da Secao de Material e Patrimonio, da Divisao de Administracao Geral, da
Administracao Regional do Cruzeiro, da Secretaria de Estado de Coordenacao das Administra-
coes Regionais do Distrito Federal, no periodo de 07 de janeiro a 05 de fevereiro de 2002, por
motivo de ferias regulamentares do titular"
44,Substituição de Funções, a servidora ELIETE FELIX DA CUNHA,94.198-0,nan,95.078-5,nan,DFG-12,nan,nan,nan,nan,nan,nan,nan,nan,"Designar a servidora ELIETE FELIX DA CUNHA, matricula no 94.198-0, Chefe da Secao de
Material e Patrimonio, da Divisao de Administracao Geral, para substituir, sem prejuizo de suas
atribuicoes, a servidora CINTHYA MESQUITA BERALDI, matricula no 95.078-5, Simbolo
DFG-12, Diretor da Divisao de Administracao Geral, da Administracao Regional do Lago Norte,
da Secretaria de Estado de Coordenacao das Administracoes Regionais do Distrito Federal, no
periodo de 02 a 31 de janeiro de 2002, por motivo de ferias regulamentares do titular"
45,Substituição de Funções, o servidor FRANCINALDO OLIVEIRA CONCEICAO,46.476-7,nan,42.063-8,nan,DFG-05,nan,nan,nan,nan,nan,nan,nan,nan,"Designar o servidor FRANCINALDO OLIVEIRA CONCEICAO, matricula no 46.476-7, Fiscal
de Atividades Urbanas, para substituir, sem prejuizo de suas atribuicoes, o servidor FRANCIS-
CO OTAVIO CARVALHO BRANCO, matricula no 42.063-8, Simbolo DFG-05, Chefe da Secao de Fiscalizacao de Obras, da Divisao de Fiscalizacao de Obras e Posturas, da Administracao
Regional de Santa Maria, da Secretaria de Estado de Coordenacao das Administracoes Regionais
do Distrito Federal, no periodo de 02 a 31 de janeiro de 2002, por motivo de ferias regulamentares
do titular"
46,Substituição de Funções, a servidora SUELY MARIA DE SOUZA,25.084-8,nan,22.788-9,nan,DFG-12,nan,nan,nan,nan,nan,nan,nan,nan,"Designar a servidora SUELY MARIA DE SOUZA, matricula no 25.084-8, Assistente da Divisao
de Administracao Geral, para substituir, sem prejuizo de suas atribuicoes, a servidora ROSIMA-
RY SOARES DE ARAUJO, matricula no 22.788-9, Simbolo DFG-12, Diretor da Divisao de
Administracao Geral, da Administracao Regional de Planaltina, da Secretaria de Estado de Coor-
denacao das Administracoes Regionais do Distrito Federal, no periodo de 02 a 11 de janeiro de
2002, por motivo de ferias regulamentares do titular"
47,Substituição de Funções, a servidora ARGELIA PIRES DE MORAES,96.517-0,nan,97.810-8,nan,DFG-12,nan,nan,nan,nan,nan,nan,nan,nan,"Designar a servidora ARGELIA PIRES DE MORAES, matricula no 96.517-0, Diretora da Divi-
sao Regional de Fiscalizacao de Obras e Posturas, para substituir, sem prejuizo de suas atribui-
coes, o servidor EIDE WANDER BORTOLUZZO, matricula no 97.810-8, Simbolo DFG-12,
Diretor da Divisao Regional de Licenciamento, da Administracao Regional de Planaltina, da
Secretaria de Estado de Coordenacao das Administracoes Regionais do Distrito Federal, no
periodo de 10 a 24 de dezembro de 2001, por motivo de ferias regulamentares do titular"
48,Substituição de Funções, o servidor CARLOS ALBERTO SILVA FREITAS,96.527-8,nan,108.175-6,nan,DFG-12,nan,nan,nan,nan,nan,nan,nan,nan,"Designar o servidor CARLOS ALBERTO SILVA FREITAS, matricula no 96.527-8, Secretario
Administrativo da Divisao Regional de Cultura, para substituir, sem prejuizo de suas atribuicoes,
a servidora KATIA INES SILVA MACIEL, matricula no 108.175-6, Simbolo DFG-12, Diretor da
Divisao Regional de Cultura, da Administracao Regional de Planaltina, da Secretaria de Estado de
Coordenacao das Administracoes Regionais do Distrito Federal, no periodo de 02 a 31 de janeiro
de 2002, por motivo de ferias regulamentares do titular"
49,Substituição de Funções, o servidor ELIAS GILBERTO RIBEIRO,94.593-5,nan,93.047-4,nan,DFG-12,nan,nan,nan,nan,nan,nan,nan,nan,"Designar o servidor ELIAS GILBERTO RIBEIRO, matricula no 94.593-5, Chefe da Secao Ope-
racional, da Divisao Regional de Desporto, Lazer e Turismo, para substituir, sem prejuizo de
suas atribuicoes, a servidora VERA ALVES LAMOUNIER, matricula no 93.047-4, Simbolo
DFG-12, Diretor da Divisao Regional de Desporto, Lazer e Turismo, Administracao Regional de
Planaltina, da Secretaria de Estado de Coordenacao das Administracoes Regionais do Distrito
Federal, no periodo de 07 de janeiro a 05 de fevereiro de 2002, por motivo de ferias regulamenta-
res do titular"
50,Substituição de Funções, a servidora LUCILENE RODRIGUES DE ALMEIDA,32.227-X,nan,40.700-3,nan,DFG-05,nan,nan,nan,nan,nan,nan,nan,nan,"Designar a servidora LUCILENE RODRIGUES DE ALMEIDA, matricula no 32.227-X, Auxiliar
de Administracao Publica, para substituir, sem prejuizo de suas atribuicoes, a servidora DINAL-
VA CAMPELO TERRAO, matricula no 40.700-3, Simbolo DFG-05, Chefe da Secao de Docu-
mentacao e Comunicacao Administrativa, da Divisao de Administracao Geral, Administracao
Regional de Planaltina, da Secretaria de Estado de Coordenacao das Administracoes Regionais do
Distrito Federal, no periodo de 07 de janeiro a 21 de fevereiro de 2002, por motivo de ferias
regulamentares do titular"
51,Substituição de Funções, o servidor RENATO MODESTO LIMA MOURA,95.089-0,nan,95.470-5,nan,DFG-,nan,nan,nan,nan,nan,nan,nan,nan,"Designar o servidor RENATO MODESTO LIMA MOURA, matricula no 95.089-0, Encarrega-
do da Secao de Obras e Reparos, da Divisao Regional de Obras, para substituir, sem prejuizo de
suas atribuicoes, o servidor JOSE DEOLINO DE SOUZA, matricula no 95.470-5, Simbolo DFG-
05, Chefe da Secao de Obras e Reparos, da Divisao Regional de Obras, da Administracao Regional
do Nucleo Bandeirante, da Secretaria de Estado de Coordenacao das Administracoes Regionais do
Distrito Federal, no periodo de 28 de dezembro de 2001, a 26 de janeiro de 2002, por motivo de
ferias regulamentares do titular"
52,Substituição de Funções, o servidor MARCOS ANTONIO ALVES DA ROCHA,31.336-X,nan,33.765-X,nan,DFG-08,nan,nan,nan,nan,nan,nan,nan,nan,"Designar o servidor MARCOS ANTONIO ALVES DA ROCHA, matricula no 31.336-X, Auxi-
liar de Administracao Publica, para substituir, sem prejuizo de suas atribuicoes, a servidora
ELZA MATOS DOS SANTOS SILVA, matricula no 33.765-X, Simbolo DFG-08, Chefe da Secao
de Pessoal, da Divisao de Administracao Geral, da Administracao Regional de Sobradinho, da
Secretaria de Estado de Coordenacao das Administracoes Regionais do Distrito Federal, no
periodo de 31 de dezembro de 2001 a 29 de janeiro de 2002, por motivo de ferias regulamentares
do titular"
53,Substituição de Funções, a servidora ANA CLAUDIA MARINHO BRAZ,93.891-2,nan,95.711-9,nan,DFG-12,nan,nan,nan,nan,nan,nan,nan,nan,"Designar a servidora ANA CLAUDIA MARINHO BRAZ, matricula no 93.891-2, Chefe de
Gabinete, para substituir, sem prejuizo de suas atribuicoes, a servidora MARIA HELENA
ARAUJO, matricula no 95.711-9, Simbolo DFG-12, Diretor Chefe da Divisao Regional de De-
senvolvimento Social, da Administracao Regional do Cruzeiro, da Secretaria de Estado de Coor-
denacao das Administracoes Regionais do Distrito Federal, no periodo de 02 a 11 de janeiro de
2002, por motivo de ferias regulamentares do titular"
54,Substituição de Funções, o servidor ORION ELVIDIO LEITE FILHO,35.098-2,nan,93.590-5,nan,DFG-05,nan,nan,nan,nan,nan,nan,nan,nan,"Designar o servidor ORION ELVIDIO LEITE FILHO, matricula no 35.098-2, Tecnico de Admi-
nistracao Publica, para substituir, sem prejuizo de suas atribuicoes, o servidor RICARDO PAES
PACHECO, matricula no 93.590-5, Simbolo DFG-05, Chefe da Secao de Obras e Reparos, da
Divisao Regional de Obras, da Administracao Regional de Brasilia, da Secretaria de Estado de
Coordenacao das Administracoes Regionais do Distrito Federal, no periodo de 07 de janeiro a 05
de fevereiro de 2002, por motivo de ferias regulamentares do titular"
55,Substituição de Funções, o servidor GERSON GREGORIO FILHO,33.019-1,nan,30.698-3,nan,DFG-,nan,nan,nan,nan,nan,nan,nan,nan,"Designar o servidor GERSON GREGORIO FILHO, matricula no 33.019-1, Chefe da Secao de
Numeracao Predial, da Divisao Regional de Licenciamento, para substituir, sem prejuizo de suas
atribuicoes, a servidora CIENE SODRE DE OLIVEIRA, matricula no 30.698-3, Simbolo DFG-
11, Chefe do Servico de Licenciamento de Obras, da Divisao Regional de Licenciamento, da
Administracao Regional de Brasilia, da Secretaria de Estado de Coordenacao das Administracoes
Regionais do Distrito Federal, no periodo de 31 de dezembro de 2001 a 29 de janeiro de 2002, por
motivo de ferias regulamentares do titular"
56,Substituição de Funções, a servidora YEDA PEREIRA DA SILVA,38.712-6,nan,94.926-4,nan,DFG-02,nan,nan,nan,nan,nan,nan,nan,nan,"Designar a servidora YEDA PEREIRA DA SILVA, matricula no 38.712-6, Auxiliar de Adminis-
tracao Publica, para substituir, sem prejuizo de suas atribuicoes, a servidora SIMONE SILVA
BARROS, matricula no 94.926-4, Simbolo DFG-02, Encarregado da Secao de Conservacao de Logradouros Publicos, da Divisao Regional de Obras, da  Administracao Regional de Brazlan-
dia, da Secretaria de Estado de Coordenacao das Administracoes Regionais do Distrito Federal,
no periodo de 31 de dezembro de 2001 a 29 de janeiro de 2002, por motivo de ferias regulamen-
tares do titular"
57,Substituição de Funções, o servidor MOZAR JOAQUIM DOS SANTOS,100.961-3,nan,107.077-0,nan,DFG-05,nan,nan,nan,nan,nan,nan,nan,nan,"Designar o servidor MOZAR JOAQUIM DOS SANTOS, matricula no 100.961-3, Auxiliar de
Desenvolvimento Agropecuario, para substituir, sem prejuizo de suas atribuicoes, a servidora
MARIA APARECIDA DE JESUS, matricula no 107.077-0, Simbolo DFG-05, Chefe da Secao de
Arquivo Tecnico, da Divisao Regional de Exame, Aprovacao e Elaboracao de Projetos, Adminis-
tracao Regional de Brazlandia, da Secretaria de Estado de Coordenacao das Administracoes
Regionais do Distrito Federal, no periodo de 30 de dezembro de 2001 a 28 de janeiro de 2002, por
motivo de ferias regulamentares do titular"
58,Substituição de Funções, o servidor FERNANDO VIEIRA DA SILVA,92.023-1,nan,94.194-8,nan,DFG-05,nan,nan,nan,nan,nan,nan,nan,nan,"Designar o servidor FERNANDO VIEIRA DA SILVA, matricula no 92.023-1, Tecnico de Admi-
nistracao Publica, para substituir, sem prejuizo de suas atribuicoes, a servidora LILIAN CARLA
DE SOUSA, matricula no 94.194-8, Simbolo DFG-05, Chefe do Servico de Apoio ao Desenvol-
vimento Comunitario, da Divisao Regional de Desenvolvimento Social, Administracao Regional
do Recanto das Emas, da Secretaria de Estado de Coordenacao das Administracoes Regionais do
Distrito Federal, no periodo de 31 de dezembro de 2001 a 14 de janeiro de 2002, por motivo de
ferias regulamentares do titular"
59,Substituição de Funções, o servidor CLAUDIO DE SA FERREIRA,49.849-1,nan,91.268-9,nan,DFG-12,nan,nan,nan,nan,nan,nan,nan,nan,"Designar o servidor CLAUDIO DE SA FERREIRA, matricula no 49.849-1, Chefe do Servico de
Calculo, da Divisao Regional de Exame, Aprovacao e Elaboracao de Projetos, para substituir, sem
prejuizo de suas atribuicoes, o servidor RENAN NEVES DE SA, matricula no 91.268-9, Simbolo
DFG-12, Diretor da Divisao Regional de Exame e Aprovacao de Projetos, da Administracao
Regional do Recanto das Emas, da Secretaria de Estado de Coordenacao das Administracoes
Regionais do Distrito Federal, no periodo de 07 de janeiro a 05 de fevereiro de 2002, por motivo
de ferias regulamentares do titular"
60,Substituição de Funções, a servidora ROSANGELA DAVI DE CARVALHO,38.760-6,nan,105.599-2,nan,DFG-05,nan,nan,nan,nan,nan,nan,nan,nan,"Designar a servidora ROSANGELA DAVI DE CARVALHO, matricula no 38.760-6, Auxiliar de
Administracao Publica, para substituir, sem prejuizo de suas atribuicoes, o servidor JOSE AVE-
LINO DE SA, matricula no 105.599-2, Simbolo DFG-05, Chefe da Secao de Documentacao e
Comunicacao Administrativa, da Divisao de Administracao Geral, da Administracao Regional do
Paranoa, da Secretaria de Estado de Coordenacao das Administracoes Regionais do Distrito
Federal, no periodo de 07 de janeiro a 05 de fevereiro de 2002, por motivo de ferias regulamenta-
res do titular"
61,Substituição de Funções, a servidora SONIA MARIA DE OLIVEIRA,41.573-1,nan,39.223-5,nan,DFG-08,nan,nan,nan,nan,nan,nan,nan,nan,"Designar a servidora SONIA MARIA DE OLIVEIRA, matricula no 41.573-1, Tecnico de Admi-
nistracao Publica, para substituir, sem prejuizo de suas atribuicoes, o servidor DOMINGOS
FERREIRA DE LIMA, matricula no 39.223-5, Simbolo DFG-08, Chefe da Secao de Orcamento
e Financas, da Divisao de Administracao Geral, da Administracao Regional do Riacho Fundo, da
Secretaria de Estado de Coordenacao das Administracoes Regionais do Distrito Federal, no
periodo de 03 a 17 de dezembro de 2001, por motivo de ferias regulamentares do titular"
62,Substituição de Funções, a servidora JANETE LISBOA,99.660-2,nan,94.457-2,nan,DFG-12,nan,nan,nan,nan,nan,nan,nan,nan,"Designar a servidora JANETE LISBOA, matricula no 99.660-2, Assistente da Divisao Regional
de Obras, para substituir, sem prejuizo de suas atribuicoes, a servidora TEREZINHA MOREI-
RA BOSE, matricula no 94.457-2, Simbolo DFG-12, Diretora da Divisao Regional de Agricultura,
da Administracao Regional do Riacho Fundo, da Secretaria de Estado de Coordenacao das Admi-
nistracoes Regionais do Distrito Federal, no periodo de 30 de novembro a 29 de dezembro de
2001, por motivo de ferias regulamentares do titular"
63,Substituição de Funções, o servidor JARBAS DUTRA GARCIA,108.586-7,nan,94.206-5,nan,DFG-13,nan,nan,nan,nan,nan,nan,nan,nan,"Designar o servidor JARBAS DUTRA GARCIA, matricula no 108.586-7, Analista de Adminis-
tracao Publica, para substituir, sem prejuizo de suas atribuicoes, o servidor HENRIQUE GUS-
TAVO TAMM, matricula no 94.206-5, Simbolo DFG-13, Gerente de Planejamento, da Adminis-
tracao Regional do Recanto das Emas, da Secretaria de Estado de Coordenacao das Administra-
coes Regionais do Distrito Federal, no periodo de 28 de dezembro de 2001 a 26 de janeiro de
2002, por motivo de ferias regulamentares do titular"
64,Substituição de Funções, a servidora RAIMUNDA PEREIRA ARAUJO,95.745-3,nan,95.460-8,nan,DFG-10,nan,nan,nan,nan,nan,nan,nan,nan,"Designar a servidora RAIMUNDA PEREIRA ARAUJO, matricula no 95.745-3, Assistente da
Divisao Regional de Servicos Publicos, para substituir, sem prejuizo de suas atribuicoes, a
servidora ZENAIDE MARIA FERREIRA ALVES, matricula no 95.460-8, Simbolo DFG-10,
Chefe da Secao de Administracao de Feiras Livres, da Divisao Regional de Servicos Publicos, da
Administracao Regional do Paranoa, da Secretaria de Estado de Coordenacao das Administracoes
Regionais do Distrito Federal, no periodo de 02 a 31 de janeiro de 2002, por motivo de ferias
regulamentares do titular"
65,Substituição de Funções, o servidor ERLON REGES DA SILVA,41.148-5,nan,46.188-1,nan,DFG-02,nan,nan,nan,nan,nan,nan,nan,nan,"Designar o servidor ERLON REGES DA SILVA, matricula no 41.148-5, Fiscal de Atividades
Urbanas, para substituir, sem prejuizo de suas atribuicoes, a servidora SORAIA BRAGA LO-
PES, matricula no 46.188-1, Simbolo DFG-02, Encarregado do Servico de Licenciamento e Fisca-
lizacao, da Subadministracao Regional do Riacho Fundo II, da Administracao Regional do Riacho
Fundo, da Secretaria de Estado de Coordenacao das Administracoes Regionais do Distrito Fede-
ral, no periodo de 03 a 17 de dezembro de 2001, por motivo de ferias regulamentares do titular"
66,Substituição de Funções, o Diretor da Divisao Regional de Desporto,nan,nan,nan,nan,DFG-12,nan,nan,nan,nan,nan,nan,nan,nan,"DESIGNAR o Diretor da Divisao Regional de Desporto, Lazer e Turismo, simbolo DFG-12 para
acompanhar, supervisionar e fiscalizar os servicos constantes da Nota de Empenho n.o 363/2000,
referente compra de materiais esportivos"
67,Substituição de Funções, JOAO DIAS NETO,21.385-,SELMA MARIA DE QUEIROZ,40.542-6,nan,DFG-10,nan,nan,nan,nan,nan,nan,nan,nan,"Designar JOAO DIAS NETO, Assistente de Apoio as Atividades Juridicas, matricula no 21.385-
3, para substituir SELMA MARIA DE QUEIROZ, Diretora da Divisao de Registro e Controle
de Processos, matricula no 40.542-6, Simbolo DFG-10, da Procuradoria de Pessoal, da Procura-
doria-Geral do Distrito Federal, no periodo de 31.12 a 19.01.2001, por motivo de ferias da titular"
68,Substituição de Funções, MARCELO REBELLO PINHEIRO,96.914-1,FERNANDO CUNHA JUNIOR,38.034-2,Coordenador de Pessoal Celetista e da Administracao Indireta,CNE-06,nan,nan,nan,nan,nan,nan,nan,nan,"Designar MARCELO REBELLO PINHEIRO, matricula no 96.914-1, Procurador do Distrito
Federal de 2a Categoria, para substituir FERNANDO CUNHA JUNIOR, matricula no 38.034-2,
Coordenador de Pessoal Celetista e da Administracao Indireta, Simbolo CNE-06, da Procuradoria
de Pessoal, da Procuradoria-Geral do Distrito Federal, no periodo de 27.12.2001 a 25.01.2002,
por motivo de ferias do titular"
