,Tipo do Ato,SEI,Nome,Matrícula,Tipo de Aposentadoria,Cargo,Classe,Padrao,Quadro,Fundamento Legal,Orgao,Vigencia,Matricula SIAPE,text
0,Aposentadoria,260.001.682/2000,nan,nan,nan,nan,nan,nan,"Quadro: Suplementar em 
extincao                                                                                      
Processo: 030-004",nan,nan,nan,nan,"Aposentar os servidores abaixo relacionados: 
DADOS DE IDENTIFICACAO  FUNDAMENTACAO LEGAL  Nome: Francisco de Sa e Silva 
Matricula: 98.798-0 
Quadro: Suplementar em 
extincao                                                                                      
Processo: 030-004.711/2001 
 
 
  Artigo 186, item I, , paragrafo primeiro, da Lei n.o 8.112, 
de 11 de dezembro de 1990, combinados com o artigo 
41, inciso I, in fine, e  4o, da LEI ORGANICA DO 
DISTRITO FEDERAL, assegurados pelo artigo 3o da 
Emenda Constitucional n.o 20 da CONSTITUICAO DA 
REPUBLICA FEDERATIVA DO BRASIL, publicada 
no diario oficial da uniao de 16 de dezembro de 1998 e 
orientacao constante as folhas n.o 25, 26 e 27 do 
processo n.o 260.001.682/2000."
1,Aposentadoria,8.112/90,resolve: I Designar o servidor ALDAIR SILVA COUTO,90.081-8,nan,nan,14 do Gama,06/96,"Quadro:  PCDF 
Processo:  052"," 186, inciso I, in fine e 189"," DF 
Processo:  052",nan,nan,"Aposentar os servidores abaixo relacionados: DADOS DE IDENTIFICACAO  FUNDAMENTACAO LEGAL   
Nome:  IZIS LOBO DE 
OLIVEIRA SANTOS 
Matricula:  23509-1 
Cargo:  AGENTE 
PENITENCIARIO 
Classe:  ESPECIAL 
Quadro:  PCDF 
Processo:  052.001804/2001 
   
Nos termos do artigo 186, inciso I, in fine e 189, 
Paragrafo unico, da Lei no 8.112 de 11 de dezembro de 
1990, combinados com o artigo 41, inciso I, in fine e  
4o da LEI ORGANICA DO DISTRITO FEDERAL e 
artigo 40,  1o, inciso I e  8a da CONSTITUICAO 
DA REPUBLICA FEDERATIVA DO BRASIL.   
Nome:  KEILA BRASIL 
DOS REIS 
Matricula:   27897-1 
Cargo:  AGENTE 
PENITENCIARIO 
Classe:  ESPECIAL 
Quadro:  PCDF 
Processo:  052.001805/2001 
   
Nos termos do artigo 186, inciso I, in fine e 189, 
Paragrafo unico, da Lei no 8.112 de 11 de dezembro de 
1990, combinados com o artigo 41, inciso I, in fine e  
4o da LEI ORGANICA DO DISTRITO FEDERAL e 
artigo 40,  1o, inciso I e  8a da CONSTITUICAO 
DA REPUBLICA FEDERATIVA DO BRASIL.   
DALMO ALEXANDRE COSTA PORTARIA No 4, DE 3 DE JANEIRO DE 2002 O SECRETARIO DE ESTADO DE GESTAO ADMINISTRATIVA DO DISTRITO FEDE-
RAL EM EXERCICIO, no uso das atribuicoes que lhe sao conferidas pelo Decreto n.o 21.549, de
22 de setembro de 2000, resolve: Conceder aposentadoria aos servidores abaixo relacionados:
DADOS DE IDENTIFICACAO  FUNDAMENTACAO LEGAL   
Nome: ANTONIO PEREIRA DE 
RESENDE 
Matricula: 100.069-1 
Cargo: TECNICO DE 
DESENVOLVIMENTO 
AGROPECUARIO 
Classe: ESPECIAL 
Padrao: III 
Quadro: QPDF 
Processo: 070.000.472/2001   
Artigo 40,  1o, inciso III, alinea b e  8o, da 
CONSTITUICAO DA REPUBLICA 
FEDERATIVA DO BRASIL, com as vantagens 
previstas no artigo 7o, da Lei n.o 1.004, de 09 de 
janeiro de 1996, regulamentada pelo Decreto n.o 
17.182, de 06 de marco de l996, combinados com 
artigo 4o, da Lei n.o 1.141, de 10 de julho de l996, 
mantidos pelo Paragrafo Unico do artigo 4o, da Lei 
n.o 1.864, de 19 de janeiro de l998.   
Nome: SEBASTIANA CORREA DE 
OLIVEIRA 
Matricula: 101.557-5 
Cargo: ASSISTENTE BASICO EM 
SERVICO SOCIAL 
Classe: ESPECIAL 
Padrao: III 
Quadro: QPDF 
Processo: 100.001.763/2001   
Artigos 186, inciso III, alinea c e 189, Paragrafo 
unico, da Lei n.o 8.112, de 11 de dezembro de l990, 
combinados com o artigo 41, inciso III, alinea c, e 
 4o, da LEI ORGANICA DO DISTRITO 
FEDERAL, assegurados pelo artigo 8o, incisos I e II, 
 1o, inciso I, alineas a e b e inciso II, da 
Emenda Constitucional n.o 20 da CONSTITUICAO 
DA REPUBLICA FEDERATIVA DO BRASIL, 
publicada no Diario Oficial da Uniao de 16 de 
dezembro de 1998.   
Nome:MARIA TERESINHA 
PRADO DE PAULA AVELINO 
Matricula: 102.687-9 
Cargo: ASSISTENTE 
INTERMEDIARIO EM SERVICO 
SOCIAL 
Classe: ESPECIAL 
Padrao: III 
Quadro: QPDF 
Processo: 100.001.778/2001   
Artigo 40,  1o, inciso III, alinea b e  8o, da 
CONSTITUICAO DA REPUBLICA 
FEDERATIVA DO BRASIL, com as vantagens 
previstas no artigo 1o, da Lei n.o 1.004, de 09 de 
janeiro de 1996, regulamentada pelo Decreto n.o 
17.182, de 06 de marco de l996, combinados com 
artigo 4o, da Lei n.o 1.141, de 10 de julho de l996, 
mantidos pelo Paragrafo Unico do artigo 4o, da Lei 
n.o 1.864, de 19 de janeiro de l998.                                                                          Diario Oficial do Distrito Federal
PAGINA   23
No 3, sexta-feira, 4 de janeiro de 2002  
Nome: BENEDITO ANTONIO 
CAMPOS DOS SANTOS 
Matricula: 66.027-2 
Cargo: TECNICO DE 
ADMINISTRACAO PUBLICA 
Classe: ESPECIAL 
Padrao: III 
Quadro: PMDF 
Processo: 054.002.185/2001   
Artigos 186, inciso III, alinea c e 189, Paragrafo 
unico, da Lei n.o 8.112, de 11 de dezembro de l990, 
combinados com o artigo 41, inciso III, alinea c, e 
 4o, da LEI ORGANICA DO DISTRITO 
FEDERAL, assegurados pelo artigo 8o, incisos I e II, 
 1o, inciso I, alineas a e b e inciso II, da 
Emenda Constitucional n.o 20 da CONSTITUICAO 
DA REPUBLICA FEDERATIVA DO BRASIL, 
publicada no Diario Oficial da Uniao de 16 de 
dezembro de 1998.   
DALMO ALEXANDRE COSTA PORTARIA No 5, DE 3 DE JANEIRO DE 2002 O SECRETARIO DE GESTAO ADMINISTRATIVA DO DISTRITO FEDERAL EM EXER-
CICIO, no uso das atribuicoes que lhe sao conferidas pelo Decreto no 21.549, de 22 de setembro
de 2.000, resolve: Conceder aposentadoria a servidora: DADOS DE IDENTIFICACAO  FUNDAMENTACAO LEGAL   
Nome:  ROSEMARY DA 
SILVA LOBATO 
Matricula:  22.991-1 
Cargo:
  ESCRIVA
O DE POLICIA 
Classe:  ESPECIAL 
QUADRO DE PESSOAL DO DF 
Processo:  052.001803/2001 
   
Nos termos do artigo 186, inciso I, e 189, Paragrafo 
unico, da Lei no 8.112 de 11 de dezembro de 1990, 
combinado com o artigo 41, inciso I, e  4o da LEI 
ORGANICA DO DISTRITO FEDERAL e artigo 40,  
1o, inciso I, in fine e  8a da CONSTITUICAO DA 
REPUBLICA FEDERATIVA DO BRASIL, com as 
vantagens previstas no artigo 7o, da Lei no 1.004, de 09 
de janeiro de 1.996, regulamentada peco Decreto no 
17.182, de 06 de marco de 1.996, combinados com o 
artigo 4o, da Lei no 1.141, de 10 de julho de 1.1996, 
mantidos pelo Paragrafo unico do artigo 4o, da Lei no 
1.864, de 19 de janeiro de 1.998.   
DALMO ALEXANDRE COSTA ARQUIVO PUBLICO DO DISTRITO FEDERAL ORDEM DE SERVICO DE 27 DEZEMBRO DE 2001 A SUPERINTENDENTE DO ARQUIVO PUBLICO DISTRITO FEDERAL, no uso das atri-
buicoes que lhe sao conferidas pelo Regimento do ArPDF, aprovado pelo Decreto no 19.494 de 07
de agosto de 1998, resolve: I Designar o servidor ALDAIR SILVA COUTO, matricula no 90.081-8, Auxiliar de Administracao
Publica, para substituir PAULO CESAR GUSMAO, matricula 90.066-4, executor do Contrato
Padrao 06/96, celebrado entre o Distrito Federal atraves do Arquivo Publico do Distrito Federal
e a Telecomunicacoes de Brasilia S/A  Telebrasilia, objetivando a prestacao de Servicos a serem
executados de forma continua, correspondente a servicos de dados, para acesso a rede GDF 
NET  na velocidade de 128 Kbps, no periodo de 31/12/2001 a 29/01/2002, por motivo de ferias
regulamentares do titular. II Designar o servidor SERGIO MAURO GUIMARAES,  matricula no 90.177-6, Assistente da
Gerencia de Apoio Operacional, para substituir MARIA DO CARMO PEREIRA DE SOUZA,
matricula 90.061-3, executora do Contrato Padrao 04/96, celebrado entre o Distrito Federal atraves
do Arquivo Publico do Distrito Federal e a empresa AMPLA  Construcoes e Servicos Ltda,
objetivando a prestacao de servicos de limpeza e conservacao na sede do Arquivo Publico do
Distrito Federal, no  periodo de 02 a 31/01/2002, por motivo de ferias regulamentares da titular. ZENEIDE DE SOUSA PANTOJA SECRETARIA DE FAZENDA E PLANEJAMENTO PORTARIA No 664, DE 31 DE DEZEMBRO DE 2001 O SECRETARIO DE FAZENDA E PLANEJAMENTO DO DISTRITO FEDERAL, no uso de
suas atribuicoes regimentais, tendo em vista o disposto no art. 38 da Lei no 8.112, de 11 de dezembro
de 1990, e ainda o que consta do Decreto no 21.816, de 12 de dezembro de 2000, resolve: Designar FERNANDO CORTES RIBEIRO, matricula no 33.242-9, para substituir ELIANE
LIMA COUTINHO, matricula no 32.939-8, Chefe do Nucleo de Atendimento ao Usuario da
Gerencia de Producao, Simbolo DFG-10, da Diretoria de Informatica da Secretaria de Fazenda e Planejamento do Distrito Federal, no periodo de 31 de dezembro de 2001 a 29 de janeiro de 2002,
por motivo de ferias regulamentares. VALDIVINO JOSE DE OLIVEIRA PORTARIA No 665, DE 31 DE DEZEMBRO DE 2001 O SECRETARIO DE FAZENDA E PLANEJAMENTO DO DISTRITO FEDERAL, no uso de
suas atribuicoes regimentais, tendo em vista o disposto no art. 210 da Lei no 8.112, de 11 de
dezembro de 1990, e ainda o que consta do Decreto no 21.816, de 12 de dezembro de 2000, resolve: Designar MARIA BETANIA FELINTO BARBOSA, matricula no 45.954-2, para substituir
ALZIRA BARBOSA DE OLIVEIRA, matricula no 39.192-1, Encarregado, Simbolo DFG-01, da
Subsecretaria de Apoio Operacional da Secretaria de Fazenda e Planejamento do Distrito Federal,
no periodo de 10 de dezembro de 2001 a 9 de marco de 2002, por motivo de Licenca Adotante. VALDIVINO JOSE DE OLIVEIRA PORTARIA No 666, DE 31 DE DEZEMBRO DE 2001 O SECRETARIO DE FAZENDA E PLANEJAMENTO DO DISTRITO FEDERAL, no
uso de suas atribuicoes regimentais, tendo em vista o disposto no art. 38 da Lei no 8.112, de
11 de dezembro de 1990, e ainda o que consta do Decreto no 21.816, de 12 de dezembro de
2000, resolve: Designar EDVALDO SOUSA PEREIRA, matricula no 35.115-6, para substituir CLESIO SOU-
ZA DOS REIS, matricula no 34.588-1, Encarregado, Simbolo DFG-02, do Gabinete do Secretario
de Fazenda e Planejamento do Distrito Federal, no periodo de 31 de dezembro de 2001 a 29 de
janeiro de 2002, por motivo de ferias regulamentares. VALDIVINO JOSE DE OLIVEIRA PORTARIA No 3, DE 3 DE JANEIRO DE 2002 O SECRETARIO DE FAZENDA E PLANEJAMENTO DO DISTRITO FEDERAL, no
uso de suas atribuicoes regimentais, tendo em vista o disposto no art. 38 da Lei no 8.112, de
11 de dezembro de 1990, e ainda o que consta do Decreto no 21.816, de 12 de dezembro de
2000, resolve: Designar JOSE LEONIDAS SILVA MASCARENHAS, matricula no 92.382-6, para substituir
ALFEU GERALDO BOFF, matricula no 46.507-0, Chefe de Agencia, Simbolo DFG-11, da
Agencia de Atendimento da Receita  Planaltina, da Gerencia de Atendimento ao Contribuinte da
Subsecretaria da Receita da Secretaria de Fazenda e Planejamento do Distrito Federal, no periodo
de 31 de dezembro de 2001 a 14 de janeiro de 2002, por motivo de ferias regulamentares. VALDIVINO JOSE DE OLIVEIRA SECRETARIA DE EDUCACAO SUBSECRETARIA DE SUPORTE EDUCACIONAL ORDEM DE SERVICO DE 4 DE JANEIRO DE 2002 A SUBSECRETARIA DE SUPORTE EDUCACIONAL, no uso das atribuicoes que lhe sao
conferidas pela Portaria no 210 de 07 de junho de 2001, e tendo em vista o que dispoe o Decreto
no 21.816 de 12 de dezembro de 2000, resolve: 1.Designar PAULA TIMPONI SANTABAIA NOGUEIRA, matricula no 202.848-4, para subs-
tituir o titular do Cargo em Comissao, Simbolo DFG-11, de Gerente de Manutencao da Diretoria
de Engenharia, Producao e Manutencao da Subsecretaria de Suporte Educacional, no periodo de
07/01/2002 a 05/02/2002, por motivo de ferias regulamentares do titular. VANDERCY ANTONIA DE CAMARGOS DIRETORIA DE UNIDADES REGIONAIS
GERENCIA REGIONAL DE ENSINO DO GAMA ORDEM DE SERVICO DE 20 DE DEZEMBRO DE 2001 A GERENTE DA GERENCIA REGIONAL DE ENSINO DO GAMA, no uso das atribuicoes
que lhe sao conferidas pela  Portaria no 210, de 7 de junho de 2001 e tendo em vista o disposto no
Decreto no 21.816, de 12 de dezembro de 2000, resolve:                                      Diario Oficial do Distrito Federal
PAGINA   24
No 3, sexta-feira, 4 de janeiro de 2002 Designar os servidores abaixo relacionados, para substituirem os titulares dos cargos em comis-
sao a seguir especificados: Lindonjonson Montezuma de Souza, matricula 39.387-8, Professor-MG2Q, Chefe do Nucleo de
Recursos Humanos, simbolo DFG-07, no periodo de 07/01/2002 a 05/02/2002, por motivo de
ferias da titular. Hellen Virgini Naves de Sousa, matricula 33.932-6, Professor MG3Q, Chefe do Nucleo de
Integracao Escola Comunidade, simbolo DFG-07, no periodo de 21/01/2002 a  04/02/2002, por
motivo de ferias da titular. Rogerio Galdino Ribeiro, matricula 29.300-8, Especialista de Assistencia a  Educacao - SA-404,
Chefe de Secretaria Escolar da Escola Classe 14 do Gama, simbolo DFG-02, no periodo de 02/01/
2002 a 31/01/2002, por motivo de ferias da titular. Raquel Rodrigues da Silva, matricula 37.426-1, Professor MG1Q, Diretor  da Escola Classe
Corrego Barreiro do Gama, simbolo FG-04, no periodo de 21/01/2002 a 19/01/2002, por motivo
de ferias da titular. Rosemeyre Maria Cruz de Medeiros, matricula 202.291-5, Professor MG1Q, Diretor da Escola
Classe Ponte Alta de Cima do Gama, simbolo FG 04, no periodo de 21/01/2002 a 19/02/2002, por
motivo de ferias da titular. DICEMAR ALVES DO NASCIMENTO GERENCIA REGIONAL DE ENSINO DE TAGUATINGA ORDEM DE SERVICO DE 19 DE OUTUBRO DE 2001 O GERENTE DA GERENCIA REGIONAL DE ENSINO DE TAGUATINGA, no uso das
atribuicoes que lhe sao conferidas pela Portaria no 210, de 07/06/2001, e tendo em vista o que
dispoe o artigo 7o, do Decreto no 14.413, de 25 de novembro de 1992, resolve: Conceder o REGIME DE TEMPO INTEGRAL E DEDICACAO EXCLUSIVA AO MAGIS-
TERIO PUBLICO DO DISTRITO FEDERAL  TIDEM, aos servidores abaixo relacionados: Mat. Nome Chesp A partir de 21.244-X Vitoria Armenia B. de Amorim 41168 14/11/2001 31.388-2 Ilson de Castro Sousa S/N 27/12/2001 34.505-9 Celia Regina R. de Oliveira 41308 12/11/2001 66.517-7 Vilma Maria da S. de Oliveira 40257 10/10/2001 201.211-1 Eliane de Araujo Porto 40128 10/10/2001 201.744-X Sandra Lucia de S. Andrade 40687 01/11/2001 GILMAR JOSE DA ROCHA ORDEM DE SERVICO DE 21 DE DEZEMBRO DE 2001 O GERENTE DA GERENCIA REGIONAL DE ENSINO DE TAGUATINGA, no uso das
atribuicoes que lhe sao conferidas pela Portaria na 210 de 07/06/2001 e tendo em vista o Decreto
no 21.816 de 12/12/2.000, resolve: Designar os servidores abaixo relacionados, para substituirem os titulares dos cargos em comis-
sao abaixo especificados: IVANA CECILIA N. SIQUEIRA, matricula 46.196-2, Professora nivel 1 40 horas ,Chefe do
Nucleo de Apoio Escolar,  Simbolo DFG-07,  por  motivo de ferias da  titular  no periodo de 07/
01/2002 a 05/02/2002; ILDEZILDE FELIX MARTINS, matricula 79.531-3, Especialista de Assistencia a Educacao /
Apoio Tecnico Administrativo, Chefe de Secretaria da  Escola Classe 27 de Taguatinga, Simbolo
DF-02,  por motivo de ferias da titular no periodo de 07/01/2002 a 05/02/2002; EUDES KEMES DE MELO,  matricula 24.716-2, Especialista  de Assistencia a Educacao /
Apoio Tecnico Administrativo, Chefe de Secretaria da  Escola Classe 01 de Taguatinga, Simbolo
DF-02,  por motivo de ferias da titular no periodo de 07/01/2002 a 05/02/2002; ESTER OLIVEIRA PAPA, matricula 23263-7, Especialista de Assistencia a Educacao /
Apoio Tecnico Administrativo, Chefe de Secretaria do Centro de Ensino Fundamental 10
de Taguatinga, Simbolo DF-04, por motivo de ferias da titular no periodo de 07/01/2002 a
06/02/2002. GILMAR JOSE DA ROCHA ORDEM DE SERVICO DE 27 DE DEZEMBRO DE 2001 O GERENTE DA GERENCIA REGIONAL DE ENSINO DE TAGUATINGA, no uso das
atribuicoes que lhe sao conferidas pela Portaria no 210 de 07/06/2001 e tendo em vista o disposto
no Decreto no 21.816 de 12/12/2.000, resolve: Designar os servidores abaixo relacionados, para substituirem os titulares dos cargo em comissao
a seguir especificados: ANTONIO PRUDENCIO DA SILVA, matricula 97.283-5, Professor nivel 3, Chefe do Nucleo
de Coordenacao Pedagogica,  Simbolo DFG-07,  por  motivo de ferias do  titular  no periodo de
05/01/2002 a 07/02/2002; VALERIA TIBURCIO BOAVENTURA, matricula 61.545-5, Professora nivel 1 40 horas GT3
,Chefe do Nucleo de Coordenacao Pedagogica, Simbolo DFG-07, por motivo de ferias da  titular
no periodo de 02/01/2002 a 31/01/2002; SONIA ELISABETH ROSA DE SOUZA, matricula 28.592-7, Apoio Tecnico
Administrativo,Chefe do Nucleo de Recursos Humanos, Simbolo DFG-07, por motivo de ferias
da titular no periodo de 07/01/2002 a 05/02/2002. GILMAR JOSE DA ROCHA CENTRO DE ENSINO FUNDAMENTAL 09 DE TAGUATINGA ORDEM DE SERVICO DE 11 DEZEMBRO DE 2001 O DIRETOR DO CENTRO DE ENSINO FUNDAMENTAL 09 DE TAGUATINGA, no uso
das atribuicoes que lhe sao conferidas  pela Portaria no 210 de 07 de junho de 2001 e tendo em
vista o disposto no artigo 97 da Lei 8.112/90, resolve: Conceder afastamento para doacao de sangue ao professor JOECIO DE SOUZA BORGES
matricula 66.094-9 no dia 05/12/2001. JOAO EVANGELISTA PEREIRA LEITE GERENCIA REGIONAL DE ENSINO DE BRAZLANDIA ORDEM DE SERVICO DE 8 DE NOVEMBRO DE 2001 O GERENTE DA GERENCIA REGIONAL DE ENSINO DE BRAZLANDIA, no uso das
atribuicoes que lhe sao conferidas pela Portaria no 210, de 07 de junho de 2001, e tendo em vista
o disposto no artigo 97 da Lei no 8.112/90,"
