,Tipo do Ato,Nome do Servidor Substituto,Matrícula do Servidor Substituto,Nome do Servidor a ser Substituido,Matrícula do Servidor a ser SubstituidoCargo,Símbolo do cargo do servidor substituto,Cargo comissionado objeto da substituição,Símbolo do cargo do objeto da substituição,Símbolo do cargo comissionado objeto da substituição,Hierarquia da Lotação,Órgão,Data Inicial da Vigência,Data Final de Vigência,Matrícula SIAPE,Motivo,text
0,Substituição de Funções, EDSON SOUSA DE OLIVEIRA para exercer a funcao de Membro Suplente da Junta  Admi,nan,nan,nan,nan,nan,nan,nan,nan,nan,nan,nan,nan,nan,"Designar EDSON SOUSA DE OLIVEIRA para exercer a funcao de Membro Suplente da Junta  Admi-
nistrativa de Recursos de Infracoes do Departamento Metropolitano de Transportes Urbanos do
Distrito Federal  JARI/DMTU/DF, na qualidade de representante do Departamento Metropolitano
de Transportes Urbanos do Distrito Federal  DMTU/DF"
1,Substituição de Funções,  GUIZELIA DUNICE BRITO,84.190-0,"o chefe da Procuradoria
Juridica do Servico de Ajardinamento e Limpeza Urbana do Distrito Federal",nan,nan,nan,nan,nan,nan,nan,nan,nan,nan,nan,"Designar  GUIZELIA DUNICE BRITO, matricula no 84.190-0 para substituir o chefe da Procuradoria
Juridica do Servico de Ajardinamento e Limpeza Urbana do Distrito Federal, em suas ausencias e
impedimentos eventuais"
2,Substituição de Funções, FRANCISCO DAS CHAGAS COSTA,63.527-8,nan,nan,nan,nan,nan,nan,nan,nan,nan,nan,nan,nan,"Designar FRANCISCO DAS CHAGAS COSTA, matricula no 63.527-8, como executor do Termo de
Comodato no 02/2001, firmado entre a Secretaria de Estado de Educacao do Distrito Federal e a
Associacao Rural dos Produtores do Vale Verde  APROVALE - Comodante"
3,Substituição de Funções, ERICHSON DIAS NORONHA,28.476-9,nan,nan,nan,nan,nan,nan,nan,nan,nan,nan,nan,nan,"Designar ERICHSON DIAS NORONHA, matricula no 28.476-9, para atuar como membro da supra-
citada comissao"
4,Substituição de Funções, BENEDITO PEREIRA DA FONSECA,74.089-6,nan,90.543-7,nan,nan,nan,nan,nan,nan,nan,nan,nan,nan,"Designar BENEDITO PEREIRA DA FONSECA, matricula no 74.089-6 e JORGE CAVALCANTE,
matricula no 90.543-7, como executores do Contrato no 081/2001, firmado entre a Secretaria de Estado
de Educacao do Distrito Federal e a Empresa REIMAQ  Assistencia Tecnica de Duplicadores Ltda"
5,Substituição de Funções, LEILA MARA TOFOLI FERNANDES,37.620-5,nan,nan,nan,nan,nan,nan,nan,nan,nan,nan,nan,nan,"Designar LEILA MARA TOFOLI FERNANDES, matricula no 37.620-5, como executora do
Convenio no 75/2001, firmado entre a Secretaria de Estado de Educacao do Distrito Federal e o
Centro de Integracao Empresa Escola-CIEE"
6,Substituição de Funções, MARIA DO SOCORRO FONSECA DE ALMEIDA,46.653-0,"a
Titular do Cargo em Comissao",nan,nan,DFG-11,nan,nan,nan,nan,nan,nan,nan,nan,"Designar MARIA DO SOCORRO FONSECA DE ALMEIDA, matricula n 46.653-0, para substituir a
Titular do Cargo em Comissao, Simbolo DFG-11 de Gerente da Gerencia de Procedimentos Discipli-
nares da Diretoria de Administracao de Recursos Humanos da Subsecretaria de Apoio Operacional da
Secretaria de Estado de Educacao do Distrito Federal, por motivo de ferias, no periodo de 19/11/2001
a 18/12/2001"
7,Substituição de Funções, PATRICIA DANTAS TRAJANO,23.791-4,nan,nan,nan,nan,nan,nan,nan,nan,nan,nan,nan,nan,"Designar PATRICIA DANTAS TRAJANO, matricula no 23.791-4, como executora do Convenio
de Cooperacao Tecnica no 07/2001, firmado entre a Secretaria de Estado de Educacao do Distrito
Federal e a Secretaria de Estado de Saude do Distrito Federal"
8,Substituição de Funções, os servidores abaixo relacionados para comporem a Comissao ora instituida,83.464-5,nan,"45.950-X  Membro;
MARTA GOMES DE ALMEIDA ICO",nan,nan,nan,nan,nan,nan,nan,nan,nan,nan,"Designar os servidores abaixo relacionados para comporem a Comissao ora instituida:
ILDEU RANDOLFO BORGES, matricula no 83.464-5  Presidente;
JOAO CARMO ATHAIDE MANGABEIRA, matricula no 45.950-X  Membro;
MARTA GOMES DE ALMEIDA ICO, matricula no 56.497-4  Membro;
RITA LUISA CARNEIRO DE ANDRADE, matricula no 64.847-7  Membro;
CLAUDIO BEZERRA TAVARES, matricula no 97.430-7  Membro"
9,Substituição de Funções, os servidores,nan,nan,nan,nan,nan,nan,nan,nan,nan,nan,nan,nan,nan,"Designar os servidores, abaixo relacionados, para substituirem titulares de cargos em comissao, na
Diretoria de Ensino Especial, por motivo de ferias regulamentares dos titulares"
10,Substituição de Funções,a o secretario das comissoes,nan,nan,nan,nan,nan,nan,nan,nan,nan,nan,nan,nan,nan,"designara o secretario das comissoes, em cada caso"
11,Substituição de Funções, o Chefe do Nucleo de Atividades Gerais,43844-8,nan,nan,nan,nan,nan,nan,nan,nan,nan,nan,nan,nan,"Designar o Chefe do Nucleo de Atividades Gerais/GAO/LACEN-DF, matricula no 43844-8, EXECU-
TOR do Contrato no 075/2001-SES/DF, celebrado entre o Distrito Federal, por intermedio da Secre-
taria de Estado de Saude e a firma ELETROSPITALAR COMERCIO E ASSISTENCIA TECNICA
LTDA, em 26 de outubro de 2001"
12,Substituição de Funções, o Sr,nan,nan,nan,nan,nan,nan,nan,nan,nan,nan,nan,nan,nan,Designar o Sr
13,Substituição de Funções, a Chefe do Nucleo de Supervisao de Radioprotecao,nan,nan,nan,nan,nan,nan,nan,nan,nan,nan,nan,nan,nan,"Designar a Chefe do Nucleo de Supervisao de Radioprotecao/DET, EXECUTORA do Contrato no 77/
2001/SES/DF, celebrado entre o Distrito Federal, por intermedio da Secretaria de Estado de Saude e a
firma REM INDUSTRIA E COMERCIO LTDA, em 05/11/2001"
14,Substituição de Funções, a servidora MARIA FRANCISCA APARECIDA,136.975-x,nan,nan,nan,nan,nan,nan,nan,nan,nan,nan,nan,nan,"Designar a servidora MARIA FRANCISCA APARECIDA, matricula no 136.975-x, Assistente Tecni-
co da Diretoria Regional de Saude de Brazlandia, EXECUTORA do ATO UNILATERAL DE PER-
MISSAO REMUNERADA DE USO no 004/2001-ASJUR/SAB, celebrado entre o Distrito Federal, por
intermedio da Secretaria de Estado de Saude e a SOCIEDADE DE ABASTECIMENTO DE BRASILIA
S/A  SAB, em liquidacao, em 20 de julho de 2001"
15,Substituição de Funções, a servidora DEBORA DE OLIVEIRA MACHADO,136.512-6,a Chefe do Nucleo de Enfer,nan,nan,DFG-05,nan,nan,nan,nan,nan,nan,nan,nan,"DESIGNAR a servidora DEBORA DE OLIVEIRA MACHADO, Assistente Superior de Saude, 3a Classe, Padrao VI (Enfermeira), matricula no 136.512-6, para substituir a Chefe do Nucleo de Enfer-
magem do Centro de Saude no 01/Candangolandia da Diretoria Regional de Saude da Candangolandia,
Nucleo Bandeirante e Riacho Fundo, Simbolo DFG-05, no periodo de 07 a 26 de janeiro de 2002, por
motivo de ferias da titular, conforme Memorando no 15/01-Chef"
16,Substituição de Funções, a servidora ANA CRISTINA LOPES,138.009-5,"a Chefe do Nucleo de Vigilancia Epidemiologica
da Gerencia de Atencao a Saude da Diretoria Regional de Saude da Candangolandia",nan,nan,DFG-05,nan,nan,nan,nan,nan,nan,nan,nan,"DESIGNAR a servidora ANA CRISTINA LOPES, Assistente Superior de Saude, 3a Classe, Padrao V
(Enfermeira), matricula no 138.009-5, para substituir a Chefe do Nucleo de Vigilancia Epidemiologica
da Gerencia de Atencao a Saude da Diretoria Regional de Saude da Candangolandia, Nucleo Bandeiran-
te e Riacho Fundo, Simbolo DFG-05, no periodo de 08 de janeiro a 06 de fevereiro de 2002, por
motivo de ferias da titular, conforme Memorando no 33/2001-NE/C.S"
17,Substituição de Funções, a servidora DIVINA MARIA RIBEIRO,134.519-2,"a Chefe do Nucleo de
Regulacao",nan,nan,DFG-04,nan,nan,nan,nan,nan,nan,nan,nan,"DESIGNAR a servidora DIVINA MARIA RIBEIRO, Assistente Intermediario de Saude II, 3a Classe,
Padrao VII (Agente Administrativo), matricula no 134.519-2, para substituir a Chefe do Nucleo de
Regulacao, Controle e Avaliacao do Centro de Saude no 01/Candangolandia da Diretoria Regional de
Saude da Candangolandia, Nucleo Bandeirante e Riacho Fundo, Simbolo DFG-04, no periodo de 05 a
29 de novembro de 2001, por motivo de licenca medica da titular, conforme Memorando no 43/01-
Gerente do CS 01Cand"
18,Substituição de Funções,nan,nan,nan,138.170-9,nan,nan,nan,nan,nan,nan,nan,nan,nan,nan,"Designar, os servidores ADRIANA BORGES DELGADO, medica, matricula no 138.277-2, ALES-
SANDRA DA CONCEICAO NOGUEIRA, Auxiliar de Enfermagem, matricula no 138.170-9, JEAN-
NE ALMEIDA MESQUITA, Agente de Servicos Complementares do Servico Social, matricula no
137.506-7 e CLARA DE ASSIS OLIVEIRA DA CRUZ, Auxiliar de Enfermagem, matricula no 130700-
2, para sob a presidencia do primeiro, comporem Comissao de Sindicancia para apuar o fatos constan-
tes no processo no 00275000490/2001, devendo todos os envolvidos serem notificados de tudo,
desde o inicio dos trabalhos, os quais devem ser concluidos dentro de 30(trinta) dias a partir da data da
publicacao do presente ato com base no artigo 145 da Lei 8.112/1990 e Instrucao 20/1994-FHDF"
19,Substituição de Funções, o servidor ROBSON DE SOUZA BORGES,134.156-1, o Chefe do Nucleo de Regulacao,nan,nan,DFG-04,nan,nan,nan,nan,nan,nan,nan,nan,"Designar o servidor ROBSON DE SOUZA BORGES, Agente Administrativo, matricula no 134.156-1,
para substituir  o Chefe do Nucleo de Regulacao,  Controle e Avaliacao do Centro de Saude no 01 da
Diretoria Regional de Saude do Recanto das Emas, do Quadro de Cargos em Comissao da Secretaria de
Estado de Saude do Distrito Federal, Simbolo DFG-04, no periodo de 03 de dezembro de 2001 a 22 de                                                                       Diario Oficial do Distrito Federal
PAGINA   23
No 222, quarta-feira, 21 de novembro de 2001 dezembro de 2001, por  motivo de ferias do titular, conforme MEMO no 113/2001-DRSRE de 31 de
outubro de 2001"
20,Substituição de Funções, a servidora Lesiley Lina de Jesus Veloso,25.312-X,nan,nan,nan,DFG-05,nan,nan,nan,nan,nan,nan,nan,nan,"Designar a servidora Lesiley Lina de Jesus Veloso, Matricula 25.312-X,  para susbstituir a Chefe do
Nucleo de Apoio Operacional do CS/SMBA 01 da Diretoria Regional de Saude de Samambaia, do
quadro de cargos em comissao da Secretaria de Estado de Saude do Distrito Federal,simbolo DFG-05,
no periodo de 10 a 29/12/2001, em virtude de ferias da titular"
21,Substituição de Funções, a servidora Alexandra Gouveia de Oliveira,140.659-0,"a Gerente
do CS",nan,nan,DFG-14,nan,nan,nan,nan,nan,nan,nan,nan,"Designar a servidora Alexandra Gouveia de Oliveira, Matricula 140.659-0, para substituir a Gerente
do CS/SMBA 02 da Diretoria Regional de Saude de Samambaia, do quadro de cargos em comissao da
Secretaria de Estado de Saude do Distrito Federal, simbolo DFG-14, no periodo de 17/12/2001 a
15/01/2002, em virtude de ferias da titular, sem acumulacao de vencimentos"
22,Substituição de Funções, a Agente de Policia LILIANA DE FATIMA BARRETO DE CARVALHO,23.734-5,nan,57.586-0,nan,nan,nan,nan,nan,nan,nan,nan,nan,nan,"DESIGNAR a Agente de Policia LILIANA DE FATIMA BARRETO DE CARVALHO, matricula
no 23.734-5, para figurar como Membro da Comissao Permanente de Tomada de Contas Especial da Policia Civil do Distrito Federal, no periodo de 12/11/2001 a 11/12/2001, em substituicao a Agente
de Policia CLARISSA MARIA CAMPOS DE SABOYA CAMILLO, matricula no 57.586-0, por moti-
vo de ferias regulamentares"
23,Substituição de Funções, JOAO DE DEUS SALES,92.877-1,FRANCISCO AUGUSTO B,nan,nan,nan,nan,nan,nan,nan,nan,nan,nan,nan,"Designar JOAO DE DEUS SALES, matricula no 92.877-1, para substituir FRANCISCO AUGUSTO B"
24,Substituição de Funções, LUIZ CLAUDIO FREIRE DE SOUZA FRANCA,93.328-7,EVALDO CARNEIRO,95.537-X,no periodo de 01 a 30 de novembro de 2001,nan,nan,nan,nan,nan,nan,nan,nan,nan,"Designar LUIZ CLAUDIO FREIRE DE SOUZA FRANCA, Matricula 93.328-7 para substituir
EVALDO CARNEIRO, Matricula 95.537-X, no periodo de 01 a 30 de novembro de 2001, por
motivo de ferias"
25,Substituição de Funções, nos termos do artigo,nan,nan,nan,nan,nan,nan,nan,nan,nan,nan,nan,nan,nan,"Designar nos termos do artigo 13, do Decreto 16.098, das normas de execucao orcamentaria e
Financeira do Distrito Federal o Sr"
26,Substituição de Funções, a servidora VALDERES LAS CASA GOUVEIA MOREIRA,nan,nan,nan,nan,nan,nan,nan,nan,nan,nan,nan,nan,nan,"Designar a servidora VALDERES LAS CASA GOUVEIA MOREIRA, Mat"
27,Substituição de Funções, o servidor ANTONIO CARLOS SILVA DE LIMA,93.986-2,nan,nan,nan,nan,nan,nan,nan,nan,nan,nan,nan,nan,"Designar o servidor ANTONIO CARLOS SILVA DE LIMA, Diretor da Divisao Regional de Cultura,
Esporte, Lazer e Turismo, matricula no 93.986-2, como executor da prestacao de servicos de Show
Musical do 45o Aniversario da Candangolandia, para acompanhar e fiscalizar a sua fiel execucao"
28,Substituição de Funções, o servidor AILTON SILVA REGO,94.409-2,nan,nan,nan,nan,nan,nan,nan,nan,nan,nan,nan,nan,"DESIGNAR o servidor AILTON SILVA REGO, matricula 94.409-2, como supervisionar, fiscalizar e
acompanhar a execucao dos servicos constantes da Nota de Empenho no 460/2001, referente ao
Processo no 137.002.063/2001"
29,Substituição de Funções, os servidores,107.885-2,nan,"97.300-9 e ELMI
PESSOA GONCALVES TEXEIRA COIMBRA",nan,nan,nan,nan,nan,nan,nan,nan,nan,nan,"DESIGNAR os servidores: JOAO JOSEFINO DA FONSECA, Chefe da Secao de Bancas de
Jornal e Revistas DRSP, matricula 107.885-2, IRACI DE JESUS LEMOS CORDEIRO, En-
carregada da Secao de Administracao Terminais Rodoviarios, matricula 97.300-9 e ELMI
PESSOA GONCALVES TEXEIRA COIMBRA, Assistente da Divisao Regional de Exame,
Aprovacao e Elaboracao de Projetos, matricula 94.959-0, para sob a presidencia do primeiro
e secretariado pelo segundo, comporem a Comissao de Sindicancia, de acordo com o proces-
so de n.o 142.002.346/2001"
30,Substituição de Funções, MARISA DA SILVA SALES,39.014-,MARIA DE FATIMA GOMES FER,22.978-4,nan,DFG-08,nan,nan,nan,nan,nan,nan,nan,nan,"Designar MARISA DA SILVA SALES, Auxiliar de Apoio as Atividades Juridicas, matricula no 39.014-
3, para substituir MARIA DE FATIMA GOMES FER, Chefe do Servico de Comunicacao Administra- tiva e Arquivo Geral, matricula no 22.978-4, Simbolo DFG-08, do Departamento de Administracao
Geral, da Procuradoria-Geral do Distrito Federal, no periodo de 26.11 a 15.12.2001, por motivo de
ferias da titular"
31,Substituição de Funções, o Procurador Fundacional do Distrito Federal,nan,nan,nan,nan,nan,nan,nan,nan,nan,nan,nan,nan,nan,"Designar o Procurador Fundacional do Distrito Federal, Categoria Especial, abaixo-relaciona-
do para ter exercicio no Departamento de Transito do Distrito Federal - DETRAN"
32,Substituição de Funções, SILVANA ALVES DA SILVA,42.902-3,ANA CLAUDIA DE SA RORIZ,98.174-5,Gerente de Documentacao e Controle de Publicacoes Oficiais,DFG-08,nan,,nan,nan,nan,nan,nan,nan,"Designar SILVANA ALVES DA SILVA, matricula no 42.902-3, Chefe da Biblioteca Juridica - Respon-
dendo, Simbolo DFG-08, para substituir ANA CLAUDIA DE SA RORIZ, matricula no 98.174-5,
Gerente de Documentacao e Controle de Publicacoes Oficiais, Simbolo DFG-13, do Centro de Estu-
dos, da Procuradoria - Geral do Distrito Federal, no periodo de 16.11 a 30.11.2001, por motivo de
ferias da titular"
33,Substituição de Funções, DAVID GONCALVES DOS SANTOS,41.608-8,ELIZABETE MAGALHAES,34.291-2,nan,DFA-03,nan,,nan,nan,nan,nan,nan,nan,"Designar DAVID GONCALVES DOS SANTOS, Assistente, matricula no 41.608-8, Simbolo DFA-03,
para substituir ELIZABETE MAGALHAES, Chefe do Servico de Apoio Administrativo, matricula no
34.291-2, Simbolo DFG-08, da Procuradoria Fiscal, da Procuradoria-Geral do Distrito Federal, no
periodo de 16.11 a 30.11.2001, por motivo de ferias da titular"
