,tipo_ato,interessado,nome,matricula,processo,onus,siape,cargo,text
0,Cessoes,nan,nan,06.639-7,010.000.180/2002,nan,nan,nan,"PROCESSO No: 010.000.180/2002;
INTERESSADO: GABINETE DA VICE-PRESIDENCIA DA REPUBLICA;
ASSUNTO: CESSAO DE BOMBEIROS MILITARES.
1. Autorizo, nos termos do artigo 1o,  do Decreto no 3.014, de 03 de Outubro de 1975, e em consonancia
com o artigo 21, do Decreto no 88.777, de 30 de setembro de 1983, passar a disposicao do Gabinete da Vice-Presidencia da Republica, o Soldado MARCEL BATISTA RODRIGUES,  matricula  no 06.639-7,
do Corpo de Bombeiros Militar do Distrito Federal.
2. "
1,Cessoes,TRIBUNAL DE JUSTICA DO DISTRITO FEDERAL E TERRITORIOS,nan,18.583-3 ,010-000.190/2002,nan,nan,nan,"PROCESSO No: 010-000.190/2002;
INTERESSADO: TRIBUNAL DE JUSTICA DO DISTRITO FEDERAL E TERRITORIOS;
ASSUNTO: CESSAO DE POLICIAIS MILITARES.
1. Autorizo passar a disposicao do Tribunal de Justica do Distrito Federal e Territorios, de acordo
com o presente processo e nos termos do artigo 21 inciso 3, do Decreto no 88.777, de 30 de
setembro de 1983, os seguintes Policiais Militares: Soldado QPPMC JOSE RICARDO VALENTIM DA COSTA  Matricula 18.583-3 e o Soldado QPPMC ROBSON FRANCA BARBOSA
 Matricula 18.588-4, da Policia Militar do Distrito Federal.
2. "
