,Tipo,Nome,Cargo Efetivo,Matricula,Siape,Simbolo,Cargo Comissao,Lotacao,Orgao,text
0,Nomeação, EDILZA VERAS CAVALCANTE,"Assistente Intermediario de Saude (AOSD -
Fisioterapia)",121.721-6,nan,DFA-09,nan,nan,nan,"NOMEAR EDILZA VERAS CAVALCANTE, Assistente Intermediario de Saude (AOSD -
Fisioterapia), Matricula no 121.721-6, para exercer o Cargo em Comissao, Simbolo DFA-09, de
Assistente da Diretoria Regional de Saude do Gama da Secretaria de Estado de Saude do
Distrito Federal"
1,Nomeação, ANA JULIA DA SILVA,"Assistente Intermediario de Saude II (Agente Administrati-
vo)",122.676-2,nan,DFG-04,nan,nan,nan,"NOMEAR ANA JULIA DA SILVA, Assistente Intermediario de Saude II (Agente Administrati-
vo), Matricula no 122.676-2, para exercer o Cargo em Comissao, Simbolo DFG-04, de Chefe do
Nucleo de Atividades Gerais da Gerencia de Apoio Operacional do Hospital Regional do Gama da
Secretaria de Estado de Saude do Distrito Federal"
2,Nomeação, ZULMIRA MARIA BARROSO DA COSTA,Carreira de Enfermeiro,134.439-0,nan,DFA-03,nan,nan,nan,"NOMEAR ZULMIRA MARIA BARROSO DA COSTA, Carreira de Enfermeiro, Matricula no
134.439-0, para exercer o Cargo em Comissao, Simbolo DFA-03, de Supervisora de Enfermagem
da Gerencia de Enfermagem da Coordenacao Medico-Assistencial do Hospital de Base do Distri-
to Federal da Secretaria de Estado de Saude do Distrito Federal"
3,Nomeação,nan,nan,09.847-7,nan,DFA-11," Assessor de
Seguranca","11 de junho de 2001, os seguintes policiais militares: 1o
Sargento QPPMC Jose Batista do Prado Irmao  Matricula 09.847-7",nan,"NOMEAR, para o Cargo do Grupo de Assessoramento, Simbolo DFA-11, de Assessor de
Seguranca, nos termos da Lei no 2.723, de 11 de junho de 2001, os seguintes policiais militares: 1o
Sargento QPPMC Jose Batista do Prado Irmao  Matricula 09.847-7, Cabo QPPMC Sergio H"
4,Nomeação, FRANCISCO DAS CHAGAS SOARES ARAUJO," para exercer o Cargo em
Comissao",nan,nan,DFA-12,nan,nan,nan,"NOMEAR FRANCISCO DAS CHAGAS SOARES ARAUJO,  para exercer o Cargo em
Comissao, Simbolo DFA-12,  de Assessor da Secretaria de Estado de Seguranca Publica do
Distrito Federal"
5,Nomeação,nan,nan,nan,nan,nan,nan,nan,nan,"NOMEAR o 3o SGT QPPMC RAIMUNDO XAVIER CAVALCANTI, MAT"
6,Nomeação,nan,nan,nan,nan,nan,nan,nan,nan,"NOMEAR o SD QPPMC VILMAR NUNES CORDEIRO, MAT"
7,Nomeação, BRASIL ALI MAHMOUD ALI,Carreira Medica (Cirurgia Geral),123.502-8,nan,DFG-05,nan,nan,nan,"NOMEAR BRASIL ALI MAHMOUD ALI, Carreira Medica (Cirurgia Geral), Matricula no
123.502-8, para exercer o Cargo em Comissao, Simbolo DFG-05, de Chefe do Nucleo de Centro
Cirurgico e Obstetrico da Gerencia de Atencao a Saude do Hospital Regional de Taguatinga da
Secretaria de Estado de Saude do Distrito Federal"
8,Nomeação, SAMUEL VARGAS FERREIRA,Agente  Penitenciario,24.548-8,nan,nan,nan,nan,nan,"NOMEAR SAMUEL VARGAS FERREIRA, Agente  Penitenciario, matricula no 24.548-8  para
exercer o Cargo em Comissao Codigo DFG-10, de Diretor da Divisao de Assistencia ao Interno do
Centro de Internamento e Reeducacao  da Coordenacao do Sistema Penitenciario da  Secretaria de
Estado de Seguranca Publica do Distrito Federal"
9,Nomeação, MARIA DAS NEVES F,nan,nan,nan,nan,nan,nan,nan,NOMEAR MARIA DAS NEVES F
10,Nomeação, CEZAR TOSHIO FUGIVALA, matricula 58.560-2,58.560-2,nan,nan,nan,nan,nan,"NOMEAR CEZAR TOSHIO FUGIVALA,  matricula 58.560-2, para exercer o Cargo em Comis-
sao, Codigo DFG-02, de Chefe da Secao de Conservacao e Reparos da Divisao de Administracao
Penitenciaria do Nucleo de Custodia de Brasilia da Coordenacao do Sistema Penitenciario da
Secretaria de Estado de Seguranca Publica do Distrito Federal"
11,Nomeação, NUBIA DE SOUZA ALMEIDA,para exercer o Cargo em Comissao,nan,nan,DFA-,nan,nan,nan,"NOMEAR NUBIA DE SOUZA ALMEIDA, para exercer o Cargo em Comissao, Simbolo DFA-
11, de Assessor do Gabinete da Secretaria Extraordinaria de Fiscalizacao de Atividades Urbanas
do Distrito Federal"
12,Nomeação, ALBERTO DA SILVA BRAGA,Carreira Medica (Urologia),121.134-,nan,DFG-05,nan,nan,nan,"NOMEAR ALBERTO DA SILVA BRAGA, Carreira Medica (Urologia), Matricula no 121.134-
X, para exercer o Cargo em Comissao, Simbolo DFG-05, de Chefe da Unidade de Clinicas
Cirurgicas da Gerencia de Atencao a Saude do Hospital Regional de Taguatinga da Secretaria de
Estado de Saude do Distrito Federal"
13,Nomeação, FABIANA DE MATTOS RODRIGUES MENDES,Carreira de Enfermeiro,nan,nan,DFA-03,nan,nan,nan,"NOMEAR FABIANA DE MATTOS RODRIGUES MENDES, Carreira de Enfermeiro, Matri-
cula no 141.066-0, para exercer o Cargo em Comissao, Simbolo DFA-03, de Supervisora de
Enfermagem da Gerencia de Enfermagem da Coordenacao Medico-Assistencial do Hospital de
Base do Distrito Federal da Secretaria de Estado de Saude do Distrito Federal"
14,Nomeação, TANIA MARA SEIXAS JUCA PADOVANI,Carreira de Enfermeiro,127.563-1,nan,DFA-03,nan,nan,nan,"NOMEAR TANIA MARA SEIXAS JUCA PADOVANI, Carreira de Enfermeiro, Matricula
no 127.563-1, para exercer o Cargo em Comissao, Simbolo DFA-03, de Supervisora de Enfer-
magem da Gerencia de Enfermagem do Hospital Regional da Asa Sul da Secretaria de Saude do
Distrito Federal"
15,Nomeação, SANDRA HELENA DE SOUSA FERREIRA,Carreira de Enfermeiro,141.070-9,nan,DFG-05,nan,nan,nan,"NOMEAR SANDRA HELENA DE SOUSA FERREIRA, Carreira de Enfermeiro, Matricula no
141.070-9, para exercer o Cargo em Comissao, Simbolo DFG-05, de Chefe do Nucleo de Enfer-
magem do Centro de Saude no 01 da Diretoria Regional de Saude do Paranoa da Secretaria de
Estado de Saude do Distrito Federal"
16,Nomeação, VILMA CARDOSO DE OLIVEIRA,nan,140.895-X,nan,DFG-05,nan,nan,nan,"NOMEAR VILMA CARDOSO DE OLIVEIRA, Matricula no 140.895-X, para exercer o Cargo
em Comissao, Simbolo DFG-05, de Chefe do Nucleo de Educacao e Treinamento em Saude da
Gerencia de Atencao Medica e Assistencial do Hospital Regional de Brazlandia da Secretaria de
Estado de Saude do Distrito Federal"
17,Nomeação, VILDA CARDOSO DE OLIVEIRA,para exercer o Cargo em Comissao,nan,nan,DFA-04,nan,nan,nan,"NOMEAR VILDA CARDOSO DE OLIVEIRA, para exercer o Cargo em Comissao, Simbolo
DFA-04, de Supervisora de Emergencia da Gerencia de Atencao Medica e Assistencial do Hospi-
tal Regional de Brazlandia da Secretaria de Estado de Saude do Distrito Federal"
18,Nomeação, CRYSTIANE MARCIA MARINHO DOS SANTOS,"Assistente Intermediario de
Saude II (Agente Administrativo)",127.721-9,nan,DFG-05, Chefe do Nucleo de Arquivo Medico da Gerencia de Regulacao,nan,nan,"NOMEAR CRYSTIANE MARCIA MARINHO DOS SANTOS, Assistente Intermediario de
Saude II (Agente Administrativo), Matricula no 127.721-9, para exercer o Cargo em Comissao,
Simbolo DFG-05, de Chefe do Nucleo de Arquivo Medico da Gerencia de Regulacao, Controle e
Avaliacao da Coordenacao de Apoio Operacional do Hospital de Base do Distrito Federal da
Secretaria de Estado de Saude do Distrito Federal"
19,Nomeação, MILTON MENEZES DA COSTA NETO,"Carreira Medica (Ginecologia e Obstetri-
cia)",118.932-8,nan,nan,nan,nan,nan,"NOMEAR MILTON MENEZES DA COSTA NETO, Carreira Medica (Ginecologia e Obstetri-
cia), Matricula no 118.932-8, lotado no Centro de Saude no 01 da Diretoria Regional de Saude do
Nucleo Bandeirante, Candangolandia e Riacho Fundo, para exercer o Cargo em Comissao, Simbo-
lo DFG-14, criado pela Lei no 2.916 de 15 de fevereiro de 2002, publicado no DODF no 35 de 21
de fevereiro de 2002, da Secretaria de Estado de Saude do Distrito Federal"
20,Nomeação, LUCAS VALIM ORRU,para exercer o Cargo em Comissao,nan,nan,DFG-13,"
Diretor de Inspecao e Fiscalizacao","Diretoria de Inspecao e Fiscalizacao, da Secretaria de
Agricultura","Secretaria de
Agricultura, Pecuaria e Abastecimento do Distrito Federal","NOMEAR LUCAS VALIM ORRU, para exercer o Cargo em Comissao, Simbolo DFG-13, de
Diretor de Inspecao e Fiscalizacao, da Diretoria de Inspecao e Fiscalizacao, da Secretaria de
Agricultura, Pecuaria e Abastecimento do Distrito Federal"
21,Nomeação, ROBERTO BENFICA RUBIN,para exercer o Cargo em Comissao,nan,nan,DFG-, Diretor de Pecuaria e Defesa Sanitaria,"Diretoria de Pecuaria e Defesa Sanitaria, da
Secretaria de Agricultura","Secretaria de Agricultura, Pecuaria e Abastecimento do Distrito Federal","NOMEAR ROBERTO BENFICA RUBIN, para exercer o Cargo em Comissao, Simbolo DFG-
13, de Diretor de Pecuaria e Defesa Sanitaria, da Diretoria de Pecuaria e Defesa Sanitaria, da
Secretaria de Agricultura, Pecuaria e Abastecimento do Distrito Federal"
22,Nomeação, SILVIA MARIA ALVES SILVA,"Assistente Superior de Saude (Tecnico em Comuni-
cacao Social)",110.712-7,nan,DFG-13,nan,nan,nan,"NOMEAR SILVIA MARIA ALVES SILVA, Assistente Superior de Saude (Tecnico em Comuni-
cacao Social), Matricula no 110.712-7, para exercer o Cargo em Comissao, Simbolo DFG-13, de
Chefe da Assessoria de Comunicacao Social da Secretaria de Estado de Saude do Distrito Federal"
23,Nomeação, MARIA HELINALDA DE SOUSA RODRIGUES,"Assistente Intermediario de
Saude II (Agente Administrativo)",121.166-8,nan,DFG-05, Chefe do Nucleo de Regulacao,nan,nan,"NOMEAR MARIA HELINALDA DE SOUSA RODRIGUES, Assistente Intermediario de
Saude II (Agente Administrativo), Matricula no 121.166-8, para exercer o Cargo em Comissao,
Simbolo DFG-05, de Chefe do Nucleo de Regulacao, Controle e Avaliacao da Gerencia de Apoio
Operacional da Diretoria Regional de Saude de Santa Maria da Secretaria de Estado de Saude do
Distrito Federal"
24,Nomeação, MARIA LUIZA MONTEIRO SASSE,Agente de Policia,57.792-8,nan,nan,nan,nan,nan,"NOMEAR MARIA LUIZA MONTEIRO SASSE, Agente de Policia, matricula 57.792-8, para
exercer o Cargo em Comissao, Codigo DFG-02, de Chefe  da Secao de Operacoes de Radio V do
Centro Integrado de Telecomunicacoes da Secretaria de Estado de Seguranca Publica do Distri-
to Federal"
25,Nomeação, ANTONIO PAULO DE MATTOS RIOS,Agente de Policia,25.537-8,nan,nan,nan,nan,nan,"NOMEAR ANTONIO PAULO DE MATTOS RIOS, Agente de Policia, matricula 25.537-8,
para exercer o Cargo em Comissao, Codigo DFG-05, de Chefe da Secao de Pesquisa e Estatistica
da Divisao de Planejamento da Coordenacao de Planejamento e Operacoes da Secretaria  de
Estado de Seguranca Publica do Distrito Federal"
26,Nomeação, CARLOS ALMEIDA CARDOSO,para exercer o Cargo  em Comissao de Diretor,nan,nan,DFG-12,nan,nan,nan,"NOMEAR CARLOS ALMEIDA CARDOSO, para exercer o Cargo  em Comissao de Diretor,
Simbolo DFG-12, da Diretoria de Gestao Documental do Arquivo Publico do Distrito Federal"
27,Nomeação, ALDAIR SILVA COUTO,nan,90.081-8,nan,DFG-02,nan,nan,nan,"NOMEAR ALDAIR SILVA COUTO, matricula no 90.081-8, Tecnico de Administracao Publica,
para exercer o Cargo em Comissao de Encarregado de Arquivo, Simbolo DFG-02, da Diretoria de
Gestao Documental do Arquivo Publico do Distrito Federal"
28,Nomeação, PAULA REGINA VIOLA DE CASTRO DE SOUZA,"para exercer o Cargo em
Comissao de Encarregado de Consultas",nan,nan,DFG-02,nan,nan,nan,"NOMEAR PAULA REGINA VIOLA DE CASTRO DE SOUZA, para exercer o Cargo em
Comissao de Encarregado de Consultas, Simbolo DFG-02, da Gerencia de Documentacao Textual
da Diretoria de Arquivo Permanente do Arquivo Publico do Distrito Federal"
29,Nomeação, DAGOBERTO JUSTINIANO FERREIRA,Arquiteto,110.036-X,nan,DFG-12, Diretor da Divisao Regional de Exame,Administracao Regional de Samambaia,"Secretaria de
Estado de Coordenacao das Administracoes Regionais do Distrito Federal","NOMEAR DAGOBERTO JUSTINIANO FERREIRA, Arquiteto, matricula no 110.036-X,
para exercer o Cargo em Comissao, Simbolo DFG-12, de Diretor da Divisao Regional de Exame,
Aprovacao e Elaboracao de Projetos, da Administracao Regional de Samambaia, da Secretaria de
Estado de Coordenacao das Administracoes Regionais do Distrito Federal"
30,Nomeação, MARCO ANTONIO FERREIRA DE SANTANA,"Inspetor de Atividades Urba-
nas",46.070-2,nan,DFG-12," Diretor da
Divisao Regional de Fiscalizacao de Obras e Posturas",Administracao Regional de Samambaia,Secretaria de Estado de Coordenacao das Administracoes Regionais do Distrito Federal,"NOMEAR MARCO ANTONIO FERREIRA DE SANTANA, Inspetor de Atividades Urba-
nas, matricula no 46.070-2, para exercer o Cargo em Comissao, Simbolo DFG-12, de Diretor da
Divisao Regional de Fiscalizacao de Obras e Posturas, da Administracao Regional de Samambaia,
da Secretaria de Estado de Coordenacao das Administracoes Regionais do Distrito Federal"
31,Nomeação, DILCELIA MACHADO RAMOS PRATES,nan,23.868-6,nan,DFA-11,nan,nan,nan,"NOMEAR DILCELIA MACHADO RAMOS PRATES, matricula no 23.868-6, para exercer o
Cargo em Comissao, Simbolo DFA-11, de Assessor da Subsecretaria de Planejamento e de Inspe-
cao do Ensino da Secretaria de Estado de Educacao do Distrito Federal"
32,Nomeação, ANA MARIA ALVES PERDOMO,nan,nan,nan,DFA-08,nan,nan,nan,"NOMEAR ANA MARIA ALVES PERDOMO para exercer o Cargo em Comissao, Simbolo
DFA-08, da  Assistente de Diretoria de Programacao e Controle da Subsecretaria  de Planejamen-
to e de Inspecao do Ensino da Secretaria de Estado de Educacao do Distrito Federal"
33,Nomeação, LUIZ ERNESTO ANTUNES DE OLIVEIRA,nan,74.856-0,nan,DFA-12,nan,nan,nan,"NOMEAR LUIZ ERNESTO ANTUNES DE OLIVEIRA, matricula no 74.856-0, para exercer o
Cargo em Comissao, Simbolo DFA-12, de Assessor do Gabinete do Secretario da Secretaria de
Estado de Educacao do Distrito Federal"
34,Nomeação, JANILDES DE OLIVEIRA ALMEIDA,nan,71.770-3,nan,DFA-11,nan,nan,nan,"NOMEAR JANILDES DE OLIVEIRA ALMEIDA, matricula no 71.770-3, para exercer o Cargo
em  Comissao, Simbolo DFA-11, de Assessor do Conselho de Educacao do Distrito Federal"
35,Nomeação, EDUARDO FERREIRA DE SOUSA CRUZ,nan,nan,nan,DFA-05,nan,nan,nan,"NOMEAR EDUARDO FERREIRA DE SOUSA CRUZ  para exercer o Cargo em Comissao,
Simbolo DFA-05, de Secretario Administrativo da Diretoria de Programacao e Controle da Sub-
secretaria de Planejamento e de Inspecao do Ensino da Secretaria de Estado de Educacao do
Distrito Federal"
36,Nomeação, KARLA REJANE CANOVA,nan,36.411-8,nan,DFG-11,nan,nan,nan,"NOMEAR KARLA REJANE CANOVA, matricula no 36.411-8,  para exercer o Cargo em
Comissao, Simbolo DFG-11, de Gerente da Gerencia de Documentacao da Escola de Aperfeico-
amento dos Profissionais da Educacao da Subsecretaria de Educacao Publica da Secretaria de
Estado de Educacao do Distrito Federal"
37,Nomeação, MARIA GRACILDA NEVES PEREIRA,nan,90.164-4,nan,DFA-08,nan,nan,nan,"NOMEAR MARIA GRACILDA NEVES PEREIRA, matricula no 90.164-4, para exercer o
Cargo em Comissao, Simbolo DFA-08, de Assistente da Escola de Aperfeicoamento dos Profis-
sionais da Educacao da Subsecretaria de Educacao Publica da Secretaria de Estado de Educacao do
Distrito Federal"
38,Nomeação, JAQUELINE DALTRO DA SILVA FALCAO,nan,nan,nan,DFA-05,nan,nan,nan,"NOMEAR JAQUELINE DALTRO DA SILVA FALCAO para exercer o Cargo em Comissao,
Simbolo DFA-05, de Assistente de Camaras do Conselho de Educacao do Distrito Federal"
39,Nomeação,  VALQUIRIA GOMES DE SOUSA,nan,20.773-X,nan,DFG-07,nan,nan,nan,"NOMEAR  VALQUIRIA GOMES DE SOUSA, matricula no 20.773-X, para exercer o Cargo em
Comissao, Simbolo DFG-07, de Chefe do Nucleo de Inspecao da Gerencia de Supervisao e
Orientacao de Gestores Financeiros da Diretoria Financeira da Subsecretaria  de Apoio Operaci-
onal da Secretaria de Estado de Educacao do Distrito Federal"
40,Nomeação, ANTONIO DE JESUS SALES,nan,,nan,DFA-09,nan,nan,nan,"NOMEAR ANTONIO DE JESUS SALES, matricula no  79.390-6, para exercer o Cargo em
Comissao, Simbolo DFA-09, de Assistente da Subsecretaria de Planejamento e de Inspecao do
Ensino da Secretaria de Estado de Educacao do Distrito Federal"
41,Nomeação, ELNARA NUNES ARAUJO,para exercer o Cargo em Comissao,nan,nan,DFA-10, Assessor,"Posto de Atendimento Regional do Lago Sul, do Instituto de Defesa do Consu-
midor",Secretaria de Governo do Distrito Federal,"NOMEAR ELNARA NUNES ARAUJO, para exercer o Cargo em Comissao, Simbolo DFA-10,
de Assessor, do Posto de Atendimento Regional do Lago Sul, do Instituto de Defesa do Consu-
midor, da Secretaria de Governo do Distrito Federal"
42,Nomeação, JULIO CEZAR SOUZA CORREIA,para exercer o Cargo em Comissao,nan,nan,DFA-10,  Secretario-Executivo,nan,nan,"NOMEAR JULIO CEZAR SOUZA CORREIA, para exercer o Cargo em Comissao, Simbolo
DFA-10, de  Secretario-Executivo, do Gabinete da Secretaria de Esportes e Lazer do  Distrito
Federal"
43,Nomeação, LAEZIA GLORIA BEZERRA,para exercer o Cargo em Comissao de Diretora,nan,nan,DFG-14,nan,nan,nan,"NOMEAR LAEZIA GLORIA BEZERRA, para exercer o Cargo em Comissao de Diretora,
Simbolo DFG-14, da Diretoria de Divulgacao da Secretaria de Comunicacao Social do Distrito
Federal"
44,Nomeação, CARLA ELIANA GONCALVES DE ALCANTARA,nan,55.228-3,nan,DFG-11,nan,nan,nan,"NOMEAR CARLA ELIANA GONCALVES DE ALCANTARA, matricula no 55.228-3, para
exercer o Cargo em Comissao, Simbolo DFG-11, de Gerente de Alimentacao Escolar da Diretoria
de Assistencia Escolar da Subsecretaria de Suporte Educacional da Secretaria de Estado de Edu-
cacao do Distrito Federal"
45,Nomeação, DARILENE PEREIRA DE OLIVEIRA ROMERO,nan,27.574-3,nan,DFA-08,nan,nan,nan,"NOMEAR DARILENE PEREIRA DE OLIVEIRA ROMERO, matricula no 27.574-3, para
exercer o Cargo em Comissao, Simbolo DFA-08, de Assistente da Diretoria de Assistencia
Escolar da Subsecretaria de Suporte Educacional da Secretaria de Estado de Educacao do
Distrito Federal"
46,Nomeação, REBECA LEMOS VALENCA,nan,nan,nan,DFA-05,nan,nan,nan,"NOMEAR REBECA LEMOS VALENCA  para exercer o Cargo em Comissao, Simbolo DFA-05,
de Secretario Administrativo da Diretoria Financeira da Subsecretaria de Apoio Operacional da
Secretaria de Estado de Educacao do Distrito Federal"
47,Nomeação, LAURIMELE ELIAS PAGY,nan,64.068-9,nan,FG-04,nan,nan,nan,"NOMEAR LAURIMELE ELIAS PAGY, matricula no 64.068-9, para exercer a Funcao Gratifica-
da, Simbolo FG-04, de Assistente do Centro Interescolar de Educacao Fisica da Gerencia de
Desporto Escolar da Diretoria de Apoio Pedagogico da Subsecretaria de Educacao Publica da
Secretaria de Estado de Educacao do Distrito Federal"
48,Nomeação, MARIA AMELIA  PAIVA DE ALMEIDA,Carreira Medica (Clinica Medica),nan,nan,DFG-14,nan,nan,nan,"NOMEAR MARIA AMELIA  PAIVA DE ALMEIDA, Carreira Medica (Clinica Medica), Ma-
tricula no 121.285-0, lotado no Centro de Saude no 02 da Diretoria Regional de Saude de Sobradi-
nho, para exercer o Cargo em Comissao, Simbolo DFG-14, criado pela Lei no 2.916 de 15 de
fevereiro de 2002, publicado no DODF no 35 de 21 de fevereiro de 2002, da Secretaria de Estado
de Saude do Distrito Federal"
