,Tipo do Ato,Nome do Servidor Substituto,Matrícula do Servidor Substituto,Nome do Servidor a ser Substituido,Matrícula do Servidor a ser SubstituidoCargo,Símbolo do cargo do servidor substituto,Cargo comissionado objeto da substituição,Símbolo do cargo do objeto da substituição,Símbolo do cargo comissionado objeto da substituição,Hierarquia da Lotação,Órgão,Data Inicial da Vigência,Data Final de Vigência,Matrícula SIAPE,Motivo,text
0,Substituição de Funções,  SAMUEL VARGAS FERREIRA,24.548-8,nan,nan,nan,nan,nan,nan,nan,nan,nan,nan,nan,nan,"DESIGNAR  SAMUEL VARGAS FERREIRA, Agente  Penitenciario, matricula no 24.548-8
para responder pelo Cargo em Comissao Codigo DFG-10, de Diretor da Divisao de Assistencia
ao Interno do Centro de Internamento e Reeducacao  da Coordenacao do Sistema Penitenciario da
Secretaria de Estado de Seguranca Publica do Distrito Federal, a contar de 06 de maio de 2002"
1,Substituição de Funções, CEZAR TOSHIO FUGIVALA,58.560-2,nan,nan,nan,nan,nan,nan,nan,nan,nan,nan,nan,nan,"DESIGNAR CEZAR TOSHIO FUGIVALA,  matricula 58.560-2,  para responder pelo Cargo
em Comissao, Codigo DFG-02, de Chefe da Secao de Conservacao e Reparos da Divisao de
Administracao Penitenciaria do Nucleo de Custodia de Brasilia da Coordenacao do Sistema
Penitenciario da  Secretaria de Estado de Seguranca Publica do Distrito Federal, a contar de 15
de marco de 2002"
2,Substituição de Funções,nan,nan,nan,nan,nan,DFG-12,nan,nan,nan,"Secretaria
de Coordenacao das Administracoes Regionais do Distrito Federal",nan,nan,nan,nan,"DESIGNAR, para a funcao de membro do Conselho de Habitacao do Distrito Federal - CO-
NHAB, pelo periodo de dois anos, a seguinte  Conselheira Suplente:
MARIA DE FATIMA BRASIL DE MIRANDA, como representante da Secretaria de Estado de
Infra-Estrutura e Obras  SO; O GOVERNADOR DO DISTRITO FEDERAL, no uso das atribuicoes que lhe confere o artigo
100, incisos XXVI e XXVII, da Lei Organica do Distrito Federal, RESOLVE:
Nomear MARIA JOSE DE OLIVEIRA SANTANA, para exercer o Cargo em Comissao, Simbolo
DFG-12, de Diretor, da Divisao de Cultura, da Administracao Regional do Paranoa, da Secretaria
de Coordenacao das Administracoes Regionais do Distrito Federal"
3,Substituição de Funções,nan,nan,nan,nan,nan,DFA-,nan,nan,nan,nan,nan,nan,nan,nan,"DESIGNAR, para a funcao de membro do Conselho de Planejamento Territorial e Urbano do
Distrito Federal - CONPLAN, pelo periodo de dois anos, a seguinte Conselheira Suplente:
MONICA NUNES, como representante da Secretaria de Estado de Infra-Estrutura e Obras - SO; O GOVERNADOR DO DISTRITO FEDERAL, no uso das atribuicoes que lhe confere o artigo
100, inciso XXVI, da Lei Organica do Distrito Federal, RESOLVE:
NOMEAR NUBIA DE SOUZA ALMEIDA, para exercer o Cargo em Comissao, Simbolo DFA-
11, de Assessor do Gabinete da Secretaria Extraordinaria de Fiscalizacao de Atividades Urbanas
do Distrito Federal"
4,Substituição de Funções,nan,nan,nan,nan,nan,nan,nan,nan,nan,nan,nan,nan,nan,nan,"DESIGNAR, como Membros Efetivos do Conselho de Planejamento Territorial e Urbano do
Distrito Federal - CONPLAN, pelo periodo de dois anos, os seguintes Conselheiros Suplentes:
STEFANO BORGES PEDROSO, como representante da Secretaria de Estado de Fazenda e
Planejamento  SEFP;
ANDRE LUIZ DA SILVA MOURA, como representante da Secretaria de Estado de Meio
Ambiente e Recursos Hidricos  SEMARH;
RETIFICAR os Decretos de 11 de abril de 2002, nos termos referentes ao tempo do mandato dos
Membros Efetivos do Conselho de Planejamento Territorial e Urbano do Distrito Federal 
CONPLAN, dos Conselheiros listados a seguir"
5,Substituição de Funções, o Agente de Policia CLEBER PEREIRA DOS SANTOS,34.966-6,nan,nan,nan,DFG-08,nan,nan,nan,nan,nan,nan,nan,nan,"Designar o Agente de Policia CLEBER PEREIRA DOS SANTOS, matricula no 34.966-6, para
responder pelo Cargo em Comissao, Simbolo DFG-08, Chefe da Secao de Apoio Administrativo,
da 12a Delegacia de Policia, do Departamento de Policia Circunscricional, da Policia Civil do
Distrito Federal, a contar de 09 de abril de 2002"
6,Substituição de Funções, o Agente de Policia LUIZ CARLOS FERREIRA SOARES,34.201-7,nan,nan,nan,DFG-08,nan,nan,nan,nan,nan,nan,nan,nan,"Designar o Agente de Policia LUIZ CARLOS FERREIRA SOARES, matricula no 34.201-7, para
responder pelo Cargo em Comissao, Simbolo DFG-08, Chefe da Secao de Informatica, Planeja-
mento e Estatistica, da Delegacia de Toxicos e Entorpecentes, do Departamento de Policia
Especializada, da Policia Civil do Distrito Federal, a contar de 16 de maio de 2002"
7,Substituição de Funções, o Agente de Policia VALDIR CARLOS FERNANDES,47.404-5,nan,nan,nan,DFG-08,nan,nan,nan,nan,nan,nan,nan,nan,"Designar o Agente de Policia VALDIR CARLOS FERNANDES, matricula no 47.404-5, para
responder pelo Cargo em Comissao, Simbolo DFG-08, Chefe da Secao de Repressao, da Delega-
cia de Toxicos e Entorpecentes, do Departamento de Policia Especializada, da Policia Civil do
Distrito Federal, a contar de 16 de maio de 2002"
8,Substituição de Funções, o Agente de Policia EUGENIO PACELE MAIA,31.935-X,nan,nan,nan,DFG-08,nan,nan,nan,nan,nan,nan,nan,nan,"Designar o Agente de Policia EUGENIO PACELE MAIA, matricula no 31.935-X, para respon-
der pelo Cargo em Comissao, Simbolo DFG-08, Chefe da Secao de Furtos em Residencia, da
Delegacia de Repressao a Furtos, do Departamento de Policia Especializada, da Policia Civil do
Distrito Federal, a contar de 14 de maio de 2002"
9,Substituição de Funções, o Perito Papiloscopista WALDIR PIRES DA COSTA,36.516-5,nan,nan,nan,DFG-11,nan,nan,nan,nan,nan,nan,nan,nan,"Designar o Perito Papiloscopista WALDIR PIRES DA COSTA, matricula no 36.516-5, para
responder pelo Cargo em Comissao, Simbolo DFG-11,Diretor da Divisao de Processamento e
Arquivos Tecnicos, do Instituto de Identificacao, do Departamento de Policia Tecnica, da Policia
Civil do Distrito Federal, a contar de 02 de maio de 2002"
10,Substituição de Funções, o Perito Papiloscopista ELIEL ELIAS DE PAULA,36.494-0,nan,nan,nan,DFG-08,nan,nan,nan,nan,nan,nan,nan,nan,"Designar o Perito Papiloscopista ELIEL ELIAS DE PAULA, matricula no 36.494-0, para respon-
der pelo Cargo em Comissao, Simbolo DFG-08, Chefe do Posto de Identificacao no 10, da Divisao
de Identificacao, do Instituto de Identificacao, do Departamento de Policia Tecnica, da Policia
Civil do Distrito Federal, a contar de 02 de maio de 2002"
11,Substituição de Funções, o Perito Papiloscopista GILDO FERREIRA CRUZ,35.340-X,nan,nan,nan,DFG-08,nan,nan,nan,nan,nan,nan,nan,nan,"Designar o Perito Papiloscopista GILDO FERREIRA CRUZ, matricula no 35.340-X, para res-
ponder pelo Cargo em Comissao, Simbolo DFG-08, Chefe da Secao de Pesquisa Datiloscopica,
da Divisao de Processamento e Arquivos Tecnicos, do Instituto de Identificacao, do Departa-
mento de Policia Tecnica, da Policia Civil do Distrito Federal, a contar de 02 de maio de 2002"
12,Substituição de Funções, o Perito Papiloscopista JOSE NASCIMENTO BATISTA MAGALHAES,48.236-6,nan,nan,nan,DFG-08,nan,nan,nan,nan,nan,nan,nan,nan,"Designar o Perito Papiloscopista JOSE NASCIMENTO BATISTA MAGALHAES, matricula
no 48.236-6, para responder pelo Cargo em Comissao, Simbolo DFG-08, Chefe da Secao de
Classificacao Datiloscopica, da Divisao de Processamento e Arquivos Tecnicos, do Instituto de
Identificacao, do Departamento de Policia Tecnica, da Policia Civil do Distrito Federal, a contar
de 02 de maio de 2002"
13,Substituição de Funções, o Perito Papiloscopista ANTONIO CARLOS DE ARAUJO,48.168-8,nan,nan,nan,DFG-11,nan,nan,nan,nan,nan,nan,nan,nan,"Designar o Perito Papiloscopista ANTONIO CARLOS DE ARAUJO, matricula no 48.168-8,
para responder pelo Cargo em Comissao, Simbolo DFG-11, Diretor da Divisao Administrativa,
do Instituto de Identificacao, do Departamento de Policia Tecnica, da Policia Civil do Distrito
Federal, a contar de 14 de maio de 2002"
14,Substituição de Funções, a Agente de Policia LUSINETE CARLOS DA SILVA,47.181-X,nan,nan,nan,DFG-08,nan,nan,nan,nan,nan,nan,nan,nan,"Designar a Agente de Policia LUSINETE CARLOS DA SILVA, matricula no 47.181-X, para
responder pelo Cargo em Comissao, Simbolo DFG-08, Chefe da Secao de Informatica, Planeja-
mento e Estatistica, da 24a Delegacia de Policia, do Departamento de Policia Circunscricional, da
Policia Civil do Distrito Federal, a contar de 20 de maio de 2002"
15,Substituição de Funções, o Agente de Policia ANTONIO GILSON COSTA DE OLIVEIRA,57.687-,nan,nan,nan,DFG-08,nan,nan,nan,nan,nan,nan,nan,nan,"Designar o Agente de Policia ANTONIO GILSON COSTA DE OLIVEIRA, matricula no 57.687-
5, para responder pelo Cargo em Comissao, Simbolo DFG-08, Chefe da Secao de Informatica,
Planejamento e Estatistica, da Delegacia de Defesa do Consumidor, do Departamento de Policia
Especializada, da Policia Civil do Distrito Federal, a contar de 16 de maio de 2002"
16,Substituição de Funções, o Agente de Policia ALDAMAS LIMA,47.188-7,nan,nan,nan,DFG-08,nan,nan,nan,nan,nan,nan,nan,nan,"Designar o Agente de Policia ALDAMAS LIMA, matricula no 47.188-7, para responder pelo
Cargo em Comissao, Simbolo DFG-08, Chefe da Secao de Investigacoes, da Delegacia de Defesa
do Consumidor, do Departamento de Policia Especializada, da Policia Civil do Distrito Federal,
a contar de 16 de maio de 2002"
17,Substituição de Funções, o Agente de Policia MARCO VINICIO BARBOSA,31.433-1,nan,nan,nan,DFG-08,nan,nan,nan,nan,nan,nan,nan,nan,"Designar o Agente de Policia MARCO VINICIO BARBOSA, matricula no 31.433-1, para res-
ponder pelo Cargo em Comissao, Simbolo DFG-08, Chefe da Secao de Vigilancia e Operacoes, da
Delegacia de Defesa do Consumidor, do Departamento de Policia Especializada, da Policia Civil
do Distrito Federal, a contar de 16 de maio de 2002"
18,Substituição de Funções, o Agente de Policia JOSE APARECIDO FRANCO,27.755-X,nan,nan,nan,DFG-08,nan,nan,nan,nan,nan,nan,nan,nan,"Designar o Agente de Policia JOSE APARECIDO FRANCO, matricula no 27.755-X, para res-
ponder pelo Cargo em Comissao, Simbolo DFG-08, Chefe da Secao de Informatica, Planejamento
e Estatistica, da 20a Delegacia de Policia, do Departamento de Policia Circunscricional, da Policia
Civil do Distrito Federal, a contar de 20 de maio de 2002"
19,Substituição de Funções, o Delegado de Policia CICERO JAIRO DE VASCONCELOS MONTEIRO,25.572-6,nan,nan,nan,DFA-13,nan,nan,nan,nan,nan,nan,nan,nan,"Designar o Delegado de Policia CICERO JAIRO DE VASCONCELOS MONTEIRO,
matricula no 25.572-6, para responder pelo Cargo em Comissao, Simbolo DFA-13, As-
sessor do Departamento de Atividades Especiais, da Policia Civil do Distrito Federal, a
contar de 03 de maio de 2002"
20,Substituição de Funções, o Agente de Policia OSMAR DE ALBUQUERQUE PONTES JUNIOR,57.951-3,nan,nan,nan,DFG-08,nan,nan,nan,nan,nan,nan,nan,nan,"Designar o Agente de Policia OSMAR DE ALBUQUERQUE PONTES JUNIOR, matricula no
57.951-3, para responder pelo Cargo em Comissao, Simbolo DFG-08, Chefe da Secao de Admi-
nistracao, da Divisao de Controle de Armas, Municoes e Explosivos, do Departamento de Ativi-
dades Especiais, da Policia Civil do Distrito Federal, a contar de 02 de maio de 2002"
21,Substituição de Funções, o Perito Criminal RONALDO RAMOS FERRAZ,27.246-9,nan,nan,nan,DFG-08,nan,nan,nan,nan,nan,nan,nan,nan,"Designar o Perito Criminal RONALDO RAMOS FERRAZ, matricula no 27.246-9, para respon-
der pelo Cargo em Comissao, Simbolo DFG-08, Chefe da Secao de Balistica Forense, da Divisao
de Pericias em Laboratorios, do Instituto de Criminalistica, do Departamento de Policia Tecnica,
da Policia Civil do Distrito Federal, a contar de 22 de marco de 2002"
22,Substituição de Funções, a Perita Criminal ARLANA FERNANDES AZEVEDO,27.141-1,nan,nan,nan,DFA-10,nan,nan,nan,nan,nan,nan,nan,nan,"Designar a Perita Criminal ARLANA FERNANDES AZEVEDO, matricula no 27.141-1, para
responder pelo Cargo em Comissao, Simbolo DFA-10, Assistente de Divisao de Pericias em
Laboratorios, do Departamento de Policia Tecnica, da Policia Civil do Distrito Federal, a contar
de 22 de marco de 2002"
23,Substituição de Funções, a Perita Papiloscopista IVONETE MARTINS DA SILVA MACIEL,48.155-,nan,nan,nan,DFG-08,nan,nan,nan,nan,nan,nan,nan,nan,"Designar a Perita Papiloscopista IVONETE MARTINS DA SILVA MACIEL, matricula no 48.155-
6, para responder pelo Cargo em Comissao, Simbolo DFG-08, Chefe da Secao de Preparacao, da
Divisao de Processamentos e Arquivos Tecnicos, do Instituto de Identificacao, do Departamento
de Policia Tecnica, da Policia Civil do Distrito Federal, a contar de 01 de marco de 2002"
24,Substituição de Funções, o Perito Medico,26.991-3,nan,nan,nan,DFA-11,nan,nan,nan,nan,nan,nan,nan,nan,"Designar o Perito Medico-Legista JOSE COSTA SOBRINHO, matricula no 26.991-3, para
responder pelo Cargo em Comissao, Simbolo DFA-11, Assessor do Instituto de Medicina
Legal, do Departamento de Policia Tecnica, da Policia Civil do Distrito Federal, a contar de 02
de maio de 2002"
25,Substituição de Funções, o Agente de Policia JOSAFA RIBEIRO DO COUTO,31.442-0,nan,nan,nan,DFG-08,nan,nan,nan,nan,nan,nan,nan,nan,"Designar o Agente de Policia JOSAFA RIBEIRO DO COUTO, matricula no 31.442-0, para
responder pelo Cargo em Comissao, Simbolo DFG-08, Chefe da Secao de Avaliacao, da Divisao
Tecnica de Ensino, da Academia de Policia, da Policia Civil do Distrito Federal, a contar de 24 de
abril de 2002"
26,Substituição de Funções, GILDASIO PEREIRA DE SOUZA,40.130-7,ROSAN,31.315-7,nan,DFG-01,nan,nan,nan,nan,nan,nan,nan,nan,"Designar GILDASIO PEREIRA DE SOUZA, matricula no 40.130-7, para substituir ROSAN-
GELA RIBEIRO RAMOS, matricula no 31.315-7, Encarregado, Simbolo DFG-01, da Subsecre-
taria de Apoio Operacional da Secretaria de Fazenda e Planejamento do Distrito Federal, no
periodo de 3 a 22 de junho de 2002, por motivo de ferias regulamentares"
27,Substituição de Funções, a servidora Silvane Francisca Cumaru,137.147-9,o Geren,nan,nan,DFG-11,nan,nan,nan,nan,nan,nan,nan,nan,"Designar a servidora Silvane Francisca Cumaru, Matricula no 137.147-9, para substituir o Geren-
te de Manutencao e Producao da Diretoria de Engenharia e Tecnologia da Subsecretaria de Apoio
Operacional da Secretaria de Estado de Saude do Distrito Federal, Simbolo DFG-11, no periodo
de 1o a 30 de julho de 2002, por motivo de ferias"
28,Substituição de Funções, a servidora Maria Beatriz de Abreu Carvalho,41.155-8,"o Chefe do Nucleo de Inspecao da Gerencia de Fiscalizacao da Diretoria
de Vigilancia Sanitaria da Subsecretaria de Vigilancia a Saude da Secretaria de Estado de Saude do
Distrito Federal",nan,nan,DFG-10,nan,nan,nan,nan,nan,nan,nan,nan,"Designar a servidora Maria Beatriz de Abreu Carvalho, Inspetor de Atividades Urbanas, Matricula
no 41.155-8, para substituir o Chefe do Nucleo de Inspecao da Gerencia de Fiscalizacao da Diretoria
de Vigilancia Sanitaria da Subsecretaria de Vigilancia a Saude da Secretaria de Estado de Saude do
Distrito Federal, Simbolo DFG-10, no periodo de 1o a 20  de julho de 2002, por motivo de ferias"
29,Substituição de Funções, a servidora Juliana Nishimoto Gomes Costa,119.913-7,"o Chefe do Nucleo de Normas
e Procedimentos da Gerencia de Desenvolvimento de Politica de Saude da Diretoria de Planeja",nan,nan,DFG-07,nan,nan,nan,nan,nan,nan,nan,nan,"Designar a servidora Juliana Nishimoto Gomes Costa, Assistente Intermediario de Saude II
(Agente de Saude Publica), Matricula no 119.913-7, para substituir o Chefe do Nucleo de Normas
e Procedimentos da Gerencia de Desenvolvimento de Politica de Saude da Diretoria de Planeja-
mento da Subsecretaria de Planejamento de Politica  de Saude da Secretaria de Estado de Saude do
Distrito Federal, Simbolo DFG-07, no periodo de 10 a 24 de julho de 2002, por motivo de ferias"
30,Substituição de Funções, os servidores Avandy Martins de Oliveira,300.272-1,nan,nan,nan,nan,nan,nan,nan,nan,nan,nan,nan,nan,"Designar os servidores Avandy Martins de Oliveira, matricula no 300.272-1, Maria das Gracas
Nantua E"
31,Substituição de Funções, o  servidor RICARDO DE FRANCO CIPRIANO ARAUJO,n.o,nan,nan,nan,nan,nan,nan,nan,nan,nan,nan,nan,nan,"Designar o  servidor RICARDO DE FRANCO CIPRIANO ARAUJO, matricula n.o 103.978-
4, Executor do Contrato de Prestacao de Servico no 06/2002, celebrado entre o Distrito Federal,
por intermedio da Secretaria de Estado de Acao Social  SEAS  e a BSB Encadernadora LTDA -
ME , cabendo ao designado as atribuicoes previstas no  artigo 13, inciso II, do Decreto  n.o 16.098,
de 29/11/94, publicado no Diario Oficial do Distrito Federal de 30/11/94, e demais normas
inerentes ao assunto"
32,Substituição de Funções, o Engenheiro JOSE ARIOSTON CAVALCANTE,93.113-6,nan,nan,nan,nan,nan,nan,nan,nan,nan,nan,nan,nan,"Designar o Engenheiro JOSE ARIOSTON CAVALCANTE,  matricula no 93.113-6, EXECU-
TOR do Contrato no 110/2002-SO, nos Termos do Padrao no 11/96, firmado entre o Distrito
Federal, por meio da Secretaria de Infra-Estrutura e Obras e a Companhia Urbanizadora da Nova
Capital do Brasil  NOVACAP, objetivando a execucao de pavimentacao asfaltica, passeios,
meios-fios e bocas de lobo nos estacionamentos do canteiro central da Avenida Independencia, em
Planaltina/DF"
33,Substituição de Funções,  nos termos do inciso II,0234-8,nan,nan,nan,nan,nan,nan,nan,nan,nan,nan,nan,nan,"designar  nos termos do inciso II, artigo 13 do Decreto no 16.098, de
29 de dezembro de 1994, combinado com o artigo 67 da Lei no 8.666, de 21 de junho de 1993, o
servidor SEBASTIAO LUIZ DA SILVA, matricula no 0234-8, como executor do Convenio SE-
NASP/MJ No 014/2001 - Treinamento, qualificacao, aperfeicoamento e reciclagem dos agentes de
seguranca publica do Distrito Federal"
34,Substituição de Funções, a servidora MARIA FLORA PESSOA RODRIGUES,30.852-8,nan,26.855-0,nan,nan,nan,nan,nan,nan,nan,nan,nan,nan,"Designar a servidora MARIA FLORA PESSOA RODRIGUES, matricula no 30.852-8, Tecni-
co de Financas e Controle, para compor a comissao criada pela Portaria de 17 de maio de 2002,
publicada no DODF 100, de 28 de maio de 2002, pagina 40, em substituicao ao servidor  GIVO-
NILSON DA FE SOUZA, matricula no 26.855-0, Tecnico de Administracao Publica"
35,Substituição de Funções,  Michel Alves dos Santos,106.597-1,"Celia Maria Baldoino
Ferreira",43.865-0,Chefe,DFG-09,nan,nan,nan,nan,nan,nan,nan,nan,"Designar  Michel Alves dos Santos, matricula no 106.597-1, para substituir Celia Maria Baldoino
Ferreira, matricula 43.865-0, Chefe, Simbolo DFG-09, do Nucleo  de Material e Patrimonio da
Gerencia  Administrativa da Diretoria de Apoio Operacional da Secretaria de Comunicacao Social,
no periodo de 17/06/2002 a 06/07/2002, por motivo de ferias regulamentares da titular"
36,Substituição de Funções, nos termos do Decreto,32.065-X,nan,n.o 109.483-1,nan,DFA-02,nan,,nan,nan,nan,nan,nan,nan,"Designar nos termos do Decreto 21.816 de 12.12.2000, o servidor MARCOS ANTONIO LAN-
DIM DE SOUZA, matricula no 32.065-X, Encarregado, simbolo DFA-02, para substituir, MA-
RIA DA GUIA DE MEDEIROS COSTA, matricula n.o 109.483-1, Chefe do Nucleo de Execucao
Orcamentaria, simbolo DFG-09, da Gerencia de Orcamento e Financas, da Diretoria de Apoio
Operacional,  da Secretaria de Meio Ambiente e Recursos Hidricos, no periodo de 23.05.2002 a
21.06.2002,  por motivo de Licenca Medica da titular"
37,Substituição de Funções, nos termos do Decreto,105.054-0,nan,"n.o
96.003-9",nan,DFG-14,nan,,nan,nan,nan,nan,nan,nan,"Designar nos termos do Decreto 21.816 de 12.12.2000, o servidor LUIZ RANCAN, matricula no
105.054-0, Diretor, simbolo DFG-14, da Diretoria de Outorga, Licenciamento, Fiscalizacao e
Cobranca de Recursos Hidricos, para substituir, JOSE APARECIDO TORSANI, matricula n.o
96.003-9, Subsecretario de Recursos Hidricos, simbolo CNE-06, da Secretaria de Meio Ambiente
e Recursos Hidricos, no periodo de 10.06.2002 a 24.06.2002,  por motivo de ferias regulamenta-
res do titular"
38,Substituição de Funções, os seguintes servidores para,37.492-X,nan,nan,nan,nan,nan,nan,nan,nan,nan,nan,nan,nan,"Designar os seguintes servidores para, sob a coordenacao do primeiro, comporem o referido
Grupo de Trabalho:
Adriana Pereira   matricula no 37.492-X  SEMARH;
Witer Campo Lima  matricula n.o 104.876-7  SEMARH;
Deraldo Cunha Barreto Filho  matricula no 33.291-7  PRG/DF;
Luiz Mario Molina Neto  matricula no 0107.941-7  SUCAR;
Jose Guilherme Siqueira  matricula no 1.095-2  TERRACAP;
Paulo Roberto da Silva  matricula no 94.305-3  DER-DF;
Alcides Rodolfo Carvalho de Medeiros  matricula no 42.799-3  NOVACAP;
01 (um) servidor a ser indicado pelo Instituto Brasileiro do Meio Ambiente e dos Recursos
Naturais Renovaveis  IBAMA"
39,Substituição de Funções, nos termos do Decreto,n.o,nan,n.o 105.067-2,nan,DFA-02,nan,,nan,"Secretaria de Meio Ambiente e Recursos Hidricos,
no periodo de 03.06.2002 a 22.06.2002,  por motivo de ferias regulamentares do titular",nan,nan,nan,nan,"Designar nos termos do Decreto 21.816 de 12.12.2000, a servidora WEYLA MARIA DIOGE-
NES MAGALHAES, matricula n.o 98.493-0, Encarregada, simbolo DFA-02, para substituir,
GILSON ROBERTO DE ABREU, matricula n.o 105.067-2, Administrador de Parques Ecologi- cos, simbolo DFG-09, da Gerencia  de Preservacao do Patrimonio Ecologico das Unidade de
Conservacao e Parques Ecologicos, da Diretoria de Preservacao, Conservacao e Educacao Ambi-
ental, da Subsecretaria do Meio Ambiente, da Secretaria de Meio Ambiente e Recursos Hidricos,
no periodo de 03.06.2002 a 22.06.2002,  por motivo de ferias regulamentares do titular"
40,Substituição de Funções, a Gerencia de Documentacao e Producao de Material Tecnico,nan,nan,nan,nan,nan,nan,nan,nan,nan,nan,nan,nan,nan,"Designar a Gerencia de Documentacao e Producao de Material Tecnico, da Subsecretaria
de Politica Urbana e Informacao, desta Secretaria, na pessoa de seu Gerente ou substituto even-
tual, executor do Contrato de Prestacao de Servicos no 06/2000-SEDUH, firmado com a Empresa
TECNOLTA  EQUIPAMENTOS ELETRONICOS LTDA."
41,Substituição de Funções, o servidor CICERO LINHARES,109.559-5,por motivo de ferias,109.436-x,nan,nan,nan,nan,nan,nan,nan,nan,nan,nan,"Designar o servidor CICERO LINHARES, matricula no 109.559-5,  DFA-12, Gerente da
Gerencia de Elaboracao de Projetos, da Subsecretaria de Promocao a Moradia, da Secretaria de
Estado de Desenvolvimento Urbano e Habitacao, para substituir por motivo de ferias, sem
prejuizo de suas atribuicoes, o servidor  CARLOS ARTHUR VIVEIROS DA COSTA, matricula
no 109.436-x, Diretor de Projetos e Obras, DFG-14, da Subsecretaria de Promocao a Moradia, da
Secretaria de Estado de Desenvolvimento Urbano e Habitacao do Distrito Federal, no periodo de
03/06/2002 a 02/07/2002"
42,Substituição de Funções, a servidora IVONETE DE ARAUJO QUEIROZ,98.924-x,por motivo de ferias,99.550-9,nan,nan,nan,nan,nan,nan,nan,nan,nan,nan,"Designar a servidora IVONETE DE ARAUJO QUEIROZ, matricula no 98.924-x,  Asses-
sora Tecnica, DFA-10, da Gerencia de Administracao de Imoveis, da Diretoria de Operacoes
Imobiliarias, da Subsecretaria de Promocao a Moradia, da Secretaria de Estado de Desenvolvi-
mento Urbano e Habitacao, para substituir por motivo de ferias, sem prejuizo de suas atribui-
coes, o servidor  GILMAR GONZAGA, matricula no 99.550-9, Gerente da Gerencia de Admi-
nistracao de Imoveis, DFG-12, da Diretoria de Operacoes Imobiliarias, da  Subsecretaria de
Promocao a Moradia, da Secretaria de Estado de Desenvolvimento Urbano e Habitacao do
Distrito Federal, no periodo de 01/07/2002 a 30/07/2002"
43,Substituição de Funções, o servidor LUIZ CLAUDIO FREIRE DE SOUZA FRANCA,nan,nan,nan,nan,nan,nan,nan,nan,nan,nan,nan,nan,nan,"Designar o servidor LUIZ CLAUDIO FREIRE DE SOUZA FRANCA, Chefe de Gabinete/
SEADE, como executor do Contrato de Prestacao de Servicos no 001/2002 nos Termos do Padrao
no 01/96, de que trata o Processo no 230.000.037/2001, objetivando a prestacao de servicos de
locacao e fornecimento de Stand e Tenda e respectivas montagem e desmontagem na participacao
da SEADE para a realizacao da FASSANTA no periodo de 30 de maio a 09 de junho de 2002,
consoante especifica o edital por Convite no 069/2002-CPLS/SCL/SEFP"
44,Substituição de Funções, o servidor ORLANDO GONCALVES DA SILVA,nan,nan,nan,nan,nan,nan,nan,nan,nan,nan,nan,nan,nan,"Designar o servidor ORLANDO GONCALVES DA SILVA, Chefe do Nucleo de Apoio
Operacional/SEADE, como executor do Contrato de Prestacao de Servicos no 001/2002
nos Termos do Padrao no 04/96, de que trata o Processo no 230.000.001/2002, objetivando
a prestacao de servicos a serem executados de forma continua, correspondentes a telefonia
fixo comutado (STFC) atraves de Central Virtual, consoante especifica o Edital de Tomada
de Precos no 026/2002-CPL/SCL/SEFP"
45,Substituição de Funções, nos termos do Artigo,30.700-9,nan,nan,nan,nan,nan,nan,nan,nan,nan,nan,nan,nan,"Designar nos termos do Artigo 149, paragrafo 1o, da Lei no 8.112 de 11 de dezembro de 1990, a
servidora Brasilina Abadia dos Passos Borges, Auxiliar de Administracao Publica, matricula no
30.700-9, para exercer a funcao de Secretaria na Tomada de Contas Especial relativa ao processo
no 132.000.904/2000"
46,Substituição de Funções, o executor do Termo de Cooperacao Tecnica,972,nan,nan,nan,nan,nan,nan,nan,nan,nan,nan,nan,nan,"DESIGNAR o executor do Termo de Cooperacao Tecnica, celebrado pelo Governo do Distri-
to Federal, atraves da Secretaria de Infra Estrutura e Obras, Administracao Regional do Paranoa
com o Instituto Aprender;
II  Pela Secretaria de Infra Estrutura e Obras o servidor AIRES CECHI SOARES, matricula no
972 653-51"
47,Substituição de Funções, o Diretor da Divisao Regional de Servicos Publicos,nan,nan,nan,nan,nan,nan,nan,nan,nan,nan,nan,nan,nan,"DESIGNAR o Diretor da Divisao Regional de Servicos Publicos/DRSP/RA-X, como executor do
Contrato no 002/2002/SUCARXCEB, referente ao consumo de energia eletrica do Sistema de
Iluminacao Publica do Distrito Federal"
48,Substituição de Funções, o servidor PAULO CESAR DE TOLEDO,105.372-8,nan,nan,nan,DFA-10,nan,nan,nan,nan,nan,nan,nan,nan,"DESIGNAR o servidor PAULO CESAR DE TOLEDO, matricula no 105.372-8, Assistente
da Divisao Regional de Obras/RA-XI, Simbolo DFA-10,  Executor e Supervisor da obra de
execucao de plantio de grama no campo de futebol na SHCES Quadra 609 lote 02  Cruzeiro
Novo, firmado entre o Governo do Distrito Federal e a empresa COOPERATIVA COOPERSA-
NEO, Processo n.o139.000.352/2001"
49,Substituição de Funções, a servidora LEILA MARIA FONTENELE SANTOS,92.109-2,nan,nan,nan,nan,nan,nan,nan,nan,nan,nan,nan,nan,"DESIGNAR a servidora LEILA MARIA FONTENELE SANTOS, matricula No 92.109-2, Au-
xiliar de Administracao Publica, como responsavel pela prestacao de Contas dos Vales Transpor-
tes, a quem compete todas atribuicoes contidas nos incisos de I ao VI do Art"
