,Tipo do Ato,Nome do Servidor Substituto,Matrícula do Servidor Substituto,Nome do Servidor a ser Substituido,Matrícula do Servidor a ser SubstituidoCargo,Símbolo do cargo do servidor substituto,Cargo comissionado objeto da substituição,Símbolo do cargo do objeto da substituição,Símbolo do cargo comissionado objeto da substituição,Hierarquia da Lotação,Órgão,Data Inicial da Vigência,Data Final de Vigência,Matrícula SIAPE,Motivo,text
0,Substituição de Funções, o servidor JOSE MARIO PARENTE DO NASCIMENTO,o,nan,nan,nan,nan,nan,nan,nan,nan,nan,nan,nan,nan,"Designar o servidor JOSE MARIO PARENTE DO NASCIMENTO, matricula n o 39.151-4, Auxiliar
de Administracao, da Agencia de Desenvolvimento do Turismo do Distrito Federal, como Executor
do Suprimento de Fundos da Agencia de Desenvolvimento do Turismo do Distrito Federal, processo
n o  016.000.293/2001"
1,Substituição de Funções,  a  servidora  ELIZABETE  VILARINHO  DE  OLIVEIRA,no,JOSE ZERBINI FERNANDES LEAL,o 106.526-2,"do cargo em comissao de
Chefe do Nucleo de Administracao dos Proprios Nao Patrimoniados",DFG-09,nan,nan,nan,nan,nan,nan,nan,nan,"Designar  a  servidora  ELIZABETE  VILARINHO  DE  OLIVEIRA,  matricula  no 40.172-2, Tecnico
em Administracao Publica, da Agencia de Desenvolvimento do Turismo do Distrito Federal,  para
substituir JOSE ZERBINI FERNANDES LEAL, matricula n o 106.526-2, do cargo em comissao de
Chefe do Nucleo de Administracao dos Proprios Nao Patrimoniados, Simbolo DFG-09, da Agencia de
Desenvolvimento do Turismo do Distrito Federal, por motivo de ferias do titular, no periodo de
01.11.2001 a 30.11.2001"
2,Substituição de Funções, WAGNER JOSE DE SANTANNA,n.o,BAUER FERREIRA BARBOSA,93.131-4,Diretor do Departamento de Assuntos Administrativos,DFG-12,nan,,nan,nan,nan,nan,nan,nan,"Designar WAGNER JOSE DE SANTANNA, matricula n.o 30.804-8, Chefe da Divisao de Admi-
nistracao Geral, Simbolo DFG-12, para substituir BAUER FERREIRA BARBOSA, matricula no
93.131-4, Diretor do Departamento de Assuntos Administrativos, Simbolo DFG-14, da Secreta-
ria de Estado de Governo, por motivo de ferias regulamentares do titular no periodo de 01 a 30
de novembro de 2001"
3,Substituição de Funções, os servidores abaixo relacionados como executores dos contratos que menciona,nan,nan,nan,nan,nan,nan,nan,nan,nan,nan,nan,nan,nan,Designar os servidores abaixo relacionados como executores dos contratos que menciona:
4,Substituição de Funções, a professora SUHEILA JAMAL MUHD DAOUD,202.386-5,nan,nan,nan,nan,nan,nan,nan,nan,nan,nan,nan,nan,"Designar a professora SUHEILA JAMAL MUHD DAOUD, matricula no 202.386-5, CPF no
805.319.541-53, como responsavel pela coordenacao e acompanhamento da distribuicao dos passes
estudantis rurais, de acordo com o Decreto no 21.973, de 7 de marco de 2001"
5,Substituição de Funções, MARIA DE FATIMA VIEIRA,77.539.8,"a Chefe do Nucleo de
Integracao",nan,nan,DFG-07,nan,nan,nan,nan,nan,nan,nan,nan,"Designar MARIA DE FATIMA VIEIRA, matricula no 77.539.8, para substituir a Chefe do Nucleo de
Integracao, Escola Comunidade da Gerencia Regional de Ensino de Brazlandia, Simbolo DFG-07, pelo
periodo de 01.10.2001 a 31.12.2001, por motivo de Licenca Medica da titular"
6,Substituição de Funções, WELMA MARIA GAMA RIBEIRO DE SOUZA,203.174.4,"a
Chefe do Nucleo de Expediente da Gerencia Regional de Ensino de Brazlandia",nan,nan,DFG-07,nan,nan,nan,nan,nan,nan,nan,nan,"Designar WELMA MARIA GAMA RIBEIRO DE SOUZA, matricula no 203.174.4, para substituir a
Chefe do Nucleo de Expediente da Gerencia Regional de Ensino de Brazlandia, Simbolo DFG-07, pelo
periodo de 16.10.2001 a 30.10.2001, por motivo de  Licenca Medica da titular"
7,Substituição de Funções, CICERO JOSE  DE JESUS,50.462.9,"a ViceDiretora do Centro
Educacional",nan,nan,FG-05,nan,nan,nan,nan,nan,nan,nan,nan,"Designar CICERO JOSE  DE JESUS, matricula no 50.462.9, para substituir a ViceDiretora do Centro
Educacional 02 de Brazlandia, Simbolo FG-05, pelo periodo de 20.10.2001 a 18.12.2001, por
motivo de  Licenca Medica da titular"
8,Substituição de Funções, a servidora abaixo relacionada,202019-X,"o titular do cargo em comissao a seguir
especificado",nan,nan,nan,nan,nan,nan,nan,nan,nan,nan,nan,"Designar a servidora abaixo relacionada, para substituir o titular do cargo em comissao a seguir
especificado:                                      Diario Oficial do Distrito Federal
PAGINA   62
No 212, segunda-feira, 5 de novembro de 2001 ANA FREITAS DE ASSIS, matricula 202019-X, Diretora da Escola Classe Buriti Vermelho de Pla-
naltina, FG-04,  no periodo de 05/11/2001 a 04/12/2001 por motivo de ferias do titular"
9,Substituição de Funções,"a o Secretario da Comissao em cada caso e tal Secretario sera
o substituto eventual do Presidente em caso de impedimento",nan,nan,nan,nan,nan,nan,nan,nan,nan,nan,nan,nan,nan,"designara o Secretario da Comissao em cada caso e tal Secretario sera
o substituto eventual do Presidente em caso de impedimento"
10,Substituição de Funções, os servidores abaixo relacionados,n.o,nan,n.o 45.867-8,nan,nan,nan,nan,nan,nan,nan,nan,nan,nan,"Designar os servidores abaixo relacionados, para comporem a Comissao de Sindicancia desta Gerencia
Regional de Ensino do Guara: Elane Mendes Vasconcelos, professor MG1Q, matricula n.o 34.655-1,  Presidente
Nadir Oliveira Ataide, professor MG3Q, matricula n.o 45.867-8,  Membro
Cleusa Mendes de Oliveira, professor MG1V-GT3, matricula 48.048-7,  Membro
Anna Maura Lima Silva, professor MG1Q, matricula n.o 37.261-7,  Membr
Regina Celia Lopes de Castro, professor MG2Q-GT3, matricula 33.587-8,  Membro Marcia Maria de O"
11,Substituição de Funções, a servidora Edna Martins Pessoa Costa,nan,a servidora  Maria das Gracas dos Reis,nan,nan,DFG-08,nan,nan,nan,nan,nan,nan,nan,nan,"DESIGNAR a servidora Edna Martins Pessoa Costa, CE-Enfermeira, Matricula: 126.982-8, para
substituir a servidora  Maria das Gracas dos Reis, Matricula: 120.591-9, Gerente da Gerencia de
Enfermagem da Regional de Saude da Asa Norte, simbolo DFG-08, no periodo de 15 a 29 de outubro
de 2001,  por  motivo de ferias, conforme MEMO n.o 298/01-GENF/HRAN"
12,Substituição de Funções, o servidor EURIPEDES ALFREDO ALEIXO,n.o,nan,nan,nan,nan,nan,nan,nan,nan,nan,nan,nan,nan,"Designar o servidor EURIPEDES ALFREDO ALEIXO, matricula n.o 102.214-8, Executor do
Contrato no 11/2000, celebrado entre o Distrito Federal, por intermedio da Secretaria de Estado de Acao Social e  a Empresa BRASILEIRA DE CORREIOS E TELEGRAFOS - ECT, cabendo ao
designado as atribuicoes previstas no  artigo 13, inciso II, do Decreto  n.o 16.098, de 29/11/94,
publicado no Diario Oficial do Distrito Federal de 30/11/94, e demais normas inerentes ao assunto"
13,Substituição de Funções, o servidor ASELIO FRANCA BARBOSA,n.o,HILDE,n.o 39.943-4,nan,DFG-09,nan,,nan,nan,nan,nan,nan,nan,"Designar o servidor ASELIO FRANCA BARBOSA, matricula n.o 26.903-4, chefe do Nucleo de
Financas, da Gerencia Financeira desta Secretaria, simbolo DFG-09, para substituir HILDE-
VAN AGUIAR CAVALCANTE, matricula n.o 39.943-4, Gerente da Gerencia Financeira desta
Secretaria, simbolo DFG-11, no periodo de 05.11.2.001 a 14.11.2.001, por motivo de ferias
regulamentares do titular"
14,Substituição de Funções, os servidores DINISIO ANTONIO DA CRUZ,83.241-3,nan,83.452-1,nan,nan,nan,nan,nan,nan,nan,nan,nan,nan,"Designar os servidores DINISIO ANTONIO DA CRUZ, MARIA LUCIA FERREIRA FRANCA,
matriculas nos 84.195-1 e 84.316-4, respectivamente, ambos Assessores desta Diretoria Geral, MAR-
CIA CRISTINA RODRIGUES TAVARES, matricula no 83.241-3 e MARIA DE FATIMA RODRI-
GUES, matricula no 83.452-1, todos do QP/BELACAP para, sob a presidencia do primeiro, compor
a Comissao ora constituida"
15,Substituição de Funções, CARLA REGINA SILVA PAIVA,07.055-6, JOAO EVANGELISTA DE CARVALHO,07.049-1,Chefe da Secao de Orcamento e Financas,DFG-06,nan,,nan,nan,nan,nan,nan,nan,"Designar CARLA REGINA SILVA PAIVA, matricula no 07.055-6, Chefe da Secao de Tesouraria,
simbolo DFG-06,  para substituir  JOAO EVANGELISTA DE CARVALHO, matricula no 07.049-1,
Chefe da Secao de Orcamento e Financas, simbolo DFG-08,  do Instituto Jardim Botanico da Secreta- ria de Meio Ambiente e Recursos Hidricos do Distrito Federal, no periodo de 19/11 a 23/11/2001,  por
motivo de gozo do abono anual do titular"
16,Substituição de Funções, ADALTO GERALDO SOARES,52.612-6,LUISLENE DOS SANTOS,52.620-7,nan,DFG-08,nan,,nan,nan,nan,nan,nan,nan,"Designar ADALTO GERALDO SOARES, matricula no 52.612-6, Chefe da Secao de Recursos
Humanos, simbolo DFG-08, para substituir LUISLENE DOS SANTOS,  matricula no 52.620-7, Chefe
da Divisao de Administracao Geral, simbolo DFG-11,  do Instituto Jardim Botanico da Secretaria de
Meio Ambiente e Recursos Hidricos do Distrito Federal, no periodo de 05/11/2001 a 19/11/2001,  por
motivo de ferias do titular"
17,Substituição de Funções, MARCELINO CHAMPAGNAT BOAVENTURA,07.006-8,EDUARDO URBANO TRONCOSO,52.655-X,nan,DFG-11,nan,nan,nan,nan,nan,nan,nan,nan,"Designar MARCELINO CHAMPAGNAT BOAVENTURA, matricula no 07.006-8, Tecnico de
Administracao Publica,  para substituir EDUARDO URBANO TRONCOSO,  matricula no 52.655-X,
Chefe da Divisao de Manejo de Recursos Naturais, simbolo DFG-11,  do Instituto Jardim Botanico da
Secretaria de Meio Ambiente e Recursos Hidricos do Distrito Federal, no periodo de 19/11/2001 a 18/
12/2001,  por  motivo de ferias do titular"
18,Substituição de Funções, MARIA EFIGENIA RODRIGUES DE ANDRADE,52.629-0,MONICA APARECIDA DE BORBA,52.637-1,nan,DFG-03,nan,,nan,nan,nan,nan,nan,nan,"Designar MARIA EFIGENIA RODRIGUES DE ANDRADE, matricula no 52.629-0, Encarregado,
simbolo DFG-03,  para substituir MONICA APARECIDA DE BORBA,  matricula no 52.637-1, Chefe
da Secao de Apoio Educacional, simbolo DFG-08,  do Instituto Jardim Botanico da Secretaria de Meio
Ambiente e Recursos Hidricos do Distrito Federal, no periodo de 19/11/2001 a 18/12/2001,  por
motivo de ferias do titular"
19,Substituição de Funções, os servidores Lucio Adriano,39.791-1;,nan,101.098-8 e Marcos Jose de Souza Cordeiro,nan,nan,nan,nan,nan,nan,nan,nan,nan,nan,"Designar os servidores Lucio Adriano, matricula no 39.791-1; Angela Maria dos Reis, matricula
no 101.098-8 e Marcos Jose de Souza Cordeiro, matricula no 51.677-5  para sob a presidencia do
primeiro, comporem a referida comissao"
20,Substituição de Funções, os servidores ISMAEL PEREIRA COSTA JUNIOR,n.o.96.195-7,nan,4.060-6,nan,nan,nan,nan,nan,nan,nan,nan,nan,nan,"DESIGNAR os servidores ISMAEL PEREIRA COSTA JUNIOR, matricula n.o.96.195-7, En-
carregado da Secao de Obras e Reparos da Divisao Regional de Obras, JOSE MAURO LINHA-
RES VITAL, matricula 4.060-6, Assessor de Planejamento/DAG, JOSE EUSTAQUIO ALVES
MOREIRA,  matricula 93.890-4, Gerente de Planejamento e DANIEL LESTE VALADA-
RES, matricula 02.732-4, Auxiliar de Escritorio II, para sob a presidencia do primeiro e
secretariado pelo ultimo, constituirem Comissao Especial para elaboracao do Inventario
Patrimonial de Bens Moveis, Imoveis e Semoventes pertencentes a esta RA-XI,  referente
ao exercicio de 2001"
21,Substituição de Funções, os servidores  JOSE EUSTAQUIO ALVES MOREIRA,93.890-4,nan,4.060-6,nan,nan,nan,nan,nan,nan,nan,nan,nan,nan,"DESIGNAR os servidores  JOSE EUSTAQUIO ALVES MOREIRA,  matricula 93.890-4,
Gerente de Planejamento, JOSE MAURO LINHARES VITAL, matricula 4.060-6, Assessor
de Planejamento/DAG, DANIEL LESTE VALADARES, matricula 02.732-4, Auxiliar de
Escritorio II e ISMAEL PEREIRA COSTA JUNIOR, matricula n.o.96.195-7, Encarregado
da Secao de Obras e Reparos da Divisao Regional de Obras, para sob a presidencia do
primeiro e secretariado pelo segundo, constituirem Comissao Especial para elaboracao do
Inventario Fisico de Material do Almoxarifado pertencente a esta RA-XI,  referente ao
exercicio de 2001"
22,Substituição de Funções, CALMON BORGES DA SILVA,108.374-0,nan,nan,nan,DFG,nan,nan,nan,nan,nan,nan,nan,nan,"Designar CALMON BORGES DA SILVA,  matricula no 108.374-0, Chefe do Servico de Exame
e Aprovacao de Projetos da Subadministracao Regional do Riacho Fundo II,  Simbolo DFG  11,  da Administracao Regional do Riacho Fundo,  da Secretaria de Estado de Coordenacao  das Administra- coes Regionais, do Gabinete  do Governador,  como executor do Contrato de Gestao  no001/2001 
SEG/SUCAR/ICS, firmado entre o Governo do Distrito Federal e o Instituto Candango de Solidarieda- de, no ambito da Subadministracao Regional do Riacho Fundo II, referente as atividades dos veiculos
discriminados no item I; IV- O executor devera cumprir o que estabelece o artigo 13 inciso II e paragrafo 3o, incisos I a VII do
Decreto no 16.098, de 29 de dezembro de 1.994, que aprova as normas de Execucao Orcamentaria, Financeira e Contabil do Distrito Federal; V- Esta Ordem de Servico entra em vigor na data de sua publicacao revogadas as disposicoes em contrario"
23,Substituição de Funções, para uma nova Comissao os seguintes servido,44.203-8;,nan,120.843; WINTERSON RO- NALD VINTI,nan,nan,nan,nan,nan,nan,nan,nan,nan,nan,"designar para uma nova Comissao os seguintes servido- res: EUNICE MARIA DE JESUS, Auxiliar de Administracao Publica, matricula 44.203-8; JOSE
CARLOS DA SILVA PRATA, Assistente Administrativo, matricula 120.843; WINTERSON RO- NALD VINTI, Chefe do Servico de Consulta Previa, matricula 94.916-7; VADJO DA SILVA
BARBOSA, Tecnico de Administracao Publica, matricula 91.998-5 e CLAUDIONEIDE TOR- RES VENTURA, Auxiliar de Administracao Publica, matricula 38.923-4"
24,Substituição de Funções,  CLESIA MARIA OLIVEIRA DO CARMO,94.870-5,nan,nan,nan,nan,nan,nan,nan,nan,nan,nan,nan,nan,"Designar  CLESIA MARIA OLIVEIRA DO CARMO,  Chefe da Secao de Administracao de Proprios, Matricula no 94.870-5,  para Fiscalizar, Supervisionar e Acompanhar o Contrato  no 10/
2001, nos Termos do Padrao no 04/96,  referente a prestacao de servicos de telefonia movel celular pos pago, consoante especifica o Edital de Tomada de Precos no 072/2001/CPL/SCL/SEF ( fls"
