,tipo,nome,matricula,simbolo,cargo_comissao,lotacao,orgao,vigencia,pedido,cargo_efetivo,siape,motivo,text
0,Exoneração, LAZARO MARQUES NETO,nan,CNE-,nan,nan,nan,nan,a pedido,nan,nan,nan,"EXONERAR, a pedido, LAZARO MARQUES NETO, do Cargo de Natureza Especial, Simbolo CNE-
03, de Secretario de Desenvolvimento Economico, Ciencia e Tecnologia do Distrito Federal"
1,Exoneração, JOSE VALENTIN MARTINS DE MELO,nan,nan,nan,nan,nan,nan,nan,nan,nan,nan,"EXONERAR JOSE VALENTIN MARTINS DE MELO, mat"
2,Exoneração, SERGIO AUGUSTO MAZAO FILHO,no,nan,nan,nan,nan,nan,nan,nan,nan,nan,"EXONERAR SERGIO AUGUSTO MAZAO FILHO, matricula no 94"
3,Exoneração, SEBASTIAO NUNES DE OLIVEIRA,no,nan,nan,nan,nan,nan,nan,nan,nan,nan,"EXONERAR SEBASTIAO NUNES DE OLIVEIRA, matricula no 95"
4,Exoneração, OSVALDO ALVES RABELO,no,nan,nan,nan,nan,nan,nan,nan,nan,nan,"EXONERAR OSVALDO ALVES RABELO, matricula no 95"
5,Exoneração, ELOINA FERREIRA ANTUNES,no,nan,nan,nan,nan,nan,nan,nan,nan,nan,"EXONERAR ELOINA FERREIRA ANTUNES, matricula no 95"
6,Exoneração, MARCOS JESSE GONCALVES BESERRA,no,nan,nan,nan,nan,nan,nan,nan,nan,nan,"EXONERAR MARCOS JESSE GONCALVES BESERRA, matricula no 107"
7,Exoneração, CLAUDIA REGINA DE MIRANDA RIBEIRO,no,nan,nan,nan,nan,nan,nan,nan,nan,nan,"EXONERAR CLAUDIA REGINA DE MIRANDA RIBEIRO, Auxiliar de Administracao Publica,
matricula no 94"
8,Exoneração, FRANCISCA LUCIA GOMES DE SOUSA,no,nan,nan,nan,nan,nan,nan,nan,nan,nan,"EXONERAR FRANCISCA LUCIA GOMES DE SOUSA, Auxiliar de Administracao Publica, matricula
no 44"
9,Exoneração, PAULO MORAES LISBOA,no,nan,nan,nan,nan,nan,nan,nan,nan,nan,"EXONERAR PAULO MORAES LISBOA, Tecnico de Administracao Publica, matricula no 91"
10,Exoneração, MARIA DORALICE DA ROCHA,no,nan,nan,nan,nan,nan,nan,nan,nan,nan,"EXONERAR MARIA DORALICE DA ROCHA, matricula no 94"
11,Exoneração, GUILHERME PINTO ROCHA,no,nan,nan,nan,nan,nan,nan,nan,nan,nan,"EXONERAR GUILHERME PINTO ROCHA, matricula no 94"
12,Exoneração, WERTHER GORETTI TRINDADE DA SILVA,no,nan,nan,nan,nan,nan,a pedido,nan,nan,nan,"EXONERAR a pedido, WERTHER GORETTI TRINDADE DA SILVA, matricula no 95"
13,Exoneração, JOAO BARBOSA FRANCA,no,nan,nan,nan,nan,nan,a pedido,nan,nan,nan,"EXONERAR a pedido, JOAO BARBOSA FRANCA, Auxiliar de Administracao Publica, matricula no
91"
14,Exoneração, HEBERTH DOS REIS PERDIGAO,no,nan,nan,nan,nan,nan,nan,nan,nan,nan,"EXONERAR HEBERTH DOS REIS PERDIGAO, matricula no 94"
15,Exoneração, MICHEL VIANA DE ALMEIDA,no,nan,nan,nan,nan,nan,nan,nan,nan,nan,"EXONERAR MICHEL VIANA DE ALMEIDA, matricula no 94"
16,Exoneração, WASHINGTON ABRANDES DE ANDRADE,no,nan,nan,nan,nan,nan,nan,nan,nan,nan,"EXONERAR WASHINGTON ABRANDES DE ANDRADE, matricula no 98"
17,Exoneração, WASHINGTON ABRANDES DE ANDRADE,no,nan,nan,nan,nan,nan,nan,nan,nan,nan,"EXONERAR WASHINGTON ABRANDES DE ANDRADE, matricula no 98"
