,Tipo do Ato,Nome do Servidor Substituto,Matrícula do Servidor Substituto,Nome do Servidor a ser Substituido,Matrícula do Servidor a ser SubstituidoCargo,Símbolo do cargo do servidor substituto,Cargo comissionado objeto da substituição,Símbolo do cargo do objeto da substituição,Símbolo do cargo comissionado objeto da substituição,Hierarquia da Lotação,Órgão,Data Inicial da Vigência,Data Final de Vigência,Matrícula SIAPE,Motivo,text
0,Substituição de Funções, DANILO AUGUSTO MENDES BATISTA,93.723-1,GILSIMAR GONZA,93.553-0,nan,DFG-12,nan,,nan,nan,nan,nan,nan,nan,"Designar DANILO AUGUSTO MENDES BATISTA, matricula no 93.723-1, Chefe do Posto de
Atendimento Regional do Recanto das Emas, Simbolo DFG-12, para substituir GILSIMAR GONZA-
GA, matricula no 93.553-0, Coordenador Regional, Simbolo DFG-13, do Instituto de Defesa do
Consumidor do Distrito Federal, por motivo de ferias regulamentares do titular no periodo de 19 de
novembro  a 18 de dezembro de 2001"
1,Substituição de Funções, ERIVALDO DAS DORES MESQUITA,107.129-7,o Administrador Regional,nan,nan,CNE-04,nan,nan,nan,nan,nan,nan,nan,nan,"DESIGNAR ERIVALDO DAS DORES MESQUITA, matricula no 107.129-7, Chefe de Gabinete, para
substituir o Administrador Regional, Cargo de Natureza Especial, Simbolo CNE-04, da Administracao
Regional do Lago Norte, da Secretaria de Estado de Coordenacao das Administracoes Regionais do
Distrito Federal, no periodo de 17 de dezembro de 2001 a 15 de janeiro de 2002"
2,Substituição de Funções, CRISTIANA ALVARES DE OLIVEIRA LUCENA,41.716-5,nan,nan,nan,DFG-05,nan,nan,nan,Secretaria de Estado de Coordenacao das Administracoes Regionais do Distrito Federal,nan,nan,nan,nan,"DESIGNAR CRISTIANA ALVARES DE OLIVEIRA LUCENA, Auxiliar de Administracao Publica,
matricula no 41.716-5, para responder, pelo Cargo em Comissao, Simbolo DFG-05, de Chefe da Secao
de Pessoal, da Divisao de Administracao Geral, da Administracao Regional do Recanto das Emas, da
Secretaria de Estado de Coordenacao das Administracoes Regionais do Distrito Federal"
3,Substituição de Funções, ANTONIO SERGIO PAES FERREIRA NETO,96.656-8,o Administrador Regional,nan,nan,CNE-04,nan,nan,nan,nan,nan,nan,nan,nan,"DESIGNAR ANTONIO SERGIO PAES FERREIRA NETO, matricula no 96.656-8, Chefe de Gabine-
te, para substituir o Administrador Regional, Cargo de Natureza Especial, Simbolo CNE-04, da
Administracao Regional de Samambaia, da Secretaria de Estado de Coordenacao das Administracoes
Regionais do Distrito Federal, no periodo de 03 de dezembro a 01 de janeiro de 2002"
4,Substituição de Funções, a servidora  THILZA MARTINS RIBEIRO,90.184-9,"DORANILDE
MARIA DUARTE DE SOUSA BARBOSA", 90.174-1,Gerente da Gerencia Cultural,DFG-11,nan,,nan,nan,nan,nan,nan,nan,"Designar a servidora  THILZA MARTINS RIBEIRO, matricula no 90.184-9,  Chefe do Nucleo de
Editoracao e Multimeios, da Gerencia Cultural, Simbolo DFG-11, para substituir DORANILDE
MARIA DUARTE DE SOUSA BARBOSA, matricula no  90.174-1, Gerente da Gerencia Cultural,
Simbolo  DFG-12, no periodo de 19/11 a 03/12/2001,  por motivo da servidora esta substituindo
outro cargo em comissao"
5,Substituição de Funções, os servidores LUCIANA DE OLIVEIRA,24.477-5,nan,108.739-8,nan,nan,nan,nan,nan,nan,nan,nan,nan,nan,"Designar os servidores LUCIANA DE OLIVEIRA, matricula no 24.477-5, CARLOS RESEN-
DE PINTO, matricula no 108.739-8, e, na qualidade de representante do Sindicato dos Analistas e
Tecnicos de Financas e Controle  SINAFIC, AMBROSINA PEREIRA BARBOSA, matricula no
22.370-0, para, sob a presidencia do primeiro, constituirem comissao de sindicancia incumbida de
apurar, no prazo de 30 (trinta) dias, os fatos constantes do mencionado processo"
6,Substituição de Funções, os servidores abaixo para,nan,nan,nan,nan,nan,nan,nan,nan,nan,nan,nan,nan,nan,"Designar os servidores abaixo para, sob a presidencia do primeiro, constituirem as referidas
Comissoes: Centros Interescolares de Linguas:
-LEM/Ingles (Matutino):
1.Marcio Alves Saraiva de Lima
2.Tereza Cristina Vieira de M"
7,Substituição de Funções, os servidores abaixo para,nan,nan,nan,nan,nan,nan,nan,nan,nan,nan,nan,nan,nan,"Designar os servidores abaixo para, sob presidencia do primeiro, constituir as referidas Comissoes: Centro de Educacao Profissional - Escola de Musica de Brasilia  CEP-EMB:
1.Carlos Alberto Farias Galvao
2.Delza Lopes da Silva
3.Eda Inez Pedron Mancuso
4.Lucia Helena T"
8,Substituição de Funções, a servidora MARIA DE FATIMA SILVA,67.398-6,"o titular do
Cargo em Comissao de Chefe de Secretaria do Centro de Ensino Medio de Taguatinga Norte",nan,nan,DFG-06,nan,nan,nan,nan,nan,nan,nan,nan,"Designar a servidora MARIA DE FATIMA SILVA, matricula 67.398-6, para substituir o titular do
Cargo em Comissao de Chefe de Secretaria do Centro de Ensino Medio de Taguatinga Norte, Simbolo
DFG-06, pelo periodo de 07/01/2002 a 05/02/2002, por motivo de ferias do titular"
9,Substituição de Funções, a servidora ELISA MARIA MEDEIROS,23.421-4,"a titular do
cargo de Chefe do Nucleo de Recursos Humanos da GRE",nan,nan,DFG-07,nan,nan,nan,nan,nan,nan,nan,nan,"Designar a servidora ELISA MARIA MEDEIROS, matricula 23.421-4, para substituir a titular do
cargo de Chefe do Nucleo de Recursos Humanos da GRE/Planaltina, simbolo DFG-07, no periodo de
01/12/2001 a 30/12/2001, por motivo de ferias da titular"
10,Substituição de Funções, os servidores abaixo relacionados para substituirem os titulares dos cargos em comissao,400.091-9,nan,nan,nan,FG,nan,nan,nan,nan,nan,nan,nan,nan,"Designar os servidores abaixo relacionados para substituirem os titulares dos cargos em comissao, a
seguir especificados: VALERIA APARECIDA VIEIRA, matricula 400.091-9 Vice- Diretora da Escola Classe 28 de Ceilan-
dia, simbolo FG 02, no periodo de 23/10/2001 a 19/02/2002 por motivo de Licenca Gestante da
titular"
11,Substituição de Funções, MARIA CRISTINA MENDES GOMES MACHADO,38.197-7,a titular do Cargo em Comissao de Chefe do Nucleo de Apoio Escolar,nan,nan,nan,nan,nan,nan,nan,nan,nan,nan,nan,"Designar MARIA CRISTINA MENDES GOMES MACHADO, matricula no 38.197-7, para substituir
a titular do Cargo em Comissao de Chefe do Nucleo de Apoio Escolar, DFG 07, pelo periodo de 30/
10/2001 a 12/11/2001, por motivo de Licenca para Tratamento de Saude da titular"
12,Substituição de Funções, REGINA NEVES CAMBRAIA CORREA,24643-3,"a titular do
Cargo em Comissao de Chefe do Nucleo de Expediente",nan,nan,nan,nan,nan,nan,nan,nan,nan,nan,nan,"Designar REGINA NEVES CAMBRAIA CORREA, matricula no 24643-3, para substituir a titular do
Cargo em Comissao de Chefe do Nucleo de Expediente, DFG 07, pelo periodo de 21/01/2002 a 19/02/
2002 , por motivo de ferias da titular"
13,Substituição de Funções, MARLEUZA BARRETO,20.312-2,"a titular do Cargo em
Comissao de Chefe de Secretaria",nan,nan,nan,nan,nan,nan,nan,nan,nan,nan,nan,"Designar MARLEUZA BARRETO, matricula no 20.312-2, para substituir a titular do Cargo em
Comissao de Chefe de Secretaria, DFG 02, pelo periodo de 12/12/2001 a 10/01/2002, por motivo de
ferias da titular"
14,Substituição de Funções, os EXECUTORES do Contrato No,nan,nan,nan,nan,nan,nan,nan,nan,nan,nan,nan,nan,nan,"Designar os EXECUTORES do Contrato No 076/2001-SES/DF, celebrado entre o Distrito Federal,
por intermedio desta Secretaria e a firma STARTEC CIENTIFICA LTDA., em 30.10.2001, confor-
me abaixo: Chefe da Unidade Oftalmologica do Hospital Regional da Asa Norte e Hospital Regional de Taguatin-
ga e do Hospital de Base do Distrito Federal;
Chefe da Clinica Cirurgica Pediatrica do Hospital Regional da Asa Sul;
Chefe da Unidade de Cirurgia Geral do Hospital Regional do Sobradinho e do Hospital Regional do Gama;
Gerente da Gerencia de Atencao a Saude do Hospital Regional de Ceilandia;
Gerente da Gerencia de Assistencia Medica e Assistencia do Hospital Regional do Guara"
15,Substituição de Funções, o Sr,nan,nan,nan,nan,nan,nan,nan,nan,nan,nan,nan,nan,nan,Designar o Sr
16,Substituição de Funções, a servidora Angela Cristina Amaral Crivelaro,41.051-9,"o Chefe do Nucleo de Inspecao da Gerencia de Fiscalizacao da Diretoria de
Vigilancia Sanitaria da Subsecretaria de Vigilancia a Saude da Secretaria de Estado de Saude do Distrito
Federal",nan,nan,DFG-10,nan,nan,nan,nan,nan,nan,nan,nan,"Designar a servidora Angela Cristina Amaral Crivelaro, Inspetora de Atividades Urbanas, Matricula no
41.051-9, para substituir o Chefe do Nucleo de Inspecao da Gerencia de Fiscalizacao da Diretoria de
Vigilancia Sanitaria da Subsecretaria de Vigilancia a Saude da Secretaria de Estado de Saude do Distrito
Federal, Simbolo DFG-10, no periodo de 02  a 11 de janeiro de 2002, por motivo de ferias"
17,Substituição de Funções, o servidor Jose Carlos Soares Silva,129.808-9,"o Chefe do Nucleo de Arquitetura da Gerencia de Projetos da Diretoria de
Engenharia e Tecnologia da Subsecretaria de Apoio Operacional da Secretaria de Estado de Saude do
Distrito Federal",nan,nan,DFG-07,nan,nan,nan,nan,nan,nan,nan,nan,"Designar o servidor Jose Carlos Soares Silva, Assistente Superior de Saude (Arquiteto), Matricula no
129.808-9, para substituir o Chefe do Nucleo de Arquitetura da Gerencia de Projetos da Diretoria de
Engenharia e Tecnologia da Subsecretaria de Apoio Operacional da Secretaria de Estado de Saude do
Distrito Federal, Simbolo DFG-07, no periodo de 10 a 19 de dezembro de 2001, por motivo de ferias"
18,Substituição de Funções, o servidor Luiz Henrique Costa Cardone,136.895-8,"o Gerente de
Projetos da Diretoria de Engenharia e Tecnologia da  Subsecretaria de Apoio Operacional  da Secre",nan,nan,DFG-11,nan,nan,nan,nan,nan,nan,nan,nan,"Designar o servidor Luiz Henrique Costa Cardone, Matricula 136.895-8, para substituir o Gerente de
Projetos da Diretoria de Engenharia e Tecnologia da  Subsecretaria de Apoio Operacional  da Secre-
taria de Estado de Saude do Distrito Federal, Simbolo DFG-11, no periodo de 07  a 21 de janeiro de
2002, por motivo de ferias"
19,Substituição de Funções, a servidora Tania Cristina de Oliveira Mundim,133.019-5,o Gerente de Equipamentos Medico,nan,nan,DFG-11,nan,nan,nan,nan,nan,nan,nan,nan,"Designar a servidora Tania Cristina de Oliveira Mundim, Assistente Intermediario de Saude II (Agente
Administrativo),  Matricula no 133.019-5, para substituir o Gerente de Equipamentos Medico-Hospi-
talares e Manutencao da Diretoria de Engenharia e Tecnologia da Subsecretaria de Apoio Operacional
da Secretaria de Estado de Saude do Distrito Federal, Simbolo DFG-11, no periodo de 10 a 29 de
janeiro de 2002, por motivo de ferias"
20,Substituição de Funções, o servidor  Carlos Estevao Sivieri,116.227-6,o Diretor  de Engenharia e Tecnologia da Subsecretaria de Apoio Operaci,nan,nan,DFG-13,nan,nan,nan,nan,nan,nan,nan,nan,"Designar o servidor  Carlos Estevao Sivieri, Assistente Superior de Saude (Engenheiro),  Matricula no
116.227-6, para substituir o Diretor  de Engenharia e Tecnologia da Subsecretaria de Apoio Operaci-
onal da Secretaria de Estado de Saude do Distrito Federal, Simbolo DFG-13, no periodo de 07 a 16 de
janeiro de 2002"
21,Substituição de Funções, o servidor  Valdi Francisco da Silva,nan,nan,nan,nan,nan,nan,nan,nan,nan,nan,nan,nan,nan,"Designar o servidor  Valdi Francisco da Silva, Assistente Intermediario de Saude II (Art"
22,Substituição de Funções, o servidor  Tadeu da Silva Herculano,nan,nan,nan,nan,nan,nan,nan,nan,nan,nan,nan,nan,nan,"Designar o servidor  Tadeu da Silva Herculano, Assistente Intermediario de Saude II ( Art"
23,Substituição de Funções, a servidora  Adriana Conceicao Guerra da Silveira,130.505-0,"o  Diretor  de Gestao de Tecnologia
da Informacao da Subsecretaria de Planejamento e Politica de Saude da Secretaria de Estado de Saude
do Distrito Federal",nan,nan,DFG,nan,nan,nan,nan,nan,nan,nan,nan,"Designar a servidora  Adriana Conceicao Guerra da Silveira, Assistente Intermediario de Saude II
(Agente Administrativo),  Matricula no 130.505-0, para substituir o  Diretor  de Gestao de Tecnologia
da Informacao da Subsecretaria de Planejamento e Politica de Saude da Secretaria de Estado de Saude
do Distrito Federal, Simbolo DFG - 13, no periodo de 19 de novembro  a 03 de dezembro de 2001, por
motivo de ferias"
24,Substituição de Funções, o servidor  Eudes Del Fiaco,360.808-5,"a  Chefe do Nucleo de
Contratos da Gerencia de Orcamentos",nan,nan,DFG-07,nan,nan,nan,nan,nan,nan,nan,nan,"Designar o servidor  Eudes Del Fiaco,  Matricula no 360.808-5, para substituir a  Chefe do Nucleo de
Contratos da Gerencia de Orcamentos, Contratos e Convenios da Diretoria de Planejamento da
Subsecretaria de Planejamento e Politica de Saude da Secretaria de Estado de Saude do Distrito Federal,
Simbolo DFG-07, no periodo de 03  a 22 de dezembro de 2001, por motivo de ferias"
25,Substituição de Funções, a servidora  Marilia de Melo Oliveira Goncalves,120.963-9,o  Chefe do Nucleo de Bens Inser,nan,nan,DFG-07,nan,nan,nan,nan,nan,nan,nan,nan,"Designar a servidora  Marilia de Melo Oliveira Goncalves, Assistente Intermediario de Saude II
(Agente Administrativo), Matricula no 120.963-9, para substituir o  Chefe do Nucleo de Bens Inser-
viveis da Gerencia de Patrimonio da Diretoria de Apoio Logistico e Material da Subsecretaria de
Apoio Operacional da Saude da Secretaria de Estado de Saude do Distrito Federal, Simbolo DFG-07, no
periodo de 14 de janeiro a 02 de fevereiro de 2002, por motivo de ferias"
26,Substituição de Funções, o servidor Joao Carlos de Souza Martins,24.738-3,"o  Chefe do Nucleo de Inspecao da Gerencia de Fiscalizacao da Diretoria
de Vigilancia Sanitaria da Subsecretaria de Vigilancia  a Saude da Secretaria de Estado de Saude do
Distrito Federal",nan,nan,DFG-10,nan,nan,nan,nan,nan,nan,nan,nan,"Designar o servidor Joao Carlos de Souza Martins, Inspetor de Atividades Urbanas, Matricula no
24.738-3, para substituir o  Chefe do Nucleo de Inspecao da Gerencia de Fiscalizacao da Diretoria
de Vigilancia Sanitaria da Subsecretaria de Vigilancia  a Saude da Secretaria de Estado de Saude do
Distrito Federal, Simbolo DFG-10, no periodo de 07 a 21 de janeiro e de 11 a 25 de marco de 2002,
por motivo de ferias"
27,Substituição de Funções, a servidora  Maria das Gracas Ferreira,25.437-,"o  Diretor de Vigilancia Sanitaria  da Subsecretaria de Vigilancia a Saude da Secretaria
de Estado de Saude do Distrito Federal",nan,nan,DFG-13,nan,nan,nan,nan,nan,nan,nan,nan,"Designar a servidora  Maria das Gracas Ferreira, Inspetor de Atividades Urbanas, Matricula no 25.437-
1, para substituir o  Diretor de Vigilancia Sanitaria  da Subsecretaria de Vigilancia a Saude da Secretaria
de Estado de Saude do Distrito Federal, Simbolo DFG-13, no periodo de 07 de janeiro a 05 de fevereiro
de 2002, por motivo de ferias"
28,Substituição de Funções, a servidora  Denise Orbage de Brito,26.010-,o  Gerente de Registro e Cadastro da Diretoria de Vigilancia Sanitaria da Subsecreta,nan,nan,DFG-11,nan,nan,nan,nan,nan,nan,nan,nan,"Designar a servidora  Denise Orbage de Brito, Inspetor de Atividades Urbanas, Matricula no 26.010-
X, para substituir o  Gerente de Registro e Cadastro da Diretoria de Vigilancia Sanitaria da Subsecreta-
ria de Vigilancia a Saude da Secretaria de Estado de Saude do Distrito Federal, Simbolo DFG-11, no
periodo de 14 a 28 de janeiro de 2002, por motivo de ferias"
29,Substituição de Funções, a servidora MARIA PAULA RAIOL DE MIRANDA,128.534-3,"a Chefe do Nucleo de Lavanderia e Rouparia da
Gerencia de Apoio Operacional do Hospital Regional da Asa Sul",nan,nan,DFG,nan,nan,nan,nan,nan,nan,nan,nan,"Designar a servidora MARIA PAULA RAIOL DE MIRANDA, Artifice Operador de Maquinas 
Lavanderia, matricula 128.534-3, para substituir a Chefe do Nucleo de Lavanderia e Rouparia da
Gerencia de Apoio Operacional do Hospital Regional da Asa Sul, simbolo DFG  04, no periodo de
10.12.2001 a 08.01.2002, por motivo de ferias do titular"
30,Substituição de Funções, a servidora DENISE NOGUEIRA DA GAMA CORDEIRO,113.298-9,"o Chefe da Unidade de Pediatria da Gerencia de Atencao a Saude do
Hospital Regional da Asa Sul",nan,nan,DFG,nan,nan,nan,nan,nan,nan,nan,nan,"Designar a servidora DENISE NOGUEIRA DA GAMA CORDEIRO, Medica  Pediatria, matricula
113.298-9, para substituir o Chefe da Unidade de Pediatria da Gerencia de Atencao a Saude do
Hospital Regional da Asa Sul, simbolo DFG  06, no periodo de 02.01.2002 a 16.01.2002, por
motivo de ferias do titular"
31,Substituição de Funções, o servidor EDUARDO ANDRE DE FARIAS E LEITAO,122.066.7,"o Chefe do Nucleo de Coleta e Apresentacao de Dados da
Gerencia de Regulacao",nan,nan,DFG,nan,nan,nan,nan,nan,nan,nan,nan,"Designar o servidor EDUARDO ANDRE DE FARIAS E LEITAO, AIS  Agente Administrativo,
matricula 122.066.7, para substituir o Chefe do Nucleo de Coleta e Apresentacao de Dados da
Gerencia de Regulacao, Controle e Avaliacao do Hospital Regional da Asa Sul, simbolo DFG  04, no
periodo de 03.12.2001 a 22.12.2001, por motivo de ferias do titular"
32,Substituição de Funções, a servidora KELY PINHEIRO DE SOUZA,139.331-,a Chefe do Nucleo de Regulacao,nan,nan,DFG,nan,nan,nan,nan,nan,nan,nan,nan,"Designar a servidora KELY PINHEIRO DE SOUZA, AIS  Agente Administrativo, matricula 139.331-
6, para substituir a Chefe do Nucleo de Regulacao, Controle e Avaliacao do Centro de Saude N.o 06 da
Diretoria Regional de Saude da Asa Sul, simbolo DFG  04, no periodo de 02.01.2002 a 31.01.2002,
por motivo de ferias do titular"
33,Substituição de Funções, a servidora,n.o,o Chefe do Nucleo de Vigilancia Epidemiologica do Hospital Regional do Gama,nan,nan,DFG-05,nan,nan,nan,nan,nan,nan,nan,nan,"DESIGNAR a servidora, OLGA HENRIQUE DE MELO, ASS (Enfermeira) matricula n.o 127.914-9,
para substituir o Chefe do Nucleo de Vigilancia Epidemiologica do Hospital Regional do Gama,
simbolo DFG-05, no periodo de 07.01.2002 a 26.01.2002, por motivos de ferias do titular, conforme
Memorando n.o 168//2.001- VE/HRG"
34,Substituição de Funções, os servidores HELIO TENORIO DE ALBUQUERQUE,300.502-,nan,"127.592-
5",nan,nan,nan,nan,nan,nan,nan,nan,nan,nan,"Designar os servidores HELIO TENORIO DE ALBUQUERQUE, CM - Otorrinolaringologia, matri-
cula 119.642-1, GUILHERMINA PEREIRA LIMA, AIS - Agente Administrativo, matricula 300.502-
0 e, JANILDES SOCORRO CORREIA AMARAL, AIS - Agente Administrativo, matricula 127.592-
5, para, sob a presidencia do primeiro, comporem a Comissao de Sindicancia destinada a apurar os
fatos constantes no processo 277.000.480/2001"
35,Substituição de Funções, os servidores DEMERVAL MALASPINA JUNIOR,113.353-5,nan,300.502-0 e,nan,nan,nan,nan,nan,nan,nan,nan,nan,nan,"Designar os servidores DEMERVAL MALASPINA JUNIOR, CM - Pediatria, matricula 113.353-5,
GUILHERMINA PEREIRA LIMA, AIS - Agente Administrativo, matricula 300.502-0 e, JANILDES SOCORRO CORREIA AMARAL, AIS Agente Administrativo, matricula 127.592-5, para, sob a
presidencia do primeiro, comporem a Comissao de Sindicancia destinada a apurar os fatos constantes
no processo 277.000.523/2001"
36,Substituição de Funções, os servidores OSMAR WILLIAN VIEIRA,113.324-1,nan,300.502-0 e,nan,nan,nan,nan,nan,nan,nan,nan,nan,nan,"Designar os servidores OSMAR WILLIAN VIEIRA, CM - Clinica Medica, matricula 113.324-1,
GUILHERMINA PEREIRA LIMA, AIS - Agente Administrativo, matricula 300.502-0 e, JANILDES
SOCORRO CORREIA AMARAL, AIS Agente Administrativo, matricula 127.592-5, para, sob a
presidencia do primeiro, comporem a Comissao de Sindicancia destinada a apurar os fatos constantes
no processo 277.000.524/2001"
37,Substituição de Funções, o servidor PAULO FERNANDO ANDRADE,132.802-6,"a Chefe do Nucleo de Farmacia da Gerencia de Diagnose e Terapia do Hospital Regional
de Taguatinga",nan,nan,DFG-05,nan,nan,nan,nan,nan,nan,nan,nan,"Designar o servidor PAULO FERNANDO ANDRADE, ASS - Farmaceutico, matricula 132.802-6,
para substituir a Chefe do Nucleo de Farmacia da Gerencia de Diagnose e Terapia do Hospital Regional
de Taguatinga, do Quadro de Cargos em Comissao da Secretaria de Estado de Saude do Distrito Federal,
Simbolo DFG-05,  no periodo de 17 a 31/12/2001 e de 01 a 31/01/2002, em virtude de ferias
regulamentares e Licenca Premio por Assiduidade da titular, respectivamente.*
*Esta publicacao torna sem efeito a constante no DODF N.o 203, de 22 de Outubro de 2001, pagina
29, por ter havido incorrecao"
38,Substituição de Funções, o servidor FLORDUARDO BESERRA NETO,110.425-X,o Chefe do Nucleo de Apoio Operacional do Centro de Saude N,nan,nan,DFG-05,nan,nan,nan,nan,nan,nan,nan,nan,"Designar o servidor FLORDUARDO BESERRA NETO, AIS - Agente Administrativo, matricula
110.425-X para substituir o Chefe do Nucleo de Apoio Operacional do Centro de Saude N.o 04 da
Diretoria Regional de Saude de Taguatinga, do Quadro de Cargos em Comissao da Secretaria de Estado
de Saude do Distrito Federal, Simbolo DFG-05, no periodo de 07/01 a 05/02/2002, em virtude de
ferias regulamentares do titular"
39,Substituição de Funções, a servidora MARIA NEVES PEREIRA MARTINS,114.979-9,a Chefe do Nucleo de Apoio Operacional do Centro de Saude N,nan,nan,DFG-05,nan,nan,nan,nan,nan,nan,nan,nan,"Designar a servidora MARIA NEVES PEREIRA MARTINS, AIS Agente Administrativo, matricula
114.979-9, para substituir a Chefe do Nucleo de Apoio Operacional do Centro de Saude N.o 08 da
Diretoria Regional de Saude de Taguatinga, do Quadro de Cargos em Comissao da Secretaria de Estado
de Saude do Distrito Federal, Simbolo DFG-05, no periodo de 02 a 31/01/2002, em virtude de ferias
regulamentares da  titular"
40,Substituição de Funções, a servidora MARIA CELMA VIEIRA,120.972-8,nan,nan,nan,DFG-05,nan,nan,nan,nan,nan,nan,nan,nan,"Designar a servidora MARIA CELMA VIEIRA, CE - Enfermeira, matricula 120.972-8, para substi-
tuir a Chefe do Nucleo de Enfermagem do Centro de Saude N.o 04 da Diretoria Regional de Saude de
Taguatinga, do Quadro de Cargos em Comissao da Secretaria de Estado de Saude do Distrito Federal,
Simbolo DFG-05, no periodo de 10 a 24/09/2001, em virtude de  ferias regulamentares da titular"
41,Substituição de Funções, a servidora SUZANA ILHA,128.938-1,"a Chefe
do Nucleo de Vigilancia Epidemiologica da Gerencia de Saude da Comunidade do Hospital Regional de
Taguatinga",nan,nan,DFG-05,nan,nan,nan,nan,nan,nan,nan,nan,"Designar a servidora SUZANA ILHA, CE - Enfermeira, matricula 128.938-1, para substituir a Chefe
do Nucleo de Vigilancia Epidemiologica da Gerencia de Saude da Comunidade do Hospital Regional de
Taguatinga, do Quadro de Cargos em Comissao da Secretaria de Estado de Saude do Distrito Federal,
Simbolo DFG-05, no periodo de 08 a 27/10/2001, em virtude de  ferias regulamentares da titular"
42,Substituição de Funções, a servidora CONCEICAO DE MARIA CARDOSO MACEDO,nan,nan,nan,nan,nan,nan,nan,nan,nan,nan,nan,nan,nan,"Designar a servidora CONCEICAO DE MARIA CARDOSO MACEDO, AOSD - Art"
43,Substituição de Funções, a servidora LINA CARLA FONSECA TORQUATO,131.800-4,o Gerente da Central de Radiologia da Diretoria Regional de Taguatinga,nan,nan,DFG-08,nan,nan,nan,nan,nan,nan,nan,nan,"Designar a servidora LINA CARLA FONSECA TORQUATO, CM - Radiologia, matricula 131.800-4,
para substituir o Gerente da Central de Radiologia da Diretoria Regional de Taguatinga, do Quadro de
Cargos em Comissao da Secretaria de Estado de Saude do Distrito Federal, Simbolo DFG-08, no
periodo de 02 a 21/01/2002, em virtude de ferias regulamentares do titular"
44,Substituição de Funções, o servidor AUREOLINO LOPES GUIMARAES,nan,nan,nan,nan,nan,nan,nan,nan,nan,nan,nan,nan,nan,"Designar o servidor AUREOLINO LOPES GUIMARAES, AIS - Ag"
45,Substituição de Funções, os servidores abaixo relacionados para,114.944-0;,nan,"119.504-2;
ADRYANNA JERICO PINTO COELHO",nan,nan,nan,nan,nan,nan,nan,nan,nan,nan,"Designar os servidores abaixo relacionados para, sob a presidencia do primeiro, comporem a Comis-
sao de Controle de Infeccao Hospitalar do Hospital Regional de Taguatinga: SOLON TEOBALDO DE ASSIS, CM - Pediatria, matricula 114.944-0;
LEOPOLDO DE SIQUEIRA RIBEIRO,  AIS - Agente Administrativo, matricula 119.504-2;
ADRYANNA JERICO PINTO COELHO, CM - Terapia Intensiva Adulto, matricula 131.775-X;
JARBAS SILVA DEUSDARA, CM - Cirurgia Geral, matricula 122.436-1;
MATILDE RODRIGUES BRAGA, CM - Pediatria, matricula 115.427-3;
ELI  MENDES FERREIRA, ASS - Farmaceutica Bioquimica - Laboratorio, matricula 122.071-3;
PAULO FERNANDO ANDRADE, ASS - Farmaceutico Bioquimico - Farmacia, matricula 132.802-6;
ALOISIO FERNANDES BONAVIDES JUNIOR, CM - Ortopedia, matricula 136.320-4;
TEREZINHA MENDES GAMA, AIS - Auxiliar de Enfermagem, matricula 115.608-X;
JULIO CESAR DE OLIVEIRA CARNEIRO, CM - Clinica Medica, matricula 116.401-5;
EDILSON FLORIANO DOS SANTOS, CM - Clinica Medica, matricula 120.601-X;
WYLLIENE BARROS CAVALCANTE, CE - Enfermeira, matricula 131.009-7"
46,Substituição de Funções, a servidora RAQUEL ALVES DE SOUZA,101.331-9,a servidora MARLAN PEREGRINO RAMOS FREITAS,100.207-4,Chefe do Nucleo de Execucao Orcamentaria,DFG-09,nan,nan,nan,nan,nan,nan,nan,nan,"Designar a servidora RAQUEL ALVES DE SOUZA, Matricula No 101.331-9, Secretaria Adminis-
trativa Financeiro, para substituir a servidora MARLAN PEREGRINO RAMOS FREITAS, Matricula
No 100.207-4, Chefe do Nucleo de Execucao Orcamentaria, Simbolo DFG-09, da Diretoria de Apoio
Operacional no periodo de 02/01/2002 a 31/01/2002, em virtude de ferias regulamentares do titular"
47,Substituição de Funções, o servidor SHIGUEO MATSURA,98.545-,nan,nan,nan,nan,nan,nan,nan,nan,nan,nan,nan,nan,"Designar o servidor SHIGUEO MATSURA, Assessor para Projetos Especiais, Matricula No 98.545-
7, para exercer a funcao do referido Contrato de Repasse"
48,Substituição de Funções, WALNEUMAR BESSA LEITE,94.403-3,"MIRON JOSE DE
ARAUJO",94.553-6,Diretor do Departamento do Sistema Viario - DSV,nan,nan,nan,nan,nan,nan,nan,nan,nan,"Designar WALNEUMAR BESSA LEITE, matricula no 94.403-3, para substituir MIRON JOSE DE
ARAUJO, matricula 94.553-6, Diretor do Departamento do Sistema Viario - DSV, no periodo de 31
de dezembro de 2001 a 29 de janeiro de 2002, por motivo de ferias regulamentares daquele Titular"
49,Substituição de Funções, a servidora ZELIA MARIA DE JESUS PITA VENTURA,nan,nan,nan,nan,nan,nan,nan,nan,nan,nan,nan,nan,nan,"Designar a servidora ZELIA MARIA DE JESUS PITA VENTURA, mat"
50,Substituição de Funções, a servidora LUCIRENE SOARES PEREIRA DE OLIVEIRA,42.387-4,nan,106.761-3,nan,DFG-05,nan,nan,nan,nan,nan,nan,nan,nan,"Designar a servidora LUCIRENE SOARES PEREIRA DE OLIVEIRA, matricula no 42.387-4, para
substituir, sem prejuizo de suas atribuicoes, a servidora EUNEZIA DE JESUS SILVA, matricula no
106.761-3, Simbolo DFG-05, Chefe do Servico de Apoio as Instituicoes Sociais, da Divisao Regional
de Desenvolvimento Social, da Administracao Regional do Recanto das Emas, da Secretaria de Estado
de Coordenacao das Administracoes Regionais do Distrito Federal, no periodo de 22 de novembro a
21 de dezembro de 2001, por motivo de ferias regulamentares do titular"
51,Substituição de Funções, a servidora CLEIDE CELESTE DE CARVALHO,1.650.638-4,nan,106.836-9,nan,DFG-02,nan,nan,nan,nan,nan,nan,nan,nan,"Designar a servidora CLEIDE CELESTE DE CARVALHO, matricula no 1.650.638-4, Tecnico de
Administracao Publica, para substituir, sem prejuizo de suas atribuicoes, o servidor RODRIGO CEZAR
ROJAS, matricula no 106.836-9, Simbolo DFG-02, Encarregado da Secao de Documentacao e Comuni-
cacao Administracao, da Divisao de Administracao Geral, da Administracao Regional do Cruzeiro, da
Secretaria de Estado de Coordenacao das Administracoes Regionais do Distrito Federal, no periodo de 22
de novembro a 24 de dezembro de 2001, por motivo de ferias regulamentares do titular"
52,Substituição de Funções, o servidor PAULO CESAR DE TOLEDO,105.372-8,nan,98.229-6,nan,DFG-11,nan,nan,nan,nan,nan,nan,nan,nan,"Designar o servidor PAULO CESAR DE TOLEDO, matricula no 105.372-8, Assistente da Divisao
Regional de Obras, para substituir, sem prejuizo de suas atribuicoes, a servidora BIANCA CRISTINA
FERREIRA ROLLA FIORENTINI, matricula no 98.229-6, Simbolo DFG-11, Chefe do Nucleo de
Ordenamento Territorial, da Gerencia de Planejamento, da Administracao Regional do Cruzeiro, da
Secretaria de Estado de Coordenacao das Administracoes Regionais do Distrito Federal, no periodo de
03 de dezembro de 2001 a 01 de janeiro de 2002, por motivo de ferias regulamentares do titular"
53,Substituição de Funções, a servidora FRANCISCA MARIA DE ARAUJO BOUDENS ROCHA,40.609-0,nan,37.760-0,nan,DFG-02,nan,nan,nan,"Secretaria de Estado de Coordenacao das Administracoes Regionais do
Distrito Federal, no periodo de 03 de dezembro de 2001 a 01 de janeiro de 2002, por motivo de ferias
regulamentares do titular",nan,nan,nan,nan,"Designar a servidora FRANCISCA MARIA DE ARAUJO BOUDENS ROCHA, Fiscal de Atividades
Urbanas, matricula no 40.609-0, para substituir, sem prejuizo de suas atribuicoes, o servidor VERCY
PEREIRA SARDINHA, matricula no 37.760-0, Simbolo DFG-02, de Encarregado do Servico de
Fiscalizacao de Posturas, da Divisao Regional de Fiscalizacao de Obras e Posturas, da Administracao
Regional do Cruzeiro, da Secretaria de Estado de Coordenacao das Administracoes Regionais do
Distrito Federal, no periodo de 03 de dezembro de 2001 a 01 de janeiro de 2002, por motivo de ferias
regulamentares do titular"
54,Substituição de Funções, o servidor WILLIAM VIEIRA PEREIRA,95.628-7,nan,46.070-2,nan,DFG-12,nan,nan,nan,"Secretaria de Estado de Coordenacao das
Administracoes Regionais do Distrito Federal, no periodo de 19 de novembro a 08 de dezembro de
2001, por motivo de ferias regulamentares do titular",nan,nan,nan,nan,"Designar o servidor WILLIAM VIEIRA PEREIRA, matricula no 95.628-7, Chefe do Servico de
Calculo, da Divisao Regional de Exame, Aprovacao e Elaboracao de Projetos, para substituir, sem
prejuizo de suas atribuicoes, o servidor MARCO ANTONIO FERREIRA DE SANTANA, matricula no
46.070-2, Simbolo DFG-12, de Diretor da Divisao Regional de Exame, Aprovacao e Elaboracao de
Projetos, da Administracao Regional de Samambaia, da Secretaria de Estado de Coordenacao das
Administracoes Regionais do Distrito Federal, no periodo de 19 de novembro a 08 de dezembro de
2001, por motivo de ferias regulamentares do titular"
55,Substituição de Funções, a servidora NEIMA SOARES PIRES BEZERRA,106.762-1,nan,94.798-9,nan,DFG-12,nan,nan,nan,"Secretaria de Estado de Coordenacao
das Administracoes Regionais do Distrito Federal, no periodo de 19 de novembro a 08 de dezembro de
2001, por motivo de ferias regulamentares do titular",nan,nan,nan,nan,"Designar a servidora NEIMA SOARES PIRES BEZERRA, matricula no 106.762-1, Chefe do Servico
de Elaboracao de Projeto e Desenho Tecnico, da Divisao Regional de Exame, Aprovacao e Elabora-
cao de Projetos, para substituir, sem prejuizo de suas atribuicoes, a servidora MARGARET BARBOSA
GOMES, matricula no 94.798-9, Simbolo DFG-12, de Diretor da Divisao Regional de Fiscalizacao de
Obras e Posturas, da Administracao Regional de Samambaia, da Secretaria de Estado de Coordenacao
das Administracoes Regionais do Distrito Federal, no periodo de 19 de novembro a 08 de dezembro de
2001, por motivo de ferias regulamentares do titular"
56,Substituição de Funções, a servidora TEREZINHA DE MORAES JORGE,26.077-0,nan,97.323-8,nan,DFG-02,nan,nan,nan,nan,nan,nan,nan,nan,"Designar a servidora TEREZINHA DE MORAES JORGE, matricula no 26.077-0, Tecnico de Admi-
nistracao Publica, para substituir, sem prejuizo de suas atribuicoes, a servidora ARMANDA NEVES
MOURA LINS, matricula no 97.323-8, Simbolo DFG-02, Encarregado da Secao de Administracao de
Proprios, da Divisao de Administracao Geral, da Administracao Regional de Samambaia, da Secretaria
de Estado de Coordenacao das Administracoes Regionais do Distrito Federal, no periodo de 05 de
novembro a 04 de dezembro de 2001, por motivo de ferias regulamentares do titular"
57,Substituição de Funções, o servidor GERALDO ROQUE BARCELOS,95.862-X,nan,94.459-9,nan,DFG-05,nan,nan,nan,nan,nan,nan,nan,nan,"Designar o servidor GERALDO ROQUE BARCELOS, matricula no 95.862-X, Encarregado do Servi-
co de Topografia, da Divisao Regional de Exame, Aprovacao e Elaboracao de Projetos, para substi-
tuir, sem prejuizo de suas atribuicoes, a servidora ANNETE MARIA MUNIZ MARTINS, matricula no
94.459-9, Simbolo DFG-05, Chefe da Secao de Arquivo Tecnico, da Divisao Regional de Exame,
Aprovacao e Elaboracao de Projetos, da Administracao Regional do Riacho Fundo, da Secretaria de
Estado de Coordenacao das Administracoes Regionais do Distrito Federal, no periodo de 26 de
novembro a 25 de dezembro de 2001, por motivo de ferias regulamentares do titular"
58,Substituição de Funções, o servidor WENDEL LOPES DIAS,42.069-7,nan,"41.332-
1",nan,DFG-05,nan,nan,nan,nan,nan,nan,nan,nan,"Designar o servidor WENDEL LOPES DIAS, matricula no 42.069-7, Fiscal de Atividades Urbanas,
para substituir, sem prejuizo de suas atribuicoes, o servidor JOSE AIRTON LIRA, matricula no 41.332-
1, Simbolo DFG-05, Chefe da Secao de Fiscalizacao de Obras, da Divisao Regional de Fiscalizacao de
Obras e Posturas, da Administracao Regional de Sao Sebastiao, da Secretaria de Estado de Coordena-
cao das Administracoes Regionais do Distrito Federal, no periodo de 03 a 22 de dezembro de 2001,
por motivo de ferias regulamentares do titular"
59,Substituição de Funções, o servidor SERGIO COELHO TOLENTINO,108.560-3,nan,98.462-0,nan,DFG-12,nan,nan,nan,nan,nan,nan,nan,nan,"Designar o servidor SERGIO COELHO TOLENTINO, matricula no 108.560-3, Inspetor de Ativida-
des Urbanas, para substituir, sem prejuizo de suas atribuicoes, o servidor MARDEN DOS REIS E
SILVA, matricula no 98.462-0, Simbolo DFG-12, Diretor da Divisao Regional de Fiscalizacao de Obras
e Posturas, da Administracao Regional de Sobradinho, da Secretaria de Estado de Coordenacao das
Administracoes Regionais do Distrito Federal, no periodo de 03 a 22 de dezembro de 2001, por
motivo de ferias regulamentares do titular"
60,Substituição de Funções, o servidor MARIA JULIA DA SILVA,43.756-5,nan,94.179-4,nan,DFG-10,nan,nan,nan,nan,nan,nan,nan,nan,"Designar o servidor MARIA JULIA DA SILVA, matricula no 43.756-5, Encarregada do Servico de Admi-
nistracao de Feiras, da Divisao Regional de Servicos Publicos, para substituir, sem prejuizo de suas atribui-
coes, o servidor JOSE CORREA DE LACERDA, matricula no 94.179-4, Simbolo DFG-10, Chefe do
Servico de Administracao de Feiras, da Divisao Regional de Servicos Publicos, da Administracao Regional
de Taguatinga, da Secretaria de Estado de Coordenacao das Administracoes Regionais do Distrito Federal,
no periodo de 02 a 31 de dezembro de 2001, por motivo de ferias regulamentares do titular"
61,Substituição de Funções, o servidor PAULO CESAR DE TOLEDO,105.372-8,nan,98.229-6,nan,DFG-11,nan,nan,nan,nan,nan,nan,nan,nan,"Designar o servidor PAULO CESAR DE TOLEDO, matricula no 105.372-8, Assistente da Divisao
Regional de Obras, para substituir, sem prejuizo de suas atribuicoes, a servidora BIANCA CRISTINA
FERREIRA ROLLA FIORENTINI, matricula no 98.229-6, Simbolo DFG-11, Chefe do Nucleo de
Ordenamento Territorial, da Gerencia de Planejamento, da Administracao Regional do Cruzeiro, da
Secretaria de Estado de Coordenacao das Administracoes Regionais do Distrito Federal, no periodo de
19 a 30 de novembro de 2001, por motivo de licenca medica do titular"
62,Substituição de Funções, como Presidente a servidora NARA ANDREA FERREIRA MARRA,n.o,a servidora NEIDE MARIA DE MORAIS,n.o 42.438-2,Auxiliar de Administracao Publica,nan,nan,nan,nan,nan,nan,nan,nan,nan,"Designar como Presidente a servidora NARA ANDREA FERREIRA MARRA, matricula n.o 80.177-
1, Tecnico de Administracao Publica, para substituir a servidora NEIDE MARIA DE MORAIS,
matricula n.o 42.438-2, Auxiliar de Administracao Publica, na Comissao de Avaliacao de Desempenho
e Afericao de Merito, conforme Ordem de Servico n.o 16, de 17/02/98, publicada no DODF n.o 35, de
19/02/98, pagina 27; designar como Membro a servidora NEDMA RODRIGUES BIJOS, matricula n.o
21.461-2, Tecnico de Administracao Publica, para substituir o servidor ALIXANDRE ABEL ALVA-
RENGA, matricula n.o 91.485-1, Auxiliar de Administracao Publica, na Comissao de Avaliacao de
Desempenho e Afericao de Merito, conforme Ordem de Servico n.o 102,  de 15/07/1999, publicada no
DODF n.o 137, de 19/07/99, pagina 9"
63,Substituição de Funções, RICARDO WAGNER DE MELO,40.532-9,nan,nan,nan,nan,nan,nan,nan,nan,nan,nan,nan,nan,"Designar RICARDO WAGNER DE MELO, Assistente de Apoio as Atividades Juridicas, matricula no
40.532-9, para Executor do Contrato celebrado entre o Distrito Federal, atraves da PROCURADO-
RIA-GERAL e o CTA  CENTRO DE TREINAMENTO E ADMINISTRACAO LTDA., conforme
Processo no 020.001.512/2001"
64,Substituição de Funções, SILVANA ALVES DA SILVA,42.902-3,nan,nan,nan,nan,nan,nan,nan,nan,nan,nan,nan,nan,"Designar SILVANA ALVES DA SILVA, Chefe da Biblioteca - Respondendo, matricula no 42.902-3,
para Executor do Contrato celebrado entre o Distrito Federal, atraves da PROCURADORIA-GERAL
e a GB ENCADERNADORA LTDA - ME, conforme Processo no 020.001.078/2001"
65,Substituição de Funções, JOAO EDSON RODRIGUES GONCALVES,41.689-4,ALTAIR DE SOUSA RODRIGUES,26.951-4,"Diretora da
Divisao de Controle de Processos e Documentos",DFA-03,nan,,nan,nan,nan,nan,nan,nan,"Designar JOAO EDSON RODRIGUES GONCALVES, matricula no 41.689-4, Assistente, simbolo
DFA-03, para substituir ALTAIR DE SOUSA RODRIGUES, matricula no 26.951-4, Diretora da
Divisao de Controle de Processos e Documentos, simbolo DFG-10, do Gabinete do Procurador-Geral
do Distrito Federal, no periodo de 30.11.2001 a 14.12.2001, por motivo de ferias da titular"
