,tipo,nome,matricula,simbolo,cargo_comissao,lotacao,orgao,vigencia,pedido,cargo_efetivo,siape,motivo,text
0,Exoneração," JOZAFA DANTAS DO
NASCIMENTO",nan,CNE,nan,nan,nan,nan,a pedido,nan,nan,nan,"EXONERAR, a pedido por estar sendo nomeado para outro cargo, JOZAFA DANTAS DO
NASCIMENTO do Cargo em Natureza Especial, Simbolo CNE  06, de Assessor da Assessoria
Juridica da Secretaria de Estado de Assuntos Fundiarios do Distrito Federal, a contar do dia 18 de
abril de 2002"
1,Exoneração," MARTA GOMES DE ALMEIDA
ICO",no,nan,nan,nan,nan,nan,nan,nan,nan,nan,"EXONERAR, por estar sendo nomeada para outro cargo, MARTA GOMES DE ALMEIDA
ICO, matricula no 56"
2,Exoneração, MINERVINA MARIA VILAR,no,nan,nan,nan,nan,nan,a pedido,nan,nan,nan,"EXONERAR, a pedido, MINERVINA MARIA VILAR, matricula no 93"
3,Exoneração, DIRNEI ARNO FERREIRA,no,nan,nan,nan,nan,nan,a pedido,nan,nan,nan,"EXONERAR, a pedido, DIRNEI ARNO FERREIRA, matricula no 78"
4,Exoneração, SANDRA MARIA GADELHA,no,nan,nan,nan,nan,nan,nan,nan,nan,nan,"EXONERAR, por estar sendo nomeada para outro cargo, SANDRA MARIA GADELHA,
matricula no 71"
5,Exoneração, ELENICE BERCOT FERREIRA,no,nan,nan,nan,nan,nan,a pedido,nan,nan,nan,"EXONERAR, a pedido, ELENICE BERCOT FERREIRA, matricula no 59"
6,Exoneração, EDNA MARIA REIS CLEMENTE,no,nan,nan,nan,nan,nan,nan,nan,nan,nan,"EXONERAR, por estar sendo nomeada para outra funcao, EDNA MARIA REIS CLEMENTE,
matricula no 38"
7,Exoneração, JALVO EUSTAQUIO DA SILVA,no,nan,nan,nan,nan,nan,nan,nan,nan,nan,"EXONERAR, por estar sendo nomeado para outra funcao, JALVO EUSTAQUIO DA SILVA,
matricula no 28"
8,Exoneração,nan,nan,nan,nan,nan,nan,nan,nan,nan,nan,nan,"EXONERAR, por necessidade do servico, das funcoes a saber, a contar de 01 de junho de
2002, os seguintes policiais-militares"
