,Tipo,Nome,Cargo Efetivo,Matricula,Siape,Simbolo,Cargo Comissao,Lotacao,Orgao,text
0,Nomeação, ADEMAR CENCI,para exercer o Cargo em Comissao,nan,nan,DFG-14," Geren-
te do PADF",Administracao Regional do Paranoa,"Secretaria de Estado de Coordenacao das
Administracoes Regionais do Distrito Federal","NOMEAR ADEMAR CENCI, para exercer o Cargo em Comissao, Simbolo DFG-14, de Geren-
te do PADF, da Administracao Regional do Paranoa, da Secretaria de Estado de Coordenacao das
Administracoes Regionais do Distrito Federal"
1,Nomeação, SANDRA MARIA GADELHA,nan,71.977-3,nan,DFA-11,nan,nan,nan,"NOMEAR SANDRA MARIA GADELHA, matricula no 71.977-3,  para exercer o Cargo em
Comissao, Simbolo DFA-11, de Assessor da Subsecretaria de Suporte Educacional da Secretaria
de Estado de Educacao do Distrito Federal"
2,Nomeação, MARTA GOMES DE ALMEIDA ICO,nan,56.497-4,nan,DFA-05,nan,nan,nan,"NOMEAR MARTA GOMES DE ALMEIDA ICO, matricula no 56.497-4, para exercer o Cargo
em Comissao, Simbolo DFA-05, de Secretario Administrativo da Diretoria de Apoio Pedagogico
da Subsecretaria de Educacao Publica da Secretaria de Estado de Educacao do Distrito Federal"
3,Nomeação, ADRIANA MARIA ALVES PINTO LOTTI,nan,49.090-3,nan,DFA-08,nan,nan,nan,"NOMEAR ADRIANA MARIA ALVES PINTO LOTTI, matricula no 49.090-3, para exercer
o Cargo em Comissao, Simbolo DFA-08, de Assistente da Diretoria de Administracao de
Recursos Humanos da Subsecretaria de Apoio Operacional da Secretaria de Estado de Edu-
cacao do Distrito Federal"
4,Nomeação, DECIO JOSE DOS SANTOS MARTINS,nan,nan,nan,nan,nan,nan,nan,"NOMEAR DECIO JOSE DOS SANTOS MARTINS para exercer o Cargo em Comissao, Sim-
bolo DFG-07, de Chefe do Nucleo de Pericia de Sobradinho da Gerencia de Pericia Medico-
Odontologica da Diretoria de Administracao de Recursos Humanos da Subsecretaria de Apoio
Operacional da Secretaria de Estado de Educacao do Distrito Federal"
5,Nomeação, EDNA MARIA REIS CLEMENTE,nan,38.377-5,nan,FG-06, Diretor do Centro Educacional 01 de Sao Sebastiao,nan,nan,"NOMEAR EDNA MARIA REIS CLEMENTE, matricula no 38.377-5, para exercer a Funcao
Gratificada, Simbolo FG-06, de Diretor do Centro Educacional 01 de Sao Sebastiao, da Gerencia
Regional de Ensino de Sao Sebastiao da Diretoria de Unidades Regionais da Subsecretaria de
Suporte Educacional da Secretaria de Estado de Educacao do Distrito Federal"
6,Nomeação, ANTERO GRANGEIRO DE LUCENA,nan,36.539-4,nan,FG-01,nan,nan,nan,"NOMEAR ANTERO GRANGEIRO DE LUCENA, matricula no 36.539-4, para exercer a
Funcao Gratificada,  Simbolo FG-01, de Assistente do Centro de Educacao Infantil 01 de
Sao Sebastiao da Gerencia Regional de Ensino de Sao Sebastiao da Diretoria de Unidades
Regionais da Subsecretaria de Suporte Educacional da Secretaria de Estado de Educacao do
Distrito Federal"
7,Nomeação, JACQUELINE FERREIRA,nan,24.473-2,nan,DFG-06, Chefe de Secretaria Escolar do Centro Educacional 01 de Sao Sebastiao,nan,nan,"NOMEAR JACQUELINE FERREIRA, matricula no 24.473-2, para exercer a Funcao Gratifica-
da, Simbolo DFG-06, de Chefe de Secretaria Escolar do Centro Educacional 01 de Sao Sebastiao,
da Gerencia Regional de Ensino de Sao Sebastiao da Diretoria de Unidades Regionais da Subsecre-
taria de Suporte Educacional da Secretaria de Estado de Educacao do Distrito Federal"
8,Nomeação, JALVO EUSTAQUIO DA SILVA,nan,28.516-1,nan,DFG-04," Chefe de Secretaria Escolar do Centro de Ensino
Fundamental 01 do Paranoa",nan,nan,"NOMEAR JALVO EUSTAQUIO DA SILVA, matricula no 28.516-1, para exercer a Fun-
cao Gratificada, Simbolo DFG-04, de Chefe de Secretaria Escolar do Centro de Ensino
Fundamental 01 do Paranoa, da Gerencia Regional de Ensino do Paranoa da Diretoria de
Unidades Regionais da Subsecretaria de Suporte Educacional da Secretaria de Estado de
Educacao do Distrito Federal"
9,Nomeação,nan,nan,nan,nan,nan,nan,nan,nan,"NOMEAR, por necessidade do servico, para as funcoes a saber, a contar de 01 de junho de
2002, os seguintes policiais-militares:
a) Para a funcao de Comandante da Guarda do Palacio do Buriti:
2o SGTo QPPMC JULIO CESAR PEREIRA, mat"
