,tipo_ato,tipo_documento,processo,dodf_data,dodf_num,tornado_sem_efeito_publicacao,dodf_pagina,servidor,matricula,cargo,dodf_tipo_edicao,text
0,Atos tornados sem efeito - aposentadoria,Portaria,192.000.142/1997,23/08/2001,163,22/08/2001,nan, ADELINO RODRI,52.013-6, matricula n.o 52.013-6,normal,"TORNAR SEM EFEITO na Portaria Coletiva de 22/08/2001, publicada no DODF n.o 163, de 23/08/2001, o ato que reviu os proventos da aposentadoria de ADELINO RODRI-GUES DA SILVA, matricula n.o 52.013-6, no cargo de Auxiliar de Administracao Publica, Classe Especial, Padrao III, do Quadro de Pessoal do JZB do Distrito Federal. Processo n.o192.000.142/1997. "
1,Atos tornados sem efeito - aposentadoria,Portaria,136.001.183/1990,20/06/1994,118,17/06/1994,nan, APARECIDO FRANCISCO BORGES,12.583-0, para o cargo de Tecnico de Financas e Controle,normal,"TORNAR SEM EFEITO na Portaria Coletiva de 17/06/1994, publicada no DODF n.o 118, de 20/06/1994, o ato que reviu os proventos de aposentadoria de APARECIDO FRANCISCO BORGES, matricula n.o 12.583-0, para o cargo de Tecnico de Financas e Controle, Classe Espe-cial, Padrao III, do Quadro de Pessoal do Distrito Federal. Processo n.o 136.001.183/1990. "
2,Atos tornados sem efeito - aposentadoria,Portaria,030.003.004/1992,16/04/1996,73,15/04/1996,nan, MARCILIO FERREIRA DOS SANTOS,15.151-3, Tecnico de Administracao Publica,normal,"TORNAR SEM EFEITO na Portaria Coletiva de 15/04/1996, publicada no DODF n.o 73, de 16/04/1996, o ato que concedeu aposentadoria a MARCILIO FERREIRA DOS SANTOS, matricula n.o 15.151-3, Tecnico de Administracao Publica, Classe Especial, Padrao III, do Quadro de Pessoal do Distrito Federal. Processo n.o 030.003.004/1992. "
3,Atos tornados sem efeito - aposentadoria,Portaria,030.007.424/1989,nan,nan,nan,nan, MATILDES FREITAS SIMAS,12.269-6, matricula n.o 12.269-6,normal,"TORNAR SEM EFEITO na Portaria Coletiva de 12/01/1995, publicada no DODF n.o 12, de 16/ 01/1995, o ato que reviu os proventos da aposentadoria de MATILDES FREITAS SIMAS, matricula n.o 12.269-6, Tecnico de Administracao Publica, Classe Especial, Padrao III, do Quadro de Pessoal do Distrito Federal. Processo n.o 030.007.424/1989. "
4,Atos tornados sem efeito - aposentadoria,Portaria,030.017.133/1990,01/06/2000,104,31/05/2000,nan, ELOYA ANDRADE FARI,04.902-6, no cargo de Tecnico de Administracao Publica,normal,"TORNAR SEM EFEITO no Decreto Coletivo de 31/05/2000, publicado no DODF n.o 104, de 01/06/2000, o ato que retificou na Portaria Coletiva de 28/11/1996, publicada no DODF n.o 232, de 29/11/1996, referente a revisao os proventos da aposentadoria de ELOYA ANDRADE FARI-AS, matricula n.o 04.902-6, no cargo de Tecnico de Administracao Publica, Classe Especial, Padrao III, do Quadro de Pessoal do Distrito Federal. Processo n.o 030.017.133/1990. "
