,Tipo do Ato,Nome do Servidor Substituto,Matrícula do Servidor Substituto,Nome do Servidor a ser Substituido,Matrícula do Servidor a ser SubstituidoCargo,Símbolo do cargo do servidor substituto,Cargo comissionado objeto da substituição,Símbolo do cargo do objeto da substituição,Símbolo do cargo comissionado objeto da substituição,Hierarquia da Lotação,Órgão,Data Inicial da Vigência,Data Final de Vigência,Matrícula SIAPE,Motivo,text
0,Substituição de Funções, JOSE CARLOS MARTINS DUARTE,1650329-X,CLEBER MARTINS PAYAO,n.o   39.618-4,"Encarregado de
Recursos de Materiais",DFG-03,nan,nan,nan,nan,nan,nan,nan,nan,"Designar JOSE CARLOS MARTINS DUARTE, matricula no 1650329-X, Auxiliar de Atividades
Culturais, para substituir CLEBER MARTINS PAYAO, matricula n.o   39.618-4, Encarregado de
Recursos de Materiais, Simbolo DFG-03, do Nucleo de Material e Patrimonio da Diretoria de
Gestao Administrativa da Subsecretaria de Apoio Operacional, por motivo de ferias regulamen-
tares do titular,  no periodo de 03 a 17 de junho de 2002"
1,Substituição de Funções,"  LUIZ FELIPE MIRANDA DE SOUZA para substituir o Chefe da Assessoria do
Gabinete da Secretaria de Governo",nan,"o Chefe da Assessoria do
Gabinete da Secretaria de Governo",nan,nan,DFG-14,nan,nan,nan,nan,nan,nan,nan,nan,"DESIGNAR  LUIZ FELIPE MIRANDA DE SOUZA para substituir o Chefe da Assessoria do
Gabinete da Secretaria de Governo, Cargo em Comissao, Simbolo DFG-14, no periodo de 03 de
junho a 02 de julho de 2002, por motivo de ferias regulamentares do titular"
2,Substituição de Funções, o MAJ QOBM MARCIO MASSARO,n.o,nan,n.o 93.909-9,nan,nan,nan,nan,nan,nan,nan,nan,nan,nan,"Designar o MAJ QOBM MARCIO MASSARO, matricula n.o 93.644-8 e o 2.o TEN QOBM
WALLACE RUY REBELLO BRANDAO, matricula n.o 93.909-9, como executores do servico
de TV por assinatura para a Secretaria de Governo, Gabinete do Governador, Consultoria Juridi-
ca e Casa Militar, firmado com a TV VIDEO CABO DO DISTRITO FEDERAL S.A (NET
BRASILIA),  conforme Nota de Empenho n.o 0575/2002  SEG"
3,Substituição de Funções, CLAUDIONOR PEDRO DOS SANTOS,n.o,nan,n.o 98.888-X,nan,nan,nan,nan,nan,nan,nan,nan,nan,nan,"Designar CLAUDIONOR PEDRO DOS SANTOS, matricula n.o 107.928-X,  como executor e
JOAO JACQUES BARRETO CAVALCANTI, matricula n.o 98.888-X, como Supervisor Tecni-
co do Contrato de Gestao n.o 01/2002-SEG/ICS, referente a prestacao de servicos corresponden-
tes ao Apoio Administrativo e Operacional de Suporte e Melhoria do Sistema Regional do GDF,
definidos na Lei Orcamentaria Anual  LOA/2002, inerente a ACAO B"
4,Substituição de Funções, SIDNEY BATISTA LIMA,n.o,nan,nan,nan,nan,nan,nan,nan,nan,nan,nan,nan,nan,"Designar SIDNEY BATISTA LIMA, matricula n.o 31.074-3, Diretor de Gestao Administrativa
da Subsecretaria de Apoio  Operacional da Secretaria de Governo, como executor do Contrato de
Gestao n.o 01/2002-SEG/ICS, referente a prestacao de servicos correspondentes ao Apoio Admi-
nistrativo e Operacional de Suporte e Melhoria do Sistema Regional do GDF, definidos na Lei
Orcamentaria Anual  LOA/2002, inerente as ACOES A e C"
5,Substituição de Funções, o servidor CARLOS RESENDE PINTO,108.739-8,nan,nan,nan,nan,nan,nan,nan,nan,nan,nan,nan,nan,"Designar o servidor CARLOS RESENDE PINTO, matricula no 108.739-8, para apurar, na
condicao de sindicante, no prazo de 10 (dez) dias, o acidente de servico tratado no Processo no
040.000.856/2002"
6,Substituição de Funções, ANDREA BENITES SAMPAIO COLOMBINI,43.059-5,SHIRLEY SEVERO DOS SANTOS,42.890-6,Chefe,DFG-05,nan,nan,nan,nan,nan,nan,nan,nan,"Designar ANDREA BENITES SAMPAIO COLOMBINI, matricula no 43.059-5, para substituir
SHIRLEY SEVERO DOS SANTOS, matricula no 42.890-6, Chefe, Simbolo DFG-05, do Nucleo
de Apoio Administrativo da Gerencia de Atendimento ao Contribuinte da Subsecretaria da Recei-
ta da Secretaria de Fazenda e Planejamento do Distrito Federal, no periodo de 22 de maio a 18 de
setembro de 2002, por motivo de licenca gestante concedida a titular"
7,Substituição de Funções,nan,nan,nan,n.o 56.091-X,nan,nan,nan,nan,nan,nan,nan,nan,nan,nan,"Designar, para comporem a referida Comissao, presidida pelo primeiro, os seguintes servido-
res: SIDNEY MARQUES DA SILVA, matricula n.o 68.189-X, Assistente da Diretoria de Apoio
Administrativo, RODRIGO CHAVES DA SILVA BATISTA, matricula n.o 56.091-X, Assessor
do Servico Juridico, PATRICIA ANDRADE NEVES, matricula n.o 68.203-9, Assessora da Dire-
toria de Capacitacao Tecnologica, DILZIMAR DE ALVIM DE SOUSA, matricula n.o 68.198-9,
Assistente da Gerencia Capacitacao Tecnologica, KARLA GUIMARAES TEIXEIRA, matricu-
la n.o 68.140-7, Gerente da Gerencia Administrativa e LEANDO TORRES BRAGA, matricula
n.o 68"
8,Substituição de Funções, GILVAN FERREIRA LIMA,127.600-0,nan,113.976-2 e SERGIO PAULO MARQUES,nan,nan,nan,nan,nan,nan,nan,nan,nan,nan,"Designar GILVAN FERREIRA LIMA, matricula no 127.600-0, OSORIO VIANA FILHO,
matricula no 113.976-2 e SERGIO PAULO MARQUES, matricula no 135.388-8 para, sob a
presidencia do primeiro, comporem Comissao de Processo Administrativo Disciplinar, incumbi-
da de apurar os fatos constantes do processo de no 270.000.396/2002"
9,Substituição de Funções, SIMONE FERREIRA DE BRITO,127.729-4,nan,134.171-5 e ERIVALDO FERNANDO FERNANDES,nan,nan,nan,nan,nan,nan,nan,nan,nan,nan,"Designar SIMONE FERREIRA DE BRITO, matricula no 127.729-4, MAURO LOPES HUGO
DE JESUS, matricula no 134.171-5 e ERIVALDO FERNANDO FERNANDES, matricula no
33.212-7 para, sob a presidencia do primeiro, comporem Comissao de Processo Administrativo
Disciplinar, incumbida de apurar os fatos constantes do processo de no 061.047.105/99"
10,Substituição de Funções, MARIO SOARES FERREIRA,115.750-7,nan,nan,nan,nan,nan,nan,nan,nan,nan,nan,nan,nan,"Designar MARIO SOARES FERREIRA, matricula no 115.750-7, Reumatologista,  PAULO
OLIVEIRA E SILVA, matricula no 118.519-5 e FRANCISCO SERGIO DE J"
11,Substituição de Funções, a servidora Marcia Maria Vaz Baqui Lima,123.639-3,a servidora Sonia da Silva Coelho Michetti,nan,"Chefe
do Nucleo de Regulacao",DFG,nan,nan,nan,nan,nan,nan,nan,nan,"DESIGNAR a servidora Marcia Maria Vaz Baqui Lima, AIS-Agente Administrativo., Matricula:
360.728-3, para substituir a servidora Sonia da Silva Coelho Michetti, Matricula 123.639-3, Chefe
do Nucleo de Regulacao, Controle e Avaliacao, do CSB-12, da Direcao Regional de Saude da Asa
Norte, simbolo DFG - 04, no periodo de 15 de julho a 03 de agosto de 2002, por motivo de Ferias"
12,Substituição de Funções, a servidora Roseane Martins Costa Pedreira,123.171-5,a servidora Miranethy Miranda e Silva,nan,"Gerente
do CSB-11",DFG,nan,nan,nan,nan,nan,nan,nan,nan,"DESIGNAR a servidora Roseane Martins Costa Pedreira, ASS-Medico-Pediatria., Matricula:
119.582-4, para substituir a servidora Miranethy Miranda e Silva, Matricula 123.171-5, Gerente
do CSB-11, da Direcao Regional de Saude da Asa Norte, simbolo DFG - 08, no periodo de 08 a
17 de julho de 2002, por motivo de Ferias"
13,Substituição de Funções, a servidora Denise Maria dos Santos Graciano,118.103-3,o servidor Claudio Gaze de Moura,nan,Gerente de Apoio Operacional,DFG,nan,nan,nan,nan,nan,nan,nan,nan,"DESIGNAR a servidora Denise Maria dos Santos Graciano, AOSD-Limpeza e Conservacao.,
Matricula: 126.703-5, para substituir o servidor Claudio Gaze de Moura, Matricula 118.103-3,
Gerente de Apoio Operacional, da Direcao Regional de Saude da Asa Norte, simbolo DFG - 08,
no periodo de 05 de julho a 13 de agosto de 2002, por motivo de Ferias"
14,Substituição de Funções,nan,nan,a Chefe do Nucleo de Assisteencia Social,nan,nan,nan,nan,nan,nan,nan,nan,nan,nan,nan,"Designar,  a servidora Helena Das Oliveiras , Matricula 130.809-2, Funcao: ASS- Assistente
Social , para substituir a Chefe do Nucleo de Assisteencia Social , DFG-05 , referente ao 2o
periodo de 08 a 22/07/2002, em virtude de ferias regulares do titular"
15,Substituição de Funções, a servidora Marcelene Fernandes dos Santos,137.127-4,"a
Chefe do Nucleo de Sistemas de Administracao Hospitalar da Gerencia de Sistemas de Saude da
Diretoria de Gestao de Tecnologia da Informacao da Subsecretaria de Planejamento e Politicas de
Saude da Secretaria de Estado de Saude do Distrito Federal",nan,nan,DFG-07,nan,nan,nan,nan,nan,nan,nan,nan,"Designar a servidora Marcelene Fernandes dos Santos, Matricula no 137.127-4, para substituir a
Chefe do Nucleo de Sistemas de Administracao Hospitalar da Gerencia de Sistemas de Saude da
Diretoria de Gestao de Tecnologia da Informacao da Subsecretaria de Planejamento e Politicas de
Saude da Secretaria de Estado de Saude do Distrito Federal, Simbolo DFG-07, no periodo de 1o a
15 de julho de 2002, por motivo de ferias"
16,Substituição de Funções, o servidor Carlos Edilson de Lucena,360.640-6,o Chefe do Nucleo de Sistemas Especi,nan,nan,DFG-07,nan,nan,nan,nan,nan,nan,nan,nan,"Designar o servidor Carlos Edilson de Lucena, Assistente Intermediario de Saude II (Agente
Administrativo), Matricula no 360.640-6, para substituir o Chefe do Nucleo de Sistemas Especi-
alizados em Saude da Gerencia de Sistemas de Saude da Diretoria de Gestao de Tecnologia da
Informacao da Subsecretaria de Planejamento e Politicas de Saude da Secretaria de Estado de
Saude do Distrito Federal, Simbolo DFG-07, no periodo de 08 de julho a 06 de agosto de 2002,
por motivo de Ferias"
17,Substituição de Funções, a servidora Yara de Noronha Lima,115.374-9,a Chefe do Nucleo de Contabilidade Financei,nan,nan,DFG-07,nan,nan,nan,nan,nan,nan,nan,nan,"Designar a servidora Yara de Noronha Lima, Assistente Intermediario de Saude II (Agente Admi-
nistrativo), Matricula no 115.374-9, para substituir a Chefe do Nucleo de Contabilidade Financei-
ra da Gerencia de Contabilidade da Diretoria de Contabilidade e Financas da Subsecretaria de
Apoio Operacional da Secretaria de Estado de Saude do Distrito Federal, Simbolo DFG-07, no
periodo de 22 de abril a 06 de maio e de 19 de julho a 02 de agosto de 2002, por motivo de Licenca
Medica e ferias, respectivamente"
18,Substituição de Funções, a servidora Marcia Aparecida Pereira Mateus,124.488-4,"o Diretor de Gestao de Tecnologia da
Informacao da Subsecretaria de Planejamento e Politicas de Saude da Secretaria de Estado de
Saude do Distrito Federal",nan,nan,DFG-13,nan,nan,nan,nan,nan,nan,nan,nan,"Designar a servidora Marcia Aparecida Pereira Mateus, Assistente Superior de Saude (Analista
de Sistemas), Matricula no 124.488-4, para substituir o Diretor de Gestao de Tecnologia da
Informacao da Subsecretaria de Planejamento e Politicas de Saude da Secretaria de Estado de
Saude do Distrito Federal, Simbolo DFG-13, no periodo de 1o de maio a 30 de junho e de 1o a 15
de julho de 2002, por motivo de licenca premio e ferias, respectivamente"
19,Substituição de Funções, a servidora Divaldo Dias Mancano,120.345-,"a Chefe do Nucleo de Medicina Natural e Terapeutica de Integracao da Gerencia
de Recursos Medicos Assistenciais da Diretoria de Promocao e Assistencia a Saude da Subsecre",nan,nan,DFG-07,nan,nan,nan,nan,nan,nan,nan,nan,"Designar a servidora Divaldo Dias Mancano, Carreira Medica (Pediatria), Matricula no 120.345-
2, para substituir a Chefe do Nucleo de Medicina Natural e Terapeutica de Integracao da Gerencia
de Recursos Medicos Assistenciais da Diretoria de Promocao e Assistencia a Saude da Subsecre-
taria de Atencao a Saude da Secretaria de Estado de Saude do Distrito Federal, Simbolo DFG-07,
no periodo de 02 a 31 de maio de 2002, por motivo de ferias"
20,Substituição de Funções, a servidora Eliane de Miranda Rodrigues,133.706-8,"o Chefe do Nucleo de Contagem de
Tempo de Servico da Gerencia de Pessoal Inativo da Diretoria de Recursos Humanos da Subse",nan,nan,DFG-07,nan,nan,nan,nan,nan,nan,nan,nan,"Designar a servidora Eliane de Miranda Rodrigues, Assistente Intermediario de Saude II (Agente
Administrativo), Matricula no 133.706-8, para substituir o Chefe do Nucleo de Contagem de
Tempo de Servico da Gerencia de Pessoal Inativo da Diretoria de Recursos Humanos da Subse-
cretaria de Apoio Operacional da Secretaria de Estado de Saude do Distrito Federal, Simbolo
DFG-07, no periodo de 05 a 19  de julho de 2002, por motivo de ferias"
21,Substituição de Funções, o inspetor de atividades urbanas SANDRO JARDIM DE OLIVEIRA,0108.568-9,nan,nan,nan,nan,nan,nan,nan,nan,nan,nan,nan,nan,"Designar o inspetor de atividades urbanas SANDRO JARDIM DE OLIVEIRA,  matricula no
0108.568-9, EXECUTOR do Contrato no  092/2002-SO,  nos  Termos  do  Padrao no 11/96,
firmado entre o Distrito Federal, por meio da Secretaria de Infra-Estrutura e Obras e a Companhia
Urbanizadora da Nova Capital do Brasil  NOVACAP, objetivando a execucao de abertura e
encascalhamento de vias, pavimentacao asfaltica e meios-fios na Expansao do Setor Residencial
Leste de Planaltina e encascalhamento no SCIA - Setor Complementar de Industria e Abasteci-
mento, no Guara/DF"
22,Substituição de Funções, o inspetor de atividades urbanas FRANCISCO LUIZ SILVA FILHO,0108.574-3,nan,nan,nan,nan,nan,nan,nan,nan,nan,nan,nan,nan,"Designar o inspetor de atividades urbanas FRANCISCO LUIZ SILVA FILHO,  matricula no
0108.574-3, EXECUTOR do Contrato no  094/2002-SO,  nos  Termos  do  Padrao no 11/96,
firmado entre o Distrito Federal, por meio da Secretaria de Infra-Estrutura e Obras e a Companhia
Urbanizadora da Nova Capital do Brasil  NOVACAP, objetivando o plantio de Palmeiras
(Geriva) em diversas areas de Planaltina/DF"
23,Substituição de Funções, a servidora GIMARLENE ALVES DE MELO,93.692-8,a servidora MARIA GORETTI DA SILVA PRADO,nan,nan,DFG-09,nan,nan,nan,nan,nan,nan,nan,nan,"Designar a servidora GIMARLENE ALVES DE MELO, matricula 93.692-8, Auxiliar de Ativi-
dades Rodoviarias, para substituir a servidora MARIA GORETTI DA SILVA PRADO, matricu-
la 93.704-5, Tecnico de Atividades Rodoviarias, Chefe do Nucleo de Contratos e Convenios -
COPLAN, simbolo DFG-09, no periodo de 08.07.2002 a 06.08.2002, por motivo de ferias
regulamentares da titular"
24,Substituição de Funções, o servidor CARLOS GERALDO CAIXETA CRUZ,94.196-4,o servidor ELTON WALCACER DA SILVA,94.392-4,"Diretor
Administrativo Financeiro/DER",DFG-13,nan,,nan,nan,nan,nan,nan,nan,"Designar o servidor CARLOS GERALDO CAIXETA CRUZ, matricula 94.196-4, Analista de
Atividades Rodoviarias, Chefe da Divisao de Orcamento e Financas, simbolo DFG-13  DOF/
DIAFI, para substituir o servidor ELTON WALCACER DA SILVA, matricula 94.392-4, Diretor
Administrativo Financeiro/DER, simbolo DFG-14, no periodo de 15.07.2002 a 03.08.2002, por
motivo de ferias regulamentares do titular"
25,Substituição de Funções, o servidor EUDENIR DA COSTA MONTEIRO,94.030-5,o servidor MANOEL PEREIRA DA SILVA,"94.044-
5",Auxiliar de Atividades Rodoviarias,DFG-02,nan,nan,nan,nan,nan,nan,nan,nan,"Designar o servidor EUDENIR DA COSTA MONTEIRO, matricula 94.030-5, Auxiliar de Ativi-
dades Rodoviarias, para substituir o servidor MANOEL PEREIRA DA SILVA, matricula 94.044-
5, Auxiliar de Atividades Rodoviarias, Encarregado de Lubrificacao I, simbolo DFG-02 - NCR/5o
DR/ DIOB, no periodo de 01 a 30.07.2002, por motivo de ferias regulamentares do titular"
26,Substituição de Funções, o servidor DOMINGOS GOMES DE BRITO,983.901-3,o servidor OSMIRIO CANDIDO DE BARROS,93.817-3,Tecnico de Atividades Rodoviarias,DFG-02,nan,,nan,nan,nan,nan,nan,nan,"Designar o servidor DOMINGOS GOMES DE BRITO, matricula 983.901-3, Tecnico de Ati-
vidades Rodoviarias, Encarregado de Equipamentos Rodoviarios I, simbolo DFG-02, NO/5o DR/
DIOB, para substituir o servidor OSMIRIO CANDIDO DE BARROS, matricula 93.817-3,
Tecnico de Atividades Rodoviarias, Chefe do Nucleo de Operacao, simbolo DFG-09, NCO/5o
DR/DIOB, no periodo de 01 a 30.07.2002, por motivo de ferias regulamentares do titular"
27,Substituição de Funções, o servidor JOSE MARIO SANTIAGO DE SOUZA,94.117-4,o servidor SEBASTIAO AUGUS,91.892-X,nan,DFG-01,nan,nan,nan,nan,nan,nan,nan,nan,"Designar o servidor JOSE MARIO SANTIAGO DE SOUZA, matricula 94.117-4, Auxiliar de
Atividades Rodoviarias  NCR/1o DR/DIOB, para substituir o servidor SEBASTIAO AUGUS-
TO DE OLIVEIRA, matricula 91.892-X, Tecnico de Atividades Rodoviarias, Encarregado de
Manutencao Rodoviaria I, simbolo DFG-01  NCR/1o DR/DIOB, no periodo de 01.07.2002 a
30.07.202, por motivo de ferias regulamentares do titular"
28,Substituição de Funções,  JOSE NEWTON EUFRAZIO,1.228-9,nan,nan,nan,nan,nan,nan,nan,nan,nan,nan,nan,nan,"Designar  JOSE NEWTON EUFRAZIO, matricula 1.228-9, para compor Comissao para norma-
tizacao dos procedimentos de Leilao de Veiculos Apreendidos, instituida pela Instrucao de Servi-
co n.o 141/2001"
29,Substituição de Funções,nan,nan,VALDEMIR EVANGELISTA DE OLIVEIRA,87.122-2,"Diretor  Adjunto para Assuntos Administrativo e Financeiro da Fundacao de Amparo
ao Trabalhador Preso do Distrito Federal",nan,nan,nan,nan,nan,nan,nan,nan,nan,"Designar, JACSON ULHOA DE MOURA, matricula no 87152-4,  Tecnico de Administracao
Publica do QPDF,  para substituir VALDEMIR EVANGELISTA DE OLIVEIRA, matricula no
87.122-2, Diretor  Adjunto para Assuntos Administrativo e Financeiro da Fundacao de Amparo
ao Trabalhador Preso do Distrito Federal, DF 14, no periodo de 10 de junho a 09 de julho de 2002
, em virtude de ferias regulamentar"
30,Substituição de Funções,nan,nan,MILTON PAULINO DA SILVA,87098-6,"Diretor Adjunto para Assuntos Social e Educacional da Fundacao de Amparo ao Trabalhador
Preso do DF",nan,nan,nan,nan,nan,nan,nan,nan,nan,"Designar, MEURE CARLOS RODRIGUES, matricula no 87140-0,  Auxiliar de Administracao
Publica do QPDF,  para substituir MILTON PAULINO DA SILVA, matricula no 87098-6,
Diretor Adjunto para Assuntos Social e Educacional da Fundacao de Amparo ao Trabalhador
Preso do DF, DF 14, no periodo de 05 de junho a 02 de julho de 2002 , em virtude de ferias
regulamentar"
31,Substituição de Funções, o Perito Papiloscopista ALOISIO BONFIM FIRMINO DOS SANTOS,48.066-5,a Perita Papiloscopista JUREMA APARECIDA PEREIRA DE MO,48.126-2,nan,DFG-08,nan,nan,nan,nan,nan,nan,nan,nan,"Designar o Perito Papiloscopista ALOISIO BONFIM FIRMINO DOS SANTOS, matricula no
48.066-5, para substituir a Perita Papiloscopista JUREMA APARECIDA PEREIRA DE MO-
RAIS, matricula no 48.126-2, Chefe da Secao de Pericias Necropapiloscopicas/DETP/II/DPT/
PCDF, Simbolo DFG-08, por motivo de licenca maternidade, no periodo de 18.04 a 15.08.2002"
32,Substituição de Funções, a Perita Papiloscopista IVANILDES APARECIDA DOS SANTOS,48.058-4,o Perito Papiloscopista AILTON FRANCISCO FEREIRA,37.282-X,Chefe da Secao de Atendimentos Externos-Identidade Solidaria/DI/II/DPT/PCDF,DFG-08,nan,nan,nan,nan,nan,nan,nan,nan,"Designar a Perita Papiloscopista IVANILDES APARECIDA DOS SANTOS, matricula no
48.058-4, para substituir o Perito Papiloscopista AILTON FRANCISCO FEREIRA, matricula
no 37.282-X, Chefe da Secao de Atendimentos Externos-Identidade Solidaria/DI/II/DPT/PCDF,
Simbolo DFG-08, por motivo de ferias regulamentares, no periodo de 02.05 a 16.05.2002"
33,Substituição de Funções, a Perita Papiloscopista IONETE RUBEM CAMPOS,48.099-1,o Perito Papiloscopista JAIRO DE AZEVEDO MATOS,21.116-8,Chefe do Posto de Identificacao no 02/DI/II/DPT/PCDF,DFG-08,nan,nan,nan,nan,nan,nan,nan,nan,"Designar a Perita Papiloscopista IONETE RUBEM CAMPOS, matricula no 48.099-1, para
substituir o Perito Papiloscopista JAIRO DE AZEVEDO MATOS, matricula no 21.116-8,
Chefe do Posto de Identificacao no 02/DI/II/DPT/PCDF, Simbolo DFG-08, por motivo de licenca
para tratamento de saude, no periodo de 04.05 a 18.05.2002"
34,Substituição de Funções, o Agente de Policia WERBETE DE JESUS SOUSA PEREIRA,25.475-,a Perita Papiloscopista CARMELIA DO EGYPIO E,nan,nan,nan,nan,nan,nan,nan,nan,nan,nan,nan,"Designar o Agente de Policia WERBETE DE JESUS SOUSA PEREIRA, matricula no 25.475-
4, para substituir a Perita Papiloscopista CARMELIA DO EGYPIO E"
35,Substituição de Funções, o Perito Criminal AIRTON BRITO DO NASCIMENTO,27.133-0,o Perito Criminal SAUL DE CASTRO MARTINS,39.568-4,"Chefe
da Secao de Crimes contra a Pessoa/Divisao de Pericias Externas/IC/DPT/PCDF",DFG-,nan,nan,nan,nan,nan,nan,nan,nan,"Designar o Perito Criminal AIRTON BRITO DO NASCIMENTO, matricula no 27.133-0,
para substituir o Perito Criminal SAUL DE CASTRO MARTINS, matricula no 39.568-4, Chefe
da Secao de Crimes contra a Pessoa/Divisao de Pericias Externas/IC/DPT/PCDF, Simbolo DFG-
08, por motivo de ferias regulamentares, no periodo de 10.01 a 29.01.2002"
36,Substituição de Funções, o Agente de Policia REINALDO DIAS AMORIM JUNIOR,57.925-,o Agente de Policia JAILSON ANTUNES BATISTA,32.503-1,Chefe da Secao de Programacao e Execucao Orcamentaria/DOF/DAG/PCDF,DFG-08,nan,nan,nan,nan,nan,nan,nan,nan,"Designar o Agente de Policia REINALDO DIAS AMORIM JUNIOR, matricula no 57.925-
4, para substituir o Agente de Policia JAILSON ANTUNES BATISTA, matricula no 32.503-1,
Chefe da Secao de Programacao e Execucao Orcamentaria/DOF/DAG/PCDF, Simbolo DFG-08,
por motivo de ferias regulamentares, no periodo de 13.05 a 22.05.2002"
37,Substituição de Funções, o Agente de Policia MARCO TULIO ROCHA TORRE,57.679-4,o Agente de Policia ADELSON SILVA MOITA,47.283-2,"Diretor da
Divisao de Telecomunicacoes/DAG/PCDF",DFG-13,nan,nan,nan,nan,nan,nan,nan,nan,"Designar o Agente de Policia MARCO TULIO ROCHA TORRE, matricula no 57.679-4, para
substituir o Agente de Policia ADELSON SILVA MOITA, matricula no 47.283-2, Diretor da
Divisao de Telecomunicacoes/DAG/PCDF, Simbolo DFG-13, por motivo de ferias regulamenta-
res, no periodo de 13.02 a 27.02.2002"
38,Substituição de Funções, o Auxiliar de Apoio as Atividades Policiais Civis EDNILTON PEREIRA DA SILVA,43.677-1,a Agente Penitenciaria MARIA JOSE EUSEBIO SAN,23.738-8,nan,DFG-,nan,nan,nan,nan,nan,nan,nan,nan,"Designar o Auxiliar de Apoio as Atividades Policiais Civis EDNILTON PEREIRA DA SILVA,
matricula no 43.677-1, para substituir a Agente Penitenciaria MARIA JOSE EUSEBIO SAN-
TOS, matricula no 23.738-8, Encarregada de Mecanica/DITRAN/DAG/PCDF, Simbolo DFG-
05, por motivo de licenca premio, no periodo de 25.03 a 23.04.2002"
39,Substituição de Funções, o Perito Criminal MARCELO RIBEIRO MEIRELLES,40.472-1,a Perita Criminal LEA SEBASTIANA MEIRELES DOS SANTOS,"21.101-
X",Chefe da Secao de Merceologia/DPI/IC/DPT/PCDF,DFG-08,nan,nan,nan,nan,nan,nan,nan,nan,"Designar o Perito Criminal MARCELO RIBEIRO MEIRELLES, matricula no 40.472-1, para
substituir a Perita Criminal LEA SEBASTIANA MEIRELES DOS SANTOS, matricula no 21.101-
X, Chefe da Secao de Merceologia/DPI/IC/DPT/PCDF, Simbolo DFG-08, por motivo de licenca
premio, no periodo de 03.06 a 02.07.2002"
40,Substituição de Funções, a Perita Criminal ARLANA FERNANDES AZEVEDO,27.141-1,a Perita Criminal SUELI MARTINS,19.382-8,"Diretora da Divisao
de Pericias em Laboratorios/IC/DPT/PCDF",DFG-11,nan,nan,nan,nan,nan,nan,nan,nan,"Designar a Perita Criminal ARLANA FERNANDES AZEVEDO, matricula no 27.141-1,
para substituir a Perita Criminal SUELI MARTINS, matricula no 19.382-8, Diretora da Divisao
de Pericias em Laboratorios/IC/DPT/PCDF, Simbolo DFG-11, por motivo de ferias regulamenta- res, no periodo de 11.06 a 20.06.2002"
41,Substituição de Funções, o Delegado de Policia PAULO FERNANDO SAMPAIO,24.073-7,a Delegada de Policia ANDIARA DE REZENDE,33.158-9,"Diretora
da Divisao de Cadastro de Roubos e Furtos de Veiculos/DPE/PCDF",DFG-13,nan,nan,nan,nan,nan,nan,nan,nan,"Designar o Delegado de Policia PAULO FERNANDO SAMPAIO, matricula no 24.073-7,
para substituir a Delegada de Policia ANDIARA DE REZENDE, matricula no 33.158-9, Diretora
da Divisao de Cadastro de Roubos e Furtos de Veiculos/DPE/PCDF, Simbolo DFG-13, por
motivo de licenca para tratamento de saude, no periodo de 15.05 a 22.05.2002"
42,Substituição de Funções, o Auxiliar de Apoio as Atividades Policiais Civis GONCALO LIMA DA ROCHA,43.697-6,a Agente de Policia ROSIMAR MACHADO SOUZA,nan,nan,DFG-05,nan,nan,nan,nan,nan,nan,nan,nan,"Designar o Auxiliar de Apoio as Atividades Policiais Civis GONCALO LIMA DA ROCHA,
matricula no 43.697-6, para substituir a Agente de Policia ROSIMAR MACHADO SOUZA, matri-
cula no 25.524-6, Chefe do Setor de Apoio Administrativo/Divisao Administrativa/IC/DPT/PCDF,
Simbolo DFG-05, por motivo de licenca para tratamento de saude, no periodo de 24.04 a 07.05.2002"
43,Substituição de Funções, o Auxiliar de Apoio as Atividades Policiais Civis GONCALO LIMA DA ROCHA,43.697-6,a Agente de Policia ROSIMAR MACHADO SOUZA,nan,nan,DFG-05,nan,nan,nan,nan,nan,nan,nan,nan,"Designar o Auxiliar de Apoio as Atividades Policiais Civis GONCALO LIMA DA ROCHA,
matricula no 43.697-6, para substituir a Agente de Policia ROSIMAR MACHADO SOUZA, matri-
cula no 25.524-6, Chefe do Setor de Apoio Administrativo/Divisao Administrativa/IC/DPT/PCDF,
Simbolo DFG-05, por motivo de licenca para tratamento de saude, no periodo de 09.05 a 15.05.2002"
44,Substituição de Funções, a Delegada de Policia ANA CRISTINA MARTINS SILVA,58.114-3,a Delegada de Policia SOLANGE MARIA BRITO FIALHO COUTINHO,33.058-2,Chefe do Posto Policial da Rodoviaria/2a DP/DPC/PCDF,DFG-,nan,nan,nan,nan,nan,nan,nan,nan,"Designar a Delegada de Policia ANA CRISTINA MARTINS SILVA, matricula no 58.114-3,
para substituir a Delegada de Policia SOLANGE MARIA BRITO FIALHO COUTINHO,
matricula no 33.058-2, Chefe do Posto Policial da Rodoviaria/2a DP/DPC/PCDF, Simbolo DFG-
10, por motivo de licenca para tratamento de saude, no periodo de 08.04 a 21.04.2002"
45,Substituição de Funções, o Agente de Policia PAULO SERGIO TORRES DE SOUSA,47.438-,o Agente de Policia SERGIO LUIZ PEREIRA DA SILVA,"23.604-
7",Chefe da Secao de Roubos ao Comercio/DRR/DPE/PCDF,DFG-08,nan,nan,nan,nan,nan,nan,nan,nan,"Designar o Agente de Policia PAULO SERGIO TORRES DE SOUSA, matricula no 47.438-
X, para substituir o Agente de Policia SERGIO LUIZ PEREIRA DA SILVA, matricula no 23.604-
7, Chefe da Secao de Roubos ao Comercio/DRR/DPE/PCDF, Simbolo DFG-08, por motivo de
ferias regulamentares, no periodo de 25.06 a 09.07.2002"
46,Substituição de Funções, o Escrivao de Policia FLAVIO RODRIGUES PINHEIRO,46.777-4,a Escriva de Policia ANA LUCIA CAVALCANTI,27.196-9,"Chefe de
Cartorio/9a DP/DPC/PCDF",DFG-08,nan,nan,nan,nan,nan,nan,nan,nan,"Designar o Escrivao de Policia FLAVIO RODRIGUES PINHEIRO, matricula no 46.777-4,
para substituir a Escriva de Policia ANA LUCIA CAVALCANTI, matricula no 27.196-9, Chefe de
Cartorio/9a DP/DPC/PCDF, Simbolo DFG-08, por motivo de ferias regulamentares, no periodo
de 18.06 a 06.07.2002"
47,Substituição de Funções, CARLA NOGUEIRA QUEIROZ,30482-4,nan,nan,nan,nan,nan,nan,nan,nan,nan,nan,nan,nan,"Designar CARLA NOGUEIRA QUEIROZ, matricula no 30482-4, para, na qualidade de
Executora e sem prejuizo de suas atribuicoes normais, acompanhar e avaliar o citado Termo de
Contrato de Concurso, referido no item I, tudo de conformidade com os termos constantes do
processo acima epigrafado"
48,Substituição de Funções, a servidora ADELIA MARIA CAIXETA,1650.651-2,nan,nan,nan,nan,nan,nan,nan,nan,nan,nan,nan,nan,"designar a servidora ADELIA MARIA CAIXETA, matricula 1650.651-2,   para, na qualidade de
Executora e sem prejuizo de suas atribuicoes normais, acompanhar o cumprimento do Termo de
Convenio  no004/2002, celebrado entre o Distrito Federal atraves da Secretaria de Estado de
Cultura e o INSTITUTO BIBLICO DE BRASILIA"
49,Substituição de Funções, os servidores  PAULO MARCELO BRAZ,94.394-0,nan,108.716-9,nan,nan,nan,nan,nan,nan,nan,nan,nan,nan,"Designar os servidores  PAULO MARCELO BRAZ, Matricula 94.394-0, Assistente II da
Assessoria,  ROMULO LOPES AZEVEDO,  Matricula  108.716-9, Assistente II da Diretoria de
Projetos e ALEN CRISTINA DO VALE, Matricula 96.394-l, Assistente II, da Diretoria de Apoio
Operacional, para responderem pela prestacao de contas dos vales transporte adquiridos e distri-
buidos aos servidores desta Secretaria"
50,Substituição de Funções, a servidora GILCE SANTANNA TELES,103.988-1,nan,nan,nan,nan,nan,nan,nan,nan,nan,nan,nan,nan,"Designar a servidora GILCE SANTANNA TELES, Agente Administrativo, matricula no
103.988-1, conforme a Lei no2.966, de 07 de maio de 2002, publicada no DODF no 87 de 09/05/
2002, para acompanhar o recebimento a distribuicao e a devida prestacao de contas relativo ao
Vale  Transporte"
51,Substituição de Funções, o servidor JOAO ALVES DA COSTA FILHO,26.732-5,nan,97.807-8,nan,DFG-02,nan,nan,nan,nan,nan,nan,nan,nan,"Designar o servidor JOAO ALVES DA COSTA FILHO, matricula no 26.732-5, Auxiliar de
Administracao Publica, para substituir, sem prejuizo de suas atribuicoes, a servidora HELENA
FARIAS DE SOUSA, matricula no 97.807-8, Simbolo DFG-02, Encarregado do Servico de Admi-
nistracao de Feiras, da Divisao Regional de Fiscalizacao de Obras e Posturas, da Administracao Quintos  Transformacao para 
Decimos  Identificacao da servidora  Fracao  Vigencia  Fracao  Vigencia  Nome: Claudia Alves Freitas 
Matricula: 392.480-7 
Processo: 0011.000.449/94  Substituicao 
3/10 do 
DFG-08 
Por 3/10 do 
DFG-10  27/05/96  03/10 do 
DFG-10 
27/05/96                                                                          Diario Oficial do Distrito Federal
PAGINA   49
No 107, sexta-feira, 7 de junho de 2002 Regional de Ceilandia, da Secretaria de Estado de Coordenacao das Administracoes Regionais do
Distrito Federal, no periodo de 05 de julho a 03 de agosto de 2002, por motivo de ferias regula-
mentares do titular"
52,Substituição de Funções, a servidora MARIA JOSE MENEZES DA SILVA,80.087-2,nan,44.178-3,nan,DFG-05,nan,nan,nan,nan,nan,nan,nan,nan,"Designar a servidora MARIA JOSE MENEZES DA SILVA, matricula no 80.087-2, Auxiliar de
Administracao Publica, para substituir, sem prejuizo de suas atribuicoes, a servidora ANA MARIA
ALVES APRIGO, matricula no 44.178-3, Simbolo DFG-05, Chefe da Secao de Administracao de
Bens Apreendidos, da Divisao de Administracao Geral, da Administracao Regional de Ceilandia,
da Secretaria de Estado de Coordenacao das Administracoes Regionais do Distrito Federal, no
periodo de 03 de junho a 02 de julho de 2002, por motivo de ferias regulamentares do titular"
53,Substituição de Funções, a servidora URANIA DE QUEIROZ FIRMINO,42.364-5,nan,96.789-0,nan,DFG-05,nan,nan,nan,nan,nan,nan,nan,nan,"Designar a servidora URANIA DE QUEIROZ FIRMINO, matricula no 42.364-5, Auxiliar de
Administracao Publica, para substituir, sem prejuizo de suas atribuicoes, o servidor ANTONIO
CANDIDO DA SILVA, matricula no 96.789-0, Simbolo DFG-05, Chefe da Biblioteca Publica, da
Divisao Regional de Cultura, da Administracao Regional do Recanto das Emas, da Secretaria de
Estado de Coordenacao das Administracoes Regionais do Distrito Federal, no periodo de 03 de
junho a 02 de julho de 2002, por motivo de ferias regulamentares do titular"
54,Substituição de Funções, o servidor PAULO GOMES DA SILVA,97.690-3,nan,95.092-0,nan,DFG-05,nan,nan,nan,nan,nan,nan,nan,nan,"Designar o servidor PAULO GOMES DA SILVA, matricula no 97.690-3, Encarregado da Secao de
Transporte, da Divisao de Administracao Geral, para substituir, sem prejuizo de suas atribui-
coes, o servidor JUAREZ ROZENDO DA SILVA, matricula no 95.092-0, Simbolo DFG-05,
Chefe da Secao de Transporte, da Divisao de Administracao Geral, da Administracao Regional do
Nucleo Bandeirante, da Secretaria de Estado de Coordenacao das Administracoes Regionais do
Distrito Federal, no periodo de 03 de junho a 02 de julho de 2002, por motivo de ferias regulamen-
tares do titular"
55,Substituição de Funções, a servidora SONIA MARIA DE OLIVEIRA,41.573-1,nan,39.223-5,nan,DFG-08,nan,nan,nan,nan,nan,nan,nan,nan,"Designar a servidora SONIA MARIA DE OLIVEIRA, matricula no 41.573-1, Tecnico de Admi-
nistracao Publica, para substituir, sem prejuizo de suas atribuicoes, o servidor DOMINGOS
FERREIRA DE LIMA, matricula no 39.223-5, Simbolo DFG-08, Chefe da Secao de Orcamento
e Financas, da Divisao de Administracao Geral, da Administracao Regional do Riacho Fundo, da
Secretaria de Estado de Coordenacao das Administracoes Regionais do Distrito Federal, no
periodo de 03 a 22 de junho de 2002, por motivo de ferias regulamentares do titular"
56,Substituição de Funções, a servidora ISMERALDA DOS SANTOS LIRA,32.761-1,nan,95.753-4,nan,DFG-,nan,nan,nan,nan,nan,nan,nan,nan,"Designar a servidora ISMERALDA DOS SANTOS LIRA, matricula no 32.761-1, Encarregado da
Secao de Pessoal, da Divisao de Administracao Geral, para substituir, sem prejuizo de suas
atribuicoes, a servidora MARIA DO CARMO SOUTO, matricula no 95.753-4, Simbolo DFG-
08, Chefe da Secao de Pessoal, da Divisao de Administracao Geral, da Administracao Regional de
Brasilia, da Secretaria de Estado de Coordenacao das Administracoes Regionais do Distrito
Federal, no periodo de 10 a 29 de junho de 2002, por motivo de ferias regulamentares do titular"
57,Substituição de Funções, o servidor ALLIED GONCALVES TONIN,91.261-1,nan,96.622-3,nan,DFG-12,nan,nan,nan,nan,nan,nan,nan,nan,"Designar o servidor ALLIED GONCALVES TONIN, matricula no 91.261-1, Inspetor de Ativi-
dades Urbanas, para substituir, sem prejuizo de suas atribuicoes, o servidor SILVIO VENAN-
CIO DOMINGOS, matricula no 96.622-3, Simbolo DFG-12, Gerente de Planejamento, da Admi-
nistracao Regional de Taguatinga, da Secretaria de Estado de Coordenacao das Administracoes
Regionais do Distrito Federal, no periodo de 20 de maio a 18 de junho de 2002, por motivo de
ferias regulamentares do titular"
58,Substituição de Funções,nan,nan,nan,34.003-0 e DYANA KELY DE SOUSA,nan,nan,nan,nan,nan,nan,nan,nan,nan,nan,"DESIGNAR, os servidores SHIRLEY VIEIRA BUBAR, matricula no 21.626-7, Analista de
Planejamento e Orcamento , DANIEL RODRIGUES DA SILVA, Encarregado da Secao de Elabo-
racao de Projetos e Desenho Tecnico, matricula no 34.003-0 e DYANA KELY DE SOUSA,
Encarregada da Divisao Regional Desenvolvimento Social, matricula no 109.971-X, para, sob a
presidencia do primeiro, constituirem Comissao de Tomada de Contas Especial incumbida de
apurar responsabilidades quanto a nao localizacao de bens patrimoniais, apontadas pela Comis-
sao de Inventario Patrimonial, para no prazo de 60 (sessenta) dias, a contar da data da publicacao,
apresentar relatorio conclusivo"
59,Substituição de Funções, os servidores ADAIL MACEDO RODRIGUES,nan,nan,nan,nan,nan,nan,nan,nan,nan,nan,nan,nan,nan,"Designar os servidores ADAIL MACEDO RODRIGUES, Mat"
60,Substituição de Funções, JONATAS COELHO DE LIMA,34.357-7,nan,nan,nan,DFG-08,nan,nan,nan,nan,nan,nan,nan,nan,"Designar JONATAS COELHO DE LIMA, matricula no 34.357-7, a partir de 03.06.02, para
responder pela Chefia da Biblioteca, simbolo DFG-08, do Centro de Estudos da Procuradoria-
Geral do Distrito Federal"
