,Tipo,Nome,Cargo Efetivo,Matricula,Siape,Simbolo,Cargo Comissao,Lotacao,Orgao,text
0,Nomeação, ANA FLAVIA CAPANEMA MERHEB,para exercer o Cargo em Comissao,nan,nan,DFG-, Chefe da Secao Operacional,"Divisao Regional de Desporto, Lazer e Turismo, da Adminis-
tracao Regional de Brasilia","Secretaria de Estado de Coordenacao das Administracoes Regionais do
Distrito Federal","NOMEAR ANA FLAVIA CAPANEMA MERHEB, para exercer o Cargo em Comissao, Simbolo DFG-
05, de Chefe da Secao Operacional, da Divisao Regional de Desporto, Lazer e Turismo, da Adminis-
tracao Regional de Brasilia, da Secretaria de Estado de Coordenacao das Administracoes Regionais do
Distrito Federal"
1,Nomeação, LETICIA DA SILVA GODOY,Jornalista,nan,nan,DFG-12, Chefe da Assessoria de Comunicacao Social,Administracao Regional de Brasilia,Secretaria de Estado de Coordenacao das Administracoes Regionais do Distrito Federal,"NOMEAR LETICIA DA SILVA GODOY, Jornalista, para exercer o Cargo em Comissao, Simbolo
DFG-12, de Chefe da Assessoria de Comunicacao Social, da Administracao Regional de Brasilia, da
Secretaria de Estado de Coordenacao das Administracoes Regionais do Distrito Federal"
2,Nomeação, ARISTIDES ANTONIO SANTIAGO MAIA,Fiscal de Atividades Urbanas,40.596-5,nan,DFG-02," Encarregado do Servico de
Fiscalizacao de Obras","Divisao Regional de Fiscalizacao de Obras e Posturas, da Administracao
Regional de Brasilia","Secretaria de Estado de Coordenacao das Administracoes Regionais do
Distrito Federal","NOMEAR ARISTIDES ANTONIO SANTIAGO MAIA, Fiscal de Atividades Urbanas,  matricula no
40.596-5, para exercer o Cargo em Comissao, Simbolo DFG-02, de Encarregado do Servico de
Fiscalizacao de Obras, da Divisao Regional de Fiscalizacao de Obras e Posturas, da Administracao
Regional de Brasilia, da Secretaria de Estado de Coordenacao das Administracoes Regionais do
Distrito Federal"
3,Nomeação, REGIS ALVES BARBOSA,para exercer o Cargo em Comissao,nan,nan,DFG-11,"
Gerente da Administracao da Torre de Televisao",Administracao Regional de Brasilia,"Secretaria
de Estado de Coordenacao das Administracoes Regionais do Distrito Federal","NOMEAR REGIS ALVES BARBOSA, para exercer o Cargo em Comissao, Simbolo DFG-11, de
Gerente da Administracao da Torre de Televisao, da Administracao Regional de Brasilia, da Secretaria
de Estado de Coordenacao das Administracoes Regionais do Distrito Federal"
4,Nomeação, MARIA HELENA ALVES DOS SANTOS,Agente Social/SEAS,103.197-X,nan,DFG-02," Encarregado da Secao de Transporte da
Divisao de Administracao Geral",Administracao Regional de Brazlandia,"Secretaria de Estado de
Coordenacao das Administracoes Regionais do Distrito Federal","NOMEAR MARIA HELENA ALVES DOS SANTOS, Agente Social/SEAS, matricula no 103.197-X,
para exercer o Cargo em Comissao, Simbolo DFG-02, de Encarregado da Secao de Transporte da
Divisao de Administracao Geral, da Administracao Regional de Brazlandia, da Secretaria de Estado de
Coordenacao das Administracoes Regionais do Distrito Federal"
5,Nomeação, FABRIZIO JACYNTO LARA,para exercer o Cargo em Comissao,nan,nan,DFA-10,"
Assessor da Assessoria Tecnica",Administracao Regional de Brazlandia,"Secretaria de Estado de
Coordenacao das Administracoes Regionais do Distrito Federal","NOMEAR FABRIZIO JACYNTO LARA, para exercer o Cargo em Comissao, Simbolo DFA-10, de
Assessor da Assessoria Tecnica, da Administracao Regional de Brazlandia, da Secretaria de Estado de
Coordenacao das Administracoes Regionais do Distrito Federal"
6,Nomeação, ROSANGELA MOURAO ALVES DOS REIS,Inspetor de Atividades Urbanas,108.501-8,nan,DFG-10," Chefe do Servico de Aprovacao
de Projetos","Divisao Regional de Aprovacao, Licenciamento e Fiscalizacao, da Administracao
Regional da Candangolandia","Secretaria de Estado de Coordenacao das Administracoes Regionais
do Distrito Federal","NOMEAR ROSANGELA MOURAO ALVES DOS REIS, Inspetor de Atividades Urbanas, matricula no
108.501-8, para exercer o Cargo em Comissao, Simbolo DFG-10, de Chefe do Servico de Aprovacao
de Projetos, da Divisao Regional de Aprovacao, Licenciamento e Fiscalizacao, da Administracao
Regional da Candangolandia, da Secretaria de Estado de Coordenacao das Administracoes Regionais
do Distrito Federal"
7,Nomeação, JOSE LINO FELIPE DE SOUZA,nan,108.184-9,nan,DFG-12, Diretor da Divisao Regional de Cultura,"Administracao Regional do
Cruzeiro",Secretaria de Estado de Coordenacao das Administracoes Regionais do Distrito Federal,"NOMEAR JOSE LINO FELIPE DE SOUZA, matricula no 108.184-9, para exercer o Cargo em
Comissao, Simbolo DFG-12, de Diretor da Divisao Regional de Cultura, da Administracao Regional do
Cruzeiro, da Secretaria de Estado de Coordenacao das Administracoes Regionais do Distrito Federal"
8,Nomeação, RICARDO DO NASCIMENTO CARVALHO PEREIRA,"para exercer o Cargo em Comis-
sao",nan,nan,DFA-08, Assistente da Divisao Regional de Obras,"Administracao Regional do
Cruzeiro",Secretaria de Estado de Coordenacao das Administracoes Regionais do Distrito Federal,"NOMEAR RICARDO DO NASCIMENTO CARVALHO PEREIRA, para exercer o Cargo em Comis-
sao, Simbolo DFA-08, de Assistente da Divisao Regional de Obras, da Administracao Regional do
Cruzeiro, da Secretaria de Estado de Coordenacao das Administracoes Regionais do Distrito Federal"
9,Nomeação, CARLOS ESTEVES DA SILVA,para exercer o Cargo em Comissao,nan,nan,DFG-02,"
Encarregado da Secao de Material e Patrimonio","Divisao de Administracao Geral, da Administracao
Regional do Cruzeiro","Secretaria de Estado de Coordenacao das Administracoes Regionais do
Distrito Federal","NOMEAR CARLOS ESTEVES DA SILVA, para exercer o Cargo em Comissao, Simbolo DFG-02, de
Encarregado da Secao de Material e Patrimonio, da Divisao de Administracao Geral, da Administracao
Regional do Cruzeiro, da Secretaria de Estado de Coordenacao das Administracoes Regionais do
Distrito Federal"
10,Nomeação, SARAH DE OLIVEIRA NASCIMENTO MEDEIROS,para exercer o Cargo em Comissao,nan,nan,DFG-02, Encarregado da Divisao Regional de Cultura,Administracao Regional do Lago Norte,"Secretaria de Estado de Coordenacao das Administracoes
Regionais do Distrito Federal","NOMEAR SARAH DE OLIVEIRA NASCIMENTO MEDEIROS, para exercer o Cargo em Comissao,
Simbolo DFG-02, de Encarregado da Divisao Regional de Cultura, Esporte, Lazer e Turismo, da
Administracao Regional do Lago Norte, da Secretaria de Estado de Coordenacao das Administracoes
Regionais do Distrito Federal"
11,Nomeação, SEBASTIANA RODRIGUES GALVAO,para exercer o Cargo em Comissao,nan,nan,DFG-02, Encarregado da Secao de Servicos Gerais,"Divisao de Administracao Geral, da Adminis-
tracao Regional do Lago Norte","Secretaria de Estado de Coordenacao das Administracoes Regionais
do Distrito Federal","NOMEAR SEBASTIANA RODRIGUES GALVAO, para exercer o Cargo em Comissao, Simbolo
DFG-02, de Encarregado da Secao de Servicos Gerais, da Divisao de Administracao Geral, da Adminis-
tracao Regional do Lago Norte, da Secretaria de Estado de Coordenacao das Administracoes Regionais
do Distrito Federal"
12,Nomeação, EVERALDINA OLIVEIRA SANTOS,para exercer o Cargo em Comissao,nan,nan,DFG-, Encarregado do Servico de Fiscalizacao de Obras e Posturas,"Divisao Regional de Aprovacao,
Licenciamento e Fiscalizacao, da Administracao Regional do Lago Norte","Secretaria de Estado de
Coordenacao das Administracoes Regionais do Distrito Federal","NOMEAR EVERALDINA OLIVEIRA SANTOS, para exercer o Cargo em Comissao, Simbolo DFG-
02, de Encarregado do Servico de Fiscalizacao de Obras e Posturas, da Divisao Regional de Aprovacao,
Licenciamento e Fiscalizacao, da Administracao Regional do Lago Norte, da Secretaria de Estado de
Coordenacao das Administracoes Regionais do Distrito Federal"
13,Nomeação, IVO RAFAEL LEITE MONTEIRO,para exercer o Cargo em Comissao,nan,nan,DFA-, Secretario Administrativo da Divisao Regional de Cultura,Administracao Regional do Lago Sul,"Secretaria de Estado de Coordenacao das Administracoes
Regionais do Distrito Federal","NOMEAR IVO RAFAEL LEITE MONTEIRO, para exercer o Cargo em Comissao, Simbolo DFA-
03, de Secretario Administrativo da Divisao Regional de Cultura, Esporte, Lazer e Turismo, da
Administracao Regional do Lago Sul, da Secretaria de Estado de Coordenacao das Administracoes
Regionais do Distrito Federal"
14,Nomeação, ROGERIO STENIO BARROS PESSOA,nan,96.275-9,nan,DFG-02, Encarregado da Secao de Conservacao de Logradouros Publicos,"Divisao Regional de Obras, da Administracao Regional do Nucleo Bandeirante","Secretaria de Estado
de Coordenacao das Administracoes Regionais do Distrito Federal","NOMEAR ROGERIO STENIO BARROS PESSOA, matricula no 96.275-9, para exercer o Cargo em
Comissao, Simbolo DFG-02, de Encarregado da Secao de Conservacao de Logradouros Publicos, da
Divisao Regional de Obras, da Administracao Regional do Nucleo Bandeirante, da Secretaria de Estado
de Coordenacao das Administracoes Regionais do Distrito Federal"
15,Nomeação, SHEILA NOGUEIRA DA SILVA,nan,108.752-5,nan,DFA-03, Secretario Administrativo da Assessoria de Comunicacao Social,Administracao Regional do Nucleo Bandeirante,"Secretaria de Estado de Coordenacao das Adminis-
tracoes Regionais do Distrito Federal","NOMEAR SHEILA NOGUEIRA DA SILVA, matricula no 108.752-5, para exercer o Cargo em
Comissao, Simbolo DFA-03, de Secretario Administrativo da Assessoria de Comunicacao Social, da
Administracao Regional do Nucleo Bandeirante, da Secretaria de Estado de Coordenacao das Adminis-
tracoes Regionais do Distrito Federal"
16,Nomeação, MARCIO FERREIRA LEITE,para exercer o Cargo em Comissao,nan,nan,DFG-08,"
Chefe da Junta Regional do Servico Militar",Administracao Regional do Nucleo Bandeirante,Secretaria de Estado de Coordenacao das Administracoes Regionais do Distrito Federal,"NOMEAR MARCIO FERREIRA LEITE, para exercer o Cargo em Comissao, Simbolo DFG-08, de
Chefe da Junta Regional do Servico Militar, da Administracao Regional do Nucleo Bandeirante, da
Secretaria de Estado de Coordenacao das Administracoes Regionais do Distrito Federal"
17,Nomeação, HELLEN MUNIQUE ALVES,para exercer o Cargo em Comissao,nan,nan,DFG-08, Chefe da Secao de Cadastro de Gerencia de Planejamento,"Administracao Regional do
Nucleo Bandeirante","Secretaria de Estado de Coordenacao das Administracoes Regionais do
Distrito Federal","NOMEAR HELLEN MUNIQUE ALVES, para exercer o Cargo em Comissao, Simbolo DFG-08,
de Chefe da Secao de Cadastro de Gerencia de Planejamento, da Administracao Regional do
Nucleo Bandeirante, da Secretaria de Estado de Coordenacao das Administracoes Regionais do
Distrito Federal"
18,Nomeação, MANOEL BARBOSA DA SILVA,para exercer o Cargo em Comissao,nan,nan,DFA-, Secretario Administrativo,"Divisao Regional de Servicos Publicos, da Administracao
Regional do Riacho Fundo","Secretaria de Estado de Coordenacao das Administracoes Regionais
do Distrito Federal","NOMEAR MANOEL BARBOSA DA SILVA, para exercer o Cargo em Comissao, Simbolo DFA-
03, de Secretario Administrativo, da Divisao Regional de Servicos Publicos, da Administracao
Regional do Riacho Fundo, da Secretaria de Estado de Coordenacao das Administracoes Regionais
do Distrito Federal"
19,Nomeação, JOSE RICARDO FIUZA LIMA,nan,94.964-7,nan,DFG-12, Diretor da Divisao Regional de Licenciamento,"Administracao Regio-
nal do Riacho Fundo","Secretaria de Estado de Coordenacao das Administracoes Regionais do
Distrito Federal","NOMEAR JOSE RICARDO FIUZA LIMA, matricula no 94.964-7, para exercer o Cargo em Comis-
sao, Simbolo DFG-12, de Diretor da Divisao Regional de Licenciamento, da Administracao Regio-
nal do Riacho Fundo, da Secretaria de Estado de Coordenacao das Administracoes Regionais do
Distrito Federal"
20,Nomeação, ELIEZER MARQUES RIBEIRO,para exercer o Cargo em Comissao,nan,nan,DFG-08,"
Chefe da Secao de Cadastro","Gerencia de Planejamento, da Administracao Regional do Riacho
Fundo",Secretaria de Estado de Coordenacao das Administracoes Regionais do Distrito Federal,"NOMEAR ELIEZER MARQUES RIBEIRO, para exercer o Cargo em Comissao, Simbolo DFG-08, de
Chefe da Secao de Cadastro, da Gerencia de Planejamento, da Administracao Regional do Riacho
Fundo, da Secretaria de Estado de Coordenacao das Administracoes Regionais do Distrito Federal"
21,Nomeação, APARECIDA OLIVEIRA MORAIS,Professora,55.992-X/SEEDF,nan,DFA-11, Assessor do Gabinete,"Administracao Regional de
Samambaia",Secretaria de Estado de Coordenacao das Administracoes Regionais do Distrito Federal,"NOMEAR APARECIDA OLIVEIRA MORAIS, Professora, matricula no 55.992-X/SEEDF, para exer-
cer o Cargo em Comissao, Simbolo DFA-11, de Assessor do Gabinete, da Administracao Regional de
Samambaia, da Secretaria de Estado de Coordenacao das Administracoes Regionais do Distrito Federal"
22,Nomeação, EDUARDO PIRES TEIXEIRA,Agente de Educacao/SEEDF,41.696-7,nan,DFG-10, Chefe do Servico de Consulta Previa,"Divisao
Regional de Exame e Aprovacao de Projetos, da Administracao Regional de Sao Sebastiao","Secre-
taria de Estado de Coordenacao das Administracoes Regionais do Distrito Federal","NOMEAR EDUARDO PIRES TEIXEIRA, Agente de Educacao/SEEDF, matricula no 41.696-7, para
exercer o Cargo em Comissao, Simbolo DFG-10, de Chefe do Servico de Consulta Previa, da Divisao
Regional de Exame e Aprovacao de Projetos, da Administracao Regional de Sao Sebastiao, da Secre-
taria de Estado de Coordenacao das Administracoes Regionais do Distrito Federal"
23,Nomeação, LURDINETE MONTEIRO ALVES,para exercer o Cargo em Comissao,nan,nan,DFG-, Chefe do Servico de Licenciamento de Obras,"Divisao Regional de Licenciamento de Obras,
da Administracao Regional de Sao Sebastiao","Secretaria de Estado de Coordenacao das Administra-
coes Regionais do Distrito Federal","NOMEAR LURDINETE MONTEIRO ALVES, para exercer o Cargo em Comissao, Simbolo DFG-
10, de Chefe do Servico de Licenciamento de Obras, da Divisao Regional de Licenciamento de Obras,
da Administracao Regional de Sao Sebastiao, da Secretaria de Estado de Coordenacao das Administra-
coes Regionais do Distrito Federal"
24,Nomeação, MARIA RUTH DE MATOS ANDRADE,para exercer o Cargo em Comissao,nan,nan,DFA-02, Secretario Administrativo da Administracao Regional de Sao Sebastiao,nan,nan,"NOMEAR MARIA RUTH DE MATOS ANDRADE, para exercer o Cargo em Comissao, Simbolo
DFA-02, de Secretario Administrativo da Administracao Regional de Sao Sebastiao, da Secretaria de
Estado de Coordenacao das Administracoes Regionais do Distrito Federal"
25,Nomeação, ARISTIDES COELHO NETO,Inspetor de Atividades Urbanas,108.571-9,nan,DFA-11, Assessor,"Gerencia de Apoio as Atividades
Administrativo-Regionais","Secretaria de Estado de Coordenacao das Administracoes Regionais do
Distrito Federal","NOMEAR ARISTIDES COELHO NETO, Inspetor de Atividades Urbanas, matricula no 108.571-9,
para exercer o Cargo em Comissao, Simbolo DFA-11, de Assessor, da Gerencia de Apoio as Atividades
Administrativo-Regionais, da Secretaria de Estado de Coordenacao das Administracoes Regionais do
Distrito Federal"
26,Nomeação, MARIA CECILIA SETTA RAYE DE AGUIAR,para exercer o Cargo em Comissao,nan,nan,DFA-11, Assessor da Gerencia de Estudo e Apoio ao Planejamento Regional,nan,nan,"NOMEAR MARIA CECILIA SETTA RAYE DE AGUIAR, para exercer o Cargo em Comissao,
Simbolo DFA-11, de Assessor da Gerencia de Estudo e Apoio ao Planejamento Regional, da Secretaria
de Estado de Coordenacao das Administracoes Regionais do Distrito Federal"
27,Nomeação, PEDRO GUSTAVO SCONETTO,nan,108.254-X,nan,DFG-11, Chefe do Servico de Exame e Aprovacao de Projetos,"Subadminis-
tracao Regional de Sobradinho II, da Administracao Regional de Sobradinho","Secretaria de Estado
de Coordenacao das Administracoes Regionais do Distrito Federal","NOMEAR PEDRO GUSTAVO SCONETTO, matricula no 108.254-X, para exercer o Cargo em
Comissao, Simbolo DFG-11, de Chefe do Servico de Exame e Aprovacao de Projetos, da Subadminis-
tracao Regional de Sobradinho II, da Administracao Regional de Sobradinho, da Secretaria de Estado
de Coordenacao das Administracoes Regionais do Distrito Federal"
28,Nomeação, MARIA LUIZA BARBOSA DOS SANTOS,nan,95.077-7,nan,DFG-05, Chefe da Secao de Promocoes,"Divisao Regional de Desporto,
Lazer e Turismo, da Administracao Regional do Gama","Secretaria de Estado de Coordenacao das
Administracoes Regionais do Distrito Federal","NOMEAR MARIA LUIZA BARBOSA DOS SANTOS, matricula no 95.077-7, para exercer o Cargo
em Comissao, Simbolo DFG-05, de Chefe da Secao de Promocoes, da Divisao Regional de Desporto,
Lazer e Turismo, da Administracao Regional do Gama, da Secretaria de Estado de Coordenacao das
Administracoes Regionais do Distrito Federal"
29,Nomeação, GEOVANI DE FREITAS,para exercer o Cargo em Comissao,nan,nan,DFG-02," Encar-
regado do Servico de Licenciamento de Atividades Economicas","Divisao Regional de Licenciamen-
to, da Administracao Regional do Gama","Secretaria de Estado de Coordenacao das Administracoes
Regionais do Distrito Federal","NOMEAR GEOVANI DE FREITAS, para exercer o Cargo em Comissao, Simbolo DFG-02, de Encar-
regado do Servico de Licenciamento de Atividades Economicas, da Divisao Regional de Licenciamen-
to, da Administracao Regional do Gama, da Secretaria de Estado de Coordenacao das Administracoes
Regionais do Distrito Federal"
30,Nomeação, ADRIANA CARNEIRO MACHADO DE AGUIAR,nan,96.185-X,nan,DFG-10," Chefe do Servico de Licenciamento de Atividades Econo-
micas","Divisao Regional de Licenciamento, da Administracao Regional do Gama","Secretaria de
Estado de Coordenacao das Administracoes Regionais do Distrito Federal","NOMEAR ADRIANA CARNEIRO MACHADO DE AGUIAR, matricula no 96.185-X, para exercer o
Cargo em Comissao, Simbolo DFG-10, de Chefe do Servico de Licenciamento de Atividades Econo-
micas, da Divisao Regional de Licenciamento, da Administracao Regional do Gama, da Secretaria de
Estado de Coordenacao das Administracoes Regionais do Distrito Federal"
31,Nomeação, RONILDO DIVINO,nan,,nan,nan,nan,nan,nan,"NOMEAR RONILDO DIVINO de MENEzes, Fiscal de AtividadesUrbanas,
matricula no  108.558-1..,
LEIA-SE        :        NOMEAR RONILDO DIVINO de MENEzes, Inspetor de Atividades Urbanas,
matricula no  108.558-1.., No Decreto de 28 de setembro de 2001, publicado no DODF no 189, de 01 de outubro de 2001, pagina
no 10, da Administracao Regional do Gama"
32,Nomeação, BERNARDO JOSE DE SA,nan,52.002-5...,nan,DFG-02,nan,nan,nan,"NOMEAR BERNARDO JOSE DE SAles, matricula no 52.002-5...,
LEIA-SE       :   NOMEAR BERNARDO JOSE DE SAles, matricula no 52.022-5..., AGENCIA DE DESENVOLVIMENTO DO TURISMO
DO DISTRITO FEDERAL PORTARIA DE 29 DE OUTUBRO DE 2001(*) O Diretor-Presidente da Agencia de Desenvolvimento do Turismo do Distrito Federal, no uso de suas
atribuicoes regimentais, constantes do artigo 33, inciso III, do Regimento aprovado pelo Decreto n
o 21.833, de 19.12.2000, resolve: Designar aservidora IVA MARIA DE JESUS, matricula no 95.990-1, do cargo em comissao de Encar-
regado do Nucleo de Capacitacao e Educacao para o Turismo, Simbolo DFG-02, da Agencia de
Desenvolvimento do Turismo do Distrito Federal, para substituir LILIAN COUTO BEZERRA,
matricula no 106.470-3, do cargo em comissao de Chefe do Nucleo de Criacao Publicitaria e Divulga-
cao Turistica, Simbolo DFG-09, da Agencia de Desenvolvimento do Turismo do Distrito Federal, por
motivo de ferias do titular, no periodo de 06.11.2001  a  05.12.2001"
33,Nomeação,nan,nan,nan,nan,nan,nan,nan,nan,"NOMEAR, por necessidade do servico, para as funcoes a saber, a contar de 01 de novembro de
2001, os seguintes policiais-militares: a) Para a funcao de Soldado Sentinela da Guarda Residencia Oficial de Aguas Claras:
19.338/0   -   SD QPPMC IVAN CARNEIRO MATOS"
