,Tipo do Ato,Nome do Servidor Substituto,Matrícula do Servidor Substituto,Nome do Servidor a ser Substituido,Matrícula do Servidor a ser SubstituidoCargo,Símbolo do cargo do servidor substituto,Cargo comissionado objeto da substituição,Símbolo do cargo do objeto da substituição,Símbolo do cargo comissionado objeto da substituição,Hierarquia da Lotação,Órgão,Data Inicial da Vigência,Data Final de Vigência,Matrícula SIAPE,Motivo,text
0,Substituição de Funções, a servidora Graca Maria de Paiva Aranha,nan,nan,nan,nan,nan,nan,nan,nan,nan,nan,nan,nan,nan,"DESIGNAR a servidora Graca Maria de Paiva Aranha, medica pediatra, mat"
1,Substituição de Funções, o servidor RAIMUNDO ALBERTO DUMONT,102.054-4,MARCOS ANTONIO MARTINS MARQUES,101.912-0,"ocupan-
te do Cargo em Comissao",DFG,nan,nan,nan,"Secretaria de Estado de Acao Social do Distrito Federal, no periodo de 09.09.2002
a 08.10.2002, por motivo de Licenca Premio do Titular",nan,nan,nan,nan,"Designar o servidor RAIMUNDO ALBERTO DUMONT, matricula no 102.054-4, Assistente,
para substituir MARCOS ANTONIO MARTINS MARQUES, matricula no 101.912-0, ocupan-
te do Cargo em Comissao, Simbolo DFG 12, de Gerente Administrativo, da Diretoria de Apoio
Operacional, da Secretaria de Estado de Acao Social do Distrito Federal, no periodo de 09.09.2002
a 08.10.2002, por motivo de Licenca Premio do Titular"
2,Substituição de Funções, o servidor JOAO BOSCO DOS SANTOS,34.229-7,nan,31.576-X,nan,nan,nan,nan,nan,nan,nan,nan,nan,nan,"Designar o servidor JOAO BOSCO DOS SANTOS, matricula no 34.229-7, como EXECUTOR
do Contrato no 009/2001-ST, firmado entre o Distrito Federal, por intermedio da Secretaria de Trans-
portes, e a firma Xerox Comercio e Industria Ltda., no que se refere a parte do seu objeto destinada a
sede desta Secretaria, qual seja, 01 (uma) maquina fotocopiadora com reducao de ate 50% e amplia-
cao de ate 200% do original e demais especificacoes constantes do item 01 do Termo de Referencia
V do Edital da Tomada de Precos no 092/2001-CPL/SCL/SEFP, no periodo de 02 a 21 de setembro de
2002, em substituicao a MANOEL ALVES VIANA, matricula no 31.576-X, Chefe do Servico de
Apoio da Divisao de Administracao Geral/ST, por motivo de ferias regulamentares daquele Titular"
3,Substituição de Funções, JOAO BOSCO DOS SANTOS,34.229-7,nan,31.756-X,nan,nan,nan,nan,nan,nan,nan,nan,nan,nan,"Designar JOAO BOSCO DOS SANTOS, matricula no 34.229-7, matricula no 31.756-X, Chefe
do Servico de Apoio da Divisao de Administracao Geral/ST, como EXECUTOR do Contrato no
004/2002-ST x MINASGAS - DISTRIBUIDORA DE GAS COMBUSTIVEL LTDA., resultante
da adjudicacao do Convite no 063/2002-CPLCV/SCL/SEFP, que tem como objeto a aquisicao de
100 (cem) botijoes de gas liquefeito de petroleo, de 13 Kg (treze quilogramas), competindo-lhe,
dentre outras, as atribuicoes contidas no artigo 67 e seus paragrafos da Lei no 8.666/93, no artigo
13, inciso II e  3o, do Decreto no 16.098/94, de 29 de novembro de 1994, que estabeleceu as
Normas de Execucao Orcamentaria, Financeira e Contabil do Distrito Federal, bem como o artigo
95 do Decreto no 10.996, de 26 de janeiro de 1988, no periodo de 02 a 21 de setembro de 2002, em
substituicao a MANOEL ALVES VIANA, matricula no 31.576-X, Chefe do Servico de Apoio da
Divisao de Administracao Geral/ST, por motivo de ferias regulamentares daquele Titular"
4,Substituição de Funções, os servidores FERNANDO CESAR NEVES,24.506-2,nan,"23.635-7 e ROBERTO FERREIRA DOS SAN-
TOS",nan,nan,nan,nan,nan,nan,nan,nan,nan,nan,"Designar os servidores FERNANDO CESAR NEVES, matricula 24.506-2, MARIA DA
PENHA DE MEDEIROS ALVES, matricula 23.635-7 e ROBERTO FERREIRA DOS SAN-
TOS, matricula 22.942-3, sob a presidencia do primeiro, para comporem a Comissao Especial
de Licitacao/SSPDS-DF"
5,Substituição de Funções, a servidora PATRICIA VIANA FERREIRA DA MOTA,43.574-0,nan,nan,nan,nan,nan,nan,nan,nan,nan,nan,nan,nan,"Designar a servidora PATRICIA VIANA FERREIRA DA MOTA, matricula no 43.574-0,
para compor, na qualidade de Secretaria a referida Comissao"
6,Substituição de Funções, o servidor HELIO SPINDOLA DE ATAIDE,24.277-2,nan,nan,nan,nan,nan,nan,nan,nan,nan,nan,nan,nan,"DESIGNAR o servidor HELIO SPINDOLA DE ATAIDE, Agente de Policia, matricula 24.277-2, para
desempenhar as funcoes de Executor do contrato celebrado entre o Distrito Federal, por intermedio da
Policia Civil, e a empresa ROYAL DIESEL LTDA, objeto do processo 052.000.752/2002, que dispoe
sobre aquisicao de oleo hidraulico do tipo ATF, graxa lubrificante a base de sabao de litio e aditivo para
radiador, cujas atribuicoes estao previstas na Instrucao Normativa no"
7,Substituição de Funções, MARCIA APARECIDA FERREIRA DE SOUZA,27.986-2,DELCON BOSCO DE CARVALHO,108.492-5,Gerente Administrativo,nan,nan,nan,nan,nan,nan,nan,nan,nan,"Designar MARCIA APARECIDA FERREIRA DE SOUZA, matricula no 27.986-2, Tecnico em
Orcamento e Planejamento para substituir DELCON BOSCO DE CARVALHO, matricula no
108.492-5, Gerente Administrativo, da Diretoria de Apoio Operacional, da Secretaria de Estado
de Articulacao para o Desenvolvimento do Entorno, no periodo de 09 de setembro de 2002 a 28
de setembro de 2002, por motivo de ferias"
