,tipo,nome,matricula,simbolo,cargo_comissao,lotacao,orgao,vigencia,pedido,cargo_efetivo,siape,motivo,text
0,Exoneração, FERNANDO FRANCISCO DA SILVA JUNIOR,no,nan,nan,nan,nan,nan,a pedido,nan,nan,nan,"EXONERAR a pedido, FERNANDO FRANCISCO DA SILVA JUNIOR, Advogado, matricula no 97"
1,Exoneração, DILMA DE FATIMA IMAI,no,nan,nan,nan,nan,nan,nan,nan,nan,nan,"EXONERAR DILMA DE FATIMA IMAI, matricula no 108"
2,Exoneração, ANDREA PEREIRA DA SILVA,no,nan,nan,nan,nan,nan,a pedido,nan,nan,nan,"EXONERAR a pedido ANDREA PEREIRA DA SILVA, matricula no 96"
3,Exoneração, STANILDA ARAGAO DE CARVALHO FERESIN,no,nan,nan,nan,nan,nan,nan,nan,nan,nan,"EXONERAR STANILDA ARAGAO DE CARVALHO FERESIN, matricula no 95"
4,Exoneração, CARLOS ANTONIO DA SILVA,no,nan,nan,nan,nan,nan,nan,nan,nan,nan,"EXONERAR CARLOS ANTONIO DA SILVA, matricula no 94"
5,Exoneração, PAULO GOMES DA SILVA,no,nan,nan,nan,nan,nan,nan,nan,nan,nan,"EXONERAR PAULO GOMES DA SILVA, matricula no 97"
6,Exoneração, ADRIANA ETERNA DA SILVA,no,nan,nan,nan,nan,nan,nan,nan,nan,nan,"EXONERAR ADRIANA ETERNA DA SILVA, matricula no 96"
7,Exoneração, ROGERIO STENIO BARROS PESSOA,no,nan,nan,nan,nan,nan,nan,nan,nan,nan,"EXONERAR ROGERIO STENIO BARROS PESSOA, matricula no 96"
8,Exoneração, EUGENIO FLORENTINO MEIRELES,no,nan,nan,nan,nan,nan,a pedido,nan,nan,nan,"EXONERAR a pedido, EUGENIO FLORENTINO MEIRELES, matricula no 94"
9,Exoneração, ADAO JESUS DE OLIVEIRA,no,nan,nan,nan,nan,nan,a pedido,nan,nan,nan,"EXONERAR a pedido, ADAO JESUS DE OLIVEIRA, matricula no 99"
10,Exoneração, EDUARDO VIEIRA DE LIMA,nan,DFG-02,nan,nan,nan,nan,nan,nan,nan,nan,"EXONERAR EDUARDO VIEIRA DE LIMA, do Cargo em Comissao, Simbolo DFG-02, de Encarre-
gado da Secao de Bancas de Jornais e Revistas, da Divisao Regional de Servicos Publicos, da Adminis-
tracao Regional do Riacho Fundo, da Secretaria de Estado de Coordenacao das Administracoes Regi-
onais do Distrito Federal, a contar de 02 de outubro de 2001"
11,Exoneração, MANOEL MARQUES DA SILVA,nan,DFG-05,nan,nan,nan,nan,nan,nan,nan,nan,"EXONERAR MANOEL MARQUES DA SILVA, do Cargo em Comissao, Simbolo DFG-05, de Chefe
da Secao de Administracao de Terminais Rodoviarios, da Divisao Regional de Servicos Publicos, da
Administracao Regional de Samambaia, da Secretaria de Estado de Coordenacao das Administracoes
Regionais do Distrito Federal"
12,Exoneração, KATIA APARECIDA MARIANO,no,nan,nan,nan,nan,nan,nan,nan,nan,nan,"EXONERAR KATIA APARECIDA MARIANO, matricula no 108"
13,Exoneração, SILVIO MORAES VIEIRA,no,nan,nan,nan,nan,nan,nan,nan,nan,nan,"EXONERAR SILVIO MORAES VIEIRA, matricula no 26"
14,Exoneração, FATIMA SUELI SOUSA SOARES,no,nan,nan,nan,nan,nan,nan,nan,nan,nan,"EXONERAR FATIMA SUELI SOUSA SOARES, matricula no 107"
15,Exoneração, ADAIL MACEDO DA SILVA RODRIGUES,no,nan,nan,nan,nan,nan,nan,nan,nan,nan,"EXONERAR ADAIL MACEDO DA SILVA RODRIGUES, matricula no 107"
16,Exoneração, JOSE LUDOVICO RORIZ,no,nan,nan,nan,nan,nan,nan,nan,nan,nan,"EXONERAR JOSE LUDOVICO RORIZ, matricula no 94"
17,Exoneração, EDVALDO MUNIZ,no,nan,nan,nan,nan,nan,nan,nan,nan,nan,"EXONERAR EDVALDO MUNIZ, matricula no 94"
18,Exoneração,  ANDRE PEREIRA LOIA MELO,no,nan,nan,nan,nan,nan,nan,nan,nan,nan,"EXONERAR  ANDRE PEREIRA LOIA MELO, matricula no 107"
19,Exoneração, MARNE CECILIA PORFINO LUCENA DE MIRANDA,no,nan,nan,nan,nan,nan,nan,nan,nan,nan,"EXONERAR MARNE CECILIA PORFINO LUCENA DE MIRANDA, matricula no 108"
20,Exoneração, LUCIO CARLOS DE OLIVEIRA,no,nan,nan,nan,nan,nan,nan,nan,nan,nan,"EXONERAR LUCIO CARLOS DE OLIVEIRA, matricula no 25"
21,Exoneração, MARIA ANTONIA CLARA,no,nan,nan,nan,nan,nan,nan,nan,nan,nan,"EXONERAR, por estar sendo nomeado para outro cargo, MARIA ANTONIA CLARA, matricula no
94"
22,Exoneração, EVA MARIA MOREIRA,no,nan,nan,nan,nan,nan,nan,nan,nan,nan,"EXONERAR, por estar sendo nomeado para outro cargo, EVA MARIA MOREIRA, matricula no
94"
23,Exoneração, RONALDO JOSE MENDES,no,nan,nan,nan,nan,nan,nan,nan,nan,nan,"EXONERAR RONALDO JOSE MENDES, matricula no 94"
24,Exoneração, ANDREI JOSE BRAGA MENDES,nan,nan,nan,nan,nan,nan,nan,nan,nan,nan,"EXONERAR, por estar sendo nomeado para outro cargo, ANDREI JOSE BRAGA MENDES, matri-
cula no 97"
25,Exoneração, ZELI DUBINEVICS,no,nan,nan,nan,nan,nan,nan,nan,nan,nan,"EXONERAR ZELI DUBINEVICS, matricula no 96"
26,Exoneração, ROSANGELA ANTONIA DOS SANTOS,no,nan,nan,nan,nan,nan,nan,nan,nan,nan,"EXONERAR ROSANGELA ANTONIA DOS SANTOS, matricula no 107"
27,Exoneração, ELIZABETE MARIA GASPAROTTO DE OLIVEIRA,no,nan,nan,nan,nan,nan,nan,nan,nan,nan,"EXONERAR ELIZABETE MARIA GASPAROTTO DE OLIVEIRA, Fiscal de Atividades Urbanas,
matricula no 38"
28,Exoneração, WILMA FERREIRA DA FONSECA,no,nan,nan,nan,nan,nan,nan,nan,nan,nan,"EXONERAR WILMA FERREIRA DA FONSECA, matricula no 98"
29,Exoneração, HERCULES BATISTA AIRES,no,nan,nan,nan,nan,nan,nan,nan,nan,nan,"EXONERAR HERCULES BATISTA AIRES, matricula no 106"
30,Exoneração, JOSE EDUARDO RODRIGUES DOROTEU,no,nan,nan,nan,nan,nan,a pedido,nan,nan,nan,"EXONERAR a pedido, JOSE EDUARDO RODRIGUES DOROTEU, matricula no 106"
31,Exoneração, LUCAS ROBERTO COTTA ORLANDI,no,nan,nan,nan,nan,nan,a pedido,nan,nan,nan,"EXONERAR a pedido, LUCAS ROBERTO COTTA ORLANDI, matricula no 105"
32,Exoneração, ANA LUIZA DE ALENCAR ACIOLY,no,nan,nan,nan,nan,nan,nan,nan,nan,nan,"EXONERAR ANA LUIZA DE ALENCAR ACIOLY, matricula no 97"
33,Exoneração, FLAVIA BIRNFELD DE OLIVEIRA,no,nan,nan,nan,nan,nan,a pedido,nan,nan,nan,"EXONERAR a pedido, FLAVIA BIRNFELD DE OLIVEIRA, matricula no 107"
34,Exoneração, ARLEI ROBERTO ENGELMAN,no,nan,nan,nan,nan,nan,nan,nan,nan,nan,"EXONERAR ARLEI ROBERTO ENGELMAN, matricula no 95"
35,Exoneração, SERGIO INACIO DE CARVALHO,no,nan,nan,nan,nan,nan,nan,nan,nan,nan,"EXONERAR SERGIO INACIO DE CARVALHO, matricula no 43"
36,Exoneração, GABY GALVAO SILVEIRA MELLO,no,nan,nan,nan,nan,nan,nan,nan,nan,nan,"EXONERAR GABY GALVAO SILVEIRA MELLO, matricula no 94"
37,Exoneração, HELENA FERREIRA NORONHA,no,nan,nan,nan,nan,nan,nan,nan,nan,nan,"EXONERAR HELENA FERREIRA NORONHA, Analista de Administracao Publica, matricula no
40"
38,Exoneração, LUIZ GONZAGA DA SILVA,no,nan,nan,nan,nan,nan,nan,nan,nan,nan,"EXONERAR LUIZ GONZAGA DA SILVA, matricula no 96"
39,Exoneração, RONILDO DIVINO DE MENEZES,no,nan,nan,nan,nan,nan,nan,nan,nan,nan,"EXONERAR RONILDO DIVINO DE MENEZES, matricula no 93"
40,Exoneração, LUCIANA RODRIGUES DA ROCHA CRUZ,no,nan,nan,nan,nan,nan,a pedido,nan,nan,nan,"EXONERAR a pedido, LUCIANA RODRIGUES DA ROCHA CRUZ, matricula no 94"
41,Exoneração, HAROLDO ALBERTO DE MATOS PEREIRA,no,nan,nan,nan,nan,nan,a pedido,nan,nan,nan,"EXONERAR a pedido, HAROLDO ALBERTO DE MATOS PEREIRA, matricula no 18"
42,Exoneração, GILSON PACHECO SOARES,no,nan,nan,nan,nan,nan,a pedido,nan,nan,nan,"EXONERAR a pedido, GILSON PACHECO SOARES, matricula no 108"
43,Exoneração, RAIMUNDO SOBREIRA SOARES,no,nan,nan,nan,nan,nan,nan,nan,nan,nan,"EXONERAR RAIMUNDO SOBREIRA SOARES, matricula no 107"
44,Exoneração, MARIA CECILIA SETTA RAYE DE AGUIAR,no,nan,nan,nan,nan,nan,nan,nan,nan,nan,"EXONERAR MARIA CECILIA SETTA RAYE DE AGUIAR, matricula no 97"
45,Exoneração, ELIEZIO BELEM LIMA,no,nan,nan,nan,nan,nan,nan,nan,nan,nan,"EXONERAR ELIEZIO BELEM LIMA, matricula no 107"
46,Exoneração, JOSE MARIA RIBEIRO DA SILVA,no,nan,nan,nan,nan,nan,nan,nan,nan,nan,"EXONERAR JOSE MARIA RIBEIRO DA SILVA, matricula no 94"
47,Exoneração, LELIA DE ALMADA HORTA MADSEN,no,nan,nan,nan,nan,nan,nan,nan,nan,nan,"EXONERAR LELIA DE ALMADA HORTA MADSEN, matricula no 33"
48,Exoneração, ALDRIN SANTANA DE ANDRADE,no,nan,nan,nan,nan,nan,nan,nan,nan,nan,"EXONERAR ALDRIN SANTANA DE ANDRADE, matricula no 92"
49,Exoneração, ALEXANDRE DE FREITAS,no,nan,nan,nan,nan,nan,nan,nan,nan,nan,"EXONERAR ALEXANDRE DE FREITAS, matricula no 95"
50,Exoneração, FRANCISCO SAVIO DE OLIVEIRA JUNIOR,no,nan,nan,nan,nan,nan,nan,nan,nan,nan,"EXONERAR FRANCISCO SAVIO DE OLIVEIRA JUNIOR, matricula no 108"
51,Exoneração, WILLIAM MENEZES FOLHA,no,nan,nan,nan,nan,nan,nan,nan,nan,nan,"EXONERAR WILLIAM MENEZES FOLHA, matricula no 94"
52,Exoneração, LORENCA MARIA DA SILVA,no,nan,nan,nan,nan,nan,nan,nan,nan,nan,"EXONERAR LORENCA MARIA DA SILVA, matricula no 105"
53,Exoneração, VALQUIRIA RODRIGUES TORRES,nan,DFG-12,nan,nan,nan,nan,nan,nan,nan,nan,"EXONERAR, por esta sendo nomeada para outro cargo, VALQUIRIA RODRIGUES TORRES, do
cargo em comissao, Simbolo DFG-12, de Gerente do Centro de Desenvolvimento Social do Nucleo
Bandeirante, da Diretoria de Assistencia Social, da Secretaria de Estado de Acao Social do Distrito
Federal"
