,Tipo,Nome,Cargo Efetivo,Matricula,Siape,Simbolo,Cargo Comissao,Lotacao,Orgao,text
0,Nomeação, DEUSDETE BARBOSA NUNES FILHO,para exercer o Cargo em Comissao,nan,nan,DFA-03, Secretario Administrativo do Gabinete,Administracao Regional da Candangolandia,Secretaria de Estado de Coordenacao das Administracoes Regionais do Distrito Federal,"NOMEAR DEUSDETE BARBOSA NUNES FILHO, para exercer o Cargo em Comissao, Simbolo
DFA-03, de Secretario Administrativo do Gabinete, da Administracao Regional da Candangolandia, da
Secretaria de Estado de Coordenacao das Administracoes Regionais do Distrito Federal"
1,Nomeação, ALDO FRANCISCO ZAGO,Advogado,nan,nan,DFG-, Chefe da Assessoria Tecnica,Administracao Regional do Lago Norte,"Secretaria de
Estado de Coordenacao das Administracoes Regionais do Distrito Federal","NOMEAR ALDO FRANCISCO ZAGO, Advogado, para exercer o Cargo em Comissao, Simbolo DFG-
12, de Chefe da Assessoria Tecnica, da Administracao Regional do Lago Norte, da Secretaria de
Estado de Coordenacao das Administracoes Regionais do Distrito Federal"
2,Nomeação, VALQUIRIA RODRIGUES TORRES,nan,96.613-4,nan,DFG-12, Diretor da Divisao Regional de Desenvolvimento Social,"Adminis-
tracao Regional do Nucleo Bandeirante","Secretaria de Estado de Coordenacao das Administracoes
Regionais do Distrito Federal","NOMEAR VALQUIRIA RODRIGUES TORRES, matricula no 96.613-4, para exercer o Cargo em
Comissao, Simbolo DFG-12, de Diretor da Divisao Regional de Desenvolvimento Social, da Adminis-
tracao Regional do Nucleo Bandeirante, da Secretaria de Estado de Coordenacao das Administracoes
Regionais do Distrito Federal"
3,Nomeação, STANILDA ARAGAO DE CARVALHO FERESIN,nan,95.241-9,nan,DFA-05, Assistente da Divisao de Administracao Geral,"Adminis-
tracao Regional do Nucleo Bandeirante","Secretaria de Estado de Coordenacao das Administracoes
Regionais do Distrito Federal","NOMEAR STANILDA ARAGAO DE CARVALHO FERESIN, matricula no 95.241-9, para exercer o
Cargo  em Comissao, Simbolo DFA-05, de Assistente da Divisao de Administracao Geral, da Adminis-
tracao Regional do Nucleo Bandeirante, da Secretaria de Estado de Coordenacao das Administracoes
Regionais do Distrito Federal"
4,Nomeação, CARLOS ANTONIO DA SILVA,nan,94.818-7,nan,DFG-02, Encarregado da Divisao Regional de Desenvolvimento Social,"Adminis-
tracao Regional do Nucleo Bandeirante","Secretaria de Estado de Coordenacao das Administracoes
Regionais do Distrito Federal","NOMEAR CARLOS ANTONIO DA SILVA, matricula no 94.818-7, para exercer o Cargo  em Comis-
sao, Simbolo DFG-02, de Encarregado da Divisao Regional de Desenvolvimento Social, da Adminis-
tracao Regional do Nucleo Bandeirante, da Secretaria de Estado de Coordenacao das Administracoes
Regionais do Distrito Federal"
5,Nomeação, PAULO GOMES DA SILVA,nan,97.690-3,nan,DFG-02, Encarregado da Secao de Transporte,"Divisao de Administracao Geral, da
Administracao Regional do Nucleo Bandeirante","Secretaria de Estado de Coordenacao das Adminis-
tracoes Regionais do Distrito Federal","NOMEAR PAULO GOMES DA SILVA, matricula no 97.690-3, para exercer o Cargo em Comissao,
Simbolo DFG-02, de Encarregado da Secao de Transporte, da Divisao de Administracao Geral, da
Administracao Regional do Nucleo Bandeirante, da Secretaria de Estado de Coordenacao das Adminis-
tracoes Regionais do Distrito Federal"
6,Nomeação, LUZMARCY DE SIQUEIRA SANTOS,nan,36.218-2,nan,DFG-02, Encarregado da Divisao Regional de Cultura,"Administracao Regi-
onal do Nucleo Bandeirante","Secretaria de Estado de Coordenacao das Administracoes Regionais do
Distrito Federal","NOMEAR LUZMARCY DE SIQUEIRA SANTOS, matricula no 36.218-2, para exercer o Cargo em
Comissao, Simbolo DFG-02, de Encarregado da Divisao Regional de Cultura, da Administracao Regi-
onal do Nucleo Bandeirante, da Secretaria de Estado de Coordenacao das Administracoes Regionais do
Distrito Federal"
7,Nomeação, ROGERIO STENIO BARROS PESSOA,nan,96.275-9,nan,DFA-03, Secretario Administrativo,"Assessoria de Comunicacao Social, da
Administracao Regional do Nucleo Bandeirante","Secretaria de Estado de Coordenacao das Adminis-
tracoes Regionais do Distrito Federal","NOMEAR ROGERIO STENIO BARROS PESSOA, matricula no 96.275-9, para exercer o Cargo em
Comissao, Simbolo DFA-03, de Secretario Administrativo, da Assessoria de Comunicacao Social, da
Administracao Regional do Nucleo Bandeirante, da Secretaria de Estado de Coordenacao das Adminis-
tracoes Regionais do Distrito Federal"
8,Nomeação, SHEILA NOGUEIRA DA SILVA,para exercer o Cargo em Comissao,nan,nan,DFG-02,"
Encarregado da Secao de Conservacao de Logradouros Publicos","Divisao Regional de Obras, da
Administracao Regional do Nucleo Bandeirante","Secretaria de Estado de Coordenacao das Adminis-
tracoes Regionais do Distrito Federal","NOMEAR SHEILA NOGUEIRA DA SILVA, para exercer o Cargo em Comissao, Simbolo DFG-02, de
Encarregado da Secao de Conservacao de Logradouros Publicos, da Divisao Regional de Obras, da
Administracao Regional do Nucleo Bandeirante, da Secretaria de Estado de Coordenacao das Adminis-
tracoes Regionais do Distrito Federal"
9,Nomeação, ERICA FERREIRA MEIRELES,para exercer o Cargo em Comissao,nan,nan,DFA-08,"
Assistente da Divisao Regional de Obras",Administracao Regional do Riacho Fundo,"Secretaria
de Estado de Coordenacao das Administracoes Regionais do Distrito Federal","NOMEAR ERICA FERREIRA MEIRELES, para exercer o Cargo em Comissao, Simbolo DFA-08, de
Assistente da Divisao Regional de Obras, da Administracao Regional do Riacho Fundo, da Secretaria
de Estado de Coordenacao das Administracoes Regionais do Distrito Federal"
10,Nomeação, MARIO IVAN ARAUJO BEZERRA,Engenheiro Civil,nan,nan,DFG-10, Chefe do Servico de Elaboracao de Projetos e Desenho Tecnico,"Divisao
Regional de Exame, Aprovacao e Elaboracao de Projetos, da Administracao Regional do Riacho
Fundo",Secretaria de Estado de Coordenacao das Administracoes Regionais do Distrito Federal,"NOMEAR MARIO IVAN ARAUJO BEZERRA, Engenheiro Civil, para exercer o Cargo em Comis-
sao, Simbolo DFG-10, de Chefe do Servico de Elaboracao de Projetos e Desenho Tecnico, da Divisao
Regional de Exame, Aprovacao e Elaboracao de Projetos, da Administracao Regional do Riacho
Fundo, da Secretaria de Estado de Coordenacao das Administracoes Regionais do Distrito Federal"
11,Nomeação, MARIA FATIMA TEIXEIRA DE LIMA,para exercer o Cargo em Comissao,nan,nan,DFA-08, Assistente da Divisao Regional de Exame,Administracao Regional do Riacho Fundo,"Secretaria de Estado de Coordenacao das Administra-
coes Regionais do Distrito Federal","NOMEAR MARIA FATIMA TEIXEIRA DE LIMA, para exercer o Cargo em Comissao, Simbolo
DFA-08, de Assistente da Divisao Regional de Exame, Aprovacao e Elaboracao de Projetos, da
Administracao Regional do Riacho Fundo, da Secretaria de Estado de Coordenacao das Administra-
coes Regionais do Distrito Federal"
12,Nomeação, JAILSON MANOEL DO NASCIMENTO,para exercer o Cargo em Comissao,nan,nan,DFG-02, Encarregado da Secao de Bancas de Jornais e Revistas,"Divisao Regional de Servicos
Publicos, da Administracao Regional do Riacho Fundo","Secretaria de Estado de Coordenacao das
Administracoes Regionais do Distrito Federal","NOMEAR JAILSON MANOEL DO NASCIMENTO, para exercer o Cargo em Comissao, Simbolo
DFG-02, de Encarregado da Secao de Bancas de Jornais e Revistas, da Divisao Regional de Servicos
Publicos, da Administracao Regional do Riacho Fundo, da Secretaria de Estado de Coordenacao das
Administracoes Regionais do Distrito Federal"
13,Nomeação, MIRTES LOURENCO,Jornalista,nan,nan,DFG-12, Chefe da Assessoria de Comunicacao Social,Administracao Regional de Samambaia,"Secreta-
ria de Estado de Coordenacao das Administracoes Regionais do Distrito Federal","NOMEAR MIRTES LOURENCO, Jornalista, para exercer o Cargo em Comissao, Simbolo DFG-12, de Chefe da Assessoria de Comunicacao Social, da Administracao Regional de Samambaia, da Secreta-
ria de Estado de Coordenacao das Administracoes Regionais do Distrito Federal"
14,Nomeação, MARIA SOCORRO DE SOUSA SILVA,para exercer o Cargo em Comissao,nan,nan,DFG-, Chefe da Secao de Administracao de Terminais Rodoviarios,"Divisao Regional de Servicos
Publicos, da Administracao Regional de Samambaia","Secretaria de Estado de Coordenacao das
Administracoes Regionais do Distrito Federal","NOMEAR MARIA SOCORRO DE SOUSA SILVA, para exercer o Cargo em Comissao, Simbolo DFG-
05, de Chefe da Secao de Administracao de Terminais Rodoviarios, da Divisao Regional de Servicos
Publicos, da Administracao Regional de Samambaia, da Secretaria de Estado de Coordenacao das
Administracoes Regionais do Distrito Federal"
15,Nomeação, SANDRA REGINA TEIXEIRA,para exercer o Cargo em Comissao,nan,nan,DFG-01,"
Encarregado de Turma",Administracao Regional de Santa Maria,"Secretaria de Estado de Coorde-
nacao das Administracoes Regionais do Distrito Federal","NOMEAR SANDRA REGINA TEIXEIRA, para exercer o Cargo em Comissao, Simbolo DFG-01, de
Encarregado de Turma, da Administracao Regional de Santa Maria, da Secretaria de Estado de Coorde-
nacao das Administracoes Regionais do Distrito Federal"
16,Nomeação, FATIMA SUELI SOUSA SOARES,nan,107.554-3,nan,DFG-14, Chefe do Gabinete,Administracao Regional de Santa Maria,Secretaria de Estado de Coordenacao das Administracoes Regionais do Distrito Federal,"NOMEAR FATIMA SUELI SOUSA SOARES, matricula no 107.554-3, para exercer o Cargo em
Comissao, Simbolo DFG-14, de Chefe do Gabinete, da Administracao Regional de Santa Maria, da
Secretaria de Estado de Coordenacao das Administracoes Regionais do Distrito Federal"
17,Nomeação, ADAIL MACEDO DA SILVA RODRIGUES,nan,107.555-1,nan,DFA-11, Assessor do Gabinete,Administracao Regional de Santa Maria,Secretaria de Estado de Coordenacao das Administracoes Regionais do Distrito Federal,"NOMEAR ADAIL MACEDO DA SILVA RODRIGUES, matricula no 107.555-1, para exercer o Cargo
em Comissao, Simbolo DFA-11, de Assessor do Gabinete, da Administracao Regional de Santa Maria,
da Secretaria de Estado de Coordenacao das Administracoes Regionais do Distrito Federal"
18,Nomeação, JUAREZ MENDONCA SIMPLICIO,para exercer o Cargo em Comissao,nan,nan,DFG-, Chefe do Nucleo de Modernizacao,"Gerencia de Planejamento, da Administracao Regional
de Santa Maria","Secretaria de Estado de Coordenacao das Administracoes Regionais do Distrito
Federal","NOMEAR JUAREZ MENDONCA SIMPLICIO, para exercer o Cargo em Comissao, Simbolo DFG-
11, de Chefe do Nucleo de Modernizacao, da Gerencia de Planejamento, da Administracao Regional
de Santa Maria, da Secretaria de Estado de Coordenacao das Administracoes Regionais do Distrito
Federal"
19,Nomeação, SONIA DE ALMEIDA DE SOUZA,para exercer o Cargo em Comissao,nan,nan,DFG-05, Chefe da Secao de Preservacao do Patrimonio Cultural,"Divisao Regional de Cultura, da Admi-
nistracao Regional de Santa Maria","Secretaria de Estado de Coordenacao das Administracoes
Regionais do Distrito Federal","NOMEAR SONIA DE ALMEIDA DE SOUZA, para exercer o Cargo em Comissao, Simbolo DFG-05,
de Chefe da Secao de Preservacao do Patrimonio Cultural, da Divisao Regional de Cultura, da Admi-
nistracao Regional de Santa Maria, da Secretaria de Estado de Coordenacao das Administracoes
Regionais do Distrito Federal"
20,Nomeação, ANDRE PEREIRA LOIA MELO,nan,107.722-8,nan,DFG-12, Diretor da Divisao de Exame e Aprovacao de Projetos,"Adminis-
tracao Regional de Santa Maria","Secretaria de Estado de Coordenacao das Administracoes Regio-
nais do Distrito Federal","NOMEAR ANDRE PEREIRA LOIA MELO, matricula no 107.722-8, para exercer o Cargo em
Comissao, Simbolo DFG-12, de Diretor da Divisao de Exame e Aprovacao de Projetos, da Adminis-
tracao Regional de Santa Maria, da Secretaria de Estado de Coordenacao das Administracoes Regio-
nais do Distrito Federal"
21,Nomeação, LUIZ CARLOS VALADAO FAGUNDES,para exercer o Cargo em Comissao,nan,nan,DFG-10, Chefe do Servico de Exame de Projetos,"Divisao de Exame e Aprovacao de Projetos,
da Administracao Regional de Santa Maria","Secretaria de Estado de Coordenacao das Administra-
coes Regionais do Distrito Federal","NOMEAR LUIZ CARLOS VALADAO FAGUNDES, para exercer o Cargo em Comissao, Simbolo
DFG-10, de Chefe do Servico de Exame de Projetos, da Divisao de Exame e Aprovacao de Projetos,
da Administracao Regional de Santa Maria, da Secretaria de Estado de Coordenacao das Administra-
coes Regionais do Distrito Federal"
22,Nomeação, EDVALDO MUNIZ,nan,94.084-4,nan,DFG-11, Chefe do Nucleo de Ordenamento Territorial,"Gerencia de Planejamento, da Admi-                                      Diario Oficial do Distrito Federal
PAGINA   28
No 198, segunda-feira, 15 de outubro de 2001 nistracao Regional de Santa Maria","Secretaria de Estado de Coordenacao das Administracoes
Regionais do Distrito Federal","NOMEAR EDVALDO MUNIZ, matricula no 94.084-4, para exercer o Cargo em Comissao, Simbolo
DFG-11, de Chefe do Nucleo de Ordenamento Territorial, da Gerencia de Planejamento, da Admi-                                      Diario Oficial do Distrito Federal
PAGINA   28
No 198, segunda-feira, 15 de outubro de 2001 nistracao Regional de Santa Maria, da Secretaria de Estado de Coordenacao das Administracoes
Regionais do Distrito Federal"
23,Nomeação, MARNE CECILIA PORFINO LUCENA DE MIRANDA,nan,108.051-2,nan,DFG-12, Diretor da Divisao Regional de Agricultura,Administracao Regional de Santa Maria,"Secretaria de Estado de Coordenacao das Administracoes
Regionais do Distrito Federal","NOMEAR MARNE CECILIA PORFINO LUCENA DE MIRANDA, matricula no 108.051-2, para
exercer o Cargo em Comissao, Simbolo DFG-12, de Diretor da Divisao Regional de Agricultura, da
Administracao Regional de Santa Maria, da Secretaria de Estado de Coordenacao das Administracoes
Regionais do Distrito Federal"
24,Nomeação, MARIA ANTONIA CLARA,nan,94.011-9,nan,DFA-05, Assistente,Administracao Regional de Sao Sebastiao,"Secretaria de Estado
de Coordenacao das Administracoes Regionais do Distrito Federal","NOMEAR MARIA ANTONIA CLARA, matricula no 94.011-9, para exercer o Cargo em Comissao,
Simbolo DFA-05, de Assistente, da Administracao Regional de Sao Sebastiao, da Secretaria de Estado
de Coordenacao das Administracoes Regionais do Distrito Federal"
25,Nomeação, EVA MARIA MOREIRA,nan,94.020-8,nan,DFG-05, Chefe da Secao de Administracao de Sede,"Divisao de Administracao Geral, da
Administracao Regional de Sao Sebastiao","Secretaria de Estado de Coordenacao das Administracoes
Regionais do Distrito Federal","NOMEAR EVA MARIA MOREIRA, matricula no 94.020-8, para exercer o Cargo em Comissao,
Simbolo DFG-05, de Chefe da Secao de Administracao de Sede, da Divisao de Administracao Geral, da
Administracao Regional de Sao Sebastiao, da Secretaria de Estado de Coordenacao das Administracoes
Regionais do Distrito Federal"
26,Nomeação, ANDREI JOSE BRAGA MENDES,nan,97.471-4,nan,DFG-14, Chefe de Gabinete,Administracao Regional de Sao Sebastiao,Secretaria de Estado de Coordenacao das Administracoes Regionais do Distrito Federal,"NOMEAR ANDREI JOSE BRAGA MENDES, matricula no 97.471-4, para exercer o Cargo em
Comissao, Simbolo DFG-14, de Chefe de Gabinete, da Administracao Regional de Sao Sebastiao, da
Secretaria de Estado de Coordenacao das Administracoes Regionais do Distrito Federal"
27,Nomeação, ZELI DUBINEVICS,Inspetor de Atividades Urbanas,108.561-1,nan,DFG-12," Diretor da Divisao Regional de Exame e Aprovacao
de Projetos",Administracao Regional de Sao Sebastiao,"Secretaria de Estado de Coordenacao das
Administracoes Regionais do Distrito Federal","NOMEAR ZELI DUBINEVICS, Inspetor de Atividades Urbanas, matricula no 108.561-1, para exer-
cer o Cargo em Comissao, Simbolo DFG-12, de Diretor da Divisao Regional de Exame e Aprovacao
de Projetos, da Administracao Regional de Sao Sebastiao, da Secretaria de Estado de Coordenacao das
Administracoes Regionais do Distrito Federal"
28,Nomeação, JUVENAL RAMOS,para exercer o Cargo em Comissao,nan,nan,DFG-02," Encarrega-
do da Secao de Transporte","Divisao de Administracao Geral, da Administracao Regional de Sobra-
dinho",Secretaria de Estado de Coordenacao das Administracoes Regionais do Distrito Federal,"NOMEAR JUVENAL RAMOS, para exercer o Cargo em Comissao, Simbolo DFG-02, de Encarrega-
do da Secao de Transporte, da Divisao de Administracao Geral, da Administracao Regional de Sobra-
dinho, da Secretaria de Estado de Coordenacao das Administracoes Regionais do Distrito Federal"
29,Nomeação, ROSANGELA ANTONIA DOS SANTOS,para exercer o Cargo em Comissao,nan,nan,DFG-02, Encarregado da Secao de Orcamento e Financas,"Divisao de Administracao Geral, da
Administracao Regional de Sobradinho","Secretaria de Estado de Coordenacao das Administracoes
Regionais do Distrito Federal","NOMEAR ROSANGELA ANTONIA DOS SANTOS, para exercer o Cargo em Comissao, Simbolo
DFG-02, de Encarregado da Secao de Orcamento e Financas, da Divisao de Administracao Geral, da
Administracao Regional de Sobradinho, da Secretaria de Estado de Coordenacao das Administracoes
Regionais do Distrito Federal"
30,Nomeação, ELIZABETE MARIA GASPAROTTO DE OLIVEIRA,Inspetor de Atividades Urbanas,108.565-4,nan,CNE-04," Administra-
dor Regional de Sobradinho",nan,nan,"NOMEAR ELIZABETE MARIA GASPAROTTO DE OLIVEIRA, Inspetor de Atividades Urbanas,
matricula no 108.565-4, para exercer o Cargo de Natureza Especial, Simbolo CNE-04, de Administra-
dor Regional de Sobradinho, da Secretaria de Estado de Coordenacao das Administracoes Regionais do
Distrito Federal"
31,Nomeação, WILMA FERREIRA DA FONSECA,Inspetor de Atividades Urbanas,108.564-,nan,DFA-13, Assessor de Gabinete,nan,nan,"NOMEAR WILMA FERREIRA DA FONSECA, Inspetor de Atividades Urbanas, matricula no 108.564-
6, para exercer o Cargo em Comissao, Simbolo DFA-13, de Assessor de Gabinete, da Secretaria de
Estado de Desenvolvimento Urbano e Habitacao"
32,Nomeação, HERCULES BATISTA AIRES,Inspetor de Atividades Urbanas,108.591-3,nan,DFA-10, Assessor Tecnico,"Gerencia de Monito-
ramento do Quadrante Sul Sudoeste, da Subsecretaria de Preservacao e Urbanismo","Secretaria de
Estado de Desenvolvimento Urbano e Habitacao","NOMEAR HERCULES BATISTA AIRES, Inspetor de Atividades Urbanas, matricula no 108.591-3,
para exercer o Cargo em Comissao, Simbolo DFA-10, de Assessor Tecnico, da Gerencia de Monito-
ramento do Quadrante Sul Sudoeste, da Subsecretaria de Preservacao e Urbanismo, da Secretaria de
Estado de Desenvolvimento Urbano e Habitacao"
33,Nomeação, MILENA SIMAS MARQUES DE LEMOS,para exercer o Cargo em Comissao,nan,nan,DFA-09, Assistente do Gabinete,nan,nan,"NOMEAR MILENA SIMAS MARQUES DE LEMOS, para exercer o Cargo em Comissao, Simbolo
DFA-09, de Assistente do Gabinete, da Secretaria de Estado de Esporte e Lazer do Distrito Federal"
34,Nomeação, JOSE EDUARDO RODRIGUES DOROTEU,para exercer o Cargo em Comissao,nan,nan,DFA-10, Assistente da Divisao Regional de Obras,Administracao Regional de Brasilia,Secretaria de Estado de Coordenacao das Administracoes Regionais do Distrito Federal,"NOMEAR JOSE EDUARDO RODRIGUES DOROTEU, para exercer o Cargo em Comissao, Simbolo
DFA-10, de Assistente da Divisao Regional de Obras, da Administracao Regional de Brasilia, da
Secretaria de Estado de Coordenacao das Administracoes Regionais do Distrito Federal"
35,Nomeação, MARCOS ANTONIO GUIMARAES SOUSA,Jornalista,nan,nan,DFG-12, Chefe da Assessoria de Comunicacao Social,"Administracao Regional de
Brasilia",Secretaria de Estado de Coordenacao das Administracoes Regionais do Distrito Federal,"NOMEAR MARCOS ANTONIO GUIMARAES SOUSA, Jornalista, para exercer o Cargo em Comis-
sao, Simbolo DFG-12, de Chefe da Assessoria de Comunicacao Social, da Administracao Regional de
Brasilia, da Secretaria de Estado de Coordenacao das Administracoes Regionais do Distrito Federal"
36,Nomeação, MARIO SERGIO BOAVENTURA DE SA,para exercer o Cargo em Comissao,nan,nan,DFA-13, Assessor do Gabinete,Administracao Regional de Brasilia,"Secretaria de Estado de
Coordenacao das Administracoes Regionais do Distrito Federal","NOMEAR MARIO SERGIO BOAVENTURA DE SA, para exercer o Cargo em Comissao, Simbolo
DFA-13, de Assessor do Gabinete, da Administracao Regional de Brasilia, da Secretaria de Estado de
Coordenacao das Administracoes Regionais do Distrito Federal"
37,Nomeação, DANILO EDSON HAYAKAWA,Fiscal de Atividades Urbanas,40.998-7,nan,DFG-10, Chefe do Servico de Fiscalizacao de Obras,"Divisao de Fiscalizacao de Obras e Posturas, da Administracao Regional de Brasilia","Secretaria de
Estado de Coordenacao das Administracoes Regionais do Distrito Federal","NOMEAR DANILO EDSON HAYAKAWA, Fiscal de Atividades Urbanas, matricula no 40.998-7,
para exercer o Cargo em Comissao, Simbolo DFG-10, de Chefe do Servico de Fiscalizacao de Obras,
da Divisao de Fiscalizacao de Obras e Posturas, da Administracao Regional de Brasilia, da Secretaria de
Estado de Coordenacao das Administracoes Regionais do Distrito Federal"
38,Nomeação, ROSANGELA DA SILVA VELOSO,para exercer o Cargo em Comissao,nan,nan,DFA-06, Assistente da Divisao Regional de Obras,Administracao Regional de Brasilia,"Secretaria de
Estado de Coordenacao das Administracoes Regionais do Distrito Federal","NOMEAR ROSANGELA DA SILVA VELOSO, para exercer o Cargo em Comissao, Simbolo DFA-06,
de Assistente da Divisao Regional de Obras, da Administracao Regional de Brasilia, da Secretaria de
Estado de Coordenacao das Administracoes Regionais do Distrito Federal"
39,Nomeação, SERGIO INACIO DE CARVALHO,para exercer o Cargo em Comissao,nan,nan,DFG-, Encarregado da Secao de Bens Apreendidos,"Divisao de Administracao Geral, da Ad-                                                                       Diario Oficial do Distrito Federal
PAGINA   29
No 198, segunda-feira, 15 de outubro de 2001 ministracao Regional de Brasilia","Secretaria de Estado de Coordenacao das Administracoes
Regionais do Distrito Federal","NOMEAR SERGIO INACIO DE CARVALHO, para exercer o Cargo em Comissao, Simbolo DFG-
02, de Encarregado da Secao de Bens Apreendidos, da Divisao de Administracao Geral, da Ad-                                                                       Diario Oficial do Distrito Federal
PAGINA   29
No 198, segunda-feira, 15 de outubro de 2001 ministracao Regional de Brasilia, da Secretaria de Estado de Coordenacao das Administracoes
Regionais do Distrito Federal"
40,Nomeação, GABY GALVAO SILVEIRA MELLO,Inspetor de Atividades Urbanas,108.562-,nan,DFG-10," Chefe do Servico de Elaboracao de
Projetos e Desenho Tecnico","Divisao Regional de  Exame, Aprovacao e Elaboracao de Projetos,
da Administracao Regional de Brasilia","Secretaria de Estado de Coordenacao das Administracoes
Regionais do Distrito Federal","NOMEAR GABY GALVAO SILVEIRA MELLO, Inspetor de Atividades Urbanas, matricula no 108.562-
X, para exercer o Cargo em Comissao, Simbolo DFG-10, de Chefe do Servico de Elaboracao de
Projetos e Desenho Tecnico, da Divisao Regional de  Exame, Aprovacao e Elaboracao de Projetos,
da Administracao Regional de Brasilia, da Secretaria de Estado de Coordenacao das Administracoes
Regionais do Distrito Federal"
41,Nomeação, HELENA FERREIRA NORONHA,Inspetor de Atividades Urbanas,108.567-,nan,DFG-12, Diretor da Divisao Regional de Exame,Administracao Regional de Brazlandia,"Secretaria de
Estado de Coordenacao das Administracoes Regionais do Distrito Federal","NOMEAR HELENA FERREIRA NORONHA, Inspetor de Atividades Urbanas, matricula no 108.567-
0, para exercer o Cargo em Comissao, Simbolo DFG-12, de Diretor da Divisao Regional de Exame,
Aprovacao e Elaboracao de Projetos, da Administracao Regional de Brazlandia, da Secretaria de
Estado de Coordenacao das Administracoes Regionais do Distrito Federal"
42,Nomeação, RONILDO DIVINO DE MENEZES,Fiscal de Atividades Urbanas,108.558-,nan,DFG-12," Diretor da Divisao Regional de Licenci-
amento",Administracao Regional de Ceilandia,"Secretaria de Estado de Coordenacao das Admi-
nistracoes Regionais do Distrito Federal","NOMEAR RONILDO DIVINO DE MENEZES, Fiscal de Atividades Urbanas, matricula no 108.558-
1, para exercer o Cargo em Comissao, Simbolo DFG-12, de Diretor da Divisao Regional de Licenci-
amento, da Administracao Regional de Ceilandia, da Secretaria de Estado de Coordenacao das Admi-
nistracoes Regionais do Distrito Federal"
43,Nomeação, MIRIAN LIRA VIEGAS DE SENA,para exercer o Cargo em Comissao,nan,nan,DFA-02, Encarregado da Divisao Regional de Obras,Administracao Regional do Gama,"Secretaria de
Estado de Coordenacao das Administracoes Regionais do Distrito Federal","NOMEAR MIRIAN LIRA VIEGAS DE SENA, para exercer o Cargo em Comissao, Simbolo DFA-02,
de Encarregado da Divisao Regional de Obras, da Administracao Regional do Gama, da Secretaria de
Estado de Coordenacao das Administracoes Regionais do Distrito Federal"
44,Nomeação, SIMONE ANTUNES SANTOS,para exercer o Cargo em Comissao,nan,nan,DFA-05,"
Assistente da Divisao de Administracao Geral",Administracao Regional do Gama,"Secretaria de
Estado de Coordenacao das Administracoes Regionais do Distrito Federal","NOMEAR SIMONE ANTUNES SANTOS, para exercer o Cargo em Comissao, Simbolo DFA-05, de
Assistente da Divisao de Administracao Geral, da Administracao Regional do Gama, da Secretaria de
Estado de Coordenacao das Administracoes Regionais do Distrito Federal"
45,Nomeação, RAIMUNDO SOBREIRA SOARES,nan,107.758-9,nan,DFG-14, Chefe de Gabinete,Administracao Regional do Guara,"Secretaria
de Estado de Coordenacao das Administracoes Regionais do Distrito Federal","NOMEAR RAIMUNDO SOBREIRA SOARES, matricula no 107.758-9, para exercer o Cargo em
Comissao, Simbolo DFG-14, de Chefe de Gabinete, da Administracao Regional do Guara, da Secretaria
de Estado de Coordenacao das Administracoes Regionais do Distrito Federal"
46,Nomeação, ELIEZIO BELEM LIMA,nan,107.770-8,nan,DFG-10, Chefe do Servico de Licenciamento de Obras,"Divisao Regional de Licencia-
mento, da Administracao Regional do Guara","Secretaria de Estado de Coordenacao das Administra-
coes Regionais do Distrito Federal","NOMEAR ELIEZIO BELEM LIMA, matricula no 107.770-8, para exercer o Cargo em Comissao,
Simbolo DFG-10, de Chefe do Servico de Licenciamento de Obras, da Divisao Regional de Licencia-
mento, da Administracao Regional do Guara, da Secretaria de Estado de Coordenacao das Administra-
coes Regionais do Distrito Federal"
47,Nomeação, BANCEU OVIDIN VALENTIN IOAN,Inspetor de Atividades Urbanas,33.616-5,nan,DFG-10, Chefe do Servico de Topografia,"Divisao Regional de Exame, Aprovacao e Elaboracao de Projetos, da Administracao Regional do
Guara",Secretaria de Estado de Coordenacao das Administracoes Regionais do Distrito Federal,"NOMEAR BANCEU OVIDIN VALENTIN IOAN, Inspetor de Atividades Urbanas, matricula no
33.616-5, para exercer o Cargo em Comissao, Simbolo DFG-10, de Chefe do Servico de Topografia,
da Divisao Regional de Exame, Aprovacao e Elaboracao de Projetos, da Administracao Regional do
Guara, da Secretaria de Estado de Coordenacao das Administracoes Regionais do Distrito Federal"
48,Nomeação, ANTONIO SOARES FEITOSA,Auxiliar de Administracao Publica,92.462-8,nan,DFG-02," Encarregado da Divisao Regional de Agricul-
tura",Administracao Regional do Paranoa,"Secretaria de Estado de Coordenacao das Administra-
coes Regionais do Distrito Federal","NOMEAR ANTONIO SOARES FEITOSA, Auxiliar de Administracao Publica, matricula 92.462-8,
para exercer o Cargo em Comissao, Simbolo DFG-02, de Encarregado da Divisao Regional de Agricul-
tura, da Administracao Regional do Paranoa, da Secretaria de Estado de Coordenacao das Administra-
coes Regionais do Distrito Federal"
49,Nomeação, LELIA DE ALMADA HORTA MADSEN,Inspetor de Atividades Urbanas,108.573-5,nan,DFA-11, Assessor,"Gerencia de Estudo
e Apoio ao Planejamento Regional","Secretaria de Estado de Coordenacao das Administracoes
Regionais do Distrito Federal","NOMEAR LELIA DE ALMADA HORTA MADSEN, Inspetor de Atividades Urbanas, matricula no
108.573-5, para exercer o Cargo em Comissao, Simbolo DFA-11, de Assessor, da Gerencia de Estudo
e Apoio ao Planejamento Regional, da Secretaria de Estado de Coordenacao das Administracoes
Regionais do Distrito Federal"
50,Nomeação, MARTA HELENA LOPES DA CUNHA,para exercer o Cargo em Comissao,nan,nan,DFG-02, Encarregado do Servico de Fiscalizacao de Obras,"Divisao Regional de Fiscalizacao de
Obras e Posturas, da Administracao Regional de Taguatinga","Secretaria de Estado de Coordenacao
das Administracoes Regionais do Distrito Federal","NOMEAR MARTA HELENA LOPES DA CUNHA, para exercer o Cargo em Comissao, Simbolo
DFG-02, de Encarregado do Servico de Fiscalizacao de Obras, da Divisao Regional de Fiscalizacao de
Obras e Posturas, da Administracao Regional de Taguatinga, da Secretaria de Estado de Coordenacao
das Administracoes Regionais do Distrito Federal"
51,Nomeação, ALEXANDRE DE FREITAS,nan,95.306-7,nan,DFG-12, Diretor da Divisao Regional de Fiscalizacao de Obras e Posturas,"Administra-
cao Regional de Taguatinga","Secretaria de Estado de Coordenacao das Administracoes Regionais do
Distrito Federal","NOMEAR ALEXANDRE DE FREITAS, matricula no 95.306-7, para exercer o Cargo em Comissao,
Simbolo DFG-12, de Diretor da Divisao Regional de Fiscalizacao de Obras e Posturas, da Administra-
cao Regional de Taguatinga, da Secretaria de Estado de Coordenacao das Administracoes Regionais do
Distrito Federal"
52,Nomeação, FRANCISCO SAVIO DE OLIVEIRA JUNIOR,nan,108.167-5,nan,DFG-12, Diretor da Divisao Regional de Licenciamento,"Adminis-
tracao Regional de Taguatinga","Secretaria de Estado de Coordenacao das Administracoes Regionais
do Distrito Federal","NOMEAR FRANCISCO SAVIO DE OLIVEIRA JUNIOR, matricula no 108.167-5, para exercer o
Cargo em Comissao, Simbolo DFG-12, de Diretor da Divisao Regional de Licenciamento, da Adminis-
tracao Regional de Taguatinga, da Secretaria de Estado de Coordenacao das Administracoes Regionais
do Distrito Federal"
53,Nomeação, ANTONIO FRUTUOSO FILHO,para exercer o Cargo em Comissao,nan,nan,DFA-03,"
Secretario Administrativo","Gerencia de Planejamento, da Administracao Regional de Taguatinga",Secretaria de Estado de Coordenacao das Administracoes Regionais do Distrito Federal,"NOMEAR ANTONIO FRUTUOSO FILHO, para exercer o Cargo em Comissao, Simbolo DFA-03, de
Secretario Administrativo, da Gerencia de Planejamento, da Administracao Regional de Taguatinga,
da Secretaria de Estado de Coordenacao das Administracoes Regionais do Distrito Federal"
54,Nomeação, DILMA DE FATIMA IMAI,para exercer o Cargo em Comissao,nan,nan,DFG-12,"
Gerente do Centro de Desenvolvimento Social do Nucleo Bandeirante","Diretoria de Assistencia
Social",Secretaria de Estado de Acao Social do Distrito Federal,"NOMEAR DILMA DE FATIMA IMAI, para exercer o Cargo em Comissao, Simbolo DFG-12, de
Gerente do Centro de Desenvolvimento Social do Nucleo Bandeirante, da Diretoria de Assistencia
Social, da Secretaria de Estado de Acao Social do Distrito Federal"
55,Nomeação, SORAYA FRANCA DE PAULA,nan,97.002-9,nan,nan,nan,nan,nan,"NOMEAR SORAYA FRANCA DE PAULA,   matricula no 97.002-9 ...."
56,Nomeação,  SORAYA FRANCA DE PAULA,nan,no,nan,nan,nan,nan,nan,"NOMEAR  SORAYA FRANCA DE PAULA,  matricula  no 97.002-6 ...."
57,Nomeação, SIMONE MARIA DE MEDEIROS COSTA,Fiscal de Atividades Urbanas,41.430-1,nan,nan,nan,nan,nan,"NOMEAR SIMONE MARIA DE MEDEIROS COSTA, Fiscal de Atividades Urbanas,
matricula no 41.430-1 ...."
58,Nomeação,  SIMONE MARIA DE MEDEIROS COSTA,Inspetor de Atividades Urbanas,no,nan,nan,nan,nan,nan,"NOMEAR  SIMONE MARIA DE MEDEIROS COSTA, Inspetor de Atividades Urbanas,
matricula  no  41.430-1 ...."
59,Nomeação, DENISE MARIA AZEVEDO MARTINS    LISBOA,nan,nan,nan,nan,nan,nan,nan,"NOMEAR DENISE MARIA AZEVEDO MARTINS    LISBOA, Arquiteta....."
60,Nomeação,  DENISE MARIA AZEVEDO MARTINS LISBOA,"Inspetor de Atividades
Urbanas",no,nan,nan,nan,nan,nan,"NOMEAR  DENISE MARIA AZEVEDO MARTINS LISBOA, Inspetor de Atividades
Urbanas,   matricula  no  91.313-8 ...."
