,Tipo do Ato,Nome do Servidor Substituto,Matrícula do Servidor Substituto,Nome do Servidor a ser Substituido,Matrícula do Servidor a ser SubstituidoCargo,Símbolo do cargo do servidor substituto,Cargo comissionado objeto da substituição,Símbolo do cargo do objeto da substituição,Símbolo do cargo comissionado objeto da substituição,Hierarquia da Lotação,Órgão,Data Inicial da Vigência,Data Final de Vigência,Matrícula SIAPE,Motivo,text
0,Substituição de Funções,a revisor entre os integrantes da banca,nan,nan,nan,nan,nan,nan,nan,nan,nan,nan,nan,nan,nan,"designara revisor entre os integrantes da banca,
contra a formulacao de questao (oes) da Prova Escrita Objetiva;
III  ao Secretario de Estado de Saude, contra a ocorrencia de erro material verificado na publicacao
da listagem de classificacao final"
