,Tipo,Nome,Cargo Efetivo,Matricula,Siape,Simbolo,Cargo Comissao,Lotacao,Orgao,text
0,Nomeação, YARA ARAUJO DE SOUSA,nan,nan,nan,DFA-13,nan,nan,nan,"NOMEAR YARA ARAUJO DE SOUSA para exercer o Cargo em Comissao, Simbolo DFA-13,
de Assessor de Gabinete da Secretaria de Fazenda e Planejamento do Distrito Federal"
1,Nomeação, EDNA MARIA SILVA,nan,58.378-2,nan,DFA-05,nan,nan,nan,"NOMEAR EDNA MARIA SILVA, matricula no 58.378-2, para exercer o Cargo em Comissao,
Simbolo DFA-05, de Secretario Administrativo da Escola de Aperfeicoamento dos Profissionais
da Educacao da Subsecretaria de Educacao Publica da Secretaria de Estado de Educacao do
Distrito Federal"
2,Nomeação, ROSILENE APARECIDA DE PAIVA,nan,25.891-1,nan,FG-04,nan,nan,nan,"NOMEAR ROSILENE APARECIDA DE PAIVA, matricula no 25.891-1, para exercer a Funcao
Gratificada, Simbolo FG-04, de Diretor da Escola Classe Major Cosme de Faria da Gerencia
Regional de Ensino de Planaltina da Diretoria de Unidades Regionais da Subsecretaria de Suporte
Educacional da Secretaria de Estado de Educacao do Distrito Federal"
3,Nomeação, ISLEIA BASTOS DA SILVA,nan,27.093-8,nan,FG-04,nan,nan,nan,"NOMEAR ISLEIA BASTOS DA SILVA, matricula no 27.093-8, para exercer a Funcao Gratifica-
da, Simbolo FG-04, de Assistente do Centro Educacional 123 de Samambaia da Gerencia Regional
de Ensino de Samambaia da Diretoria de Unidades Regionais da Subsecretaria de Suporte Educa-
cional da Secretaria de Estado de Educacao do Distrito Federal"
4,Nomeação, CASSIA FERREIRA DE SOUZA,para exercer o Cargo em Comissao,nan,nan,DFG-02," Chefe de Secretaria Escolar da Escola Classe 07 do Guara da Gerencia Regional de                                      Diario Oficial do Distrito Federal
PAGINA   36
No 237",nan,nan,"NOMEAR CASSIA FERREIRA DE SOUZA, para exercer o Cargo em Comissao, Simbolo
DFG-02, de Chefe de Secretaria Escolar da Escola Classe 07 do Guara da Gerencia Regional de                                      Diario Oficial do Distrito Federal
PAGINA   36
No 237, quinta-feira, 13 de dezembro de 2001 Ensino do Guara da Diretoria de Unidades Regionais da Subsecretaria de Suporte Educacional da
Secretaria de Estado de Educacao do Distrito Federal"
5,Nomeação,nan,nan,nan,nan,nan,nan,nan,nan,"NOMEAR o Procurador do Ministerio Publico junto ao Tribunal de Contas do Distrito Federal,
JORGE ULISSES JACOBY FERNANDES, para exercer o Cargo de Conselheiro do Tribunal de Contas
do Distrito Federal, na vaga decorrente da aposentadoria do Conselheiro Jose Eduardo Barbosa"
6,Nomeação,nan,nan,nan,nan,nan,nan,nan,nan,"NOMEAR a procuradora MARCIA FERREIRA CUNHA FARIAS para exercer o Cargo de
Procurador-Geral do Ministerio Publico junto ao Tribunal de Contas do Distrito Federal, a partir
de 13 de dezembro de 2001, para mandato de dois anos"
7,Nomeação, PAULO CESAR DE AVILA E SILVA,nan,nan,nan,nan,nan,nan,nan,"NOMEAR PAULO CESAR DE AVILA E SILVA para exercer o Cargo de Conselheiro do
Tribunal de Contas do Distrito Federal, na vaga decorrente da aposentadoria do Conselheiro Jose
Milton Ferreira"
8,Nomeação, JOSE DA CONCEICAO AZEVEDO,nan,92.994-8,nan,DFG-14, Chefe de Gabinete,Administracao Regional do Guara,Secretaria de Estado de Coordenacao das Administracoes Regionais do Distrito Federal,"NOMEAR JOSE DA CONCEICAO AZEVEDO, matricula no 92.994-8, para exercer o Cargo em
Comissao, Simbolo DFG-14, de Chefe de Gabinete, da Administracao Regional do Guara, da
Secretaria de Estado de Coordenacao das Administracoes Regionais do Distrito Federal"
9,Nomeação,nan,nan,nan,nan,nan,nan,nan,nan,"NOMEAR o 3o SGT QPPMC MARCOS LEITE DE ARAUJO, MAT"
