,Tipo do Ato,Nome do Servidor Substituto,Matrícula do Servidor Substituto,Nome do Servidor a ser Substituido,Matrícula do Servidor a ser SubstituidoCargo,Símbolo do cargo do servidor substituto,Cargo comissionado objeto da substituição,Símbolo do cargo do objeto da substituição,Símbolo do cargo comissionado objeto da substituição,Hierarquia da Lotação,Órgão,Data Inicial da Vigência,Data Final de Vigência,Matrícula SIAPE,Motivo,text
0,Substituição de Funções, SEBASTIAO ALVES DA SILVEIRA,nan,nan,nan,nan,DFG-13,nan,nan,nan,nan,nan,nan,nan,nan,"DESIGNAR SEBASTIAO ALVES DA SILVEIRA, para exercer a funcao de membro titular do
Conselho de Assistencia Social do Distrito Federal, na qualidade de representante da Casa de Ismael; DISPENSAR NEODIR FERREIRA DA MOTA, da funcao de membro titular do Conselho de
Assistencia Social do Distrito Federal, na qualidade de representante do Conselho Regional de
Psicologia  CRP 1a Regiao; DESIGNAR NANCI SOARES DE CARVALHO, para exercer a funcao de membro titular do
Conselho de Assistencia Social do Distrito Federal, na qualidade de representante do Conselho
Regional de Psicologia  CRP 1a Regiao; DISPENSAR IZANILDE MENEZES OLIVEIRA DE SOUZA, da funcao de membro suplente
do Conselho de Assistencia Social do Distrito Federal, na qualidade de representante do Conselho
Regional de Psicologia  CRP 1a Regiao; DESIGNAR MARIA LUZIA RIBEIRO BURLIER DA SILVEIRA, para exercer a funcao de
membro suplente do Conselho de Assistencia Social do Distrito Federal, na qualidade de repre-
sentante do Conselho Regional de Psicologia  CRP 1a Regiao; O GOVERNADOR DO DISTRITO FEDERAL, no uso de suas atribuicoes que lhe confere o
artigo 100, inciso XXII, da Lei Organica do Distrito Federal, resolve: Exonerar GLAUCO UBIRAJARA GUIMARAES, do Cargo em Comissao, Simbolo DFG-13,
de Diretor de Planejamento e Estudos de Agronegocio da Secretaria  de Agricultura, Pecuaria e
Abastecimento do Distrito Federal"
1,Substituição de Funções, LUIZ ALBERTO XAVIER FROES,93.581-6,MARIA BALBINA DE MORAIS VIEIRA,107.402-4,Diretora Vice-Presidente,DFG-13,nan,,nan,nan,nan,nan,nan,nan,"Designar LUIZ ALBERTO XAVIER FROES, matricula no 93.581-6, Coordenador Regional,
Simbolo DFG-13, para substituir MARIA BALBINA DE MORAIS VIEIRA, matricula no
107.402-4, Diretora Vice-Presidente, Simbolo CNE-05, por motivo da servidora  estar  substitu-
indo outro cargo em comissao"
2,Substituição de Funções, IVONE ALVES DO NASCIMENTO,93.189-6,LUIZ ALBERTO XAVIER FROES,93.581-6,Coordenador Regional,DFG-13,nan,nan,nan,nan,nan,nan,nan,nan,"Designar IVONE ALVES DO NASCIMENTO, matricula no 93.189-6, Chefe do Posto de Aten-
dimento Regional do Nucleo Bandeirante, para substituir LUIZ ALBERTO XAVIER FROES,
matricula no 93.581-6, Coordenador Regional, Simbolo DFG-13, no periodo de 02 a 31/01/2002,
por motivo do servidor estar  substituindo  a Diretora-Presidente do PROCON"
3,Substituição de Funções, CRISLANE MARIA RODRIGUES COELHO,93.917-X,ISMAR ALVES DO NASCIMENTO,92.574-3,Coordenador Regional,DFG-11,nan,,nan,nan,nan,nan,nan,nan,"Designar CRISLANE MARIA RODRIGUES COELHO, matricula no 93.917-X, Gerente de
Nucleo, Simbolo DFG-11, para substituir ISMAR ALVES DO NASCIMENTO, matricula no
92.574-3, Coordenador Regional, Simbolo DFG-13, no periodo de 02 a 31/01/2002, por motivo
de ferias regulamentares do titular"
4,Substituição de Funções, ANA BEATRIZ GUTH DE PAIVA,93.598-0,CRISLANE MARIA RO,93.917-X,nan,DFA-10,nan,,nan,nan,nan,nan,nan,nan,"Designar ANA BEATRIZ GUTH DE PAIVA, matricula no 93.598-0, Assessora do Posto de
Atendimento Regional do Guara, Simbolo DFA-10, para substituir CRISLANE MARIA RO-
DRIGUES COELHO, matricula no 93.917-X, Gerente de Nucleo, Simbolo DFG-11, no periodo
de 02 a 31/01/2002, por motivo da servidora estar substituindo o Coordenador Regional "
5,Substituição de Funções, ADELMIR ARAUJO SANTANA,nan,nan,nan,nan,nan,nan,nan,nan,nan,nan,nan,nan,nan,"Designar ADELMIR ARAUJO SANTANA, como membro efetivo, representante da FECO-
MERCIO  Federacao do Comercio de Brasilia do Conselho de Desenvolvimento de Turismo do
Distrito Federal - CONDETUR/DF"
6,Substituição de Funções, PLINIO RODRIGUES DE ARAUJO,nan,nan,nan,nan,nan,nan,nan,nan,nan,nan,nan,nan,nan,"Designar PLINIO RODRIGUES DE ARAUJO, como membro efetivo, representante da AMAB
 Associacao dos Municipios Adjacentes a Brasilia do Conselho de Desenvolvimento de Turismo
do Distrito Federal - CONDETUR/DF"
7,Substituição de Funções, o servidor DAVI EVANGELISTA DE MEDEIROS,22.267-4,IVO DE CARVALHO CARREIRA,94.628-1,Chefe do Nucleo de Manutencao Patrimonial,DFG-10,nan,nan,nan,nan,nan,nan,nan,nan,"Designar o servidor DAVI EVANGELISTA DE MEDEIROS, matricula no 22.267-4, Tecnico de
Administracao Publica,  para substituir IVO DE CARVALHO CARREIRA, matricula no 94.628-1,
Chefe do Nucleo de Manutencao Patrimonial, Simbolo DFG-10,  da Gerencia de Gestao Patrimo-
nial e Servicos Gerais, da Diretoria de Suporte Institucional, da Subsecretaria de Logistica e Moder-
nizacao, por motivo de ferias regulamentares do titular no periodo de 02.01.2002 a 31.01.2002"
8,Substituição de Funções, LUIS ROCHA DE SOUZA,34.629-2,EDVALDO BARBOSA,46.244-6,"Encarregado do Nucleo de Manu-
tencao Patrimonial",DFG-02,nan,nan,nan,nan,nan,nan,nan,nan,"Designar LUIS ROCHA DE SOUZA, matricula no 34.629-2, Auxiliar de Administracao publica,
para substituir EDVALDO BARBOSA, matricula no 46.244-6, Encarregado do Nucleo de Manu-
tencao Patrimonial, Simbolo DFG-02, da Gerencia de Gestao Patrimonial e Servicos Gerais, da
Diretoria de Suporte Institucional, da Subsecretaria de Logistica e Modernizacao, por motivo de
ferias regulamentares do titular, no periodo de 07.01.2002 a 05.02.2002"
9,Substituição de Funções, CLAUDIA HELENA DA SILVA SANTOS,32.219-9,ROSENILDA MARIA DE SOUSA SANTOS,"31.054-
9",nan,nan,nan,nan,nan,nan,nan,nan,nan,nan,"Designar CLAUDIA HELENA DA SILVA SANTOS, matricula no 32.219-9, Auxiliar de Adminis-
tracao Publica, para substituir ROSENILDA MARIA DE SOUSA SANTOS, matricula no 31.054-
9, Encarregado do Nucleo de Manutencao Patrimonial"
10,Substituição de Funções, ROSIMAR GOMES DO NASCIMENTO,22.320-4,JOSE JUREMA DE SOUSA,23.428-3,"Gerente
da Gerencia de Gestao Patrimonial e Servicos Gerais ",DFG-11,nan,nan,nan,nan,nan,nan,nan,nan,"Designar ROSIMAR GOMES DO NASCIMENTO, matricula no 22.320-4, Tecnico de Admi-
nistracao Publica, para substituir JOSE JUREMA DE SOUSA, matricula no 23.428-3, Gerente
da Gerencia de Gestao Patrimonial e Servicos Gerais , Simbolo DFG-11, da Diretoria de Suporte
Institucional, da Subsecretaria de Logistica e Modernizacao, por motivo de ferias regulamentares
do titular, no periodo de 31.12.2001 a 29.01.2002"
11,Substituição de Funções, ANA MARIA DE SOUSA GERVASIO,47.066-X,GILROSSE BRITO DE MATOS,106.658-7,"Chefe do
Nucleo de Telecomunicacoes",DFG-08,nan,nan,nan,nan,nan,nan,nan,nan,"Designar ANA MARIA DE SOUSA GERVASIO, matricula no 47.066-X, Auxiliar de Administra-
cao Publica, para substituir GILROSSE BRITO DE MATOS, matricula no 106.658-7, Chefe do
Nucleo de Telecomunicacoes, Simbolo DFG-08, da Gerencia de Gestao Patrimonial e Servicos
Gerais , da Diretoria de Suporte Institucional, da Subsecretaria de Logistica e Modernizacao, por
motivo de ferias regulamentares do titular, no periodo de 07.01.2002 a 05.02.2002"
12,Substituição de Funções, MARILSA BARBOSA PESSOA,38.711-8,OTACILIO BASTOS DOS SANTOS,96.780-7,"Encarrega-
do da Diretoria de Suporte Institucional",DFG-02,nan,nan,nan,nan,nan,nan,nan,nan,"Designar MARILSA BARBOSA PESSOA, matricula no 38.711-8, Auxiliar de Administracao
Publica, para substituir OTACILIO BASTOS DOS SANTOS, matricula no 96.780-7, Encarrega-
do da Diretoria de Suporte Institucional, Simbolo DFG-02, da Diretoria de Suporte Institucional,
da Subsecretaria de Logistica e Modernizacao, por motivo de ferias regulamentares do titular, no
periodo de 02.01.2002 a 31.01.2002"
13,Substituição de Funções, ALAN JOSE CESAR P,nan,nan,nan,nan,nan,nan,nan,nan,nan,nan,nan,nan,nan,Designar ALAN JOSE CESAR P
14,Substituição de Funções, RITA DE CASSIA RODRIGUES,92.154-8,LEILA CARLA DA SILVA,32.166-4,"Encarregado do Nu-
cleo de Arquivo e Microfilmagem",DFG-02,nan,nan,nan,nan,nan,nan,nan,nan,"Designar RITA DE CASSIA RODRIGUES, matricula no 92.154-8, Auxiliar de Administracao
Publica, para substituir LEILA CARLA DA SILVA, matricula no 32.166-4, Encarregado do Nu-
cleo de Arquivo e Microfilmagem, Simbolo DFG-02, da Gerencia de Documentacao, da Diretoria
de Suporte Institucional, Subsecretaria de Logistica e Modernizacao, por motivo de ferias regu-
lamentares do titular no periodo de 31.12.2001 a 29.01.2002"
15,Substituição de Funções, IRENE FERNANDES DA SILVA ANDRADE,30.692-4,MANOEL GOMES FERREIRA NETO,94.445-9,"Encarregado do Nucleo de Apro-
visionamento",DFG-02,nan,nan,nan,nan,nan,nan,nan,nan,"Designar IRENE FERNANDES DA SILVA ANDRADE, matricula no 30.692-4, para substituir
MANOEL GOMES FERREIRA NETO, matricula no 94.445-9, Encarregado do Nucleo de Apro-
visionamento, Simbolo DFG-02, da Gerencia de Manutencao de Veiculos, da Diretoria de Trans-
portes da Subsecretaria de Logistica e Modernizacao, por motivo de ferias regulamentares do
titular no periodo de 03.12.2001 a 01.01.2002 MARIA CECILIA S"
16,Substituição de Funções, a servidora MARIA DAS DORES SOUSA,042.497-8,"o servidor WELLINTON MAGNO TEODOSIO DOS
SANTOS",nan,nan,DFG-2,nan,nan,nan,nan,nan,nan,nan,nan,"Designar a servidora MARIA DAS DORES SOUSA, Auxiliar de Administracao Publica,
matricula no 042.497-8, para substituir o servidor WELLINTON MAGNO TEODOSIO DOS
SANTOS, Encarregado da Diretoria de Apoio Operacional desta Secretaria, simbolo DFG-2, no
periodo de 07.01 a 05.02.2002, por motivos de ferias regulamentares do titular"
17,Substituição de Funções, a servidora MONICA LIMEIRA DA SILVA,038.911-0,o servidor MAURO DA SILVA LIMA,nan,nan,DFG-2,nan,nan,nan,nan,nan,nan,nan,nan,"Designar a servidora MONICA LIMEIRA DA SILVA, Tecnica de Administracao Publi-
ca, matricula no 038.911-0, para substituir o servidor MAURO DA SILVA LIMA, Encarregado
da Diretoria de Apoio Operacional desta Secretaria, simbolo DFG-2, no periodo de 07.01 a
05.02.2002, por motivos de ferias regulamentares do titular"
18,Substituição de Funções, o servidor CLAUDIO ROBERTO JESUS DE OLIVEIRA,031.324-6,a servidora SUELY SA,nan,nan,DFG-2,nan,nan,nan,nan,nan,nan,nan,nan,"Designar o servidor CLAUDIO ROBERTO JESUS DE OLIVEIRA, Auxiliar de
Administracao Publica, matricula no 031.324-6, para substituir a servidora SUELY SA-                                                                       Diario Oficial do Distrito Federal
PAGINA   45
No 237, quinta-feira, 13 de dezembro de 2001 LES DE ALMEIDA, Encarregada da Diretoria de Apoio Operacional desta Secretaria,
simbolo DFG-2, no periodo de 06.08.2001 a 02.02.2002, por motivos de ferias regula-
mentares e licenca gestante da titular, ficando sem efeito, a Portaria no 468, de 23.08.2001,
desta Secretaria"
19,Substituição de Funções, LUIZ CARLOS SOARES MONTEIRO,30.356-9,PAU,33.652-1,nan,DFG-11,nan,nan,nan,nan,nan,nan,nan,nan,"Designar LUIZ CARLOS SOARES MONTEIRO, matricula no 30.356-9, para substituir PAU-
LO LOPES, matricula no 33.652-1, Chefe, Simbolo DFG-11, da Agencia de Atendimento da
Receita - Brazlandia, da Gerencia de Atendimento ao Contribuinte da Subsecretaria da Receita da
Secretaria de Fazenda e Planejamento do Distrito Federal, no periodo de 7 a 21 de dezembro de
2001, por motivo de ferias regulamentares"
20,Substituição de Funções, SISLENE DE SOUZA DIAS,46.222-5,"REGINALDO
LIMA DE JESUS",35.206-3,Chefe,DFG-11,nan,nan,nan,nan,nan,nan,nan,nan,"Designar SISLENE DE SOUZA DIAS, matricula no 46.222-5, para substituir REGINALDO
LIMA DE JESUS, matricula no 35.206-3, Chefe, Simbolo DFG-11, da Agencia de Atendimento
da Receita - Gama, da Gerencia de Atendimento ao Contribuinte da Subsecretaria da Receita da
Secretaria de Fazenda e Planejamento do Distrito Federal, no periodo de 31 de dezembro de 2001
a 19 de janeiro de 2002, por motivo de ferias regulamentares"
21,Substituição de Funções,  ALESSANDRA SANCHEZ,49.949-8,"o Chefe
da Assessoria Tecnico",nan,nan,CNE-06,nan,nan,nan,nan,nan,nan,nan,nan,"Designar  ALESSANDRA SANCHEZ, matricula no 49.949-8, Assessor, para substituir o Chefe
da Assessoria Tecnico-Legislativa, da Secretaria de Estado de Educacao do Distrito Federal,
Simbolo CNE-06, no periodo de 12 de dezembro a 31 de dezembro de 2001, por motivo de ferias
de seu titular"
22,Substituição de Funções, FABIO FERNANDES DE REZENDE,36.107-0,nan,nan,nan,nan,nan,nan,nan,nan,nan,nan,nan,nan,"Designar FABIO FERNANDES DE REZENDE, matricula no 36.107-0, como executor do
Acordo firmado entre a Secretaria de Estado de Educacao do Distrito Federal e a Embaixada da
Republica do Chile em Brasilia"
23,Substituição de Funções, os servidores,nan,nan,nan,nan,nan,nan,nan,nan,nan,nan,nan,nan,nan,"Designar os servidores, abaixo relacionados, para substituirem titulares de cargos em comissao, na Escola
de Aperfeicoamento dos Profissionais da Educacao, por motivo de ferias regulamentares dos titulares"
24,Substituição de Funções, os servidores,nan,nan,nan,nan,nan,nan,nan,nan,nan,nan,nan,nan,nan,"Designar os servidores, abaixo relacionados, para substituirem titulares de cargos em comissao,
da Diretoria de Apoio Pedagogico, por motivo de ferias regulamentares dos titulares"
25,Substituição de Funções, os servidores Wanderley Macedo de Almeida,nan,nan,nan,nan,nan,nan,nan,nan,nan,nan,nan,nan,nan,"Designar os servidores Wanderley Macedo de Almeida, Assistente Superior de Saude -
Medico Cirurgia Geral, matricula no"
26,Substituição de Funções,  a servidora Elenith Jose de Almeida,113.847-2,a servidora Erismar Brito Barros,nan,"Chefe de
Nucleo de Enfermagem CSB-14",DFG,nan,nan,nan,nan,nan,nan,nan,nan,"DESIGNAR  a servidora Elenith Jose de Almeida, CE - Enfermeiro, Matricula: 118.176-
9, para substituir a servidora Erismar Brito Barros, Matricula 113.847-2, Chefe de
Nucleo de Enfermagem CSB-14, da Direcao Regional de Saude da Asa Norte, simbolo
DFG - 05, no periodo 07 a 26 de janeiro de 2002, por motivo de ferias, conforme MEMO
109/2001 - CSB- 14"
27,Substituição de Funções, oa servidor Rubens Batista de Oliveira,nan,nan,nan,nan,nan,nan,nan,nan,nan,nan,nan,nan,nan,"DESIGNAR oa servidor Rubens Batista de Oliveira, Ag"
28,Substituição de Funções,  a servidora Lilia Stela de Carvalho,132.450-1,a servidora Estela Maria Teixeira Emidio de Andrade,nan,"Chefe do
Nucleo do Servico Social/HRAN ",DFG,nan,nan,nan,nan,nan,nan,nan,nan,"DESIGNAR  a servidora Lilia Stela de Carvalho, Assistente Social, Matricula: 115.960-7, para
substituir a servidora Estela Maria Teixeira Emidio de Andrade, Matricula 132.450-1, Chefe do
Nucleo do Servico Social/HRAN , da Direcao Regional de Saude da Asa Norte, simbolo DFG - 05,
no periodo 14 de Fevereiro a 15 de Marco de 2002, por motivo de ferias, conforme MEMO 94/
2001 - NSS/HRAN"
29,Substituição de Funções,  a servidora Ana Regina Porfirio,nan,nan,nan,nan,nan,nan,nan,nan,nan,nan,nan,nan,nan,"DESIGNAR  a servidora Ana Regina Porfirio, Art"
30,Substituição de Funções, os servidores JOAO VIEIRA LOPES,nan,nan,nan,nan,nan,nan,nan,nan,nan,nan,nan,nan,nan,"DESIGNAR os servidores JOAO VIEIRA LOPES, matr"
31,Substituição de Funções, a servidora MARGARIDA PACHECO DE OLIVEIRA,133418-2,"a Chefe do Nucleo de Nutricao e Dietetica da Gerencia Medica e
Assistencial do Hospital Regional de Brazlandia da Secretaria de Estado  de Saude do Distrito
Federal",nan,nan,nan,nan,nan,nan,nan,nan,nan,nan,nan,"Designar a servidora MARGARIDA PACHECO DE OLIVEIRA, Matricula 133418-2, ASS -
Nutricionista, para substituir a Chefe do Nucleo de Nutricao e Dietetica da Gerencia Medica e
Assistencial do Hospital Regional de Brazlandia da Secretaria de Estado  de Saude do Distrito
Federal, DFG-05, nos periodos de 11 a 30 de janeiro de 2.002 e 01 de fevereiro de 2002 a 02 de
marco de 2.002, por motivo de ferias e licenca premio da titular, respectivamente"
32,Substituição de Funções, a servidora ROSA MARIA MACEDO VALOIS,127975-0," o Chefe do Nucleo de Pessoal da Gerencia de Apoio Operacional
do Hospital Regional de Brazlandia da Secretaria de Estado de Saude do Distrito Federal",nan,nan,nan,nan,nan,nan,nan,nan,nan,nan,nan,"Designar a servidora ROSA MARIA MACEDO VALOIS, Matricula 127975-0, AIS-II - Agente
Administrativo, para substituir  o Chefe do Nucleo de Pessoal da Gerencia de Apoio Operacional
do Hospital Regional de Brazlandia da Secretaria de Estado de Saude do Distrito Federal, DFG-
05, no periodo de 17 a 31 de janeiro de 2002, por motivo de ferias do titular"
33,Substituição de Funções, a servidora DEBORA CRISTINA NOGUEIRA NERY,140835-6,nan,nan,nan,nan,nan,nan,nan,nan,nan,nan,nan,nan,"Designar a servidora DEBORA CRISTINA NOGUEIRA NERY, Matricula 140835-6, Chefe do
Nucleo de Regulacao Controle e Avaliacao do Centro de Saude no"
34,Substituição de Funções, a servidora NELY DE ANDRADE AURELIANO,43954-1," a Secretaria Administrativa do Setor de Recepcao do
Nucleo de Patologia Clinica da Gerencia de Atencao Medica e Assistencial do Hospital Regional
de Brazlandia da Secretaria de Estado de Saude do Distrito Federal",nan,nan,nan,nan,nan,nan,nan,nan,nan,nan,nan,"Designar a servidora NELY DE ANDRADE AURELIANO, Matricula 43954-1, Auxiliar de
Administracao Publica, para substituir  a Secretaria Administrativa do Setor de Recepcao do
Nucleo de Patologia Clinica da Gerencia de Atencao Medica e Assistencial do Hospital Regional
de Brazlandia da Secretaria de Estado de Saude do Distrito Federal, DFA-03, no periodo de 02 a
31 de janeiro de 2002, por motivo de ferias da titular"
35,Substituição de Funções, os membros permanentes da Comissao de Sindicancia ELZA MARIA AZEVEDO,132807-7,nan,108512-3,nan,nan,nan,nan,nan,nan,nan,nan,nan,nan,"Designar os membros permanentes da Comissao de Sindicancia ELZA MARIA AZEVEDO,
Matricula 132807-7, ASS-Assistente Social, MARIA DA PENHA SILVEIRA MELO, Matricu-
la 113856-1, AIS-Agente Administrativo e JOAO DE ARANI ALVES DE SOUZA, Matricula
108512-3, AIS-Agente Administrativo para sob a presidencia do primeiro constituir a Comissao
de Sindicancia para apurar os fatos constantes no processo no"
36,Substituição de Funções, os membros GISELA RIBEIRO BARBOSA,129276-5,nan,134374-2,nan,nan,nan,nan,nan,nan,nan,nan,nan,nan,"Designar os membros GISELA RIBEIRO BARBOSA, Matricula137424-9, CE-Enfermeira, LUIZ
CARLOS BELMONTE DE BARROS, Matricula 129276-5, CM-Medico Ginecologia/Obste-
tricia, Gerente da Gerencia de  Atencao Medica  e Assitencial/DRS/HRBz, CLAUDIA SIMONE
CAMARGO GOUVEIA SCHNEIDER, Matricula 134374-2, CM-Medica Pediatra, Chefe da
Unidade de Pediatria/GAMA/HRBz, JOSENICE DE ARAUJO  SILVA GOMES, Matricula
132447-0, CM-Medica Ginecologia, Chefe da Unidade de Ginecologia/Obstetricia/GAMA/HRBz,
NATERCIO DE SOUSA FREITAS, Matricula 115795-7, CM-Medico Clinica Medica, Coorde-
nador da Unidade de Clinica Medica/GAMA/HRBz, SEISSIRO UTSUMI"
37,Substituição de Funções, a servidora Maria de Paula Souza Vasques,125.786-2,a Chefe do Nucleo de Enfermagem do Centro de Saude no,nan,nan,DF-05,nan,nan,nan,nan,nan,nan,nan,nan,"DESIGNAR a servidora Maria de Paula Souza Vasques, Enfermeira, matricula 125.786-2,  para
substituir a Chefe do Nucleo de Enfermagem do Centro de Saude no 01 da Diretoria Regional de Saude
de Sao Sebastiao, Simbolo DF-05, no periodo de 10 de Janeiro de 2002 a 08 de Fevereiro de 2002, por
motivo de ferias da titular, conforme Memorando no 073/2001 - NENFE/CS de 13/09/2001"
38,Substituição de Funções, o servidor GERARDO ARAUJO DE LIMA,nan,nan,nan,nan,nan,nan,nan,nan,nan,nan,nan,nan,nan,"Designar o servidor GERARDO ARAUJO DE LIMA, mat"
39,Substituição de Funções, a servidora MARIA LYDIA JUNQUEIRA FERREIRA,nan,nan,nan,nan,nan,nan,nan,nan,nan,nan,nan,nan,nan,"Designar a servidora MARIA LYDIA JUNQUEIRA FERREIRA, mat"
40,Substituição de Funções, o servidor EDMAR CARRUSCA DE OLIVEIRA,nan,nan,nan,nan,nan,nan,nan,nan,nan,nan,nan,nan,nan,"Designar o servidor EDMAR CARRUSCA DE OLIVEIRA, mat"
41,Substituição de Funções, a servidora DANIELA MARTINS MACHADO,nan,nan,nan,nan,nan,nan,nan,nan,nan,nan,nan,nan,nan,"Designar a servidora DANIELA MARTINS MACHADO, mat"
42,Substituição de Funções, a servidora PATRICIA FERREIRA AMARAL,93.836-X,o servidor JULIO ALVES,93.814-9,"Auxiliar de
Atividades Rodoviarias",DFG-09,nan,nan,nan,nan,nan,nan,nan,nan,"Designar a servidora PATRICIA FERREIRA AMARAL, matricula 93.836-X, Auxiliar de Ativi-
dades Rodoviarias, para substituir o servidor JULIO ALVES, matricula 93.814-9, Auxiliar de
Atividades Rodoviarias, Chefe do Nucleo de Trafego/DITEC, simbolo DFG-09, no periodo de
14/01/2002 a 12/02/2002, por motivo de ferias regulamentares do titular"
43,Substituição de Funções, o servidor ANTONIO VICENTE RIBEIRO DE CARVALHO,93.995-1,o servidor JOSE ALVES MOREIRA,93.115-2,Tecnico de Atividades Rodoviarias,DFG-01,nan,nan,nan,nan,nan,nan,nan,nan,"Designar o servidor ANTONIO VICENTE RIBEIRO DE CARVALHO, matricula 93.995-1,
Auxiliar de Atividades Rodoviarias, para substituir o servidor JOSE ALVES MOREIRA,
matricula 93.115-2, Tecnico de Atividades Rodoviarias, Encarregado de Obras de Arte II/2o
DR/DIOB, simbolo DFG-01, no periodo de 07/01/2002 a 05/02/2002, por motivo de ferias
regulamentares do titular"
44,Substituição de Funções, o servidor JOAO MARTINS DE OLIVEIRA SOBRINHO,94.321-5,o servidor PAULO IZIDORO DA SILVA,93.590-5,Tecnico de Atividades Rodoviarias,DFG-09,nan,nan,nan,nan,nan,nan,nan,nan,"Designar o servidor JOAO MARTINS DE OLIVEIRA SOBRINHO, matricula 94.321-5, Auxili-
ar de Atividades Rodoviarias, para substituir o servidor PAULO IZIDORO DA SILVA, matricula
93.590-5, Tecnico de Atividades Rodoviarias, Chefe do Nucleo de Conservacao Rodoviaria/2o
DR/DIOB, simbolo DFG-09, no periodo de 07/01/2002 a 05/02/2002, por motivo de ferias
regulamentares do titular"
45,Substituição de Funções, o servidor MILTON DOS SANTOS ROSA,94.159-X,o servidor APARECIDO JOSE DA FONSECA,"94.072-
0",Tecnico de Atividades Rodoviarias,DFG-01,nan,,nan,nan,nan,nan,nan,nan,"Designar o servidor MILTON DOS SANTOS ROSA, matricula 94.159-X, Auxiliar de
Atividades Rodoviarias, Encarregado de Manutencao Rodoviaria I/3o DR/DIOB, simbolo
DFG-01, para substituir o servidor APARECIDO JOSE DA FONSECA, matricula 94.072-
0, Tecnico de Atividades Rodoviarias, Chefe do Nucleo de Conservacao Rodoviaria/3o DR/
DIOB, simbolo DFG/09, no periodo de 07/01/2002 a 05/02/2002, por motivo de ferias
regulamentares do titular"
46,Substituição de Funções, o servidor ANDRE CALAZANS BARREIRA,93.795-9,o servidor JOSE MARIA SILVEIRA ZACARIAS,93.581-6,Tecnico de Atividades Rodoviarias,DFG-,nan,nan,nan,nan,nan,nan,nan,nan,"Designar o servidor ANDRE CALAZANS BARREIRA, matricula 93.795-9, Tecnico de Ativi-
dades Rodoviarias, para substituir o servidor JOSE MARIA SILVEIRA ZACARIAS, matricula
93.581-6, Tecnico de Atividades Rodoviarias, Chefe do Nucleo de Processamento de Dados/
CEINF, simbolo DFG- 09, no periodo de 02/01/2002 a 16/01/2002, por motivo de ferias regula-
mentares do titular"
47,Substituição de Funções, o servidor EDSON ENEDINO DAS CHAGAS,94.056-9,"a
servidora SUELI BARBOSA DE SOUSA",93.368-6,"Tecnico de Atividades Rodovia-
rias",DFG-02,nan,,nan,nan,nan,nan,nan,nan,"Designar o servidor EDSON ENEDINO DAS CHAGAS, matricula 94.056-9, Auxiliar de Ativi-
dades Rodoviarias, Encarregado de Vigilancia I/NSG/DIAFI, simbolo DFG-02, para substituir a
servidora SUELI BARBOSA DE SOUSA, matricula 93.368-6, Tecnico de Atividades Rodovia-
rias, Chefe do Nucleo de Servicos Gerais/DMS/DIAFI, simbolo DFG-09, no periodo de 07/01/
2002 a 05/02/2002, por motivo de ferias regulamentares da titular"
48,Substituição de Funções, o servidor NILO SERGIO MARQUES MAIA,93.570-0,o servidor PEDRO PAULO CORDEIRO CARA,93.749-5,nan,DFG-12,nan,nan,nan,nan,nan,nan,nan,nan,"Designar o servidor NILO SERGIO MARQUES MAIA, matricula 93.570-0, Tecnico de
Atividades Rodoviarias, para substituir o servidor PEDRO PAULO CORDEIRO CARA-
PITO, matricula 93.749-5, Analista de Atividades Rodoviarias, Gerente de Controle/CO-
PLAN, simbolo DFG-12, no periodo de 02/01/2002 a 31/01/2002, por motivo de ferias
regulamentares do titular"
49,Substituição de Funções, o Perito Criminal JOSE ALBERTO DE CARVALHO COUTINHO,23.911-,nan,nan,nan,DFG-11,nan,nan,nan,nan,nan,nan,nan,nan,"Designar o Perito Criminal JOSE ALBERTO DE CARVALHO COUTINHO, matricula no 23.911-
9, para responder pelo Instituto de Criminalistica/CPT/PCDF, Simbolo DFG-11, por motivo de
vacancia, no periodo de 13 a 29.08.2001"
50,Substituição de Funções, o Agente de Policia RAIMUNDO MAGNO DE O,nan,nan,nan,nan,nan,nan,nan,nan,nan,nan,nan,nan,nan,Designar o Agente de Policia RAIMUNDO MAGNO DE O
51,Substituição de Funções, o Perito Criminal MARCOS HENRIQUE DOS SANTOS,27.134-9,nan,nan,nan,DFG-05,nan,nan,nan,nan,nan,nan,nan,nan,"Designar o Perito Criminal MARCOS HENRIQUE DOS SANTOS, matricula no 27.134-9,
para exercer o Cargo em Comissao, Simbolo DFG-05, de Chefe da Secao de Planejamento Peda-
gogico/DTE/APC/PCDF"
52,Substituição de Funções, o Agente de Policia HUMBERTO RIZZI DE AZEVEDO,24.063-X,nan,nan,nan,DFG-05,nan,nan,nan,nan,nan,nan,nan,nan,"Designar o Agente de Policia HUMBERTO RIZZI DE AZEVEDO, matricula no 24.063-X,
para exercer o Cargo em Comissao, Simbolo DFG-05, de Chefe da Secao de Pesquisa e Doutrina/
DTE/APC/PCDF"
53,Substituição de Funções, o Agente de Policia JOSE ANGELO FERREIRA NETO,35.859-2,nan,nan,nan,DFG-02,nan,nan,nan,nan,nan,nan,nan,nan,"Designar o Agente de Policia JOSE ANGELO FERREIRA NETO, matricula no 35.859-2, para
exercer o Cargo em Comissao, Simbolo DFG-02, de Chefe da Secao de Operacoes Especiais II/DOE/PCDF"
54,Substituição de Funções, o Delegado de Policia JOSE AUGUSTO DA SILVA,42.454-4,nan,nan,nan,DFA-10,nan,nan,nan,nan,nan,nan,nan,nan,"Designar o Delegado de Policia JOSE AUGUSTO DA SILVA, matricula no 42.454-4, para
responder pela Assessoria da Coordenacao de Policia Especializada/PCDF, Simbolo DFA-10,
por motivo de vacancia, no periodo de 30.10"
55,Substituição de Funções, o Delegado de Policia RAIMUNDO WANDERLY ALVES DE MELO,24.816-9,nan,nan,nan,DFG-11,nan,nan,nan,nan,nan,nan,nan,nan,"Designar o Delegado de Policia RAIMUNDO WANDERLY ALVES DE MELO, matricula no
24.816-9, para responder pelo Delegado-Adjunto da Delegacia de Repressao a Pequenas Infra-
coes/CPE/PCDF, Simbolo DFG-11, por motivo de vacancia, no periodo de 25.10"
56,Substituição de Funções, o Escrivao de Policia ROSALIO DOS SANTOS SILVA,23.1851,o Escrivao de Policia LICIVALDO TORRES ANTUNES,24.784-7,"Chefe
do Cartorio/DRPI/CPE/PCDF",DFG-08,nan,nan,nan,nan,nan,nan,nan,nan,"Designar o Escrivao de Policia ROSALIO DOS SANTOS SILVA, matricula no 23.1851, para
substituir o Escrivao de Policia LICIVALDO TORRES ANTUNES, matricula no 24.784-7, Chefe
do Cartorio/DRPI/CPE/PCDF, Simbolo DFG-08, por motivo de licenca premio por assiduidade,
no periodo de 10.12.2001 a 08.01.2002"
57,Substituição de Funções, a Agente de Policia JURNDIR FERNANDES PEREIRA,58.215-8,a Agente de Policia ROSIMAR MACHADO SOUZA,25.524-6,Chefe do Setor de Apoio Administrativo/DA/IC/CPT/PCDF,DFG-05,nan,nan,nan,nan,nan,nan,nan,nan,"Designar a Agente de Policia JURNDIR FERNANDES PEREIRA, matricula no 58.215-8,
para substituir a Agente de Policia ROSIMAR MACHADO SOUZA, matricula no 25.524-6,
Chefe do Setor de Apoio Administrativo/DA/IC/CPT/PCDF, Simbolo DFG-05, por motivo de
ferias regulamentares, no periodo de 11.12.2001 a 09.01.2002"
58,Substituição de Funções, a Agente de Policia ANDREA RODRIGUES OLIVEIRA,58.089-,a Agente de Policia LUCIA BEZERRA SOARES,38.376-7,Chefe da Secao de Investigacao/DEAM/CPE/PCDF,DFG-02,nan,nan,nan,nan,nan,nan,nan,nan,"Designar a Agente de Policia ANDREA RODRIGUES OLIVEIRA, matricula no 58.089-
9, para substituir a Agente de Policia LUCIA BEZERRA SOARES, matricula no 38.376-7,
Chefe da Secao de Investigacao/DEAM/CPE/PCDF, Simbolo DFG-02, por motivo de
licenca premio por assiduidade, no periodo de 03.12.2001 a 01.01.2002"
59,Substituição de Funções, o Agente de Policia JEFFERSON MORAES FURTADO,35.333-7,o Agente de Policia ROBERTO PIMENTEL DA SILVA,27.818-1,Chefe da Secao de Investigacao/DH/CPE/PCDF,DFG-02,nan,nan,nan,nan,nan,nan,nan,nan,"Designar o Agente de Policia JEFFERSON MORAES FURTADO, matricula no 35.333-7,
para substituir o Agente de Policia ROBERTO PIMENTEL DA SILVA, matricula no 27.818-1,
Chefe da Secao de Investigacao/DH/CPE/PCDF, Simbolo DFG-02, por motivo de ferias regula-
mentares, no periodo de 11.12.2001 A 09.01.2002"
60,Substituição de Funções, o Agente de Policia JOSE NASCIMENTO DOS SANTOS NETO,47.632-3,o Agente de Policia JOSE LIBANIO OLIVEIRA DE ALBUQUER,36.019-8,nan,nan,nan,nan,nan,nan,nan,nan,nan,nan,"Designar o Agente de Policia JOSE NASCIMENTO DOS SANTOS NETO, matricula no
47.632-3, para substituir o Agente de Policia JOSE LIBANIO OLIVEIRA DE ALBUQUER-
QUE, matricula no 36.019-8, Chefe da Secao de Vigilancia/18a DP/CPC/PCDF, por motivo de
licenca premio por assiduidade, no periodo de 19.11"
61,Substituição de Funções, o Agente de Policia VANDERLEI MENDES BRANDAO,48.107-6,o Agente de Policia PETRONAH DE CASTRO E SILVA,25.525-4,Chefe da Secao de Recuperacao/DMV/DAG/PCDF,DFG-02,nan,nan,nan,nan,nan,nan,nan,nan,"Designar o Agente de Policia VANDERLEI MENDES BRANDAO, matricula no 48.107-6,
para substituir o Agente de Policia PETRONAH DE CASTRO E SILVA, matricula no 25.525-4,
Chefe da Secao de Recuperacao/DMV/DAG/PCDF, Simbolo DFG-02, por motivo de ferias
regulamentares, no periodo de 10 a 29.01.2002"
62,Substituição de Funções, os servidores VENICIO ANTONIO MARTINS DA SILVA,58.536-X,nan,43.644-5,nan,nan,nan,nan,nan,nan,nan,nan,nan,nan,"Designar os servidores VENICIO ANTONIO MARTINS DA SILVA, Agente de Policia, matri-
cula no 34.138-X, ALINE CASSIA CANDIA, Agente de Policia, matricula no 58.536-X, lotados
na Divisao de Recursos Materiais; e PAULO PEREIRA LIMA, Agente de Policia, matricula no
43.644-5, lotado na Divisao de Manutencao de Veiculos, para, sob a presidencia do primeiro, ate
o dia 31/01/2002, realizar o Inventario dos Almoxarifados da Divisao de Recursos Materiais/
DRM e da Divisao de Manutencao de Veiculos/DMV, relativo ao exercicio financeiro de 2001"
63,Substituição de Funções, a servidora ELODYR GONCALVES DE SOUZA GOMES,1650337-8,nan,nan,nan,nan,nan,nan,nan,nan,nan,nan,nan,nan,"Designar a servidora ELODYR GONCALVES DE SOUZA GOMES, matricula 1650337-8,
Tecnica de Administracao Publica, para, na qualidade de Executor Tecnico e sem prejuizo de
suas atribuicoes normais, acompanhar o cumprimento do  Contrato no 77/2001-FAC, cele-
brado entre o Distrito Federal atraves da Secretaria de Estado  de Cultura e a empresa
ARTEVIVA PRODUCOES ARTISTICAS LTDA"
64,Substituição de Funções, a servidora ELIETE PEREERA DA SILVA,1650409-7,nan,nan,nan,nan,nan,nan,nan,nan,nan,nan,nan,nan,"Designar a servidora ELIETE PEREERA DA SILVA, matricula 1650409-7, Tecnica de
Administracao Publica, para, na qualidade de Executor Tecnico e sem prejuizo de suas
atribuicoes normais, acompanhar o cumprimento do  Contrato no 79/2001-FAC, celebrado
entre o Distrito Federal atraves da Secretaria de Estado  de Cultura e a empresa ALAYA
ARTE DO MOVIMENTO COMPANHIA DE DANCA"
65,Substituição de Funções, o servidor LIRISMAR JOSE DE BARROS,96.800-5,nan,nan,nan,nan,nan,nan,nan,nan,nan,nan,nan,nan,"Designar o servidor LIRISMAR JOSE DE BARROS, matricula 96.800-5, Assistente do Polo de
Cinema e Video/SEC, para, na qualidade de Executor Tecnico e sem prejuizo de suas atribuicoes
normais, acompanhar o cumprimento do  Contrato no 80/2001-FAC, celebrado entre o Distrito
Federal atraves da Secretaria de Estado  de Cultura e a empresa BPP PRODUCOES AUDIOVI-
SUAIS LTDA"
66,Substituição de Funções, nos termos do Decreto,n.o,ROBERTO JOSE ROCHA GOMES,n.o 105.114-8,"Chefe do
Nucleo de Licenciamento de Exploracao Mineral",DFA-02,nan,,nan,nan,nan,nan,nan,nan,"Designar nos termos do Decreto 21.816 de 12.12.2000, a servidora NILDA SOARES DE MA-
TOS, matricula n.o 105.112-1, Encarregada da Gerencia de Monitoramento Ambiental, simbolo
DFA-02, para substituir ROBERTO JOSE ROCHA GOMES, matricula n.o 105.114-8, Chefe do
Nucleo de Licenciamento de Exploracao Mineral, Simbolo DFG-09, da Gerencia de Licenciamen-
to de Obras e Exploracao Mineral,  da Secretaria de Meio Ambiente e Recursos Hidricos, no
periodo de 03.12.2001 a 22.12.2001,  por motivo de ferias regulamentares"
67,Substituição de Funções, nos termos do Decreto,n.o,nan,n.o 105.156-3,nan,DFG-12,nan,nan,nan,nan,nan,nan,nan,nan,"Designar nos termos do Decreto 21.816 de 12.12.2000, o servidor ANTONIO ADRIANO
BANDEIRA CHAVES, matricula n.o 37.639-6, Analista de Administracao Publica, para substi-
tuir RODRIGO TEIXEIRA ALVES, matricula n.o 105.156-3, Gerente, Simbolo DFG-12, da
Gerencia de Licenciamento de Industrias e Outras Atividades, da Diretoria de Licenciamento,                                                                       Diario Oficial do Distrito Federal
PAGINA   51
No 237, quinta-feira, 13 de dezembro de 2001 Fiscalizacao e Monitoramento Ambiental, da Subsecretaria do Meio Ambiente, da Secretaria de
Meio Ambiente de Recursos Hidricos do Distrito Federal, no periodo de 02.01.2002 a 16.01.2002,
por motivo de ferias regulamentares do titular"
68,Substituição de Funções, nos termos do Decreto,n.o,CORINTO MIRANDA JUNIOR,n.o 108.742-8,Chefe da Assessoria Tecnico-Legislativa,DFA-11,nan,,nan,nan,nan,nan,nan,nan,"Designar nos termos do Decreto 21.816 de 12.12.2000, o servidor FRANCO SELANI, matricula
n.o 105.161-X, Assessor, Simbolo DFA-11, para substituir CORINTO MIRANDA JUNIOR,
matricula n.o 108.742-8, Chefe da Assessoria Tecnico-Legislativa, Simbolo DFG-14, da Secreta-
ria de Meio Ambiente de Recursos Hidricos do Distrito Federal, no periodo de 31.12.2001 a
19.01.2002 e 21.01.2002 a 30.01.2002,  por motivo de ferias regulamentares do titular"
69,Substituição de Funções, DILTON BATISTA SILVA,30.967-2,MARIO GERAL,46.150-4,nan,DFG-14,nan,nan,nan,nan,nan,nan,nan,nan,"Designar DILTON BATISTA SILVA, matricula no 30.967-2, para substituir MARIO GERAL-
DO ABREU DE MACEDO, matricula no 46.150-4, Chefe de Gabinete, Simbolo DFG-14, de 01/
12/2001 a 15/12/2001, por motivo de ferias regulamentares"
70,Substituição de Funções, JOSE NUNES SOARES,93.035-0,"ANA MARLINDA
SOARES",94.266-9,"Chefe de Secao de Documentacao e Comunicacao Administra-
tiva",DFG-08,nan,nan,nan,nan,nan,nan,nan,nan,"Designar JOSE NUNES SOARES, matricula no 93.035-0, para substituir ANA MARLINDA
SOARES, matricula no 94.266-9, Chefe de Secao de Documentacao e Comunicacao Administra-
tiva, Simbolo DFG-08, de 03/12/2001 a 17/12/2001, por motivo de ferias regulamentares"
71,Substituição de Funções, JOSE NUNES SOARES,93.035-0,"PAULO ANTONIO
DAVID FRANCO",80.140-2,Chefe de Servico de Manutencao Geral,DFG-11,nan,nan,nan,nan,nan,nan,nan,nan,"Designar JOSE NUNES SOARES, matricula no 93.035-0, para substituir PAULO ANTONIO
DAVID FRANCO, matricula no 80.140-2, Chefe de Servico de Manutencao Geral, Simbolo
DFG-11, de 07/01/2002 a 21/01/2002, por motivo de ferias regulamentares"
72,Substituição de Funções, LUIZ ANTONIO VIDAL CHAMON,80.142-9,FRAN,31.785-3,nan,DFG-11,nan,nan,nan,nan,nan,nan,nan,nan,"Designar LUIZ ANTONIO VIDAL CHAMON, matricula no 80.142-9, para substituir FRAN-
CISCO JORGIVAN MACHADO LEITAO, matricula no 31.785-3, Chefe de Servico de Conta-
bilidade, Simbolo DFG-11, de 07/01/2002 a 21/01/2002, por motivo de ferias regulamentares"
73,Substituição de Funções, o servidor ROBSON DA SILVA LINS,98.722-0,por motivo de ferias,nan,nan,nan,nan,nan,nan,nan,nan,nan,nan,nan,"Designar o servidor ROBSON DA SILVA LINS, matricula no 98.722-0, DFG-14 , Diretor
de Credito Imobiliario da Subsecretaria de Promocao a Moradia da Secretaria de Estado de
Desenvolvimento Urbano e Habitacao do Distrito Federal, para substituir por motivo de ferias,
sem prejuizo de suas atribuicoes, HAMILTON DE ALMEIDA RAMOS, maticula no 98.851-0,
CNE-05, Subsecretario da Subsecretaria de  Promocao a Moradia da Secretaria de Estado de
Desenvolvimento Urbano e Habitacao do Distrito Federal, no periodo de 03.12.2001 a 01.01.2001"
74,Substituição de Funções, o servidor AMPHRISIO ROMEIRO FILHO,43.750-6,nan,93.980-3,nan,DFG-12,nan,nan,nan,nan,nan,nan,nan,nan,"Designar o servidor AMPHRISIO ROMEIRO FILHO, matricula no 43.750-6, Chefe da Secao de
Orcamento e Financas, da Divisao de Administracao Geral, para substituir, sem prejuizo de suas
atribuicoes, o servidor SEBASTIAO RODRIGUES DE SOUZA, matricula no 93.980-3, Simbolo
DFG-12, Diretor da Divisao de Administracao Geral, da Administracao Regional da Candangolandia,
da Secretaria de Estado de Coordenacao das Administracoes Regionais do Distrito Federal, no periodo
de 03 de dezembro de 2001 a 01 de janeiro de 2002, por motivo de ferias regulamentares do titular"
75,Substituição de Funções, a servidora MONICA LOBO BURLE,36.479-7,nan,94.098-4,nan,DFG-12,nan,nan,nan,nan,nan,nan,nan,nan,"Designar a servidora MONICA LOBO BURLE, matricula no 36.479-7, Inspetor de Atividades
Urbanas, para substituir, sem prejuizo de suas atribuicoes, o servidor EULER JUNQUEIRA
PEREIRA, matricula no 94.098-4, Simbolo DFG-12, Diretor da Divisao de Regional de Obras e
Servicos Publicos, da Administracao Regional da Candangolandia, da Secretaria de Estado de
Coordenacao das Administracoes Regionais do Distrito Federal, no periodo de 14 a 28 de dezem-
bro de 2001, por motivo de ferias regulamentares do titular"
76,Substituição de Funções, a servidora ROSANGELA MOURAO ALVES DOS REIS,108.501-8,nan,24.404-X,nan,DFG-12,nan,nan,nan,nan,nan,nan,nan,nan,"Designar a servidora ROSANGELA MOURAO ALVES DOS REIS, matricula no 108.501-8,
Chefe do Servico de Aprovacao de Projetos, da Divisao Regional de Aprovacao, Licenciamento e
Fiscalizacao, para substituir, sem prejuizo de suas atribuicoes, o servidor SERGIO FERNAN-
DES FERREIRA, matricula no 24.404-X, Simbolo DFG-12, Diretor da Divisao Regional de
Aprovacao, Licenciamento e Fiscalizacao, da Administracao Regional da Candangolandia, da
Secretaria de Estado de Coordenacao das Administracoes Regionais do Distrito Federal, no
periodo de 07 a 21 de dezembro de 2001, por motivo de ferias regulamentares do titular"
77,Substituição de Funções, o servidor BENJAMIM RODRIGUES PEREIRA,108.536-0,nan,106.550-5,nan,DFG-12,nan,nan,nan,nan,nan,nan,nan,nan,"Designar o servidor BENJAMIM RODRIGUES PEREIRA, matricula no 108.536-0, Assessor
da Assessoria Tecnica, para substituir, sem prejuizo de suas atribuicoes, o servidor JOSE JOAO
LOBATO FILHO, matricula no 106.550-5, Simbolo DFG-12, Chefe da Assessoria Tecnica, da
Administracao Regional de Sobradinho, da Secretaria de Estado de Coordenacao das Administra-
coes Regionais do Distrito Federal, no periodo de 03 de  dezembro de 2001 a 01 de janeiro de
2002,  por motivo de ferias regulamentares do titular"
78,Substituição de Funções, o servidor ORLANDO RAMOS,96.274-0,nan,93.965-X,nan,DFG-08,nan,nan,nan,nan,nan,nan,nan,nan,"Designar o servidor ORLANDO RAMOS, matricula no 96.274-0, Secretario Administrativo da
Assessoria Tecnica, para substituir, sem prejuizo de suas atribuicoes, a servidora MARIA WIL-
MA VERAS ALVES, matricula no 93.965-X, Simbolo DFG-08, Chefe da Secao de Pessoal, da
Divisao de Administracao Geral, da Administracao Regional do Cruzeiro, da Secretaria de Estado
de Coordenacao das Administracoes Regionais do Distrito Federal, no periodo de 03, 04, 05, 06,
e 07 de dezembro de 2001, em virtude do gozo do abono anual do titular"
79,Substituição de Funções, o servidor MARIO EDUARDO DONIZETTI ROCHA,101.043-3,nan,"96.283-
X",nan,DFG-02,nan,nan,nan,nan,nan,nan,nan,nan,"Designar o servidor MARIO EDUARDO DONIZETTI ROCHA, matricula no 101.043-3,
Tecnico de Desenvolvimento Agropecuario, para substituir, sem prejuizo de suas atribui-
coes, o servidor GLEYSON ADROVANO CARNEIRO MACHADO, matricula no 96.283-
X, Simbolo DFG-02, Encarregado da Divisao Regional de Agricultura, da Administracao
Regional do Nucleo Bandeirante, da Secretaria de Estado de Coordenacao das Administra-
coes Regionais do Distrito Federal, no periodo de 10 a 24 de dezembro de 2001, por motivo
de ferias regulamentares do titular"
80,Substituição de Funções, o servidor VALTER DA SILVA AGUIAR,94.523-4,nan,106.796-6,nan,DFG-12,nan,nan,nan,nan,nan,nan,nan,nan,"Designar o servidor VALTER DA SILVA AGUIAR, matricula no 94.523-4, Diretor da Divisao
Regional de Obras, para substituir, sem prejuizo de suas atribuicoes, a servidora ERIDA MA-
CHADO BARBOSA, matricula no 106.796-6, Simbolo DFG-12, Diretor da Divisao Regional de
Licenciamento, da Administracao Regional  do Nucleo Bandeirante, da Secretaria de Estado de
Coordenacao das Administracoes Regionais do Distrito Federal, no periodo de 24 de novembro a
23 de dezembro de 2001, por motivo de ferias regulamentares do titular"
81,Substituição de Funções, o servidor MARIO EDUARDO DONIZETTI ROCHA,101.043-3,nan,95.452-7,nan,DFG-02,nan,nan,nan,nan,nan,nan,nan,nan,"Designar o servidor MARIO EDUARDO DONIZETTI ROCHA, matricula no 101.043-3, Tec-
nico de Desenvolvimento Agropecuario, para substituir, sem prejuizo de suas atribuicoes, o
servidor HONORIO ANTONIO PRATA JULIANO, matricula no 95.452-7, Simbolo DFG-02,
Encarregado da Divisao Regional de Agricultura, da Administracao Regional do Nucleo Bandei-
rante, da Secretaria de Estado de Coordenacao das Administracoes Regionais do Distrito Federal,
no periodo de 26 de dezembro de 2001 a 24 de janeiro de 2002, por motivo de ferias regulamen-
tares do titular"
82,Substituição de Funções, a servidora MARIA PEREIRA DOS REIS,38.655-3,nan,94.751-2,nan,DFG-02,nan,nan,nan,nan,nan,nan,nan,nan,"Designar a servidora MARIA PEREIRA DOS REIS, matricula no 38.655-3, Auxiliar de Adminis-
tracao Publica, para substituir, sem prejuizo de suas atribuicoes, a servidora DEBORA DA
CONCEICAO AVELAR, matricula no 94.751-2, Simbolo DFG-02, Encarregado da Secao de
Administracao de Bens Apreendidos, da Divisao de Administracao Geral, da Administracao
Regional do Nucleo Bandeirante, da Secretaria de Estado de Coordenacao das Administracoes
Regionais do Distrito Federal, no periodo de 26 de dezembro de 2001 a 24 de janeiro de 2002, por
motivo de ferias regulamentares do titular"
83,Substituição de Funções, o servidor LEOSARTE ALVES DA SILVA,30.567-7,nan,94.508-0,nan,DFG-05,nan,nan,nan,nan,nan,nan,nan,nan,"Designar o servidor LEOSARTE ALVES DA SILVA, matricula no 30.567-7, Tecnico de Adminis-
tracao Publica, para substituir, sem prejuizo de suas atribuicoes, o servidor ANTONIO JOSE
AMARAL DO NASCIMENTO, matricula no 94.508-0, Simbolo DFG-05, Chefe da Secao de Administracao de Bens Apreendidos, da Divisao de Administracao Geral, da Administracao
Regional do Nucleo Bandeirante, da Secretaria de Estado de Coordenacao das Administracoes
Regionais do Distrito Federal, no periodo de 28 de dezembro de 2001 a 06 de janeiro de 2002, por
motivo de ferias regulamentares do titular"
84,Substituição de Funções, o servidor SILVIO FRED COELHO,23.207-6,nan,43.468-X,nan,DFG-08,nan,nan,nan,nan,nan,nan,nan,nan,"Designar o servidor SILVIO FRED COELHO, matricula no 23.207-6, Tecnico de Administracao
Publica, para substituir, sem prejuizo de suas atribuicoes, a servidora JAILITA RIBEIRO DE
SOUZA RODRIGUES, matricula no 43.468-X, Simbolo DFG-08, Chefe da Secao de Material e
Patrimonio, da Divisao de Administracao Geral, da Administracao Regional do Nucleo Bandei-
rante, da Secretaria de Estado de Coordenacao das Administracoes Regionais do Distrito Federal,
no periodo de 03 a 12 de dezembro de 2001, por motivo de ferias regulamentares do titular"
85,Substituição de Funções, a servidora JOANA ALVES DE JESUS,27.466-6,nan,97.182-0,nan,DFG-02,nan,nan,nan,nan,nan,nan,nan,nan,"Designar a servidora JOANA ALVES DE JESUS, matricula no 27.466-6, Fiscal de Atividades
Urbanas, para substituir, sem prejuizo de suas atribuicoes, a servidora MAGDA MONTEIRO
DE SOUZA, matricula no 97.182-0, Simbolo DFG-02, Encarregado do Servico de Fiscalizacao
de Obras, da Divisao Regional de Fiscalizacao de Obras e Posturas, da Administracao Regional
do Nucleo Bandeirante, da Secretaria de Estado de Coordenacao das Administracoes Regionais
do Distrito Federal, no periodo de 17 a 31 de dezembro de 2001, por motivo de ferias regula-
mentares do titular"
86,Substituição de Funções, a servidora DENISE DOS SANTOS RODRIGUES,33.525-8,nan,94.347-9,nan,DFG-02,nan,nan,nan,nan,nan,nan,nan,nan,"Designar a servidora DENISE DOS SANTOS RODRIGUES, matricula no 33.525-8, Tecnico de
Administracao Publica, para substituir, sem prejuizo de suas atribuicoes, o servidor AURO
MARQUES DE OLIVEIRA, matricula no 94.347-9, Simbolo DFG-02, Encarregado do Servico
de Topografia, da Divisao Regional de Exame, Aprovacao e Elaboracao de Projetos, da Adminis-
tracao Regional do Nucleo Bandeirante, da Secretaria de Estado de Coordenacao das Administra-
coes Regionais do Distrito Federal, no periodo de 03 de dezembro de 2001 a 01 de janeiro de
2002, por motivo de ferias regulamentares do titular"
87,Substituição de Funções, o servidor JOSE ALIS AZEVEDO LIMA,28.948-5,nan,97.662-8,nan,DFG-12,nan,nan,nan,nan,nan,nan,nan,nan,"Designar o servidor JOSE ALIS AZEVEDO LIMA, matricula no 28.948-5, Chefe do Servico de
Licenciamento e Fiscalizacao, para substituir, sem prejuizo de suas atribuicoes, o servidor FRAN-
CISCO DORION DE MORAIS, matricula no 97.662-8, Simbolo DFG-12, Subadministrador
Regional do Riacho Fundo II, da Administracao Regional do Riacho Fundo, da Secretaria de
Estado de Coordenacao das Administracoes Regionais do Distrito Federal, no periodo de 03 a 12
de dezembro de 2001, por motivo de ferias regulamentares do titular"
88,Substituição de Funções, a servidora IOLANDA JOSE DE SOUZA RODRIGUES,95.117-X,nan,98.462-0,nan,DFG-10,nan,nan,nan,nan,nan,nan,nan,nan,"Designar a servidora IOLANDA JOSE DE SOUZA RODRIGUES, matricula no 95.117-X, En-
carregado do Servico de Administracao de Feiras, da Divisao Regional de Servicos Publicos, para
substituir, sem prejuizo de suas atribuicoes, o servidor MANOEL ANTONIO DA TRINDA-
DE, matricula no 98.462-0, Simbolo DFG-10, Chefe do Servico de Administracao de Feiras, da
Divisao Regional de Servicos Publicos, da Administracao Regional de Sobradinho, da Secretaria
de Estado de Coordenacao das Administracoes Regionais do Distrito Federal, no periodo de 01 a
30 de dezembro de 2001, por motivo de ferias regulamentares do titular"
89,Substituição de Funções, a servidora MARIA PEREIRA DOS REIS,38.655-3,nan,94.751-2,nan,DFG-02,nan,nan,nan,nan,nan,nan,nan,nan,"Designar a servidora MARIA PEREIRA DOS REIS, matricula no 38.655-3, Auxiliar de Adminis-
tracao Publica, para substituir, sem prejuizo de suas atribuicoes, a servidora DEBORA DA
CONCEICAO AVELAR, matricula no 94.751-2, Simbolo DFG-02, Encarregado da Secao de
Administracao de Bens Apreendidos, da Divisao de Administracao Geral, da Administracao
Regional do Nucleo Bandeirante, da Secretaria de Estado de Coordenacao das Administracoes
Regionais do Distrito Federal, no periodo de 17, 18, 19, 20, 21 de dezembro de 2001, em virtude
do gozo do abono anual do titular"
90,Substituição de Funções, o servidor GILSON JOSE DE OLIVEIRA,30.464-6,nan,97.807-8,nan,DFG-02,nan,nan,nan,nan,nan,nan,nan,nan,"Designar o servidor GILSON JOSE DE OLIVEIRA, matricula no 30.464-6, Tecnico de Administra-
cao Publica, para substituir, sem prejuizo de suas atribuicoes, a servidora HELENA FARIAS DE
SOUSA, matricula no 97.807-8, Simbolo DFG-02, Encarregado do Servico de Administracao de
Feiras, da Divisao Regional de Servicos Publicos, da Administracao Regional de Ceilandia, da
Secretaria de Estado de Coordenacao das Administracoes Regionais do Distrito Federal, no periodo
de 03 de dezembro de 2001 a 01 de janeiro de 2002, por motivo de ferias regulamentares do titular"
91,Substituição de Funções, a servidora APARECIDA COIMBRA FIDELIS,43.691-7,nan,96.071-3,nan,DFG-02,nan,nan,nan,nan,nan,nan,nan,nan,"Designar a servidora APARECIDA COIMBRA FIDELIS, matricula no 43.691-7, Auxiliar de
Administracao Publica, para substituir, sem prejuizo de suas atribuicoes, a servidora SONIA
MARIA DE CASTRO, matricula no 96.071-3, Simbolo DFG-02, Encarregado da Secao de Admi-
nistracao de Parques, da Divisao Regional de Servicos Publicos, da Administracao Regional de
Taguatinga, da Secretaria de Estado de Coordenacao das Administracoes Regionais do Distrito
Federal, no periodo de 03 de dezembro de 2001 a 01 de janeiro de 2002, por motivo de ferias
regulamentares do titular"
92,Substituição de Funções, o servidor MC ALLES DI ANDRADE CAMARGO,24.612-3,nan,94.417-3,nan,DFG-02,nan,nan,nan,nan,nan,nan,nan,nan,"Designar o servidor MC ALLES DI ANDRADE CAMARGO, matricula no 24.612-3, Fiscal de
Atividades Urbanas, para substituir, sem prejuizo de suas atribuicoes, a servidora ELAINE
CRISTINA GONCALVES matricula no 94.417-3, Simbolo DFG-02, Encarregado do Servico de
Fiscalizacao de Posturas, da Divisao Regional de Fiscalizacao de Obras e Posturas, da Adminis-
tracao Regional de Taguatinga, da Secretaria de Estado de Coordenacao das Administracoes
Regionais do Distrito Federal, no periodo de 18 de dezembro de 2001 a 16 de janeiro de 2002, por
motivo de ferias regulamentares do titular"
93,Substituição de Funções, o servidor EDILSON CARRUSCA DE OLIVEIRA,46.294-2,nan,93.295-7,nan,DFG-13,nan,nan,nan,"Secretaria de Estado de Coordenacao das Administracoes Regionais do Distrito Federal, no
periodo de 07 a 21 de dezembro 2001, por motivo de ferias regulamentares do titular",nan,nan,nan,nan,"Designar o servidor EDILSON CARRUSCA DE OLIVEIRA, Assessor da Gerencia de Suporte
as Administracoes Regionais, da Diretoria de Planejamento, Orcamento e Gestao das Acoes
Regionais, matricula no 46.294-2, sem prejuizo de suas atribuicoes, a servidora TELMA PEDRO-
SO CABRAL, matricula no 93.295-7, Simbolo DFG-13, de Gerente de Suporte as Administra-
coes Regionais, da Diretoria de Planejamento, Orcamento e Gestao das Acoes Regionais, da
Secretaria de Estado de Coordenacao das Administracoes Regionais do Distrito Federal, no
periodo de 07 a 21 de dezembro 2001, por motivo de ferias regulamentares do titular"
94,Substituição de Funções, o servidor LUIS INACIO MORAIS COSTA,24.731-6,nan,23.856-2,nan,DFG-10,nan,nan,nan,nan,nan,nan,nan,nan,"Designar o servidor LUIS INACIO MORAIS COSTA, Fiscal de Atividades Urbanas, matricula no
24.731-6, para substituir, sem prejuizo de suas atribuicoes, o servidor MARCO TULIO DO
AMARAL BARROS, matricula no 23.856-2, Simbolo DFG-10, Chefe do Servico de Fiscalizacao
de Obras, da Divisao Regional de Fiscalizacao de Obras e Posturas, da Administracao Regional de
Brazlandia, da Secretaria de Estado de Coordenacao das Administracoes Regionais do Distrito
Federal, no periodo de 07 a 21 de dezembro de 2001, por motivo de ferias regulamentares do titular"
95,Substituição de Funções, o servidor JUAREZ MENDONCA SIMPLICIO,108.754-1,nan,93.608-1,nan,DFG-12,nan,nan,nan,"Secretaria de Estado de Coordenacao das Administracoes Regionais do Distrito
Federal, no periodo de 17 a 31 de dezembro de 2001, por motivo de ferias regulamentares do
titular",nan,nan,nan,nan,"Designar o servidor JUAREZ MENDONCA SIMPLICIO, matricula no 108.754-1, Chefe do
Nucleo de Modernizacao, da Gerencia de Planejamento, para substituir, sem prejuizo de suas
atribuicoes, a servidora HILDRIA DE SANTANA LIMA SIMPLICIO, matricula no 93.608-1,
Simbolo DFG-12, de Diretor da Divisao de Administracao Geral, da Administracao Regional de
Santa Maria, da Secretaria de Estado de Coordenacao das Administracoes Regionais do Distrito
Federal, no periodo de 17 a 31 de dezembro de 2001, por motivo de ferias regulamentares do
titular"
96,Substituição de Funções, a servidora MIRIAN COSTA DE FARIA,42.625-3,nan,95.971-5,nan,DFG-02,nan,nan,nan,nan,nan,nan,nan,nan,"Designar a servidora MIRIAN COSTA DE FARIA, matricula no 42.625-3, Tecnico de Ad-
ministracao Publica, para substituir, sem prejuizo de suas atribuicoes, a servidora CELMA                                                                       Diario Oficial do Distrito Federal
PAGINA   55
No 237, quinta-feira, 13 de dezembro de 2001 MARIA DE OLIVEIRA, matricula no 95.971-5, Simbolo DFG-02, Encarregado do Servico
de Fiscalizacao de Posturas, da Divisao Regional de Fiscalizacao de Obras e Posturas, da
Administracao Regional de Brazlandia, da Secretaria de Estado de Coordenacao das Adminis-
tracoes Regionais do Distrito Federal, no periodo de 03 a 17 de dezembro de 2001, por
motivo de ferias regulamentares do titular"
97,Substituição de Funções, a servidora VERA LUCIA DA SILVA,91.273-5,nan,95.512-4,nan,DFG-02,nan,nan,nan,nan,nan,nan,nan,nan,"Designar a servidora VERA LUCIA DA SILVA, matricula no 91.273-5, Tecnico de Administra-
cao Publica, para substituir, sem prejuizo de suas atribuicoes, a servidora ROSANGELA
VIEIRA DE OLIVEIRA, matricula no 95.512-4, Simbolo DFG-02, Encarregado da Secao de
Promocoes, da Divisao Regional de Desporto, Lazer e Turismo, da Administracao Regional de
Brazlandia, da Secretaria de Estado de Coordenacao das Administracoes Regionais do Distrito
Federal, no periodo de 03 de dezembro de 2001 a 01 de janeiro de 2002, por motivo de ferias
regulamentares do titular"
98,Substituição de Funções, a servidora LELIANA PEREIRA MASCARENHA,94.895-0,nan,30.830-7,nan,DFG-12,nan,nan,nan,nan,nan,nan,nan,nan,"Designar a servidora LELIANA PEREIRA MASCARENHA, matricula no 94.895-0, Assistente,
para substituir, sem prejuizo de suas atribuicoes, a servidora IRANEIDE ALVES BESERRA,
matricula no 30.830-7, Simbolo DFG-12, Diretor da Divisao de Administracao Geral, da Adminis-
tracao Regional do Recanto das Emas, da Secretaria de Estado de Coordenacao das Administra-
coes Regionais do Distrito Federal, no periodo de 03 a 17 de dezembro de 2001, por motivo de
ferias regulamentares do titular"
99,Substituição de Funções, a servidora JOANA BEZERRA DE REZENDE,97.872-8,nan,106.998-5,nan,DFG-12,nan,nan,nan,"Secretaria de
Estado de Coordenacao das Administracoes Regionais do Distrito Federal, no periodo de 06 de
dezembro de 2001 a 04 de janeiro de 2002, por motivo de ferias regulamentares do titular",nan,nan,nan,nan,"Designar a servidora JOANA BEZERRA DE REZENDE, matricula no 97.872-8, Assistente da
Divisao Regional de Servicos Publicos, para substituir, sem prejuizo de suas atribuicoes, o
servidor DIVINO ROSA DE SOUZA, matricula no 106.998-5, Simbolo DFG-12, de Diretor da
Divisao Regional de Servicos Publicos, da Administracao Regional de Taguatinga, da Secretaria de
Estado de Coordenacao das Administracoes Regionais do Distrito Federal, no periodo de 06 de
dezembro de 2001 a 04 de janeiro de 2002, por motivo de ferias regulamentares do titular"
100,Substituição de Funções, o servidor WILLIAMS FONSECA DA CUNHA,42.209-6,nan,40.598-1,nan,DFG-12,nan,nan,nan,nan,nan,nan,nan,nan,"Designar o servidor WILLIAMS FONSECA DA CUNHA, matricula no 42.209-6, Fiscal de
Atividades Urbanas, para substituir, sem prejuizo de suas atribuicoes, o servidor ALEX CAR-
DOSO BESERRA, matricula no 40.598-1, Simbolo DFG-12, Diretor da Divisao Regional de
Permissoes e Concessoes Publicas, da Administracao Regional do Recanto das Emas, da Secreta-
ria de Estado de Coordenacao das Administracoes Regionais do Distrito Federal, no periodo de 03
a 17 de dezembro de 2001, por motivo de ferias regulamentares do titular"
101,Substituição de Funções, a servidora BRANCA ENI PINHEIRO,no24.946-7,nan,nan,nan,nan,nan,nan,nan,nan,nan,nan,nan,nan,"DESIGNAR a servidora BRANCA ENI PINHEIRO, Matricula no24.946-7, Fiscal de Atividades
Urbanas da Administracao de Brasilia, como EXECUTORA do Contrato de Concessao de Direi-
to Real de Uso no 011/2001, sobre imovel  do Distrito Federal,  referente avanco em espaco aereo,
contiguo a projecao Lote 01, Bloco 03, EC 04 da Quadra 716 do SCR/NORTE((NUMERACAO
PREDIAL: SHCG/NORTE CR Q.716 Bloco F Acesso ao Pavimento Superior no 08 Salas
101;102;201;202) referente  ao Processo de no 141.000102/2000, firmado entre o Distrito Federal
e Scala Projetos e Construcoes Ltda"
102,Substituição de Funções, a servidora ADRIANE VALE SOUSA Matricula no,no40.630-9,nan,nan,nan,nan,nan,nan,nan,nan,nan,nan,nan,nan,"DESIGNAR a servidora ADRIANE VALE SOUSA Matricula no40.630-9, Fiscal de Atividades
Urbanas da Administracao de Brasilia, como EXECUTORA do Contrato de Concessao de Uso no
017/2001, sobre imovel  do Distrito Federal,  referente a area contigua ao Bloco A lote 01, da
Quadra 413 do SCL/NORTE (Espaco Aereo), Processo de  no 141.003110/92, firmado entre o
Distrito Federal e Pedro Antonio Hercos"
