,tipo,nome,matricula,simbolo,cargo_comissao,lotacao,orgao,vigencia,pedido,cargo_efetivo,siape,motivo,text
0,Exoneração, CELESTE MARIA DE A,nan,nan,nan,nan,nan,nan,nan,nan,nan,nan,"EXONERAR, por estar sendo nomeada para outro cargo, CELESTE MARIA DE A"
1,Exoneração, ROSANGELA CALDAS B,nan,nan,nan,nan,nan,nan,nan,nan,nan,nan,"EXONERAR, por estar sendo nomeada para outro cargo, ROSANGELA CALDAS B"
2,Exoneração, MARCIO RIBEIRO DE SOUZA,nan,DFA-03,nan,nan,nan,nan,nan,nan,nan,nan,"EXONERAR, por estar sendo nomeado para outro cargo, MARCIO RIBEIRO DE SOUZA do
Cargo em Comissao, Simbolo DFA-03, de Secretario Administrativo da Assessoria de Coorde-
nacao e Integracao Setorial da Secretaria de Transportes do Distrito Federal"
3,Exoneração, JOYCE KELLY SILVA ARAUJO,nan,DFA-03,nan,nan,nan,nan,nan,nan,nan,nan,"EXONERAR, por estar sendo nomeada para outro cargo, JOYCE KELLY SILVA ARAUJO do
Cargo em Comissao, Simbolo DFA-03, de Secretario Administrativo da Divisao de Informatica
da Secretaria de Transportes do Distrito Federal"
4,Exoneração, ANA PAULA INACIO DA SILVA,nan,DFA-05,nan,nan,nan,nan,nan,nan,nan,nan,"EXONERAR, por estar sendo nomeada para outro cargo, ANA PAULA INACIO DA SILVA do
Cargo em Comissao, Simbolo DFA-05, de Assistente da Divisao de Administracao Geral da
Secretaria de Transportes do Distrito Federal"
5,Exoneração, FRANCISCO DE SA S,nan,nan,nan,nan,nan,nan,nan,nan,nan,nan,"EXONERAR, por estar sendo nomeado para outro cargo, FRANCISCO DE SA S"
6,Exoneração, ELIENE FONSECA ARAUJO,nan,DFA-05,nan,nan,nan,nan,nan,nan,nan,nan,"EXONERAR, por estar sendo nomeada para outro cargo, ELIENE FONSECA ARAUJO do
Cargo em Comissao, Simbolo DFA-05, de Assistente da Divisao de Administracao Geral da
Secretaria de Transportes do Distrito Federal"
7,Exoneração," ADRIANO BARRETO BEZERRA
MOURA",nan,DFA-05,nan,nan,nan,nan,nan,nan,nan,nan,"EXONERAR, por estar sendo nomeado para outro cargo, ADRIANO BARRETO BEZERRA
MOURA do Cargo em Comissao, Simbolo DFA-05, de Assistente da Assessoria de Tecnico- Administrativa da Secretaria de Transportes do Distrito Federal"
8,Exoneração," OLNEIVAS ALVES FRANCA
OLIVEIRA",nan,DFA-05,nan,nan,nan,nan,nan,nan,nan,nan,"EXONERAR, por estar sendo nomeada para outro cargo, OLNEIVAS ALVES FRANCA
OLIVEIRA do Cargo em Comissao, Simbolo DFA-05, de Assistente do Gabinete do Secre-
tario da Secretaria de Transportes do Distrito Federal"
9,Exoneração, SANDRA BASTOS NERES,nan,DFG-02,nan,nan,nan,nan,nan,nan,nan,nan,"EXONERAR, por estar sendo nomeada para outro cargo, SANDRA BASTOS NERES do Car-
go em Comissao, Simbolo DFG-02, de Encarregado do Servico de Pessoal da Divisao de Admi-
nistracao Geral da Secretaria de Transportes do Distrito Federal"
10,Exoneração, JOSE ABDIAS DA SILVA FILHO,nan,DF-11,nan,nan,nan,nan,nan,nan,nan,nan,"EXONERAR, por estar sendo nomeado para outro cargo, JOSE ABDIAS DA SILVA FILHO do
Cargo em Comissao, Simbolo DF-11, de Assessor do Diretor do Departamento de Concessoes e
Permissoes da Secretaria de Transportes do Distrito Federal"
11,Exoneração, CLAUDIO BARBOSA DA SILVA,nan,DF-11,nan,nan,nan,nan,nan,nan,nan,nan,"EXONERAR, por estar sendo nomeado para outro cargo, CLAUDIO BARBOSA DA SILVA do
Cargo em Comissao, Simbolo DF-11, de Chefe da Divisao de Estudos e Cadastro do Departa-
mento de Concessoes e Permissoes da Secretaria de Transportes do Distrito Federal"
