,Tipo,Nome,Cargo Efetivo,Matricula,Siape,Simbolo,Cargo Comissao,Lotacao,Orgao,text
0,Nomeação,nan,nan,nan,nan,nan,nan,nan,nan,"NOMEAR, CELESTE MARIA DA A"
1,Nomeação,nan,nan,nan,nan,nan,nan,nan,nan,"NOMEAR, ROSANGELA CALDAS B"
2,Nomeação,nan,nan,nan,nan,DFA-03,nan,nan,nan,"NOMEAR, MARCIO RIBEIRO DE SOUZA para o Cargo em Comissao, Simbolo DFA-03, de
Secretario Administrativo da Assessoria de Comunicacao Social da Secretaria de Transportes
do Distrito Federal"
3,Nomeação,nan,nan,nan,nan,DFA-03,nan,nan,nan,"NOMEAR, JOYCE KELLY SILVA ARAUJO para o Cargo em Comissao, Simbolo DFA-03, de
Secretario Administrativo da Divisao de Administracao Geral da Secretaria de Transportes do
Distrito Federal"
4,Nomeação,nan,nan,nan,nan,DFA-05,nan,nan,nan,"NOMEAR, ANA PAULA INACIO DA SILVA para o Cargo em Comissao, Simbolo DFA-05, de
Assistente da Divisao de Estudos Tecnicos do Departamento do Sistema Viario da Secretaria de
Transportes do Distrito Federal"
5,Nomeação,nan,nan,nan,nan,nan,nan,nan,nan,"NOMEAR, FRANCISCO DE SA S"
6,Nomeação,nan,nan,nan,nan,DFA-05,nan,nan,nan,"NOMEAR, ELIENE FONSECA ARAUJO para o Cargo em Comissao, Simbolo DFA-05, de
Assistente do Gabinete do Secretario da Secretaria de Transportes do Distrito Federal"
7,Nomeação,nan,nan,nan,nan,nan,nan,nan,nan,"NOMEAR, ADRIANO BARRETO BEZERRA MOURA para o Cargo em Comissao, Sim-
bolo DFA-05, de Assistente da Divisao de Administracao Geral da Secretaria de Transpor-
tes do Distrito Federal"
8,Nomeação,nan,nan,nan,nan,nan,nan,nan,nan,"NOMEAR, OLNEIVAS ALVES FRANCA OLIVEIRA para o Cargo em Comissao, Simbo-
lo DFA-05, de Assistente da Divisao de Administracao Geral da Secretaria de Transportes
do Distrito Federal"
9,Nomeação,nan,nan,nan,nan,DFG-02,nan,nan,nan,"NOMEAR, SANDRA BASTOS NERES para o Cargo em Comissao, Simbolo DFG-02, de En-
carregado do Servico de Apoio da Divisao de Administracao Geral da Secretaria de Transportes
do Distrito Federal"
10,Nomeação,nan,nan,nan,nan,DF-11,nan,nan,nan,"NOMEAR, JOSE ABDIAS DA SILVA FILHO do Cargo em Comissao, Simbolo DF-11, de
Chefe da Divisao de Estudos e Cadastro do Departamento de Concessoes e Permissoes da Se-
cretaria de Transportes do Distrito Federal"
11,Nomeação,nan,nan,nan,nan,DF-11,nan,nan,nan,"NOMEAR, CLAUDIO BARBOSA DA SILVA para o Cargo em Comissao, Simbolo DF-11, de
Assessor do Diretor do Departamento de Concessoes e Permissoes da Secretaria de Transportes
do Distrito Federal"
