,Tipo do Ato,SEI,Nome,Matrícula,Tipo de Aposentadoria,Cargo,Classe,Padrao,Quadro,Fundamento Legal,Orgao,Vigencia,Matricula SIAPE,text
0,Aposentadoria,082.015510/1997,o servidor ADRIANO DA SILVA BEZERRA,36.599-8,nan,nan,Unica,05-3F,Quadro de Pessoal do Distrito Federal," 186, inciso I, in fine, e 189, Paragrafo Unico, da Lei no
8.112, de 11/12/1990, combinados com o artigo 41, inciso I, e  4o, da LEI ORGANICA DO
DISTRITO FEDERAL e com o artigo 40", Distrito Federal,nan,nan,"APOSENTAR, nos termos do artigo 186, inciso I, in fine, e 189, Paragrafo Unico, da Lei no
8.112, de 11/12/1990, combinados com o artigo 41, inciso I, e  4o, da LEI ORGANICA DO
DISTRITO FEDERAL e com o artigo 40,  1o, inciso I, e  8o, da CONSTITUICAO DA REPU-
BLICA FEDERATIVA DO BRASIL, alterado pelo artigo 1o da Emenda Constitucional no 20, de
16/12/1998, o servidor ADRIANO DA SILVA BEZERRA, matricula no 36.599-8, Professor,
nivel 03, Classe Unica, Padrao 05-3F, do Quadro de Pessoal do Distrito Federal. Processo no
080.010794/2002
CONCEDER, nos termos do artigo 8o, incisos I, II, IIIa e IIIb, e  4o, da Emenda Constitucional
no 20, de 16/12/1998, e artigo 40,  8o, da CONSTITUICAO DA REPUBLICA FEDERATIVA
DO BRASIL, acrescidos aos proventos os Incentivos Funcionais de que trata o artigo 30 da Lei
no 6.366, de 15/10/1976, de acordo com o Paragrafo Unico do artigo 13 da Lei no 66, de 18/12/
1989, aposentadoria a servidora AGLAIA COSTA DE SOUZA, matricula no 97.320-3, Profes-
sor, nivel 03, Classe Unica, Padrao 25-3F, do Quadro de Pessoal do Distrito Federal. Processo no
080.006335/2002
CONCEDER, nos termos do artigo 186, inciso III, alinea a, e 189, Paragrafo Unico, da Lei no
8.112, de 11/12/1990, combinados com o artigo 41, inciso III, alinea a, e  4o, da LEI ORGA-
NICA DO DISTRITO FEDERAL e artigo 3o da Emenda Constitucional no 20, de 16/12/1998,
aposentadoria a servidora ANALICE CAVALCANTE OLIVEIRA, matricula no 61.808-X, Pro-
fessor, Nivel 03, Classe Unica, Padrao 20-3F, do Quadro de Pessoal do Distrito Federal. Proces-
so no 082.015510/1997."
1,Aposentadoria,082.019819/1999,o servidor JULIO CESAR SILVA,20.034-4,nan,nan,1,II,"Quadro de Pessoal do
Distrito Federal"," 186, inciso I, in fine, e 189, Paragrafo Unico, da Lei no
8.112, de 11/12/1990, combinados com o artigo 41, inciso I, e  4o, da LEI ORGANICA DO
DISTRITO FEDERAL e com o artigo 40","
Distrito Federal",nan,nan,"APOSENTAR, nos termos do artigo 186, inciso I, in fine, e 189, Paragrafo Unico, da Lei no
8.112, de 11/12/1990, combinados com o artigo 41, inciso I, e  4o, da LEI ORGANICA DO
DISTRITO FEDERAL e com o artigo 40,  1o, inciso I, e  8o, da CONSTITUICAO DA REPU-
BLICA FEDERATIVA DO BRASIL, alterado pelo artigo 1o da Emenda Constitucional no 20, de
16/12/1998, o servidor JULIO CESAR SILVA, matricula no 20.034-4, Especialista de Assisten-
cia a Educacao/Apoio Tecnico Administrativo, Classe 1, Padrao II, do Quadro de Pessoal do
Distrito Federal. Processo no 080.08855/2002
APOSENTAR, nos termos do artigo 186, inciso I, in fine, e 189, Paragrafo Unico, da Lei no
8.112, de 11/12/1990, combinados com o artigo 41, inciso I, e  4o, da LEI ORGANICA DO
DISTRITO FEDERAL e com o artigo 40,  1o, inciso I, e  8o, da CONSTITUICAO DA REPU-
BLICA FEDERATIVA DO BRASIL alterado pelo artigo 1o da Emenda Constitucional no 20, de
16/12/1998, a servidora KATIA BORGES CAIXETA TORRES PEREZ, matricula no 52.366-6,
Professor, nivel 03, Classe Unica, Padrao 25-3F, do Quadro de Pessoal do Distrito Federal.
Processo no 080.008757/2002
APOSENTAR, nos termos do artigo 186, inciso I,  1o, e 189, Paragrafo Unico, da Lei no 8.112,
de 11/12/1990, combinados com o artigo 41, inciso I, e  4o, da LEI ORGANICA DO DISTRI-
TO FEDERAL e com o artigo 40,  1o, inciso I, e  8o, da CONSTITUICAO DA REPUBLICA
FEDERATIVA DO BRASIL, alterado pelo artigo 1o da Emenda Constitucional no 20, de 16/12/
1998, a servidora LAZI MONTEIRO DOS SANTOS NEIVA, matricula no 59.523-3, Professor,
nivel 1, Classe C, Padrao 24-1F, do Quadro de Pessoal do Distrito Federal. Processo no
080.009587/2002
CONCEDER, nos termos do artigo 186, inciso III, alinea d, e 189, Paragrafo Unico, da Lei no
8.112, de 11/12/1990, combinados com o artigo 41, inciso III, alinea d, e  4o, da LEI ORGANI-
CA DO DISTRITO FEDERAL e artigo 40,  1o, inciso IIIb, e  8o, da CONSTITUICAO DA
REPUBLICA FEDERATIVA DO BRASIL, acrescidos aos proventos os Incentivos Funcionais de
que trata o artigo 30 da Lei no 6.366, de 15/10/1976, de acordo com o Paragrafo Unico do artigo 13
da Lei no 66, de 18/12/1989, com as vantagens previstas no artigo 62 da Lei no 8.112, de 11/12/
1990, combinado com o artigo 3o da Lei no 8.911, de 12/07/1994, e com o artigo 7o da Lei no 1.004,
de 11/01/1996, regulamentada pelo Decreto no 17.182, de 06/03/1996, aposentadoria a servidora
LUIZA BRAGA PINTO, matricula no 75.457-9, Agente de Educacao/Portaria, Classe Unica, Pa-
drao XXIV, do Quadro de Pessoal do Distrito Federal. Processo no 080.006269/2002
CONCEDER, nos termos do artigo 186, inciso III, alinea a, e 189, Paragrafo Unico, da Lei no
8.112, de 11/12/1990, combinados com o artigo 41, inciso III, alinea a, e  4o, da LEI ORGA-
NICA DO DISTRITO FEDERAL e artigo 40,  1o, inciso IIIa, e  8o, da CONSTITUICAO DA
REPUBLICA FEDERATIVA DO BRASIL, aposentadoria ao servidor MANUEL MARTINS
SOBRINHO, matricula no 63.802-1, Agente de Educacao/Vigilancia, Classe Unica, Padrao XXI,
do Quadro de Pessoal do Distrito Federal. Processo no 080.008013/2002
CONCEDER, nos termos do artigo 186, inciso III, alinea c, e 189, Paragrafo Unico, da Lei no
8.112, de 11/12/1990, combinados com o artigo 41, inciso III, alinea c, e  4o, da LEI ORGA-
NICA DO DISTRITO FEDERAL e artigo 3o da Emenda Constitucional no 20, de 16/12/1998, com as vantagens previstas no artigo 62 da Lei no 8.112, de 11/12/1990, combinado com o artigo
7o da Lei no 1.004, de 11/01/1996, regulamentada pelo Decreto no 17.182, de 06/03/1996, apo-
sentadoria a servidora MARIA DE LOURDES SILVA, matricula no 93.734-7, Especialista de
Assistencia a Educacao/Apoio Tecnico Administrativo, Classe Especial, Padrao VI, do Quadro
de Pessoal do Distrito Federal. Processo no 080.004281/2002
CONCEDER, nos termos do artigo 8o,  1o, incisos Ia, Ib e II, da Emenda Constitucional no 20,
de 16/12/1998, e artigo 40,  8o, da CONSTITUICAO DA REPUBLICA FEDERATIVA DO
BRASIL, aposentadoria a servidora MARIA FERREIRA DA SILVA, matricula no 97.205-3,
Especialista de Assistencia a Educacao/Apoio Tecnico Administrativo, Classe Especial, Padrao
VI, do Quadro de Pessoal do Distrito Federal. Processo no 080.005356/2002
CONCEDER, nos termos do artigo 186, inciso III, alinea c, e 189, Paragrafo Unico, da Lei no
8.112, de 11/12/1990, combinados com o artigo 41, inciso III, alinea c, e  4o, da LEI ORGA-
NICA DO DISTRITO FEDERAL e artigo 3o da Emenda Constitucional no 20, de 16/12/1998,
aposentadoria a servidora MARIA JUPIRA MATOS MAGALHAES, matricula no 73.942-1,
Professor, nivel 03, Classe Unica, Padrao 25-3F, do Quadro de Pessoal do Distrito Federal.
Processo no 082.019819/1999."
2,Aposentadoria,082.008921/2000,"aposentadoria a servidora MATILDES FERREIRA DE
MATOS",94.424-6,nan,nan,C,13-1F,"Quadro de Pessoal do
Distrito Federal"," 186, inciso I, in fine, e 189, Paragrafo Unico, da Lei
no 8.112, de 11/12/1990, combinados com o artigo 41, inciso I, e  4o, da LEI ORGANICA
DO DISTRITO FEDERAL e com o artigo 40","
Distrito Federal",nan,nan,"APOSENTAR, nos termos do artigo 186, inciso I, in fine, e 189, Paragrafo Unico, da Lei
no 8.112, de 11/12/1990, combinados com o artigo 41, inciso I, e  4o, da LEI ORGANICA
DO DISTRITO FEDERAL e com o artigo 40,  1o, inciso I, e  8o, da CONSTITUICAO
DA REPUBLICA FEDERATIVA DO BRASIL, alterado pelo artigo 1o da Emenda Consti-
tucional no 20, de 16/12/1998, a servidora MARIA ROSELISSE NUNES CAMPOS, matri-
cula no 46.330-2, Professor, nivel 01, Classe C, Padrao 13-1F, do Quadro de Pessoal do
Distrito Federal. Processo no 080.008648/2002
CONCEDER, nos termos do artigo 8o, incisos I, II, IIIa e IIIb, e  4o, da Emenda Constitu-
cional no 20, de 16/12/1998, e artigo 40,  8o, da CONSTITUICAO DA REPUBLICA
FEDERATIVA DO BRASIL, acrescidos aos proventos os Incentivos Funcionais de que
trata o artigo 30 da Lei no 6.366, de 15/10/1976, de acordo com o Paragrafo Unico do artigo
13 da Lei no 66, de 18/12/1989, aposentadoria a servidora MATILDES FERREIRA DE
MATOS, matricula no 94.424-6, Professor, nivel 03, Classe Unica, Padrao 25-3F, do
Quadro de Pessoal do Distrito Federal. Processo no 082.008921/2000."
3,Aposentadoria,082.009641/1991,o servidor WILSON MARTINS LACERDA,43.728-X,nan,nan,1,IV,"Quadro de Pessoal
do Distrito Federal"," 186, inciso I", Distrito Federal,nan,nan,"APOSENTAR, nos termos do artigo 186, inciso I,  1o, e 189, Paragrafo Unico, da Lei no 8.112,
de 11/12/1990, combinados com o artigo 41, inciso I, e  4o, da LEI ORGANICA DO DISTRI-
TO FEDERAL e com o artigo 40,  1o, inciso I, e  8o, da CONSTITUICAO DA REPUBLICA
FEDERATIVA DO BRASIL, alterado pelo artigo 1o da Emenda Constitucional no 20, de 16/12/
1998, o servidor WILSON MARTINS LACERDA, matricula no 43.728-X, Especialista de As-
sistencia a Educacao/Apoio Tecnico Administrativo, Classe 1, Padrao IV, do Quadro de Pessoal
do Distrito Federal. Processo no 080.010479/2002
CONCEDER, nos termos do artigo 40,  1o, inciso IIIa, e  5o e 8o, da CONSTITUICAO DA
REPUBLICA FEDERATIVA DO BRASIL, aposentadoria a servidora ZILA MARIA PEREIRA
FERNANDES, matricula no 75.584-2, Professor, nivel 03, Classe Unica, Padrao 25-3F, do Qua-
dro de Pessoal do Distrito Federal. Processo no 080.004756/2002
RETIFICAR, na Portaria no 550, de 06/08/2002, publicada no DODF de no 152, do dia 12/08/
2002, o ato que concedeu aposentadoria a ELZA DE ALMEIDA BRAGA, matricula no 63.861-7,                                                                       Diario Oficial do Distrito Federal
PAGINA   33
No 176, sexta-feira, 13 de setembro de 2002 Auxiliar de Educacao/Conservacao e Limpeza, Classe Unica, Padrao XX, do Quadro de Pessoal
do Distrito Federal, para considerar Padrao XXI, ficando ratificados os demais termos da conces-
sao inicial. Processo no 080.000846/2002
CONCEDER, nos termos dos artigos 215, 217, item I, alinea d, e 224, da Lei no 8.112, de
11/12/1990, a contar de 11/02/2002, Pensao Vitalicia a ADALGIZA NOGUEIRA DE SOU-
ZA, mae da ex-servidora MARIA NOGUEIRA DE SOUSA, matricula no 49.106-3, Auxiliar
de Educacao/Conservacao e Limpeza, Classe Unica, Padrao X, do Quadro de Pessoal do
Distrito Federal. Processo no 080.002771/2002
CONCEDER, nos termos dos artigos 215, 217, item I, alinea a, e item II, alinea a, e 224,
da Lei no 8.112, de 11/12/1990, a contar de 22/05/2002, Pensao Vitalicia a ERENICE FRAN-
CISCO CALDEIRA DA CONCEICAO, viuva, e Temporaria a JORGE MICHAEL CAL-
DEIRA DA CONCEICAO e MARCIO CALDEIRA DA CONCEICAO, filhos, beneficiari-
os do ex-servidor DEOMARIO PEREIRA DA CONCEICAO, matricula no 67.619-5, Agente
de Educacao/vigilancia, Classe Unica, Padrao XVIII, do Quadro de Pessoal do Distrito Fede-
ral. Processo no 080.008738/2002
CONCEDER, nos termos dos artigos 215, 217, item I, alinea a, e 224, da Lei no 8.112, de 11/
12/1990, a contar de 10/06/2002, Pensao Vitalicia a FRANCISCO ALCIDES DE OLIVEIRA,
viuvo da ex-servidora MARIA DO SOCORRO MAIA DE OLIVEIRA, matricula no 67.003-0,
Auxiliar de Educacao/Conservacao e Limpeza, Classe Unica, Padrao XIX, do Quadro de Pesso-
al do Distrito Federal. Processo no 080.010662/2002
CONCEDER, nos termos dos artigos 215, 217, item I, alinea a, e 224, da Lei no 8.112, de
11/12/1990, a contar de 20/05/2002, Pensao Vitalicia a WANDA GISELA DE CARVALHO
FRANCA, viuva do ex-servidor MARCELO DIAS DOS PASSOS, matricula no 203.972-
9, Professor, nivel 02, Classe A, Padrao 01-2E, do Quadro de Pessoal do Distrito Federal.
Processo no 080.008468/2002
RETIFICAR a Instrucao de 12/11/1992, publicada no DODF de 13/11/1992, retificada pela
Instrucao de 09/09/1996, publicada no DODF de 10/09/1996, que concedeu aposentadoria a
CELESTE LIMA MATOS, matricula no 80.362-6, Professor, Nivel 03, Classe Unica, Padrao 24
F, do Quadro de Pessoal do Distrito Federal, para excluir o artigo 2,  1, da Lei n 6.732, de
04/12/1979, alterada pelos Decretos-leis n. 1.746, de 27/12/1979, e 2.153, de 24/07/1984, e
pela Lei n 62, de 12/12/1989, e incluir o artigo 184, inciso II, da Lei n 1.711, de 28/10/1952,
ficando ratificados os demais termos da concessao inicial. Processo no 082.009641/1991."
4,Aposentadoria,082.000647/1998,VANEZA DE FATIMA SILVA AZEVEDO,96.386-0,nan,nan,Unica,25  3F,"Quadro de Pessoal do
Distrito Federal",nan,"
Distrito Federal",nan,nan,"CONCEDER aposentadoria a VANEZA DE FATIMA SILVA AZEVEDO, matricula no
96.386-0, Professor, Nivel 03, Classe Unica, Padrao 25  3F, do Quadro de Pessoal do
Distrito Federal, nos termos do artigo 186, inciso III, alinea a, e 189, Paragrafo Unico, da
Lei n. 8.112, de 11/12/1990, combinado com o artigo 41, inciso III, alinea a, e  4, da
LEI ORGANICA DO DISTRITO FEDERAL, e artigo 3, da Emenda Constitucional n.
20, de 16/12/1998, acrescidos aos proventos os Incentivos Funcionais de que trata o artigo
30, da Lei n. 6.366, de 15/10/1976, de acordo com o Paragrafo Unico, do artigo 13, da Lei
n. 66, de 18/12/1989, com as vantagens dos artigos 1 e 7 da Lei n. 1.004, de 11/01/
1996, combinado com o 4 da Lei n. 1.141, de 10/07/1996, e 4, Paragrafo Unico, da Lei
n. 1.864, de 19/01/1998. Processo n 082.000647/1998."
5,Aposentadoria,270.001.278/2001,"a servidora CASSANDRA HOYOS
FERNANDES CACAES",128.796-6,nan,nan,Especial,VII,"Quadro de Pessoal da Secretaria de Estado de Saude
do Distrito Federal"," 186, inciso I, in fine, e artigo 189, Paragrafo Unico, da
Lei no 8.112, de 11/12/1990, combinados com o artigo 5o da Lei no 197/91, e artigo 40"," Secretaria de Estado de Saude
do Distrito Federal",nan,nan,"APOSENTAR, nos termos do artigo 186, inciso I, in fine, e artigo 189, Paragrafo Unico, da
Lei no 8.112, de 11/12/1990, combinados com o artigo 5o da Lei no 197/91, e artigo 40,  1o,
inciso I, e  8o, da CONSTITUICAO DA REPUBLICA FEDERATIVA DO BRASIL, com
redacao dada pela Emenda Constitucional no 20, de 15/12/1998, e artigo 41, inciso I, e  4o
e 7o, da LEI ORGANICA DO DISTRITO FEDERAL, a servidora CASSANDRA HOYOS
FERNANDES CACAES, matricula no 128.796-6, Assistente Superior de Saude - Assis-
tente Social, 2a Classe, Padrao VII, do Quadro de Pessoal da Secretaria de Estado de Saude
do Distrito Federal. Processo no 060.006.064/2002
CONCEDER, nos termos do artigo 186, inciso III, alinea c e artigo 189, Paragrafo Unico, da
Lei no 8.112, de 11/12/1990, combinados com o artigo 5o da Lei no 197/1991, e artigo 41, inciso
III, alinea c, e  4o e 7o, da LEI ORGANICA DO DISTRITO FEDERAL e artigo 8,  1,
inciso I, alineas a e b e inciso II, da Emenda Constitucional n. 20, de 15/12/1998, aposen-
tadoria a servidora MARIA PIMENTA DE BARCELOS, matricula no 110.050-5, Assistente
Intermediario de Saude II  Agente Administrativo, Classe Especial, Padrao V, do Quadro de
Pessoal da Secretaria de Estado de Saude do Distrito Federal. Processo no 270.000.500/2002
APOSENTAR, nos termos do artigo 186, inciso I,  1o, e artigo 189, Paragrafo Unico, da
Lei no 8.112, de 11/12/1990, combinados com o artigo 5o da Lei no 197/91, e artigo 40,  1o,
inciso I, e  8o, da CONSTITUICAO DA REPUBLICA FEDERATIVA DO BRASIL, com
redacao dada pela Emenda Constitucional no 20, de 15/12/1998, e artigo 41, inciso I, e  4o
e 7o, da LEI ORGANICA DO DISTRITO FEDERAL, o servidor JOSE HAILTON FER-
REIRA, matricula no 120.323-1, Assistente Intermediario de Saude II  Agente Adminis-
trativo, Classe Especial, Padrao V, do Quadro de Pessoal da Secretaria de Estado de Saude
do Distrito Federal. Processo no 060.006.700/2002
CONCEDER, nos termos do artigo 186, inciso III, alinea a, e artigo 189, Paragrafo Unico, da
Lei 8.112, de 11/12/1990, combinados com o artigo 5o da Lei 197/91, e artigo 41, inciso III,
alinea a, e  4o e 7o, da LEI ORGANICA DO DISTRITO FEDERAL e artigo 8, incisos I, II
e III, alineas a e b, da Emenda Constitucional n. 20, de 15/12/1998, aposentadoria a servi-
dora MARIA DE FATIMA DOS SANTOS, matricula no 108.215-9, Assistente Intermediario de
Saude II  Auxiliar de Enfermagem, Classe Especial, Padrao V, do Quadro de Pessoal da Secre-
taria de Estado de Saude do Distrito Federal. Processo no 273.000.311/2002
CONCEDER, nos termos do artigo 186, inciso III, alinea c e artigo 189, Paragrafo Unico, da
Lei 8.112, de 11/12/1990, combinados com o artigo 5o da Lei 197/91, e artigo 41, inciso III,
alinea c, e  4o, da LEI ORGANICA DO DISTRITO FEDERAL e artigo 8,  1, inciso I,
alineas a e b e inciso II, da Emenda Constitucional n. 20, de 15/12/1998, aposentadoria a
servidora NADJA CAMARGO DE BEM, matricula no 114.852-4, Carreira Medica - Dermato-
logia, Classe Especial, Padrao V, do Quadro de Pessoal da Secretaria de Estado de Saude do
Distrito Federal. Processo no 060.008.285/2002
CONCEDER, nos termos do artigo 186, inciso III, alinea c e artigo 189, Paragrafo Unico, da
Lei 8.112, de 11/12/1990, combinados com o artigo 5o da Lei 197/91, e artigo 41, inciso III,
alinea c, e  4o e 7o, da LEI ORGANICA DO DISTRITO FEDERAL, assegurado o direito
com base no artigo 3o e  2o e 3o, da Emenda Constitucional n. 20, de 15/12/1998, aposentado-
ria a servidora ALICE MARIA MARQUES SEIXAS, matricula no 116.392-2, Carreira Medica
 Pediatria, Classe Especial, Padrao V, do Quadro de Pessoal da Secretaria de Estado de Saude
do Distrito Federal. Processo no 272.000.259/2002
APOSENTAR, nos termos do artigo 186, inciso I,  1o, e artigo 189, Paragrafo Unico, da
Lei no 8.112, de 11/12/1990, combinados com o artigo 5o da Lei no 197/91, e artigo 40,  1o,
inciso I, e  8o, da CONSTITUICAO DA REPUBLICA FEDERATIVA DO BRASIL, com
redacao dada pela Emenda Constitucional no 20, de 15/12/1998, e artigo 41, inciso I, e  4o
e 7o, da LEI ORGANICA DO DISTRITO FEDERAL, a servidora MARIA ALDA NASCI-
MENTO SILVA, matricula no 120.324-X, Assistente Intermediario de Saude I - Fisiotera-
pia, Classe Unica, Padrao XX, do Quadro de Pessoal da Secretaria de Estado de Saude do
Distrito Federal. Processo no . 060.004.593/2002
CONCEDER, nos termos do artigo 186, inciso III, alinea c e artigo 189, Paragrafo
Unico, da Lei 8.112, de 11/12/1990, combinados com o artigo 5o da Lei 197/91, e artigo 41,
inciso III, alinea c, e  4o e 7o, da LEI ORGANICA DO DISTRITO FEDERAL e artigo
8,  1, inciso I, alineas a e b e inciso II, da Emenda Constitucional n. 20, de 15/12/
1998, aposentadoria ao servidor VALCIR ALVES DA MATA, matricula no 109.787-3,
Carreira Medica  Pediatria, Classe Especial, Padrao V, do Quadro de Pessoal da Secretaria
de Estado de Saude do Distrito Federal. Processo no 270.001.278/2001."
6,Aposentadoria,1.004/96,a servidora ELZA FERNANDES LEITAO,115.267-,nan,nan,Especial,V,"Quadro de Pessoal da
Secretaria de Estado de Saude do Distrito Federal"," 186, inciso I, in fine, e artigo 189, Paragrafo Unico, da Lei
no 8.112, de 11/12/1990, combinados com o artigo 5o da Lei no 197/91, e artigo 40","
Secretaria de Estado de Saude do Distrito Federal",nan,nan,"APOSENTAR, nos termos do artigo 186, inciso I, in fine, e artigo 189, Paragrafo Unico, da Lei
no 8.112, de 11/12/1990, combinados com o artigo 5o da Lei no 197/91, e artigo 40,  1o, inciso I,
e  8o, da CONSTITUICAO DA REPUBLICA FEDERATIVA DO BRASIL, com redacao dada
pela Emenda Constitucional no 20, de 15/12/1998, e artigo 41, inciso I, e  4o, da LEI ORGANI-
CA DO DISTRITO FEDERAL, a servidora ELZA FERNANDES LEITAO, matricula no 115.267-
0, Carreira Medica  Gineco. e Obstetricia, Classe Especial, Padrao V, do Quadro de Pessoal da
Secretaria de Estado de Saude do Distrito Federal. Processo no 060.004.248/2002
CONCEDER, nos termos do artigo 186, inciso III, alinea a, e artigo 189, Paragrafo
Unico, da Lei 8.112, de 11/12/1990, combinados com o artigo 5o da Lei 197/91, e artigo
41, inciso III, alinea a, e  4o, da LEI ORGANICA DO DISTRITO FEDERAL e artigo 8,
incisos I, II e III, alineas a e b, da Emenda Constitucional n. 20, de 15/12/1998, aposenta-
doria a servidora MARIA DE OLIVEIRA, matricula no 106.127-5, Assistente Intermediario de
Saude I  AOSD  Limpeza e Conservacao, Classe Unica, Padrao XX, do Quadro de Pessoal da
Secretaria de Estado de Saude do Distrito Federal. Processo no 270.000.487/2002
CONCEDER, nos termos do artigo 186, inciso III, alinea c e artigo 189, Paragrafo Unico, da
Lei 8.112, de 11/12/1990, combinados com o artigo 5o da Lei 197/91, e artigo 41, inciso III,
alinea c, e  4o, da LEI ORGANICA DO DISTRITO FEDERAL e artigo 8,  1, inciso I,
alineas a e b e inciso II, da Emenda Constitucional n. 20, de 15/12/1998, bem como as
vantagens previstas nos artigos 1o e 7o da Lei no 1.004/96,"
