,tipo,nome,matricula,simbolo,cargo_comissao,lotacao,orgao,vigencia,pedido,cargo_efetivo,siape,motivo,text
0,Exoneração," ST QPPMC JOSUE MARQUES DA
SILVA MAT",nan,nan,nan,nan,nan,nan,nan,nan,nan,nan,"EXONERAR, a contar de 10 de setembro de 2002, o ST QPPMC JOSUE MARQUES DA
SILVA MAT"
1,Exoneração," ST QPPMC JOAO PEREIRA DE
MORAIS SOBRINHO",nan,nan,nan,nan,nan,nan,nan,nan,nan,nan,"EXONERAR, a contar de 10 de setembro de 2002, o ST QPPMC JOAO PEREIRA DE
MORAIS SOBRINHO, MAT"
2,Exoneração," SGT QPPMC ANTONIO VALTERNI
RESENDE",nan,nan,nan,nan,nan,nan,nan,nan,nan,nan,"EXONERAR, a contar de 10 de setembro de 2002, o 1o SGT QPPMC ANTONIO VALTERNI
RESENDE, MAT"
