,Tipo do Ato,Tipo de Documento,Número do documento,Data do documento ,Número do DODF,Data do DODF,Página do DODF,Nome do Servidor,Matrícula,Cargo,Classe,Padrao,Matricula SIAPE,Informação Errada,Informação Corrigida,text
0,Retificações de Aposentadoria,Instrucao Coletiva,,18/06/1996,1996,19/06/1996,nan,GERALDA ROSA GOMES,90.759-6,nan,Unica,XXI,nan,nan,nan,"RETIFICAR, na Instrucao Coletiva de 18/06/1996, publicada no DODF de 19/06/1996, o ato
que concedeu aposentadoria a GERALDA ROSA GOMES, matricula no 90.759-6, Agente de Educacao / Portaria, Classe Unica, Padrao XXI, do Quadro de Pessoal do Distrito Federal, para
incluir o Paragrafo Unico do artigo 7 da Lei n 1.004, de 11.01.1996, ficando ratificados os
demais termos da concessao inicial. Processo no 082.023142/1995.
"
1,Retificações de Aposentadoria,Instrucao Coletiva,,11/01/1996,1996,15/01/1996,nan,VILMA DE SOUZA ROCHA AMORIM,90.558-5,nan,Unica,25 F,nan,nan,nan,"RETIFICAR, na Instrucao Coletiva de 11/01/1996, publicada no DODF de 15/01/1996, o ato
que concedeu aposentadoria a VILMA DE SOUZA ROCHA AMORIM, matricula no 90.558-5,
Professor, Nivel 03, Classe Unica, Padrao 25 F, do Quadro de Pessoal do Distrito Federal, para
incluir o artigo 7 da Lei n 1.004, de 11.01.1996, ficando ratificados os demais termos da
concessao inicial. Processo no 082.022203/1995.
"
2,Retificações de Aposentadoria,Instrucao Coletiva,,19/12/1995,1995,20/12/1995,nan,WALDECY DE CASTRO MACEDO,70.335-4,nan,Unica,25 E,nan,nan,nan,"RETIFICAR, na Instrucao Coletiva de 19/12/1995, publicada no DODF de 20/12/1995, o ato
que concedeu aposentadoria a WALDECY DE CASTRO MACEDO, matricula no 70.335-4,
Professor, Nivel 03, Classe Unica, Padrao 25 E, do Quadro de Pessoal do Distrito Federal, para
excluir o inciso III e incluir o inciso II do artigo 184 da Lei no 1.711, de 28/10/1952, ficando
ratificados os demais termos da concessao inicial. Processo no 082.005916/1997.
"
3,Retificações de Aposentadoria,Instrucao,,19/04/1996,80,25/4/1996,nan,CARLOS GOMES DA SILVA,100.372-1,nan,nan,nan,nan,nan,nan,"RETIFICAR, na Instrucao de 19/04/1996, publicada no DODF no 80, de 25/4/1996, o ato que
concedeu aposentadoria a CARLOS GOMES DA SILVA, matricula no 100.372-1, Assistente
Superior de Saude  Medico do Quadro de Pessoal da extinta Fundacao Hospitalar do Distrito
Federal, para incluir na fundamentacao legal o artigo 62 da Lei no 8.112, de 11/12/1990 combi-
nado com o artigo 3o da Lei no 8.911/1994, por forca do artigo 6o da Lei no 1.004/1996, em
atendimento a Decisao no 8167/2001 do TCDF. Processo no 061.039.068/1996.
"
4,Retificações de Aposentadoria,Instrucao,,29/09/1995,193,05/10/1995,nan,DIRACY NUNES BANDEIRA,100.106-0,nan,nan,nan,nan,nan,nan,"RETIFICAR, na Instrucao de 29/09/1995, publicada no DODF no 193, de 05/10/1995, o ato que
concedeu aposentadoria a DIRACY NUNES BANDEIRA, matricula no 100.106-0, do Quadro
de Pessoal da extinta Fundacao Hospitalar do Distrito Federal, para incluir na fundamentacao
legal o artigo 62 da Lei no 8.112, de 11/12/1990 combinado com o artigo 3o da Lei no 8.911/
1994, por forca do artigo 6o da Lei no 1.004/1996, em atendimento a Decisao no 8167/2001 do
TCDF. Processo no 061.027.789/1995.
"
