,Tipo do Ato,Nome do Servidor Substituto,Matrícula do Servidor Substituto,Nome do Servidor a ser Substituido,Matrícula do Servidor a ser SubstituidoCargo,Símbolo do cargo do servidor substituto,Cargo comissionado objeto da substituição,Símbolo do cargo do objeto da substituição,Símbolo do cargo comissionado objeto da substituição,Hierarquia da Lotação,Órgão,Data Inicial da Vigência,Data Final de Vigência,Matrícula SIAPE,Motivo,text
0,Substituição de Funções, a servidora ALBA REGINA DE SALES,21.353-5,o servidor SERGIO DE OLIVEIRA GOMES,"94.144-
1",Chefe do Nucleo de Biblioteca,DFG-10,nan,nan,nan,nan,nan,nan,nan,nan,"Designar a servidora ALBA REGINA DE SALES, matricula no 21.353-5, Tecnico de Adminis-
tracao Publica, para substituir o servidor SERGIO DE OLIVEIRA GOMES, matricula no 94.144-
1, Chefe do Nucleo de Biblioteca, Simbolo DFG-10, da Gerencia de Documentacao, da Direto-
ria de Suporte Institucional, da Subsecretaria de Logistica e Modernizacao, por motivo de ferias
regulamentares do titular, no periodo de 09/09/2002 a 08/10/2002
MARIA CECILIA S"
1,Substituição de Funções, o servidor ALAN JOSE CESAR PINTO DA COSTA,30.552-9,o servidor MARCOS DO NASCIMENTO ARAUJO,95.104-8,Encarregado da Diretoria de Sistemas Operacionais,DFA-02,nan,nan,nan,nan,nan,nan,nan,nan,"Designar o servidor ALAN JOSE CESAR PINTO DA COSTA, matricula no 30.552-9, Tecnico
de Administracao Publica, para substituir o servidor MARCOS DO NASCIMENTO ARAUJO,
matricula no 95.104-8, Encarregado da Diretoria de Sistemas Operacionais, Simbolo DFA-02,
por motivo de ferias regulamentares do titular no periodo de 05/08/2002 a 03/09/2002
MARIA CECILIA S"
2,Substituição de Funções, as servidoras NUBIA DE SOUSA QUINTAS,43.057-9,nan,109.500-5,nan,nan,nan,nan,nan,nan,nan,nan,nan,nan,"Designar as servidoras NUBIA DE SOUSA QUINTAS, matricula no 43.057-9, Tecnico de
Administracao Publica, ERLI TOLEDO DA SILVA, matricula no 109.500-5, Tecnico de Admi-
nistracao Publica, EVA NEIDE BEZERRA FERNANDES, matricula no 44.180-5, Auxiliar de
Administracao Publica, ANA MARIA FRANCA, matricula no 80.101-1, Analista de Adminis-
tracao Publica e MARIA IZABEL ARAUJO DA CRUZ, matricula no 23.883-X, Tecnico de
Administracao Publica, esta na qualidade de representante dos servidores, para sob a Presiden-
cia da primeira constituirem Comissao incumbida de zelar pelas normas de Avaliacao de De-
sempenho e Afericao de Merito no ambito desta Secretaria"
3,Substituição de Funções, a servidora ERLI TOLEDO DA SILVA,109.500-5,LELLIANE TEREZINHA CHAVES PEDROSA,107.841-0,Gerente de Carreira e Desempenho,nan,nan,nan,nan,nan,nan,nan,nan,nan,"Designar a servidora ERLI TOLEDO DA SILVA, matricula no 109.500-5, Chefe do Nucleo de
Analise de Cargos e Carreiras, para substituir LELLIANE TEREZINHA CHAVES PEDROSA,
matricula no 107.841-0, Gerente de Carreira e Desempenho, DFG-11, da Diretoria de Carreira e
Desenvolvimento de Recursos Humanos, da Subsecretaria de Recursos Humanos, no periodo
de 16/09 a 05/10/2002, por motivo de ferias regulamentares da titular"
4,Substituição de Funções, o servidor GLAYTON AMARO DE OLIVEIRA,92.088-6,o servidor ALEXANDRE RODRIGUES SENRA SACRA,106.622-6,nan,nan,nan,nan,nan,nan,nan,nan,nan,nan,"Designar o servidor GLAYTON AMARO DE OLIVEIRA, matricula no 92.088-6, Chefe do
Nucleo de Controle, para substituir o servidor ALEXANDRE RODRIGUES SENRA SACRA-
MENTO, matricula no 106.622-6, Gerente de Supervisao dos Orgaos Descentralizados, DFG-
11, da Diretoria de Administracao de Recursos Humanos, da Subsecretaria de Recursos Huma-
nos, por motivo de Licenca Medica do titular, no periodo de 01/09/2002 a 30/09/2002
MARIA CECILIA S"
5,Substituição de Funções, a servidora VALKIRIA RODRIGUES DE PADUA,80.078-3,"a
servidora LIDIA PIRES FREITAS",80.091-0,"Gerente de Programacao de Capaci-
tacao Funcional da Diretoria de Formacao e Aperfeicoamento",DFG,nan,,nan,nan,nan,nan,nan,nan,"Designar a servidora VALKIRIA RODRIGUES DE PADUA, matricula no 80.078-3, para subs-
tituir a servidora ADELAIDE JESUS DE SOUZA ALVES, matricula no 80.091-0, Gerente de
Suporte Administrativo da Diretoria Executiva, simbolo DFG 11, da Escola de Governo do
Distrito Federal, por motivo de ferias regulamentares, no periodo de 15.07 a 03.08.2002
Designar a servidora CLEIDE FORTALEZA CUNHA, matricula no 79.976-9, para substituir a
servidora LIDIA PIRES FREITAS, matricula no 80.267-0, Gerente de Programacao de Capaci-
tacao Funcional da Diretoria de Formacao e Aperfeicoamento, simbolo DFG 11, da Escola de
Governo do Distrito Federal, por motivo de ferias regulamentares, no periodo de 15 a 29.07.2002
Designar a servidora MARCIA APARECIDA DE OLIVEIRA, matricula no 80.138-0,
para substituir a servidora JANE SANTOS LEMES FERREIRA, matricula no 80.055-4,
Gerente de Desenvolvimento Gerencial da Diretoria de Formacao e Aperfeicoamento,
simbolo DFG 11, da Escola de Governo do Distrito Federal, por motivo de ferias regu-
lamentares, no periodo de 22 a 31.07.2002
Designar o servidor LUIZ EUGENIO DE SOUSA FLAUZINA, matricula no 80.147-X, para
substituir a servidora DILMA DIAS GUIMARAES, matricula no 26.689-2, Gerente de Melho-
ria de Gestao da Diretoria de Projetos Especiais, simbolo DFG 11, da Escola de Governo do
Distrito Federal, por motivo de ferias regulamentares, no periodo de 24.07 a 02.08.2002
MARIA CECILIA S"
6,Substituição de Funções, CARLOS ALBERTO FIGUEIREDO COSTA,37.382-6,ROSANGELA RIBEIRO RAMOS,31.315-7,Encarregado,DFG-01,nan,nan,nan,nan,nan,nan,nan,nan,"Designar CARLOS ALBERTO FIGUEIREDO COSTA, matricula no 37.382-6, para substituir
ROSANGELA RIBEIRO RAMOS, matricula no 31.315-7, Encarregado, Simbolo DFG-01, da
Subsecretaria de Apoio Operacional da Secretaria de Fazenda e Planejamento do Distrito Fede-
ral, no periodo de 26 de agosto a 4 de setembro de 2002, por motivo de ferias regulamentares"
7,Substituição de Funções, GILBERTO APARECIDO GERALDO,46.204-7,MA,28.544-7,nan,DFG-13,nan,nan,nan,nan,nan,nan,nan,nan,"Designar GILBERTO APARECIDO GERALDO, matricula no 46.204-7, para substituir MA-
RIA EDWIGES PEREIRA GARCIA, matricula no 28.544-7, Chefe da Assessoria de Desenvol-
vimento Institucional, Simbolo DFG-13, da Subsecretaria da Receita da Secretaria de Fazenda e
Planejamento do Distrito Federal, no periodo de 22 a 31 de julho de 2002, por motivo de ferias
regulamentares"
8,Substituição de Funções, LUCIMAR FERREIRA FRAZAO FURTADO,42.913-9,JUELITA DE SOUSA ANDRADE,92.029-0,Encarregada,DFG-03,nan,nan,nan,nan,nan,nan,nan,nan,"Designar LUCIMAR FERREIRA FRAZAO FURTADO, matricula no 42.913-9, para substituir
JUELITA DE SOUSA ANDRADE, matricula no 92.029-0, Encarregada, Simbolo DFG-03, da
Agencia de Atendimento da Receita  Gama, da Diretoria de Atendimento ao Contribuinte da
Subsecretaria da Receita da Secretaria de Fazenda e Planejamento do Distrito Federal, no peri-
odo de 2 a 16 de setembro de 2002, por motivo de ferias regulamentares"
9,Substituição de Funções," o Chefe da Assessoria de Administracao de Pessoas e Recursos Materiais da
Subsecretaria da Receita",nan,nan,nan,nan,nan,nan,nan,nan,nan,nan,nan,nan,nan,"Designar o Chefe da Assessoria de Administracao de Pessoas e Recursos Materiais da
Subsecretaria da Receita/SEFP como executor do Contrato no 22/2002-SEFP, celebrado entre o
Distrito Federal, por meio desta Secretaria, e a empresa PMJ EMPREENDIMENTOS LTDA.,
objetivando a locacao do imovel situado no SIA Trecho 6, Lotes 130 e 140  Brasilia/DF, com
area total de 1.394,11m2, correspondente ao subsolo, loja, galpao, mezanino, 1o, 2o e 3o andares
e cobertura, para uso da Subsecretaria da Receita/SEFP"
10,Substituição de Funções, os servidores Hertania da Silva Batista,40.562-0,nan,43.737-9 e Jose Lucio Lima Ramos,nan,nan,nan,nan,nan,nan,nan,nan,nan,nan,"Designar os servidores Hertania da Silva Batista, matricula no 40.562-0, Antonio
Fausto de Mesquita, matricula no 43.737-9 e Jose Lucio Lima Ramos, matricula no 41.651-
7, como executores do Contrato de que trata o Processo no 040.005.766/2000, celebrado
entre o Distrito Federal, por meio desta Secretaria e a empresa Monserrat Turismo Ltda.,
objetivando a prestacao de servicos a serem executados de forma continua, correspon-
dentes a fornecimento de passagens aereas para Secretaria de Fazenda e Planejamento do
Distrito Federal"
11,Substituição de Funções, TANIA MARIA GUIRELLI DA COSTA,71.722-3,nan,nan,nan,nan,nan,nan,nan,nan,nan,nan,nan,nan,"DESIGNAR TANIA MARIA GUIRELLI DA COSTA, matricula no 71.722-3, como executo-
ra do Contrato no 31/2001, firmado entre o Distrito Federal, por intermedio da Secretaria de
Estado de Educacao do Distrito Federal, e a empresa MN Engenharia e Comercio Ltda"
12,Substituição de Funções, GRACILIANO MARQUES DE CARVALHO,76.924-X,nan,nan,nan,nan,nan,nan,nan,nan,nan,nan,nan,nan,"DESIGNAR GRACILIANO MARQUES DE CARVALHO, matricula no 76.924-X, como
executor do Contrato no 102/2002, firmado entre o Distrito Federal, por intermedio da Secreta-
ria de Estado de Educacao do Distrito Federal, e a empresa MN Engenharia e Comercio Ltda"
13,Substituição de Funções, GRACILIANO MARQUES DE CARVALHO,76.924-X,nan,nan,nan,nan,nan,nan,nan,nan,nan,nan,nan,nan,"DESIGNAR GRACILIANO MARQUES DE CARVALHO, matricula no 76.924-X, como
executor do Contrato no 35/2001, firmado entre o Distrito Federal, por intermedio da Secretaria
de Estado de Educacao do Distrito Federal, e a empresa Civil Engenharia Ltda"
14,Substituição de Funções, ADALUCIA TIBURTINO DE OLIVEIRA,51.442-X,nan,nan,nan,nan,nan,nan,nan,nan,nan,nan,nan,nan,"DESIGNAR ADALUCIA TIBURTINO DE OLIVEIRA, matricula no 51.442-X, como exe-
cutora do Contrato no 40/2001, firmado entre o Distrito Federal, por intermedio da Secretaria de
Estado de Educacao do Distrito Federal, e a empresa Implanta Construcoes Ltda"
15,Substituição de Funções, LAURO ALVES FERREIRA FILHO,70.785-6,nan,nan,nan,nan,nan,nan,nan,nan,nan,nan,nan,nan,"DESIGNAR LAURO ALVES FERREIRA FILHO, matricula no 70.785-6, como executor do
Contrato no 38/2001, firmado entre o Distrito Federal, por intermedio da Secretaria de Estado de
Educacao do Distrito Federal, e a empresa Integral Construtora Ltda"
16,Substituição de Funções, ADEMAR CAMPOS ARANHA,60.891-2,nan,nan,nan,nan,nan,nan,nan,nan,nan,nan,nan,nan,"DESIGNAR ADEMAR CAMPOS ARANHA, matricula no 60.891-2, como executor do Con-
trato no 64/2001, firmado entre o Distrito Federal, por intermedio da Secretaria de Estado de
Educacao do Distrito Federal, e a empresa Exito Engenharia Servicos e Comercio Ltda"
17,Substituição de Funções, EDUARDO FLAVIO FILGUEIRAS DE ALMEIDA,45.739-6,nan,nan,nan,nan,nan,nan,nan,nan,nan,nan,nan,nan,"DESIGNAR EDUARDO FLAVIO FILGUEIRAS DE ALMEIDA, matricula no 45.739-6, como
executor do Contrato no 28/2001, firmado entre o Distrito Federal, por intermedio da Secretaria de
Estado de Educacao do Distrito Federal, e a empresa WRJ Engenharia de Solos e Materiais Ltda"
18,Substituição de Funções, MARIA TEREZA BARBOSA XAVIER,42.118-9,nan,nan,nan,nan,nan,nan,nan,nan,nan,nan,nan,nan,"DESIGNAR MARIA TEREZA BARBOSA XAVIER, matricula no 42.118-9, como executora
do Contrato no 89/2001, firmado entre o Distrito Federal, por intermedio da Secretaria de Estado
de Educacao do Distrito Federal, e a empresa Juno Veloso Vidal dos Santos"
19,Substituição de Funções, EDUARDO FLAVIO FILGUEIRAS DE ALMEIDA,45.739-6,nan,nan,nan,nan,nan,nan,nan,nan,nan,nan,nan,nan,"DESIGNAR EDUARDO FLAVIO FILGUEIRAS DE ALMEIDA, matricula no 45.739-6,
como executor do Contrato no 59/2001, firmado entre o Distrito Federal, por intermedio da
Secretaria de Estado de Educacao do Distrito Federal, e a empresa Implanta Construcoes Ltda"
20,Substituição de Funções, ANGELA VICTOR BACELAR WAGNER,20.421-8,o titular do Cargo de Natureza Especial,nan,nan,CNE-06,nan,nan,nan,nan,nan,nan,nan,nan,"DESIGNAR ANGELA VICTOR BACELAR WAGNER, matricula no 20.421-8, para substituir
o titular do Cargo de Natureza Especial, Simbolo CNE-06, de Chefe da Assessoria Tecnico-
Legislativa da Secretaria de Estado de Educacao do Distrito Federal, no periodo de 06/09/2002
a 05/10/2002, por motivo de ferias"
21,Substituição de Funções, MARIA TEREZA BARBOSA XAVIER,42.118-9,nan,nan,nan,nan,nan,nan,nan,nan,nan,nan,nan,nan,"DESIGNAR MARIA TEREZA BARBOSA XAVIER, matricula no 42.118-9, como executora
do Contrato no 94/2001, firmado entre o Distrito Federal, por intermedio da Secretaria de Estado
de Educacao do Distrito Federal, e a empresa A Fonte  Comercio de Produtos Alimenticios Ltda"
22,Substituição de Funções, LAURO ALVES FERREIRA FILHO,70.785-6,nan,nan,nan,nan,nan,nan,nan,nan,nan,nan,nan,nan,"DESIGNAR LAURO ALVES FERREIRA FILHO, matricula no 70.785-6, como executor do
Contrato no 61/2001, firmado entre o Distrito Federal, por intermedio da Secretaria de Estado de
Educacao do Distrito Federal, e a empresa Contarpp Engenharia Ltda"
23,Substituição de Funções, ANA MARIA DE OLIVEIRA JACOBINO,700.001-4,nan,nan,nan,DFG-13,nan,nan,nan,nan,nan,nan,nan,nan,"DESIGNAR ANA MARIA DE OLIVEIRA JACOBINO, matricula no 700.001-4, para substi-
tuir o titular do Cargo em Comissao, Simbolo DFG-13, de Diretor da Diretoria de Educacao
Media e Tecnologica da Subsecretaria de Educacao Publica, da Secretaria de Estado de Educa-
cao do Distrito Federal, no periodo de 18/09/2002 a 27/09/2002, por motivo de ferias"
24,Substituição de Funções, a servidora Maria das Dores Oliveira,nan,a Chefe do Nucleo de Lavanderia e Rouparia,nan,nan,DFG-04,nan,,nan,nan,nan,nan,nan,nan,"Designar a servidora Maria das Dores Oliveira, mat: 133.890-0, AIS (Ag.Administrativo), para
substituir a Chefe do Nucleo de Lavanderia e Rouparia, simbolo DFG-04, no periodo de 09 de
agosto a 07 de setembro de 2002, por motivo de licenca medica da titular.,
Designar o servidor Washington Felipe de Sousa, mat:141.517-4, AIS - Operador de Maquinas,
para substituir a Chefe do Nucleo de Lavanderia e Rouparia, simbolo DFG-04, no periodo de 08
de setembro a 27 de setembro de 2002, por motivo de licenca medica da titular"
25,Substituição de Funções, a servidora SANDRA REGINA MORATO MARTINS,103.679-3,nan,22.115-5 celebrado entre a UNIAO,nan,nan,nan,nan,nan,nan,nan,nan,nan,nan,"Designar a servidora SANDRA REGINA MORATO MARTINS, matricula no 103.679-3,
Executora do Termo de Responsabilidade no 464 MPAS/SEAS/2001, auxiliada pela servidora
EDENE RODRIGUES DE OLIVEIRA, matricula no 22.115-5 celebrado entre a UNIAO, por
meio do MINISTERIO DA PREVIDENCIA E ASSISTENCIA SOCIAL e o GOVERNO DO
DISTRITO FEDERAL, cabendo as designadas as atribuicoes previstas no artigo 13, inciso II,
do Decreto no 16.098, de 29/11/94, publicado no Diario Oficial do Distrito Federal de 30/11/94,
e demais normas inerentes ao assunto"
26,Substituição de Funções, a servidora ANA LIGIA GOMES,102.551-1,nan,nan,nan,nan,nan,nan,nan,nan,nan,nan,nan,nan,"Designar a servidora ANA LIGIA GOMES, matricula no 102.551-1, Executora do Convenio no
6/2002, celebrado entre o Distrito Federal por intermedio da Secretaria de Estado de Acao Soci-
al SEAS e a Entidade ASSOCIACAO DE MAES, PAIS, AMIGOS, E REABILITADORES DE
EXCEPCIONAIS - AMPARE, cabendo a designada as atribuicoes previstas no Decreto no 16.098,
de 29/11/94, na Portaria 140, de 17/11/99 e demais normas inerentes ao assunto"
27,Substituição de Funções, MARIA EMILIA GONCALVES DA SILVA,23.770-1,NAISE APARECIDA LOPES,19.318-6,"Gerente da Gerencia de Recursos Humanos da Subsecrataria de Apoio Operacional da Secreta-
ria de Estado de Seguranca Publica e Defesa Social do Distrito Federal",nan,nan,nan,nan,nan,nan,nan,nan,nan,"Designar MARIA EMILIA GONCALVES DA SILVA, matricula 23.770-1, Tecnico de Apoio as
Atividades Policiais Civis, para substituir NAISE APARECIDA LOPES, matricula 19.318-6,
Gerente da Gerencia de Recursos Humanos da Subsecrataria de Apoio Operacional da Secreta-
ria de Estado de Seguranca Publica e Defesa Social do Distrito Federal, Codigo DFG-12, no
periodo de 10.09.2002 a 19.09.2002, em virtude ferias regulamentares"
28,Substituição de Funções, EDESIO LUIZ DE SOUSA,23.407-9,"DAMIAO JOSE
LEMOS DA SILVA",27.697-9,"Gerente da Gerencia de Planejamento do Centro
Integrado de Operacoes de Seguranca Publica e Defesa Social da Secretaria de Estado de Segu-
ranca Publica e Defesa Social do Distrito Federal",nan,nan,nan,nan,nan,nan,nan,nan,nan,"Designar EDESIO LUIZ DE SOUSA, matricula no 23.407-9, para substituir DAMIAO JOSE
LEMOS DA SILVA, matricula no 27.697-9, Gerente da Gerencia de Planejamento do Centro
Integrado de Operacoes de Seguranca Publica e Defesa Social da Secretaria de Estado de Segu-
ranca Publica e Defesa Social do Distrito Federal, Codigo DFG-12, no periodo de 23.09.2002 a
12.10.2002, em virtude ferias regulamentares"
29,Substituição de Funções, WALTECIO DOS SANTOS LEITE,31.890-6,"MARIA
DE NAZARE XAVIER VIEGAS",34.435-4,"Chefe do Centro de Observacao da                                      Diario Oficial do Distrito Federal
PAGINA   42
No 176",nan,nan,nan,nan,nan,nan,nan,nan,nan,"Designar WALTECIO DOS SANTOS LEITE, matricula no 31.890-6, para substituir MARIA
DE NAZARE XAVIER VIEGAS, matricula no 34.435-4, Chefe do Centro de Observacao da                                      Diario Oficial do Distrito Federal
PAGINA   42
No 176, sexta-feira, 13 de setembro de 2002 Subsecretaria do Sistema Penitenciario da Secretaria de Estado de Seguranca Publica e Defesa
Social do Distrito Federal, Codigo DFG-12, no periodo de 02.09..2002 a 16.09.2002, em virtude
ferias regulamentares"
30,Substituição de Funções, o servidor LEUTON RODRIGUES DA SILVA,nan,nan,nan,nan,nan,nan,nan,nan,nan,nan,nan,nan,nan,"DESIGNAR o servidor LEUTON RODRIGUES DA SILVA, Agente de Policia, matri-
cula 25.450-9, para desempenhar as funcoes de Executor dos contratos celebrados en-
tre o Distrito Federal, por intermedio da Policia Civil, e as empresas COMERCIAL
COMANDO LTDA, COMERCIAL POLIANA LTDA, CONDOR ATACADISTA LTDA,
FERRAGENS CANDANGA LTDA, FERRAGENS LIDER LTDA, IRMAOS SOARES
LTDA, LEMOS CONSTRUCAO LTDA, LM COMERCIO LTDA, LOJAS ENE ESSE
LTDA, MAXI MATERIAIS DE CONSTRUCAO LTDA, PONTUAL E PONTUAL LTDA
e UNIAO COMERCIAL REZENDE LTDA, objeto do processo 052.001.073/2002, que
dispoe sobre aquisicao de material de consumo para a PCDF, cujas atribuicoes estao
previstas na Instrucao Normativa no"
31,Substituição de Funções, o servidor SEBASTIAO PEREIRA DE MOURA,23.655-1,nan,nan,nan,nan,nan,nan,nan,nan,nan,nan,nan,nan,"DESIGNAR o servidor SEBASTIAO PEREIRA DE MOURA, Delegado de Policia, matricula
23.655-1, para desempenhar as funcoes de Executor do contrato celebrado entre o Distrito Fe-
deral, por intermedio da Policia Civil, e a empresa INFORDADOS COMERCIO E SERVICOS
LTDA., objeto do processo 052.000.776/2001, que dispoe sobre aquisicao de discos opticos
magneticos para a PCDF, cujas atribuicoes estao previstas na Instrucao Normativa no.10/97,
publicada no Diario Oficial do Distrito Federal no 88, de 12 de abril de 1997 e no Decreto no"
32,Substituição de Funções, o servidor CLARINDO DA COSTA,03.822-9,nan,107.728-7,nan,DFG-02,nan,nan,nan,nan,nan,nan,nan,nan,"Designar o servidor CLARINDO DA COSTA, matricula no 03.822-9, Artifice Especializado
I/SAB, para substituir, sem prejuizo de suas atribuicoes, a servidora ANDREZA NUNES DE
OLIVEIRA, matricula no 107.728-7, Simbolo DFG-02, Encarregado do Servico de Fiscaliza-
cao de Obras, da Divisao Regional de Fiscalizacao de Obras e Posturas, da Administracao
Regional de Brazlandia, da Secretaria de Estado de Coordenacao das Administracoes Regio-
nais do Distrito Federal, no periodo de 02 a 21 de setembro de 2002, por motivo de ferias
regulamentares do titular"
33,Substituição de Funções, a servidora SELMA COSTA DOS SANTOS FERREIRA,39.822-5,nan,32.981-9,nan,DFG-08,nan,nan,nan,nan,nan,nan,nan,nan,"Designar a servidora SELMA COSTA DOS SANTOS FERREIRA, matricula no 39.822-5, Tec-
nico de Administracao Publica, para substituir, sem prejuizo de suas atribuicoes, a servidora
ANA CARLA CAVALCANTE DA COSTA, matricula no 32.981-9, Simbolo DFG-08, Chefe da
Secao de Pessoal, da Divisao de Administracao Geral, da Administracao Regional de Brazlan-
dia, da Secretaria de Estado de Coordenacao das Administracoes Regionais do Distrito Federal,
no periodo de 02 a 21 de setembro de 2002, por motivo de ferias regulamentares do titular"
34,Substituição de Funções, a servidora CELI DANTAS DE OLIVEIRA,43.799-9,nan,97.302-5,nan,DFG-02,nan,nan,nan,nan,nan,nan,nan,nan,"Designar a servidora CELI DANTAS DE OLIVEIRA, matricula no 43.799-9, Auxiliar de Admi-
nistracao Publica, para substituir, sem prejuizo de suas atribuicoes, a servidora DORALICE DA
MATA PEREIRA, matricula no 97.302-5, Simbolo DFG-02, Encarregado do Servico de Admi-
nistracao de Feiras, da Divisao Regional de Servicos Publicos, da Administracao Regional de
Samambaia, da Secretaria de Estado de Coordenacao das Administracoes Regionais do Distrito
Federal, no periodo de 02 a 31 de agosto de 2002, por motivo de ferias regulamentares do titular"
35,Substituição de Funções, o servidor NELSON MACHADO,35.032-X,nan,97.309-2,nan,DFG-02,nan,nan,nan,nan,nan,nan,nan,nan,"Designar o servidor NELSON MACHADO, matricula no 35.032-X, Tecnico de Administracao
Publica, para substituir, sem prejuizo de suas atribuicoes, a servidora MARIA SALOME GO-
MES NUNES, matricula no 97.309-2, Simbolo DFG-02, Encarregado da Secao de Conservacao
de Logradouros Publicos, da Divisao Regional de Obras, da Administracao Regional de Sa-
mambaia, da Secretaria de Estado de Coordenacao das Administracoes Regionais do Distrito
Federal, no periodo de 20 de agosto a 03 de setembro de 2002, por motivo de ferias regulamen-
tares do titular"
36,Substituição de Funções, o servidor JOSE VARGAS MOREIRA,94.816-0,nan,95.330-X,nan,DFG-10,nan,nan,nan,nan,nan,nan,nan,nan,"Designar o servidor JOSE VARGAS MOREIRA, matricula no 94.816-0, Secretario Ad-
ministrativo da Divisao Regional de Licenciamento, para substituir, sem prejuizo de
suas atribuicoes, o servidor LUIZ GILVAN OLIVEIRA DA CONCEICAO, matricula no
95.330-X, Simbolo DFG-10, Chefe do Servico de Licenciamento de Atividades Econo-
micas, da Divisao Regional de Licenciamento, da Administracao Regional de Planalti-
na, da Secretaria de Estado de Coordenacao das Administracoes Regionais do Distrito
Federal, no periodo de 01 a 15 de setembro de 2002, por motivo de ferias regulamenta-
res do titular"
37,Substituição de Funções, o servidor ROBERTO AIRTON RODRIGUES BRAGA,107.864-X,nan,107.040-X,nan,DFG-12,nan,nan,nan,nan,nan,nan,nan,nan,"Designar o servidor ROBERTO AIRTON RODRIGUES BRAGA, matricula no 107.864-X,
Chefe da Assessoria de Planejamento, para substituir, sem prejuizo de suas atribuicoes, o
servidor PAULO SERGIO DE SA, matricula no 107.040-X, Simbolo DFG-12, Diretor da
Divisao Regional de Aprovacao, Licenciamento e Fiscalizacao, da Administracao Regional
do Lago Norte, da Secretaria de Estado de Coordenacao das Administracoes Regionais do
Distrito Federal, no periodo de 28 a 30 de agosto de 2002, por motivo de ferias regulamen-
tares do titular"
38,Substituição de Funções, o servidor JOSE BERNARDES DA SILVA,95.776-3,nan,98.229-6,nan,DFG-,nan,nan,nan,nan,nan,nan,nan,nan,"Designar o servidor JOSE BERNARDES DA SILVA, matricula no 95.776-3, Diretor da Divisao
Regional de Licenciamento, para substituir, sem prejuizo de suas atribuicoes, a servidora BI-
ANCA CRISTINA FERREIRA ROLLA FIORENTINI, matricula no 98.229-6, Simbolo DFG-
11, Chefe do Nucleo de Ordenamento Territorial, da Gerencia de Planejamento, da Administra-
cao Regional do Cruzeiro, da Secretaria de Estado de Coordenacao das Administracoes Regio-
nais do Distrito Federal, no periodo de 02 de setembro a 22 de outubro de 2002, por motivo de
licenca maternidade da titular"
39,Substituição de Funções, o servidor AGNUS MODESTO DE SOUSA,41.293-7,nan,91.683-8,nan,DFG-02,nan,nan,nan,nan,nan,nan,nan,nan,"Designar o servidor AGNUS MODESTO DE SOUSA, matricula no 41.293-7, Fiscal de Ativi-
dades Urbanas, para substituir, sem prejuizo de suas atribuicoes, a servidora ELISABETE
COUTINHO GUERRA, matricula no 91.683-8, Simbolo DFG-02, Encarregado do Servico de
Fiscalizacao de Obras, da Divisao Regional de Fiscalizacao de Obras e Posturas, da Adminis-
tracao Regional de Brasilia, da Secretaria de Estado de Coordenacao das Administracoes Re-
gionais do Distrito Federal, no periodo de 02 a 16 de setembro de 2002, por motivo de ferias
regulamentares do titular"
40,Substituição de Funções, o servidor ARTHUR MOTTUS,22.734-X,nan,91.230-1,nan,DFG-12,nan,nan,nan,nan,nan,nan,nan,nan,"Designar o servidor ARTHUR MOTTUS, matricula no 22.734-X, Inspetor de Atividades
Urbanas, para substituir, sem prejuizo de suas atribuicoes, a servidora ANA CLAUDIA
TEIXEIRA PIRES, matricula no 91.230-1, Simbolo DFG-12, Gerente de Planejamento, da
Administracao Regional de Brasilia, da Secretaria de Estado de Coordenacao das Adminis-
tracoes Regionais do Distrito Federal, no periodo de 14 a 28 de outubro de 2002, por moti-
vo de ferias regulamentares do titular"
41,Substituição de Funções, o servidor DAVID AQUINO DOS SANTOS,41.278-3,nan,95.564-7,nan,DFG-14,nan,nan,nan,nan,nan,nan,nan,nan,"Designar o servidor DAVID AQUINO DOS SANTOS, matricula no 41.278-3, Assistente, para
substituir, sem prejuizo de suas atribuicoes, o servidor VANTUIL PAULO DE SANTANA,
matricula no 95.564-7, Simbolo DFG-14, Subadministrador Regional da Vila Planalto, da Admi-
nistracao Regional de Brasilia, da Secretaria de Estado de Coordenacao das Administracoes
Regionais do Distrito Federal, no periodo de 02 de setembro a 01 de outubro de 2002, por
motivo de ferias regulamentares do titular"
42,Substituição de Funções, a servidora ROSANA MARIA MACEDO SILVA,30.663-0,nan,22.756-0,nan,DFG-11,nan,nan,nan,nan,nan,nan,nan,nan,"Designar a servidora ROSANA MARIA MACEDO SILVA, matricula no 30.663-0, Assis-
tente do Servico de Licenciamento de Atividades Economicas, da Divisao Regional de Li-
cenciamento, para substituir, sem prejuizo de suas atribuicoes, a servidora ROSIMERE
MICHELS GONCALVES SARGES, matricula no 22.756-0, Simbolo DFG-11, Chefe do
Servico de Licenciamento de Atividades Economicas, da Divisao Regional de Licencia-
mento, da Administracao Regional de Brasilia, da Secretaria de Estado de Coordenacao das
Administracoes Regionais do Distrito Federal, no periodo de 24 a 30 de agosto de 2002, por
motivo de licenca medica do titular"
43,Substituição de Funções, o servidor IVO MATOS,94.036-4,nan,94.407-6,nan,DFG-05,nan,nan,nan,nan,nan,nan,nan,nan,"Designar o servidor IVO MATOS, matricula no 94.036-4, Secretario Administrativo, para
substituir, sem prejuizo de suas atribuicoes, o servidor FRANCISCO PESSOA VIRGULI-
NO, matricula no 94.407-6, Simbolo DFG-05, Chefe da Secao de Documentacao e Comuni-
cacao Administrativa, da Divisao de Administracao Geral, da Administracao Regional de
Sao Sebastiao, da Secretaria de Estado de Coordenacao das Administracoes Regionais do
Distrito Federal, no periodo de 02 de setembro 01 de outubro de 2002, por motivo de ferias
regulamentares do titular"
44,Substituição de Funções, o servidor WALTER DA COSTA BATISTA,105.353-1,nan,95.292-3,nan,DFG-10,nan,nan,nan,nan,nan,nan,nan,nan,"Designar o servidor WALTER DA COSTA BATISTA, matricula no 105.353-1, Secretario Admi-
nistrativo da Divisao Regional de Obras, para substituir, sem prejuizo de suas atribuicoes, o
servidor REGINALDO SILVA PORTELA, matricula no 95.292-3, Simbolo DFG-10, Chefe de
Servico de Administracao de Feiras, da Divisao Regional de Servicos Publicos, da Administra-
cao Regional do Cruzeiro, da Secretaria de Estado de Coordenacao das Administracoes Regio-
nais do Distrito Federal, no periodo de 02 de setembro 01 de outubro de 2002, por motivo de
ferias regulamentares do titular"
45,Substituição de Funções, o servidor LUIZ CLAUDIO DA SILVA MARTINS,36.395-2,nan,94.511-0,nan,DFG-05,nan,nan,nan,nan,nan,nan,nan,nan,"Designar o servidor LUIZ CLAUDIO DA SILVA MARTINS, matricula no 36.395-2, En-                                      Diario Oficial do Distrito Federal
PAGINA   44
No 176, sexta-feira, 13 de setembro de 2002 carregado da Secao de Bancas de Jornais e Revistas, da Divisao Regional de Servicos
Publicos, para substituir, sem prejuizo de suas atribuicoes, o servidor JEAN MARCOS
DE FREITAS SOUZA, matricula no 94.511-0, Simbolo DFG-05, Chefe da Secao de Admi-
nistracao de Terminais Rodoviarios, da Divisao Regional de Servicos Publicos, da Admi-
nistracao Regional do Cruzeiro, da Secretaria de Estado de Coordenacao das Administra-
coes Regionais do Distrito Federal, no periodo de 02 de setembro 01 de outubro de 2002,
por motivo de ferias regulamentares do titular"
46,Substituição de Funções, o servidor WAGNER LUIS LOPES DE ARAUJO,42.482-X,nan,94.830-6,nan,DFG-02,nan,nan,nan,nan,nan,nan,nan,nan,"Designar o servidor WAGNER LUIS LOPES DE ARAUJO, matricula no 42.482-X, Tec-
nico de Administracao Publica, para substituir, sem prejuizo de suas atribuicoes, a servi-
dora RISALVA RODRIGUES DINIZ, matricula no 94.830-6, Simbolo DFG-02, Encarre-
gado da Divisao Regional de Cultura, Esporte, Lazer e Turismo, da Administracao Regi-
onal da Candangolandia, da Secretaria de Estado de Coordenacao das Administracoes
Regionais do Distrito Federal, no periodo de 02 de setembro 01 de outubro de 2002, por
motivo de ferias regulamentares do titular"
47,Substituição de Funções, o servidor DELCIO BATISTA SILVA,96.868-4,nan,97.022-0,nan,DFG-10,nan,nan,nan,nan,nan,nan,nan,nan,"Designar o servidor DELCIO BATISTA SILVA, matricula no 96.868-4, Assistente, para
substituir, sem prejuizo de suas atribuicoes, o servidor RONAN DE CASTRO PAULI-
NO, matricula no 97.022-0, Simbolo DFG-10, Chefe da Secao de Servicos Publicos, da
Subadministracao Regional de Aguas Claras, da Administracao Regional de Taguatin-
ga, da Secretaria de Estado de Coordenacao das Administracoes Regionais do Distrito
Federal, no periodo de 26 de agosto a 08 de setembro de 2002, por motivo de licenca
medica do titular"
48,Substituição de Funções, o servidor REGIS ALVES BARBOSA,108.869-6,nan,nan,nan,nan,nan,nan,nan,nan,nan,nan,nan,nan,"DESIGNAR o servidor REGIS ALVES BARBOSA, matricula no 108.869-6, Gerente da
Administracao da Torre de Televisao, da Administracao Regional de Brasilia da Secreta-
ria de Estado de Coordenacao das Administracoes Regionais do Distrito Federal, como
Executor do Contrato de Concessao de uso no 016/97, celebrado entre a Administracao de
Brasilia /RA-I e JAT AEROTAXI LTDA, instalada na Area Setor de Divulgacao Cultural
proximo a Torre de Televisao"
49,Substituição de Funções, o servidor ALVARO COELHO DE SOUSA,nan,nan,nan,nan,nan,nan,nan,nan,nan,nan,nan,nan,nan,"Designar o servidor ALVARO COELHO DE SOUSA, mat"
50,Substituição de Funções, os servidores RAUF VIEIRA DA CONCEICAO Matricula no,108567-0,nan,108567-0,nan,nan,nan,nan,nan,nan,nan,nan,nan,nan,"Designar os servidores RAUF VIEIRA DA CONCEICAO Matricula no 971278 Diretor da
Divisao Regional de Obras - DRO, HELENA FERREIRA NORONHA Matricula no 108567-0,
Diretora da Divisao Regional de Exame, Aprovacao e Elaboracao de Projetos - DREAEP, FA-
BIANA PEIXOTO POPOV, matricula no 94876-4, Assessora de Gabinete "
