,Tipo do Ato,Nome do Servidor Substituto,Matrícula do Servidor Substituto,Nome do Servidor a ser Substituido,Matrícula do Servidor a ser SubstituidoCargo,Símbolo do cargo do servidor substituto,Cargo comissionado objeto da substituição,Símbolo do cargo do objeto da substituição,Símbolo do cargo comissionado objeto da substituição,Hierarquia da Lotação,Órgão,Data Inicial da Vigência,Data Final de Vigência,Matrícula SIAPE,Motivo,text
0,Substituição de Funções, SOLANGE TAVARES DOS REIS,108.726-6,"SANDRA
ALVES DE LIMA DOS SANTOS",31.855-8,"Chefe da Secao de Movimentacao da
Divisao de Pessoal do Departamento de Administracao Geral  da Secretaria de Estado de Seguran-
ca Publica do Distrito Federal",nan,nan,nan,nan,nan,nan,nan,nan,nan,"Designar SOLANGE TAVARES DOS REIS, matricula 108.726-6, para substituir SANDRA
ALVES DE LIMA DOS SANTOS, matricula 31.855-8, Chefe da Secao de Movimentacao da
Divisao de Pessoal do Departamento de Administracao Geral  da Secretaria de Estado de Seguran-
ca Publica do Distrito Federal, Codigo DFG-02, no periodo de 12 a  21.12.2001, em virtude de
ferias regulamentares"
1,Substituição de Funções, ANTONINA ALVES BARBOSA MOREIRA,40.559-0,MARIA EMILIA GONCALVES DA SILVA,23.770-1,"Chefe da Secao de Registros
Funcionais da Divisao de Pessoal do Departamento de Administracao Geral  da Secretaria de
Estado de Seguranca Publica do Distrito Federal",nan,nan,nan,nan,nan,nan,nan,nan,nan,"Designar ANTONINA ALVES BARBOSA MOREIRA, matricula 40.559-0, para substituir
MARIA EMILIA GONCALVES DA SILVA, matricula 23.770-1, Chefe da Secao de Registros
Funcionais da Divisao de Pessoal do Departamento de Administracao Geral  da Secretaria de
Estado de Seguranca Publica do Distrito Federal, Codigo DFG-02, no periodo de 19.11 a
03.12.2001, em virtude de ferias regulamentares"
2,Substituição de Funções, ALEX,nan,JO,19.750-5,nan,nan,nan,nan,nan,nan,nan,nan,nan,nan,"Designar ALEX-SANDRA ABREU DOS SANTOS, matricula no 58.575-7, para substituir JO-
VITA MACHADO GAMA, matricula 19.750-5, Chefe da Secao de Assistencia Social da Divi-
sao de Assistencia ao Interno do Centro de Internamento e Reeducacao da Coordenacao do
Sistema Penitenciario da Secretaria de Estado de Seguranca Publica do Distrito Federal, Codigo
DFG-05, no periodo de 10.12.2001 a 08.01.2002, em virtude de Licenca Premio por Assiduidade"
3,Substituição de Funções, MARIA LUISA LOPES BATISTA AGUIAR,nan,nan,nan,nan,nan,nan,nan,nan,nan,nan,nan,nan,nan,"Designar MARIA LUISA LOPES BATISTA AGUIAR, mat"
4,Substituição de Funções, FRANK ALVES DA SILVA,1.139-8,nan,1.158-4,nan,nan,nan,nan,nan,nan,nan,nan,nan,nan,"Designar FRANK ALVES DA SILVA, matricula 1.139-8 e MARCOS ROBERTO CESAR DA
SILVA, matricula 1.158-4, para sob a presidencia do primeiro, comporem comissao de apuracao
ate relatorio final;
Publicar no DODF"
5,Substituição de Funções, CARLA NOGUEIRA DE QUEIROZ,n.o,nan,nan,nan,nan,nan,nan,nan,nan,nan,nan,nan,nan,"Designar CARLA NOGUEIRA DE QUEIROZ , matricula n.o 30.482-4, Assistente, DFA-
06,  da Diretoria do Polo de Cinema e Video, da Secretaria de Estado de Cultura do Distrito
Federal, para qualidade de Executor e sem prejuizo de suas atribuicoes normais acompanhar e
avaliar o projeto cinematografico  O CASAMENTO DE LOUISE"
