,Tipo,Nome,Cargo Efetivo,Matricula,Siape,Simbolo,Cargo Comissao,Lotacao,Orgao,text
0,Nomeação, CARLOS PEREIRA XAVIER,para exercer o Cargo de Natureza  Especial,nan,nan,CNE-04, Administrador Regional de Samambaia,nan,nan,"NOMEAR CARLOS PEREIRA XAVIER, para exercer o Cargo de Natureza  Especial, Simbolo
CNE-04, de Administrador Regional de Samambaia, da Secretaria de Estado de Coordenacao das
Administracoes Regionais do Distrito Federal"
1,Nomeação,nan,nan,nan,nan,nan,nan,nan,nan,"NOMEAR, por necessidade do servico, para a funcao de sentinela da Guarda do Palacio do
Buriti, a contar de 01 de outubro de 2001, os Soldados Policiais-Militares: 24.114/8   -   SD QPPMC WESLEI GOMES DA SILVA;
24.141/5   -   SD QPPMC JORGE SOUZA DA SILVA"
2,Nomeação,nan,nan,nan,nan,nan,nan,nan,nan,"NOMEAR, por necessidade do servico, para as funcoes a saber, a contar de 01 de janeiro de
2002, os seguintes policiais-militares: a) Para a funcao de Comandante da Guarda Residencia Oficial de Aguas Claras:
21.498/5   -   3o SGTo CARLOS CESAR PAULA DA SILVA;
21.795/8   -   3o SGTo MANOEL MESSIAS REZENDE DOS REIS"
