,Tipo do Ato,Nome do Servidor Substituto,Matrícula do Servidor Substituto,Nome do Servidor a ser Substituido,Matrícula do Servidor a ser SubstituidoCargo,Símbolo do cargo do servidor substituto,Cargo comissionado objeto da substituição,Símbolo do cargo do objeto da substituição,Símbolo do cargo comissionado objeto da substituição,Hierarquia da Lotação,Órgão,Data Inicial da Vigência,Data Final de Vigência,Matrícula SIAPE,Motivo,text
0,Substituição de Funções, JOSE IRAN RODRIGUES FERREIRA,109.550-1,o Administrador Regional,nan,nan,CNE-04,nan,nan,nan,nan,nan,nan,nan,nan,"DESIGNAR JOSE IRAN RODRIGUES FERREIRA, matricula no 109.550-1, Diretor da Divi-
sao de Administracao Geral, para substituir o Administrador Regional, Cargo de Natureza Espe-
cial, Simbolo CNE-04, da Administracao Regional do Riacho Fundo, da Secretaria de Estado de
Coordenacao das Administracoes Regionais do Distrito Federal, no periodo de 11, 12, 13, 14 e 15
de novembro de 2002, em virtude do gozo do abono anual da titular"
1,Substituição de Funções, WILIAM JORGE PELES,94.735-0,nan,nan,nan,CNE-04,nan,nan,nan,nan,nan,nan,nan,nan,"DESIGNAR WILIAM JORGE PELES, matricula no 94.735-0, Chefe de Gabinete, para substi-
tuir o Administrador Regional, Cargo de Natureza Especial, Simbolo CNE-04, da Administracao
Regional de Taguatinga, da Secretaria de Estado de Coordenacao das Administracoes Regionais do
Distrito Federal, no periodo de 11 de novembro a 10 de dezembro de 2002, por motivo de ferias
regulamentares do titular"
2,Substituição de Funções, HARLEY GUIMARAES,109.196-4,WELLINGTON RODRI,96.492-1,nan,DFG-11,nan,,nan,"Governadoria do Distrito Federal, no periodo de 25 de novem-
bro de 2002 a 14 de dezembro de 2002, por motivo de ferias regulamentares",nan,nan,nan,nan,"Designar HARLEY GUIMARAES, matricula no 109.196-4, Chefe do Nucleo de Desenvolvi-
mento da Gerencia de Informatica, Simbolo DFG-11, para substituir WELLINGTON RODRI-
GUES LEITE, matricula no 96.492-1, Gerente, Simbolo DFG-12, da Gerencia de Informatica da
Subsecretaria de Apoio Operacional, por motivo de afastamento do Pais do titular no periodo de
28 de outubro a 08 de novembro de 2002
O SECRETARIO DE GOVERNO DO DISTRITO FEDERAL,  no uso das atribuicoes regimen-
tais estabelecidas pelo Decreto no 15.063, de 23 de setembro de 1993, e ainda as que lhe sao
conferidas pelo artigo 3o da Lei no 2.346, de 12 de abril de 1999, resolve:
Designar  JONATAS EMERSON COSTA, matricula no 101.200-2,   para  substituir MARISE
PIMENTEL VIEGAS, matricula no 107.508-X,  Encarregada de Atendimento Judiciario, simbolo
DFG-03, do Nucleo de Assistencia Juridica da Infancia e Juventude,  do Centro de Assistencia
Judiciaria do Distrito Federal, da Governadoria do Distrito Federal, no periodo de 25 de novem-
bro de 2002 a 14 de dezembro de 2002, por motivo de ferias regulamentares"
3,Substituição de Funções, o servidor Gilberto Martins Pereira,nan,nan,nan,nan,nan,nan,nan,nan,nan,nan,nan,nan,nan,"Designar o servidor Gilberto Martins Pereira, AIS  Agente Administrativo - N2, 3a"
4,Substituição de Funções, a servidora MARIA GERCINA DE VASCONCELOS DOS SANTOS,127547-X,nan,nan,nan,nan,nan,nan,nan,nan,nan,nan,nan,nan,"Designar a servidora MARIA GERCINA DE VASCONCELOS DOS SANTOS, matricula 127547-X, CE
- Enfermeira, Chefe do Nucleo de Enfermagem do C"
5,Substituição de Funções, EDSON CARLOS OLIVEIRA DE SOUZA,110493-4,a chefe do Nucleo de Regulacao,nan,nan,nan,nan,nan,nan,nan,nan,nan,nan,nan,"Designar EDSON CARLOS OLIVEIRA DE SOUZA, matricula 110493-4, AIS - Agente Admi-
nistrativo para substituir a chefe do Nucleo de Regulacao, Controle e Avaliacao do Centro de Saude
no"
6,Substituição de Funções, a servidora,00000299,"a
Gerente da Gerencia de Atividades Gerais CAO",nan,nan,DFG-,nan,nan,nan,nan,nan,nan,nan,nan,"DESIGNAR a servidora, Maria Zelia Alves de Castro, matricula no 00000299 para substituir a
Gerente da Gerencia de Atividades Gerais CAO/FEPECS/SES, Simbolo DFG- 11, no periodo de
10/02/2003 a 19/02/2003 por motivo de Ferias da titular, nos termos do artigo 38 da Lei 8.112, de
11 de dezembro de 1990, combinando com o Decreto no 17.603/96"
7,Substituição de Funções, o servidor,115.407-9,"o Chefe do
Nucleo de Manutencao Vigilancia e Transporte da Gerencia de Atividades Gerais CAO",nan,nan,DFG-08,nan,nan,nan,nan,nan,nan,nan,nan,"DESIGNAR o servidor, Geraldo Rodrigues de Barros, matricula no 115.407-9, para substituir o Chefe do
Nucleo de Manutencao Vigilancia e Transporte da Gerencia de Atividades Gerais CAO/FEPECS/SES,
Simbolo DFG-08, no periodo de 06/01/2003 a 04/02/2003 por motivo de Ferias do titular, nos termos do
artigo 38 da Lei 8.112, de 11 de dezembro de 1990, combinando com o Decreto no 17.603/96"
8,Substituição de Funções, a servidora,0000604,o Coordenador da Coordenacao de Desenvolvimento de Recursos Humanos,nan,nan,nan,nan,nan,nan,nan,nan,nan,nan,nan,"DESIGNAR a servidora, Lucia da Conceicao Barreira Manso, matricula no 0000604 para substituir
o Coordenador da Coordenacao de Desenvolvimento de Recursos Humanos /FEPECS/SES, Simbo-
lo DFG- 14, no periodo de 06/12/2002 a 20/12/2002 por motivo de Ferias do titular, nos termos do
artigo 38 da Lei 8.112, de 11 de dezembro de 1990, combinando com o Decreto no 17.603/96"
9,Substituição de Funções, ILANE NOGUEIRA MATIAS,108080-6,JARBAS SILVA MARQUES,96.796-3,"Diretor do Depar-
tamento do Patrimonio Historico e Artistico",DFA-10,nan,,nan,nan,nan,nan,nan,nan,"Designar ILANE NOGUEIRA MATIAS, matricula no 108080-6, Assessora, Simbolo DFA-10,
da Diretoria do Patrimonio Historico e Artistico, da Secretaria de Estado de Cultura do Distrito
Federal, para substituir JARBAS SILVA MARQUES, matricula no 96.796-3, Diretor do Depar-
tamento do Patrimonio Historico e Artistico, Simbolo DFG-14, da Secretaria de Estado de
Cultura do Distrito Federal, no periodo de 04/11/2002 a 03/12/2002, por motivo de gozo de ferias
regulamentares do titular"
10,Substituição de Funções,nan,nan,nan,1650014-9,nan,nan,nan,nan,nan,nan,nan,nan,nan,nan,"Designar, MARCIA PEREIRA MILLER, matricula no 1650402-8, Auxiliar de Atividades
Culturais, GERALDO MAGELA DE REZENDE, matricula no 1650014-9, Tecnico de Ativida-
des Culturais, ORLANDO SILVA ILORGA, matricula no 30.806-4, Tecnico de Orcamento,
JOSE RODRIGUES RAMOS FILHO, matricula no 16503757, Auxiliar de Atividades Culturais
e LEILA DE SOUZA CARDIM, matricula no 1650602-7, Tecnico de Atividades Culturais, para,
sob a Presidencia do primeiro membro comporem a referida Comissao"
11,Substituição de Funções, o servidor HENRIQUE CESAR GOMES LOPES,107.840-2,NATAL REGINO,"100.413-
1",ocupante do Cargo em Comissao de Chefe do Nucleo de Material,DFA-05,nan,,nan,19 de janeiro de 1998,nan,nan,nan,nan,"Designar o servidor HENRIQUE CESAR GOMES LOPES, matricula no 107.840-2, Encarregada
do Nucleo de Material, Simbolo DFA-05, para substituir NATAL REGINO, matricula no 100.413-
1, ocupante do Cargo em Comissao de Chefe do Nucleo de Material, Simbolo DFG-09, da
Gerencia Administrativa, da Diretoria de Apoio Operacional, da Secretaria de Trabalho e Direitos
Humanos do Distrito Federal, por motivo de ferias regulamentares do titular no periodo de 16 de
novembro de 2002 a 30 de novembro de 2002
VATANABIO BRANDAO SOUZA                                                                       Diario Oficial do Distrito Federal
PAGINA   21
No 214, quinta-feira, 7 de novembro de 2002 SECRETARIA DE COORDENACAO
DAS ADMINISTRACOES REGIONAIS PORTARIA No 590, DE 9 DE OUTUBRO DE 2002 (*)
A SECRETARIA DE ESTADO DE COORDENACAO DAS ADMINISTRACOES REGIO-
NAIS, respondendo interinamente, no uso de suas atribuicoes que lhes sao conferidas pelo Artigo
1o do Decreto No 23.212, de 06 de setembro de 2002, resolve:
Conceder aposentadoria a servidora abaixo identificada: DADOS DE IDENTIFICACAO  FUNDAMENTACAO LEGAL  Nome: Evantina Augusta de 
Carvalho 
Matricula: 98.845-6 
Quadro:  Suplementar  em 
extincao 
Processo: 130.000.004/2002 
  Artigo 186, item III, alinea a e 189, paragrafo unico, da Lei 
n.o 8.112, de 11 de dezembro de 1990, combinados com o 
artigo 41, item III, alinea a, e  4o, da LEI ORGANICA DO 
DISTRITO FEDERAL, assegurados pelo artigo 8o da Emenda 
Constitucional n.o 20 da CONSTITUICAO DA REPUBLICA 
FEDERATIVA DO BRASIL, publicada no diario oficial da 
uniao de 16 de dezembro de 1998, com as vantagens previstas 
no artigo 1o, da Lei n.o 1.004, de 09 de janeiro de 1996, 
regulamentada pelo decreto n.o 17.182, de 06 de marco de 
1996, mantidas pelo artigo 4o, da lei n.o 1.141, de 10 de julho 
de 1996, nos termos do paragrafo unico do artigo 4o, da Lei n.o 
1.864, de 19 de janeiro de 1998"
12,Substituição de Funções, o servidor Carlos Andre Oliveira de Goes,94.262-,nan,nan,nan,nan,nan,nan,nan,nan,nan,nan,nan,nan,"Designar o servidor Carlos Andre Oliveira de Goes, assistente da DROSP, matricula no 94.262-
6, para acompanhar, supervisionar e fiscalizar o Contrato no 006/2000, de locacao de equipamen-
tos de informatica, Processo: 149.001.197/2000, celebrado entre a Administracao Regional do
Lago Norte e a COMPANHIA DO DESENVOLVIMENTO DO PLANALTO CENTRAL 
CODEPLAN"
13,Substituição de Funções, os Fiscais de Atividades Urbanas na area de especializacao transportes,nan,nan,nan,nan,nan,nan,nan,nan,nan,nan,nan,nan,nan,"Designar os Fiscais de Atividades Urbanas na area de especializacao transportes, para
exercicio de suas funcoes na fiscalizacao de transporte individual de passageiros ou bens
(Taxi), salvo nos casos de operacoes especiais, conforme abaixo discriminados"
