,Tipo do Ato,SEI,Nome,Matrícula,Tipo de Aposentadoria,Cargo,Classe,Padrao,Quadro,Fundamento Legal,Orgao,Vigencia,Matricula SIAPE,text
0,Aposentadoria,052.000.746/96,o ato que concedeu aposentadoria a IVO SESTREM,27.294-9,nan,nan,nan,II,"Quadro: PCDF 
Processo: 052", 1o da Lei Complementar no 51, Distrito Federal,nan,nan,"Conceder aposentadoria ao servidor abaixo. DADOS DE IDENTIFICACAO  FUNDAMENTACAO LEGAL  Nome: CIRO ALVES RIBEIRO 
Matricula: 19.535-9 
Cargo: Agente de Policia  
Classe: Especial 
Quadro: PCDF 
Processo: 052.000.922/2002  Nos termos do artigo 1o da Lei Complementar no 51, 
de 20/12/1985, combinado com o inciso III,  1o,  4o 
e  8o do artigo 40 da CONSTITUICAO DA 
REPUBLICA FEDERATIVA DO BRASIL, com as 
vantagens previstas no artigo 7o da Lei no 1.004, de 
09/01/1996, regulamentada pelo Decreto no 17.182, de 
06/03/1996, combinados com o artigo 4o da Lei 1.141, 
de 10/07/1996, mantidos pelo Paragrafo Unico do 
artigo 4o, da Lei no 1.864, de 19/01/1998.   
MARIA CECILIA S. S. LANDIM PORTARIA No 416, DE 18 DE JUNHO DE 2002 A SECRETARIA DE ESTADO DE GESTAO ADMINISTRATIVA DO DISTRITO FEDE-
RAL, no uso das atribuicoes que lhe sao conferidas pelo Decreto no 21.549, de 22 de setembro de
2000, resolve:
TORNAR SEM EFEITO na Portaria Coletiva de 26/07/1996, publicada no DODF no 145, de 29/
07/1996, o ato que concedeu aposentadoria a IVO SESTREM, matricula 27.294-9, Perito Crimi-
nal, 1a Classe, Padrao II, do Quadro de Pessoal do Distrito Federal. Processo no 052.000.746/96."
1,Aposentadoria,052.000.746/96,IVO SESTREM,27.294-9,nan,nan,nan,II,Quadro de Pessoal do Distrito Federal,nan, Distrito Federal,nan,nan,"CONCEDER APOSENTADORIA a IVO SESTREM, matricula 27.294-9, Perito Criminal, 1a
Classe, Padrao II, do Quadro de Pessoal do Distrito Federal, nos termos dos artigos 186, item III,
alinea c, e 189 da Lei no 8.112, de 11/12/1990, combinado com o artigo 40, item III, alinea c,
e  4o, da CONSTITUICAO DA REPUBLICA FEDERATIVA DO BRASIL, a contar de 03/03/
1997. Processo no 052.000.746/96."
2,Aposentadoria,050.001.066/94,ADELIO DE ALMEIDA MATOS,02.320-X,nan,nan,Especial,III,Quadro de Pessoal do Distrito Federal," 186, item III, alinea a, da Lei no 8.112, de 11/12/1990, combinado com o artigo
40, item III, alinea a, e  4o, da CONSTITUICAO DA REPUBLICA FEDERATIVA DO
BRASIL", Distrito Federal,nan,nan,"CONCEDER APOSENTADORIA a ADELIO DE ALMEIDA MATOS, matricula 02.320-X,
Agente de Policia, Classe Especial, Padrao III, do Quadro de Pessoal do Distrito Federal, nos
termos do artigo 186, item III, alinea a, da Lei no 8.112, de 11/12/1990, combinado com o artigo
40, item III, alinea a, e  4o, da CONSTITUICAO DA REPUBLICA FEDERATIVA DO
BRASIL, a contar de 24/12/1994. Processo no 050.001.066/94."
