,tipo,nome,matricula,simbolo,cargo_comissao,lotacao,orgao,vigencia,pedido,cargo_efetivo,siape,motivo,text
0,Exoneração, JOAO MARTINS MASCARENHAS,no,nan,nan,nan,nan,nan,a pedido,nan,nan,nan,"EXONERAR a pedido, JOAO MARTINS MASCARENHAS, matricula no 94"
1,Exoneração, SERGIO BARBOSA PIMENTA,no,nan,nan,nan,nan,nan,nan,nan,nan,nan,"EXONERAR SERGIO BARBOSA PIMENTA, matricula no 96"
2,Exoneração, JOAQUIM DE OLIVEIRA MAGALHAES,no,nan,nan,nan,nan,nan,nan,nan,nan,nan,"EXONERAR JOAQUIM DE OLIVEIRA MAGALHAES, Tecnico de Administracao Pu-
blica, matricula no 91"
3,Exoneração, MARIA NILZA MOURA DOS SANTOS,no,nan,nan,nan,nan,nan,nan,nan,nan,nan,"EXONERAR MARIA NILZA MOURA DOS SANTOS, matricula no 95"
4,Exoneração," JACQUELINE DALTRO DA SILVA
FALCAO",no,nan,nan,nan,nan,nan,nan,nan,nan,nan,"EXONERAR por ter sido nomeada para outro cargo, JACQUELINE DALTRO DA SILVA
FALCAO, matricula no 109"
