,Tipo do Ato,Nome do Servidor Substituto,Matrícula do Servidor Substituto,Nome do Servidor a ser Substituido,Matrícula do Servidor a ser SubstituidoCargo,Símbolo do cargo do servidor substituto,Cargo comissionado objeto da substituição,Símbolo do cargo do objeto da substituição,Símbolo do cargo comissionado objeto da substituição,Hierarquia da Lotação,Órgão,Data Inicial da Vigência,Data Final de Vigência,Matrícula SIAPE,Motivo,text
0,Substituição de Funções, o servidor PAULO CESAR GUSMAO,90.066-4,THIAGO NAGAO DE OLIVEIRA,90.192-X,Gerente da Gerencia de Informatica,DFA-06,nan,,nan,nan,nan,nan,nan,nan,"Designar o servidor PAULO CESAR GUSMAO, matricula no 90.066-4, Assistente da Gerencia
de Informatica, Simbolo DFA-06, para substituir THIAGO NAGAO DE OLIVEIRA, matricula
no 90.192-X, Gerente da Gerencia de Informatica, Simbolo DFG-11, no periodo 29/08 a 09/09/
2002, por motivo de licenca medica do titular"
1,Substituição de Funções, a servidora ADRIANA GONCALVES SILVA,90.178-4,MARIA ELI,90.173-3,nan,DFG-11,nan,,nan,nan,nan,nan,nan,nan,"Designar a servidora ADRIANA GONCALVES SILVA, matricula no 90.178-4, Gerente
da Gerencia de Documentacao Nao Textual, Simbolo DFG-11, para substituir MARIA ELI-
ZABETH OLIVEIRA MARQUES, matricula no 90.173-3, Diretora da Diretoria de Arquivo
Permanente, Simbolo DFG12, no periodo 09/09 a 08/10/2002, por motivo de ferias regu-
lamentares da titular"
2,Substituição de Funções, a servidora LUANA CASTELO BRANCO PINTO CRUZ,90.194-6,"a servidora
ADRIANA GONCALVES SILVA",90.178-4,"Gerente da Gerencia de Documenta-
cao Nao Textual",DFA-06,nan,,nan,nan,nan,nan,nan,nan,"Designar a servidora LUANA CASTELO BRANCO PINTO CRUZ, matricula no 90.194-6,
Assistente da Diretoria de Arquivo Permanente, Simbolo DFA-06, para substituir a servidora
ADRIANA GONCALVES SILVA, matricula no 90.178-4, Gerente da Gerencia de Documenta-
cao Nao Textual, Simbolo DFG-11, no periodo de 09/09 a 08/10/2002, por estar substituindo
outro cargo comissionado"
3,Substituição de Funções, o Chefe do Nucleo de Administracao Predial,nan,nan,nan,nan,nan,nan,nan,nan,nan,nan,nan,nan,nan,"Designar o Chefe do Nucleo de Administracao Predial/GEAL/DIAFI/SUAOP/SEFP como
executor do Contrato celebrado entre o Distrito Federal, por meio desta Secretaria, e a empresa
Wagner Imobiliaria, Refrigeracao e Construcoes, Industria e Comercio Ltda., objetivando a
locacao do imovel situado no Setor Bancario Norte, Quadra 2, Bloco K, com uma area total de
9.582,70m2, correspondente ao Terreo, 1o Pavimento, 1o, 2o, 3o Subsolos, com garagem, para
uso desta Secretaria"
4,Substituição de Funções, JORGE HENRIQUE CAMPOS ROMERO,201.522-6,nan,nan,nan,FG-05,nan,nan,nan,nan,nan,nan,nan,nan,"Designar JORGE HENRIQUE CAMPOS ROMERO, matricula no 201.522-6, para responder
pela Funcao Gratificada, Simbolo FG-05, de Diretor do Centro de Ensino Fundamental Nova
Betania da Gerencia Regional de Ensino de Sao Sebastiao da Diretoria de Unidades Regionais,
no periodo de 11/09/2002 a 25/09/2002, por motivo de ferias do titular e Licenca para tratamen-
to de saude do Vice-Diretor"
5,Substituição de Funções, FERNANDA SILVINA MEDEIROS DOS SANTOS,32.616-X,o titular do Cargo em Comissao de Vice,nan,nan,FG,nan,nan,nan,nan,nan,nan,nan,nan,"Designar FERNANDA SILVINA MEDEIROS DOS SANTOS, matricula no 32.616-X,
para substituir o titular do Cargo em Comissao de Vice-Diretor do Jardim de Infancia
106 Norte, simbolo FG 02, pelo periodo de 23/08/2002 a 16/11/2002, por motivo de
LTS do Titular"
6,Substituição de Funções, ANA ISABEL MENEZES DE ABREU,49.643-X,o titu,nan,nan,FG,nan,nan,nan,nan,nan,nan,nan,nan,"Designar ANA ISABEL MENEZES DE ABREU, matricula no 49.643-X, para substituir o titu-
lar do Cargo em Comissao de Vice-Diretor da Escola Classe 01 SHI SUL, simbolo FG 02, pelo
periodo de 10/09/2002 a 09/10/2002, por motivo de Ferias do Titular"
7,Substituição de Funções, ELISABETE FERREIRA SANTOS DA COSTA,31.000-X,nan,nan,nan,DFG,nan,nan,nan,nan,nan,nan,nan,nan,"Designar ELISABETE FERREIRA SANTOS DA COSTA, matricula no 31.000-X, para substi-
tuir o titular do Cargo em Comissao de Chefe de Secretaria Escolar da Escola Classe 312 Norte,
simbolo DFG 02, pelo periodo de 10/09/2002 a 09/10/2002, por motivo de Ferias do Titular"
8,Substituição de Funções, EDIELZA FIGUEIREDO DOS SANTOS,65.887-1,titu,nan,nan,FG,nan,nan,nan,nan,nan,nan,nan,nan,"Designar EDIELZA FIGUEIREDO DOS SANTOS, matricula no 65.887-1, para substituir titu-
lar do Cargo em Comissao de Vice-Diretor da Escola Classe 410 Sul, simbolo FG 02, pelo
periodo de 12/09/2002 a 30/09/2002, por motivo de LTS do Titular"
9,Substituição de Funções, VANESSA BURJACK M,nan,nan,nan,nan,nan,nan,nan,nan,nan,nan,nan,nan,nan,Designar VANESSA BURJACK M
10,Substituição de Funções, LUIZ ANTONIO DOS SANTOS,78.463-X,a titular do Car,nan,nan,DFG-07,nan,nan,nan,nan,nan,nan,nan,nan,"Designar LUIZ ANTONIO DOS SANTOS, matricula 78.463-X, para substituir a titular do Car-
go em Comissao de Chefe do Nucleo de Material, Patrimonio e Servico da GRE/Gama, simbolo
DFG-07, no periodo de 29/08/2002 a 12/10/2002, por motivo de Licenca para Tratamento de
Saude do titular"
11,Substituição de Funções, o servidor abaixo relacionado,97.475-7,"o titular do cargo em comissao a seguir
especificado",nan,nan,DFG-02,nan,nan,nan,nan,nan,nan,nan,nan,"Designar o servidor abaixo relacionado, para substituir o titular do cargo em comissao a seguir
especificado: VALDEMAR FERREIRA DOS SANTOS, matricula 97.475-7, Chefe de Secreta-
ria Escolar da Escola Classe 42 de Taguatinga, Simbolo DFG-02, pelo periodo de 20/09/02 a 04/
10/02, por motivo de ferias da titular
2"
12,Substituição de Funções, as servidoras abaixo relacionadas,29179-X,nan,nan,nan,DFG-02,nan,nan,nan,nan,nan,nan,nan,nan,"Designar as servidoras abaixo relacionadas, para substituirem as titulares dos cargos em comis-
sao a seguir especificados:
- JOANA DARC FREITAS BACELAR MOURAO, matricula 29179-X, Chefe de Secretaria
Escolar da Escola Classe Frigorifico Industrial de Planaltina, simbolo DFG-02, no periodo de
16/08/2002 a 15/09/2002, por motivo de licenca medica da titular"
13,Substituição de Funções, a servidora abaixo relacionada,79403-1,"a titular do cargo em comissao a seguir
especificado",nan,nan,DFG-02,nan,nan,nan,nan,nan,nan,nan,nan,"Designar a servidora abaixo relacionada, para substituir a titular do cargo em comissao a seguir
especificado:
- ANTONIA EDILAMAR MACIEL MARTINS, Secretaria Escolar, matricula 79403-1, Chefe
de Secretaria Escolar da Escola Classe 05 de Planaltina, simbolo DFG-02, no periodo de 06/09/
2002 a 19/10/2002, por motivo de licenca medica da titular
MARIA DO SOCORRO GALDINO RODRIGUES GERENCIA REGIONAL DE ENSINO DO NUCLEO BANDEIRANTE
ORDENS DE SERVICO DE 5 DE SETEMBRO DE 2002
1.O GERENTE DA GERENCIA REGIONAL DE ENSINO DO NUCLEO BANDEIRANTE,
no uso das atribuicoes que lhe sao conferidas pela Portaria no 210, art"
14,Substituição de Funções, FRANCISMAR MOREIRA DE FIGUEIREDO,35.093-1,o titular do cargo em comissao,nan,nan,DFG,nan,nan,nan,nan,nan,nan,nan,nan,"Designar FRANCISMAR MOREIRA DE FIGUEIREDO, matricula 35.093-1, para substituir
o titular do cargo em comissao, simbolo DFG 02 de Vice-Diretora da Escola Classe 01 do
Riacho Fundo II, no periodo de 02/09/2002 a 01/10/2002, por motivo de ferias do titular"
15,Substituição de Funções, o servidor WELINGTON LIMA BRITO,108.589-1,o Chefe do Nucleo de Regulacao,nan,nan,DFG-04,nan,nan,nan,nan,nan,nan,nan,nan,"Designar o servidor WELINGTON LIMA BRITO, AIS - Agente Administrativo, matricula
108.589-1, para substituir o Chefe do Nucleo de Regulacao, Controle e Avaliacao do Centro de
Saude No07 da Diretoria Regional de Saude de Taguatinga, do Quadro de Cargos em Comissao
da Secretaria de Estado de Saude do Distrito Federal, Simbolo DFG-04, no periodo de 09/09 a
08/10/02, em virtude de ferias do titular"
16,Substituição de Funções, a servidora EDITE PEREIRA DE MOURA BORGES,112.555-9,"a Chefe do Nucleo de Processamento de Contas do SIA e
SIH da Gerencia de Regulacao",nan,nan,DFG-05,nan,nan,nan,nan,nan,nan,nan,nan,"Designar a servidora EDITE PEREIRA DE MOURA BORGES, AIS - Agente Administrativo,
matricula 112.555-9, para substituir a Chefe do Nucleo de Processamento de Contas do SIA e
SIH da Gerencia de Regulacao, Controle e Avaliacao do Hospital Regional de Taguatinga, do
Quadro de Cargos em Comissao da Secretaria de Estado de Saude do Distrito Federal, Simbolo
DFG-05, no periodo de 09 a 18/09/02, em virtude de ferias da titular"
17,Substituição de Funções, o servidor ROMEU PINTO DE ALMEIDA,124.439-,"a Chefe do Nucleo de Nutricao e Dietetica da Gerencia de Diagnose e Terapia
do Hospital Regional de Taguatinga",nan,nan,DFG-05,nan,nan,nan,nan,nan,nan,nan,nan,"Designar o servidor ROMEU PINTO DE ALMEIDA, ASS - Nutricionista, matricula 124.439-
6, para substituir a Chefe do Nucleo de Nutricao e Dietetica da Gerencia de Diagnose e Terapia
do Hospital Regional de Taguatinga, do Quadro de Cargos em Comissao da Secretaria de Esta-
do de Saude do Distrito Federal, Simbolo DFG-05, no periodo de 01/09 a 30/11/02, em virtude
de Licenca Premio da titular"
18,Substituição de Funções, a servidora CRISTIANE RIOS CARNEIRO,133.437-,"o Chefe do Nucleo de Transporte da Gerencia de Apoio Operacional do Hospital
Regional de Taguatinga",nan,nan,DFG-04,nan,nan,nan,nan,nan,nan,nan,nan,"Designar a servidora CRISTIANE RIOS CARNEIRO, AIS - Agente Administrativo, matricula 133.437-
9, para substituir o Chefe do Nucleo de Transporte da Gerencia de Apoio Operacional do Hospital
Regional de Taguatinga, do Quadro de Cargos em Comissao da Secretaria de Estado de Saude do
Distrito Federal, Simbolo DFG-04, no periodo de 16 a 30/09/02, em virtude de ferias do titular"
19,Substituição de Funções, a servidora MARIA DO ROZARIO PINHO DE ARAUJO,113.943-6,"a Chefe do Nucleo de Apoio Operacional do Centro de
Saude No",nan,nan,DFG-05,nan,nan,nan,nan,nan,nan,nan,nan,"Designar a servidora MARIA DO ROZARIO PINHO DE ARAUJO, ASC - Servico Social,
matricula 113.943-6, para substituir a Chefe do Nucleo de Apoio Operacional do Centro de
Saude No 02 da Diretoria Regional de Saude de Taguatinga, do Quadro de Cargos em Comissao
da Secretaria de Estado de Saude do Distrito Federal, Simbolo DFG-05, nos periodos de 08 a
22/07/02 e de 25/07 a 08/08/02, em virtude de licenca medica da titular"
20,Substituição de Funções, a servidora SANDRA DO NASCIMENTO NUNES,nan,a Chefe do Nucleo de Regulacao,nan,nan,DFG-04,nan,nan,nan,nan,nan,nan,nan,nan,"Designar a servidora SANDRA DO NASCIMENTO NUNES, AIS - Agente Administrativo, ma-
tricula 116.064-8, para substituir a Chefe do Nucleo de Regulacao, Controle e Avaliacao do Centro
de Saude No 06 da Diretoria Regional de Saude de Taguatinga, do Quadro de Cargos em Comissao
da Secretaria de Estado de Saude do Distrito Federal, Simbolo DFG-04, nos periodos de 28/08 a
11/09/02 e de 12/09 a 11/10/02, em virtude de ferias e licenca premio da titular, respectivamente"
21,Substituição de Funções, a servidora CUSTODIANA PEREIRA DA CRUZ,131.004-6,a Chefe do Nucleo de Protocolo e Documentacao Adminis,nan,nan,DFG-04,nan,nan,nan,nan,nan,nan,nan,nan,"Designar a servidora CUSTODIANA PEREIRA DA CRUZ, AOSD - Limpeza e Conservacao,
matricula 131.004-6, para substituir a Chefe do Nucleo de Protocolo e Documentacao Adminis-
trativa da Gerencia de Apoio Operacional do Hospital Regional de Taguatinga, do Quadro de
Cargos em Comissao da Secretaria de Estado de Saude do Distrito Federal, Simbolo DFG-04,
no periodo de 21/10 a 09/11/02, em virtude de ferias da titular"
22,Substituição de Funções, a servidora ANA TERESA MOTA PINTO,135.373-X,"a Chefe do Nucleo de Coleta e Apresentacao de Dados da Gerencia
de Regulacao",nan,nan,DFG-04,nan,nan,nan,nan,nan,nan,nan,nan,"Designar a servidora ANA TERESA MOTA PINTO, AIS - Agente Administrativo, matricula
135.373-X, para substituir a Chefe do Nucleo de Coleta e Apresentacao de Dados da Gerencia
de Regulacao, Controle e Avaliacao do Hospital Regional de Taguatinga, do Quadro de Cargos
em Comissao da Secretaria de Estado de Saude do Distrito Federal, Simbolo DFG-04, no peri-
odo de 14/10 a 02/11/02, em virtude de ferias da titular"
23,Substituição de Funções,nan,nan,a Chefe do Nucleo de Apoio Operacional do Centro de Saude No,nan,nan,DF-05,nan,nan,nan,nan,nan,nan,nan,nan,"Designar, RODOLFO MENDES DA SILVA, AIS-II-Agente Administrativo, Matricula 141048-
2, para substituir a Chefe do Nucleo de Apoio Operacional do Centro de Saude No 03, da Coor-
denacao Regional de Planaltina, Simbolo DF-05, no periodo de 20-08-2002 a 06-9-2002, por
motivo de Licenca Medica da titular"
24,Substituição de Funções,nan,nan,o Chefe da Unidade de Neonatologia do Hospital Regional de Planaltina,nan,nan,DFG-05,nan,nan,nan,nan,nan,nan,nan,nan,"Designar, ROZILENE BASTOS CABRAL, CM-Medico Pediatria, Matricula 136575-4, para
substituir o Chefe da Unidade de Neonatologia do Hospital Regional de Planaltina, Simbolo
DFG-05, no periodo de 16 a 31-8-2002, por motivo de ferias do titular"
25,Substituição de Funções,nan,nan,o Chefe do Nucleo de Pessoal do Hospital Regional de Planaltina,nan,nan,DF-05,nan,nan,nan,nan,nan,nan,nan,nan,"Designar, DARLENE RODRIGUES DA CUNHA, AIS-II-Agente Administrativo, Matricula
127744-8, para substituir o Chefe do Nucleo de Pessoal do Hospital Regional de Planaltina,
Simbolo DF-05, no periodo de 02 a 21-9-2002, por motivo de ferias do titular"
26,Substituição de Funções, a servidora Ivana Sousa Barroso,143.674-0,"o Gerente de
Apoio Operacional do Laboratorio Central de Saude Publica da Subsecretaria de Vigilancia a
Saude da Secretaria de Estado de Saude do Distrito Federal",nan,nan,DFG-12,nan,nan,nan,nan,nan,nan,nan,nan,"Designar a servidora Ivana Sousa Barroso, Matricula no 143.674-0, para substituir o Gerente de
Apoio Operacional do Laboratorio Central de Saude Publica da Subsecretaria de Vigilancia a
Saude da Secretaria de Estado de Saude do Distrito Federal, Simbolo DFG-12, no periodo de 07
de outubro a 05 de novembro de 2002, por motivo de ferias"
27,Substituição de Funções, Adilson Alves de Castro Junior,129.487-3,nan,360.688-0,nan,nan,nan,nan,nan,nan,nan,nan,nan,nan,"Designar Adilson Alves de Castro Junior, matricula no 129.487-3, Chefe do Nucleo de Pesso-
al/GPA/DRH; Jose Marcal Leandro Filho, matricula no 360.688-0, Arlene Cristina Oliveira,
matricula no 116.878-9,  Agente Administrativo; Rose Neide Velas Boas Lemos, matricula no
122.898-6,  Agente Administrativo; Ramatiane Cristina Medeiros, matricula no 139.644-7, AOSD                                                                       Diario Oficial do Distrito Federal
PAGINA   15
No 177, segunda-feira, 16 de setembro de 2002  Limpeza e Conservacao, para sob a Coordenacao do primeiro comporem a Subcomissao de
Avaliacao de Desempenho e Promocao Funcional da ADMC da Secretaria de Estado de Saude,
de acordo com o Decreto no 14.647, de 25.03.93, Portarias nos 01 e 02, de 05.01.95  SEA/GDF"
28,Substituição de Funções, o servidor ROGERIO GALVAO DOS SANTOS,42.079-4,nan,92.202-1,nan,DFG-05,nan,nan,nan,nan,nan,nan,nan,nan,"Designar o servidor ROGERIO GALVAO DOS SANTOS, matricula no 42.079-4, para substi-
tuir o servidor JOSE ALVES BARBOSA, matricula no 92.202-1, no Cargo em Comissao de
Encarregado, Simbolo DFG-05, da Gerencia de Fiscalizacao e Vistoria, da Coordenacao Opera-
cional, do Departamento Metropolitano de Transportes Urbanos do Distrito Federal, nos termos
do paragrafo 3o, do Art"
29,Substituição de Funções, o servidor SEVERINO JOSE DA SILVA,92.260-9,"o
servidor MOISES SANTOS ARAUJO",92.080-1,"no Cargo em Comissao de Ge-
rente",DFG-12,nan,nan,nan,nan,nan,nan,nan,nan,"Designar o servidor SEVERINO JOSE DA SILVA, matricula no 92.260-9, para substituir o
servidor MOISES SANTOS ARAUJO, matricula no 92.080-1, no Cargo em Comissao de Ge-
rente, Simbolo DFG-12, da Gerencia de Recursos Humanos, da Coordenacao Administrativo-
Financeira, do Departamento Metropolitano de Transportes Urbanos do Distrito Federal, nos
termos do paragrafo 3o, do Art"
30,Substituição de Funções, o servidor MARCUS VINICIUS LOUREIRO FRANCA DE MENDONCA,57.342-6,a servidora JUNIA MARIA DE ALMEIDA SAN,57.568-2,nan,nan,nan,nan,nan,nan,nan,nan,nan,nan,"DESIGNAR o servidor MARCUS VINICIUS LOUREIRO FRANCA DE MENDONCA, Agente
de Policia, matricula 57.342-6, para substituir a servidora JUNIA MARIA DE ALMEIDA SAN-
TOS, Agente de Policia, matricula 57.568-2, nas funcoes de Executor do Contrato celebrado
entre o Distrito Federal, por intermedio da Policia Civil, e a empresa CORAL SERVICOS DE
REFEICOES INDUSTRIAIS LTDA., objeto do processo 052.001.039/1998, no periodo de 19
de agosto a 07 de setembro de 2002, devido ferias regulamentares"
31,Substituição de Funções, o servidor MARCUS VINICIUS LOUREIRO FRANCA DE MENDONCA,57.342-6,a servidora JUNIA MARIA DE ALMEIDA SAN,57.568-2,nan,nan,nan,nan,nan,nan,nan,nan,nan,nan,"DESIGNAR o servidor MARCUS VINICIUS LOUREIRO FRANCA DE MENDONCA, Agente
de Policia, matricula 57.342-6, para substituir a servidora JUNIA MARIA DE ALMEIDA SAN-
TOS, Agente de Policia, matricula 57.568-2, nas funcoes de Executor do Contrato celebrado
entre o Distrito Federal, por intermedio da Policia Civil, e a empresa DINAMICA ADMINIS-
TRACAO SERVICOS E OBRAS LTDA., objeto do processo 052.000.598/2001, no periodo de
19 de agosto a 07 de setembro de 2002, devido ferias regulamentares"
32,Substituição de Funções, nos termos do Artigo,109.604-4,JOAO LUIZ MARTINS DA SILVA,97.177-4,"Secre-
tario Executivo do Fundo Unico do Meio Ambiente do Distrito Federal",DFA-10,nan,nan,nan,nan,nan,nan,nan,nan,"Designar nos termos do Artigo 4o do Decreto 21.816 de 12.12.2000, a servidora LILIAN FER-
NANDA GODOI LOPES, matricula no 109.604-4, Assistente do Gabinete do Secretario, Sim-
bolo DFA-05, para substituir JOAO LUIZ MARTINS DA SILVA, matricula no 97.177-4, Secre-
tario Executivo do Fundo Unico do Meio Ambiente do Distrito Federal, Simbolo DFA-10, da
Secretaria de Meio Ambiente e Recursos Hidricos do Distrito Federal, no periodo de 02 de
setembro de 2002 a 21 de setembro de 2002, por motivo de ferias regulamentares do titular"
33,Substituição de Funções, nos termos do Artigo,109.604-4,SANDRA MARIA PEREIRA DE SANTANA,nan,nan,DFA-10,nan,nan,nan,nan,nan,nan,nan,nan,"Designar nos termos do Artigo 4o do Decreto 21.816 de 12.12.2000, a servidora LILIAN FER-
NANDA GODOI LOPES, matricula no 109.604-4, Assistente do Gabinete do Secretario, Sim-
bolo DFA-05, para substituir SANDRA MARIA PEREIRA DE SANTANA, Secretaria Execu-
tiva do Gabinete do Secretario, Simbolo DFA-10, da Secretaria de Meio Ambiente e Recursos
Hidricos do Distrito Federal, no periodo de 23 de setembro de 2002 a 19 de outubro de 2002, por
motivo de Licenca Maternidade e 21 de outubro a 30 de outubro de 2002, por motivo de ferias
regulamentares da titular"
34,Substituição de Funções, nos termos do Decreto no,107.190-1,GRAZIELA SANTOS DE OLIVEIRA,108.423-2,Chefe do Nucleo de Projetos,DFA-04,nan,,nan,nan,nan,nan,nan,nan,"Designar nos termos do Decreto no 21.816 de 12.12.2002 a servidora PATRICIA BONIFACIO
LIMA, matricula no 107.190-1, Secretaria Administrativa, Simbolo DFA-04, para substituir
GRAZIELA SANTOS DE OLIVEIRA, matricula no 108.423-2, Chefe do Nucleo de Projetos,
Simbolo DFG-09, da Gerencia de Acompanhamento e Avaliacao, da Diretoria de Planejamento,
Programacao e Acompanhamento, da Secretaria de Meio Ambiente e Recursos Hidricos do
Distrito Federal, no periodo de 23 de setembro de 2002 a 22 de outubro de 2002, por motivo de
ferias regulamentares da titular"
35,Substituição de Funções, nos termos do Decreto,32.065-X,MARIA DA GUIA DE MEDEIROS COSTA,109.483-1,Chefe do Nucleo de Execucao Orcamentaria,DFA-02,nan,,nan,nan,nan,nan,nan,nan,"Designar nos termos do Decreto 21.816 de 12.12.2000, o servidor MARCOS ANTONIO
LANDIM DE SOUZA, matricula no 32.065-X, Encarregado da Gerencia de Orcamento e
Financas, Simbolo DFA-02, para substituir MARIA DA GUIA DE MEDEIROS COSTA,
matricula no 109.483-1, Chefe do Nucleo de Execucao Orcamentaria, Simbolo DFG-09, da
Gerencia de Orcamento e Financas, da Diretoria de Apoio Operacional, da Secretaria de
Meio Ambiente e Recursos Hidricos, no periodo de 09.09.2002 a 18.09.2002, por motivo
de ferias regulamentar da titular"
36,Substituição de Funções, nos termos do Decreto,91.278-6,SORMANE NATIVIDADE GONCALVES,nan,nan,DFA-02,nan,,nan,nan,nan,nan,nan,nan,"Designar nos termos do Decreto 21.816 de 12.12.2000, o servidor FREDERICO ERNES-
TO DOS SANTOS, matricula no 91.278-6, Encarregado da Gerencia de Orcamento e Fi-
nancas, Simbolo DFA-02, para substituir SORMANE NATIVIDADE GONCALVES, ma-
tricula no 105.029-X, Chefe do Nucleo de Administracao Financeira, Simbolo DFG-09, da
Gerencia de Orcamento e Financas, da Diretoria de Apoio Operacional, da Secretaria de
Meio Ambiente e Recursos Hidricos, no periodo de 26.09.2002 a 15.10.2002, por motivo
de ferias regulamentar do titular"
37,Substituição de Funções, nos termos do Decreto,97.675-X,LUIZ CARLOS BU,104.913-5,nan,DFG-12,nan,,nan,nan,nan,nan,nan,nan,"Designar nos termos do Decreto 21.816 de 12.12.2000, a servidora ADRIANA NIEMAYER
PIRES FERREIRA, matricula no 97.675-X, Gerente, Simbolo DFG-12, da Gerencia de
Planos Diretores e Comites de Bacias Hidrograficas, para substituir LUIZ CARLOS BU-
RITI PEREIRA, matricula no 104.913-5, Diretor, Simbolo DFG-14, da Diretoria de Ges-
tao de Recursos Hidricos, no periodo de 16.09.2002 a 30.09.2002, por motivo de ferias
regulamentares do titular"
38,Substituição de Funções, os servidores ADALTO GERALDO SOARES,52.612-6,nan,07.049-1 e CARLA REGINA SILVA PAIVA,nan,nan,nan,nan,nan,nan,nan,nan,nan,nan,"Designar os servidores ADALTO GERALDO SOARES, matricula no 52.612-6, JOAO EVAN-
GELISTA DE CARVALHO, matricula no 07.049-1 e CARLA REGINA SILVA PAIVA, matri-
cula no 07.055-6, para sob a presidencia do primeiro e secretariado pelo ultimo, comporem a
referida Comissao"
39,Substituição de Funções, a servidora Maria das Dores Diniz Fernandes,139655-2,Luciana Carneiro,99.490-1,"na Comissao Especial de Lici-
tacao",nan,nan,nan,nan,nan,nan,nan,nan,nan,"Designar a servidora Maria das Dores Diniz Fernandes, matricula no 139655-2,
para substituir Luciana Carneiro, matricula no 99.490-1, na Comissao Especial de Lici-
tacao, instituida pela Portaria no 28, de 21 de marco de 2001, publicado no DODF no 56,
de 22/03/2001"
40,Substituição de Funções, o servidor CARLOS ROBERTO TRONCOSO,108.832-,"por
motivo de ferias",32.293-8,nan,nan,nan,nan,nan,nan,nan,nan,nan,nan,"Designar o servidor CARLOS ROBERTO TRONCOSO, matricula no 108.832-
7, Diretor da Diretoria de Informacao, DFA- 14, da Subsecretaria de Politica Urbana e
Informacao, da Secretaria de Desenvolvimento Urbano e Habitacao, para substituir por
motivo de ferias, sem prejuizo de suas atribuicoes, a servidora DENISE PRUDENTE
DE FONTES SILVEIRA, matricula no 32.293-8, Subsecretaria de Politica Urbana e
Informacao, CNE-05, da Secretaria de Desenvolvimento Urbano e Habitacao, no perio-
do de 10/09/2002 a 19/09/2002
MARIA DA GLORIA RINCON FERREIRA SECRETARIA DE COORDENACAO
DAS ADMINISTRACOES REGIONAIS ADMINISTRADOR REGIONAL DE TAGUATINGA ORDEM DE SERVICO DE 24 DE JULHO DE 2002(*)
O ADMINISTRADOR REGIONAL DE TAGUATINGA, no uso das atribuicoes que lhe confe-
re o Artigo 53, do Regimento aprovado pelo Decreto no 16.247, de 29 de dezembro de 1994, e
tendo em vista o constante do Processo no 132002056/98 resolve:
DESIGNAR, nos termos do inciso II do artigo 13 das Normas de Execucao Orcamentaria e
Financeira, aprovadas pelo Decreto no 16.098 de 29 de novembro de 1994, e a Lei 8.666 de 21
de junho de 1993, Artigo 73, paragrafo 2o, CLAUDENOR LOPES, matricula no 91.385-5 (Pre-
sidente), DANIEL FINKELSTEIN, matricula no 107.930-1(membro), REINALDO RODRI-
GUES, matricula no 109.539-0 (Membro), para comporem comissao incumbida do RECEBI-
MENTO DEFINITIVO do Convite no 073/98 (referente Obra de edificacao do posto policial na
QSE, em Taguatinga-DF), celebrado entre a Administracao Regional de Taguatinga RA-III e a
firma ALTERNATIVA CONSTRUCOES LTDA"
41,Substituição de Funções, como Presidente o servidor ANOTONIO APARECIDO SILVA,31.358-0,nan,"98225-3 e tendo como mem-
bro o servidor GUTEMBERG RODRIGUES DE SOUZA",nan,nan,nan,nan,nan,nan,nan,nan,nan,nan,"Designar como Presidente o servidor ANOTONIO APARECIDO SILVA, Chefe da Secao
de Orcamento e Financas, matricula no 31.358-0, secretariado por ALBA PEREIRA DOS SAN-
TOS, Assistente da Divisao de Administracao Geral, matricula n 98225-3 e tendo como mem-
bro o servidor GUTEMBERG RODRIGUES DE SOUZA, Chefe da Junta Regional do Servico
Militar, matricula no 92.469-6;
III  Fica estabelecido o prazo de 45 (quarenta e cinco) dias para conclusao dos trabalhos,
inclusive relatorio, observando-se as normas estabelecidas pela Resolucao no 102, de 15 de
julho de 1998, do Tribunal de Contas do Distrito Federal"
