,Tipo do Ato,SEI,Nome,Matrícula,Tipo de Aposentadoria,Cargo,Classe,Padrao,Quadro,Fundamento Legal,Orgao,Vigencia,Matricula SIAPE,text
0,Aposentadoria,030.011.966/93,Classe Especial,20.140-5,nan,nan,Especial,III,Quadro:  QPDF  Artigos 186," 1o, da Lei Complementar no 
51, de 20/12/1985, combinados com o inciso III"," Distrito
Federal",nan,nan,"aposentaria aos servidores abaixo. DADOS DE IDENTIFICACAO  FUNDAMENTACAO LEGAL  Nome:     CLOVIS RAMALHO 
Matricula: 100.440-9 
Cargo:          Auxiliar  de 
Desenvolvimento Agropecuario 
Classe:    Especial 
Padrao:   III 
Quadro:  QPDF  Artigos 186, inciso III, alinea d e 189, Paragrafo 
unico, da Lei no 8.112, de 11/12/1990, combinados 
com o artigo 41, inciso III, alinea d, e  4o , da LEI 
ORGANICA DO DISTRITO FEDERAL e o artigo 40, 
 1o , inciso III, alinea b, da CONSTITUICAO DA 
REPUBLICA FEDERATIVA DO BRASIL.  Nome:      MARIA DE  LURDES 
SILVA 
Matricula: 100.605-3 
Cargo:      Auxiliar de 
Desenvolvimento Agropecuario 
Classe:    Especial 
Padrao:   III 
Quadro:  QPDF  Artigos 186, inciso III, alinea d e 189, Paragrafo 
unico, da Lei no 8.112, de 11/12/1990, combinados 
com o artigo 41, inciso III, alinea d, e  4o , da LEI 
ORGANICA DO DISTRITO FEDERAL e o artigo 40, 
 1o , inciso III, alinea b, da CONSTITUICAO DA 
REPUBLICA FEDERATIVA DO BRASIL.   
Nome:      EDSONINA COSTA 
Matricula: 100.130-2 
Cargo:          Tecnico  de 
Desenvolvimento Agropecuario 
Classe:    Especial 
Padrao:    I 
Quadro:   QPDF   
Artigos 186, inciso III, alinea c e 189, Paragrafo 
unico, da Lei no 8.112, de 11/12/1990, combinados 
com o artigo 41, inciso III, alinea c, e  4o , da LEI 
ORGANICA DO DISTRITO FEDERAL, assegurados 
pelo artigo 8o , incisos I e II,  1o , inciso I, alineas a 
e b e incise II, da Emenda Constitucional no 20 da 
CONSTITUICAO DA REPUBLICA FEDERATIVA 
DO BRASIL,  publicada no Diario Oficial da Uniao de 
16/12/1998.   
Nome:      LADISLAU GUSMAO 
BRANCO 
Matricula: 100.149-3 
Cargo:            Tecnico  de 
Desenvolvimento Agropecuario 
Classe:     Especial 
Padrao:    III 
Quadro:   QPDF   
Artigos 186, inciso III, alinea a e 189, Paragrafo 
unico, da Lei no 8.112, de 11/12/1990, combinados 
com o artigo 41, inciso III, alinea a, e  4o, da LEI 
ORGANICA DO DISTRITO FEDERAL, assegurados 
pelo artigo 8o , incisos I, II e III, alineas a e b, da 
Emenda Constitucional no 20 da CONSTITUICAO 
DA REPUBLICA FEDERATIVA DO BRASIL, 
publicada no Diario Oficial da Uniao de 16/12/1998, 
com as vantagens previstas no artigo 7o , da Lei no 
1.004, de 09/01/1996, regulamentada pelo Decreto no 
17.182, de 06/03/1996, mantidas pelo artigo 4o , da Lei 
no 1.141, de 10/07/1996, nos termos do Paragrafo 
unico do artigo 4o , da Lei no 1.864, de 19/01/1998.   
MARIA CECILIA S. S. LANDIM PORTARIA No 382, DE 5 DE JUNHO DE 2002 A SECRETARIA DE ESTADO DE GESTAO ADMINISTRATIVA DO DISTRITO FEDE-
RAL, no uso das atribuicoes que lhe sao conferidas pelo Decreto no 21.549, de 22 de setembro de
2000, resolve:
Conceder aposentadoria ao servidor abaixo. DADOS DE IDENTIFICACAO  FUNDAMENTACAO LEGAL  Nome:  DAVID  BERNARDES  DOS  SANTOS 
Matricula: 23.628-4 
Cargo: Delegado de Policia   
Classe: Especial 
Quadro: PCDF 
Processo: 052.000.809/2002  Nos termos do artigo 1o, da Lei Complementar no 
51, de 20/12/1985, combinados com o inciso III,  
1o,  4o  e  8o do artigo 40 da CONSTITUICAO 
DA REPUBLICA  FEDERATIVA DO BRASIL, 
com as vantagens previstas nos artigos 1o e 7o, da 
Lei no 1.004, de 09/01/1996, regulamentada pelo 
Decreto no 17.182, de 06/03/1996, combinados 
com o  artigo 4o da Lei 1.141, de 10/07/1996, 
mantidos pelo Paragrafo Unico do artigo 4o, da Lei 
no 1.864, de 19/01/1998.    MARIA CECILIA S. S. LANDIM                                                                       Diario Oficial do Distrito Federal
PAGINA   19
No 108, segunda-feira, 10 de junho de 2002 PORTARIA No 383, DE 5 DE JUNHO DE 2002 A SECRETARIA DE ESTADO DE GESTAO ADMINISTRATIVA DO DISTRITO FEDE-
RAL, no uso das atribuicoes que lhe sao conferidas pelo Decreto no 21.549, de 22 de setembro de
2000, resolve:
Conceder aposentadoria ao servidor abaixo. DADOS DE IDENTIFICACAO  FUNDAMENTACAO LEGAL  Nome: WALDER CARVALHO MORAIS    
Matricula: 19.108-6 
Cargo: Agente Penitenciario   
Classe: Especial 
Quadro: PCDF 
Processo: 052.000.787/2002 
  Nos termos do artigo 1o, da Lei Complementar 
no 51, de 20/12/1985, combinados com o inciso 
III,  1o,  4o  e  8o do artigo 40 da 
CONSTITUICAO  DA  REPUBLICA  FEDERATIVA DO BRASIL. 
   
MARIA CECILIA S. S. LANDIM PORTARIA No 384, DE 5 DE JUNHO DE 2002 A SECRETARIA DE ESTADO DE GESTAO ADMINISTRATIVA DO DISTRITO FEDE-
RAL, no uso das atribuicoes que lhe sao conferidas pelo Decreto no 21.549, de 22 de setembro de
2000, resolve:
CONCEDER, nos termos dos artigos 215, 217, inciso I, alinea a,  e 224, da Lei no 8.112, de 11/
12/1990, com as vantagens do artigo 184, inciso II, da Lei no 1.711, de 28/10/1952, pensao
vitalicia a TEREZINHA FERREIRA XAVIER, viuva do ex-servidor PEDRO FERREIRA XAVI-
ER, Agente de Policia, Classe Especial, matricula no 20.140-5, do Quadro de Pessoal do Distrito
Federal, a contar de 13/04/2002 Processo no 052.000.718/2002 MARIA CECILIA S. S. LANDIM PORTARIA No 385, DE 5 DE JUNHO DE 2002 A SECRETARIA DE ESTADO DE GESTAO ADMINISTRATIVA DO DISTRITO FEDERAL,
no uso das atribuicoes que lhe confere o Decreto no 21.549, de 22 de setembro de 2000, resolve:
RETIFICAR a Portaria de 17/11/93, publicada no DODF no 233, de 19/11/93, que reviu os
proventos de aposentadoria de ANTONIA PINHEIRO JORGE, matricula no 06.762-8, Tecnico
de Financas e Controle, 2a Classe, Padrao III, do Quadro de Pessoal do Distrito Federal, para
ONDE SE LE:  de acordo com os disposto no artigo 4o, da Lei no 527, de 03 de setembro de
1993, LEIA-SE: de acordo com o disposto no artigo 3o, da Lei no 527, de 03 de setembro de
1993, ficando ratificados os demais termos da revisao. Processo no 030.011.966/93."
1,Aposentadoria,082.012077/92,retificou e reviu a aposentadoria de JOSEPHINA DESOUNET BAIOCCHI,83.659-1,nan,nan,nan,nan,"Quadro: PCDF 
Processo: 052"," 186, inciso I, e artigo 189", Distrito Federal,nan,nan,"Conceder aposentadoria ao servidor abaixo. DADOS DE IDENTIFICACAO  FUNDAMENTACAO LEGAL  Nome:  LUIZ  HENRIQUE  SALEH  GOMES 
Matricula: 27.587-5 
Cargo: Agente de Policia   
Classe: Especial 
Quadro: PCDF 
Processo: 052.000.841/2002 
  Nos termos do artigo 186, inciso I, e artigo 189, 
paragrafo unico, da Lei no 8.112 de 11/12/1990, 
combinado com o artigo 40,  1o, inciso I, in fine, e 
  8o  da  CONSTIUICAO  DA  REPUBLICA  FEDERATIVA DO BRASIL.   
MARIA CECILIA S. S. LANDIM PORTARIA No 390, DE 5 DE JUNHO DE 2002 A SECRETARIA DE ESTADO DE GESTAO ADMINISTRATIVA DO DISTRITO FEDE-
RAL, no uso das atribuicoes que lhe sao conferidas pelo Decreto no 21.549, de 22 de setembro de
2000, resolve:
Conceder aposentadoria ao servidor abaixo.
DADOS DE IDENTIFICACAO  FUNDAMENTACAO LEGAL   
Nome: JOSE GONZAGA LUIZ RABELO 
Matricula:  22.659-9 
Cargo:  Tecnico de Financas e Controle 
Classe:     Especial 
Padrao:     III 
Quadro:    SEFP 
Processo:  030.001.752/2002 
   
Artigo 186, item I e  1o, e artigo 189, da Lei 
no 8.112, 11/12/1990, combinados com o 
artigo 5o, da Lei no 197/91,e artigo 41, item 
I, da Lei Organica do Distrito Federal.     MARIA CECILIA S. S. LANDIM                                      Diario Oficial do Distrito Federal
PAGINA   20
No 108, segunda-feira, 10 de junho de 2002 PORTARIA N 391, DE 5 DE JUNHO DE 2002 A SECRETARIA DE ESTADO DE GESTAO ADMINISTRATIVA DO DISTRITO FEDE-
RAL, no uso de suas atribuicoes regimentais e tendo em vista o disposto no artigo 1, do Decreto
n 21.549, de 22 de setembro de 2000, resolve:
Conceder aposentadoria aos servidores abaixo.
DADOS DE IDENTIFICACAO  FUNDAMENTACAO LEGAL   
Nome: BENEDITO RODRIGUES DOS 
SANTOS 
Matricula: 94.404-1 
Cargo: Agente de educacao/Vigilancia 
Classe: Unica 
Padrao: 11 
Quadro: Q.P.D.F. 
Processo: 082.015488/93   
Artigo 186, inciso III, alinea c, e 189, 
paragrafo unico, da Lei n 8.112, de 
11/12/1990, combinado com o artigo 41, inciso 
III, alinea c, e  4, da Lei Organica do 
Distrito Federal, e artigo 3, da Emenda 
Constitucional n 20, de 16/12/1998.   
Nome: MIRIAM INES VELOSO MILO 
Matricula: 24.515-1 
Cargo: Professor 
Nivel: 03 
Classe: Unica 
Padrao: 19F 
Quadro: Q.P.D.F. 
Processo: 082.015053/96   
Artigo 186, inciso III, alinea c, e 189, 
paragrafo unico, da Lei n 8.112, de 
11/12/1990, combinado com o artigo 41, inciso 
III, alinea c, e  4, da Lei Organica do 
Distrito Federal, e artigo 3, da Emenda 
Constitucional n 20, de 16/12/1998 com as 
vantagens previstas no artigo 1 da Lei n 
1.004, de 11/01/1996, por forca do artigo 4 da 
Lei n 1.141, de 10/07/1996.   
Nome: REGINA MARIA ASSUMPCAO  
Matricula: 58.575-0 
Cargo: Professor 
Nivel: 01  GT3, conforme os artigos 14 e 
15, da Lei n 66, de 18/12/1989 
Classe: Unica 
Padrao: 25D 
Quadro: Q.P.D.F. 
Processo: 082.000112/98   
Artigo 186, inciso III, alinea a, e 189, 
paragrafo unico, da Lei n 8.112, de 
11/12/1990, combinado com o artigo 41, inciso 
III, alinea a, e  4, da Lei Organica do 
Distrito Federal, e artigo 3, da Emenda 
Constitucional n 20, de 16/12/1998 com as 
vantagens previstas no artigo 1 da Lei n 
1.004, de 11/01/1996.  Aposentar os servidores abaixo. 
 
Nome: MARIA ABADIA BARBOSA 
SANTOS 
Matricula: 81.882-8 
Cargo: Professor 
Nivel: 03 
Classe: Unica 
Padrao: 24F 
Quadro: Q.P.D.F. 
Processo: 082.009297/91   
Artigo 186, inciso I,  1, e 189, paragrafo 
unico, da Lei n 8.112, de 11/12/1990, 
combinado com o artigo 41, inciso I, e  4, da 
Lei Organica do Distrito Federal, e com o 
artigo 40,  1, inciso I, e  8 da Constituicao 
da Republica Federativa do Brasil, alterado 
pelo artigo 1, da Emenda Constitucional n 
20, de 16/12/1998, com seus efeitos a contar de 
20/05/1999.   
Nome: LIGIA FRANCO TAIRA 
Matricula: 59.392-3 
Cargo: Professor 
Nivel: 03 
Classe: Unica 
Padrao: 10C 
Quadro: Q.P.D.F. 
Processo: 082.011796/921   
Artigo 186, inciso I,  1, e 189, paragrafo 
unico, da Lei n 8.112, de 11/12/1990, 
combinado com o artigo 41, inciso I, e  4, da 
Lei Organica do Distrito Federal, e com o 
artigo 40,  1, inciso I, e  8 da Constituicao 
da Republica Federativa do Brasil, alterado 
pelo artigo 1, da Emenda Constitucional n 
20, de 16/12/1998, com seus efeitos a contar de 
08/09/1994.  Considerar aposentado o servidor abaixo.  TORNAR SEM EFEITO as Instrucoes de 03/12/1992, publicada no Diario Oficial do Distrito
Federal de 08/12/1992, a de 23/11/1995, publicada no Diario Oficial do Distrito Federal de 24/11/
1995 e a de 24/09/1997, publicada no Diario Oficial do Distrito Federal do dia 25/09/1997; que
concedeu, retificou e reviu a aposentadoria de JOSEPHINA DESOUNET BAIOCCHI, matricula
n 83.659-1, do Quadro de Pessoal do Distrito Federal. Processo n 082.012077/92."
