,Tipo do Ato,Nome do Servidor Substituto,Matrícula do Servidor Substituto,Nome do Servidor a ser Substituido,Matrícula do Servidor a ser SubstituidoCargo,Símbolo do cargo do servidor substituto,Cargo comissionado objeto da substituição,Símbolo do cargo do objeto da substituição,Símbolo do cargo comissionado objeto da substituição,Hierarquia da Lotação,Órgão,Data Inicial da Vigência,Data Final de Vigência,Matrícula SIAPE,Motivo,text
0,Substituição de Funções, o Chefe do Nucleo de Reprografia e Impressao,nan,nan,nan,nan,nan,nan,nan,nan,nan,nan,nan,nan,nan,"Designar o Chefe do Nucleo de Reprografia e Impressao/GEAL/DIAFI/SUAOP/ SEFP,
como executor do Contrato no 11/2002-SEFP, celebrado entre o Distrito Federal, por meio desta
Secretaria e a firma Type Maquinas e Servicos Ltda., objetivando a lotacao de 02 (duas) copiado-
ras/impressoras de rede, com fornecimento de insumos (excetuando-se o papel) nas diversas
unidades da Secretaria de Fazenda e Planejamento, que deverao atender as especificacoes cons-
tantes no item II Grupo II  B do Anexo I do Edital de Concorrencia no 04/2002-CPLCSM/SuCL/
SEFP"
