,Tipo do Ato,Nome do Servidor Substituto,Matrícula do Servidor Substituto,Nome do Servidor a ser Substituido,Matrícula do Servidor a ser SubstituidoCargo,Símbolo do cargo do servidor substituto,Cargo comissionado objeto da substituição,Símbolo do cargo do objeto da substituição,Símbolo do cargo comissionado objeto da substituição,Hierarquia da Lotação,Órgão,Data Inicial da Vigência,Data Final de Vigência,Matrícula SIAPE,Motivo,text
0,Substituição de Funções, como executor,nan,nan,nan,nan,nan,nan,nan,nan,nan,nan,nan,nan,nan,"Designar como executor, para atestar as faturas de telefonia fixa, o Chefe da Secao de
Administracao de Proprios/DAG;
VI) As faturas provenientes de celulares, deverao ser atestadas pelos proprios usuarios; VII) Fixar o prazo maximo de 05 (cinco) dias uteis antes do vencimento, para que os Diretores/
Chefes responsaveis por cada Divisao/Secao, encaminhem a Secao de Orcamento e Financas/DAG,
as faturas atestadas como realizadas a servico, estabelecendo que o servidor que der causa ao atraso
no pagamento das faturas de que trata a presente Ordem de Servico, respondera pelos encargos dele
decorrente, de acordo com o artigo 55  3o, 4o e 5o, do Decreto no 16.098 de 29/11/1994;
VIII) Quando o valor exceder ao limite estabelecido, no paragrafo II e III, devera ser ressarcido;
IX) Tornar sem efeito a Ordem de Servico no 162, de 20/08/2001, publicada no DODF no 163,
de 23/08/2001, pagina 10"
