,Tipo do Ato,Nome do Servidor Substituto,Matrícula do Servidor Substituto,Nome do Servidor a ser Substituido,Matrícula do Servidor a ser SubstituidoCargo,Símbolo do cargo do servidor substituto,Cargo comissionado objeto da substituição,Símbolo do cargo do objeto da substituição,Símbolo do cargo comissionado objeto da substituição,Hierarquia da Lotação,Órgão,Data Inicial da Vigência,Data Final de Vigência,Matrícula SIAPE,Motivo,text
0,Substituição de Funções, as servidoras Sandra Catia de Pontes,137.465-6;,nan,114.801-X,nan,nan,nan,nan,nan,nan,nan,nan,nan,nan,"Designar as servidoras Sandra Catia de Pontes, Assistente Superior de Saude (Assistente
Social), Matricula no 137.465-6; e Joana Rodrigues Rego, Assistente Intermediario de
Saude II (Auxiliar de Enfermagem), Matricula no 114.801-X, lotadas no HRC, para atua-
rem como Sindicantes e procederem a apuracao de acidentes em servicos; em substituicao
aos servidores Isaque Rosa Amancio, Assistente Intermediario de Saude II (Auxiliar de
Enfermagem do Trabalho), Matricula no 127.557-7; e Magnolia Vieira de Sousa, Assistente
Intermediario de Saude II (Auxiliar de Enfermagem do Trabalho), Matricula no 109.220-0;
designados conforme Portaria de 03 de julho de 2001, publicada no DODF no 127 de 04
julho de 2001, pagina 55 e 56"
1,Substituição de Funções, a servidora ANA BEATRIZ DE ALMEIDA LISBOA,103.955-5,no periodo de,103.666-1,nan,nan,nan,nan,nan,nan,nan,nan,nan,nan,"Designar a servidora ANA BEATRIZ DE ALMEIDA LISBOA, matricula no 103.955-5, para
substituir no periodo de 01/10/2002 a 30/10/2002, a servidora LUCINDA DE FRANCA SOEI-
RO, matricula no 103.666-1, Executora do Convenio no 24/1999, celebrado entre o Distrito
Federal, por intermedio da Secretaria de Estado de Acao Social - SEAS e a Entidade CENTRO
ESPIRITA SEBASTIAO O MARTIR - CRECHE IRMA ELVIRA, designada por meio da
Portaria no 109 de 24 de abril de 2000, publicada no Diario Oficial do Distrito Federal no 79, de 26
de abril de 2000, a pagina 29, cabendo a designada as atribuicoes previstas no artigo 13, inciso II,
do Decreto no 16.098, de 29/11/94, publicado no Diario Oficial do Distrito Federal de 30/11/94,
na Portaria no 140, de 17/11/99, e demais normas inerentes ao assunto"
2,Substituição de Funções," o servidor ROLEMBERGUE DOS SANTOS REIS para substituir o Coordenador
do Grupo de Trabalho de que trata o item",nan,"o Coordenador
do Grupo de Trabalho de que trata o item",nan,nan,nan,nan,nan,nan,nan,nan,nan,nan,nan,"Designar o servidor ROLEMBERGUE DOS SANTOS REIS para substituir o Coordenador
do Grupo de Trabalho de que trata o item 2 desta Portaria, nos impedimentos e afastamentos"
3,Substituição de Funções, o servidor Jose Pereira de Souza,99.087-6,o Presidente da Comissao instituida pela Portaria no,nan,nan,nan,nan,nan,nan,nan,nan,nan,nan,nan,"Designar o servidor Jose Pereira de Souza, Analista de Administracao Publica, matricula no
99.087-6, para substituir o Presidente da Comissao instituida pela Portaria no 143, de 16 de
outubro de 2002, publicada no DODF no 200, de 17 de outubro de 2002
Art"
4,Substituição de Funções, os servidores Edson Germano de Oliveira,98.783-2,nan,98.965-7,nan,nan,nan,nan,nan,nan,nan,nan,nan,nan,"Designar os servidores Edson Germano de Oliveira, matricula no 98.783-2, Del
Prete Consentino Rocha Junior, Matricula no 98.965-7, Vanias Pereira de Oliveira, ma-
tricula no 98.988-6, Marielis Romani Pessoa, matricula n 98.809-X, Francisco das Cha-
gas do Nascimento, matricula no 99.029-9, para constituirem Grupo de Trabalho, sob a
coordenacao do primeiro, destinada a identificacao e levantamento dos processos dos
imoveis com diferencas de prestacoes pagas a menor conforme consta do processo no
260.024.844/2002
Art"
5,Substituição de Funções, os servidores,98.882-0,nan,98.803-0,nan,nan,nan,nan,nan,nan,nan,nan,nan,nan,"Designar os servidores, Silvia Helena Amorim Coronel, Procuradora Autarquica,
matricula no 98.882-0, Wilson Franca Viana, Tecnico Administracao Publica, matricula no
98.803-0, Gilmar Gonzaga, Gerente, da Gerencia de Administracao de Imoveis, Subsecreta-
ria de Promocao a Moradia, da Secretaria de Estado de Desenvolvimento e Habitacao, matri-
cula no 99.550-9, Jose Pereira de Souza, Analista de Administracao Publica, matricula no
99.087-6, Aleixo Anderson de Souza Furtado, Analista de Administracao Publica, matricula
no 98.759-X, e Itamar da Silva Barreto, Tecnico de Administracao Publica, matricula no
98.881-2 para sob a presidencia do primeiro e secretariado pelo ultimo, comporem Comis-
sao, destinada a elaborar o Inventario do Instituto de Desenvolvimento Habitacional do
Distrito Federal - IDHAB em processo de extincao"
6,Substituição de Funções, o servidor GILMAR GONZAGA,0099550-9,nan,nan,nan,nan,nan,nan,nan,nan,nan,nan,nan,nan,"Designar o servidor GILMAR GONZAGA, matricula n 0099550-9, titular da Gerencia
de Administracao de Imoveis da DIROI, como Executor do Contrato Cessao de Uso de Bem
Imovel do DF n 03/2002, da Secretaria de Estado de Desenvolvimento Urbano e Habitacao,
firmado com a Secretaria de Estado de Acao Social"
