,Tipo do Ato,Nome do Servidor Substituto,Matrícula do Servidor Substituto,Nome do Servidor a ser Substituido,Matrícula do Servidor a ser SubstituidoCargo,Símbolo do cargo do servidor substituto,Cargo comissionado objeto da substituição,Símbolo do cargo do objeto da substituição,Símbolo do cargo comissionado objeto da substituição,Hierarquia da Lotação,Órgão,Data Inicial da Vigência,Data Final de Vigência,Matrícula SIAPE,Motivo,text
0,Substituição de Funções, a Delegada de Policia ANA CRISTINA MARTINS SILVA,58.114-3,nan,26.076-2,nan,DFG-10,nan,,nan,"Policia Civil do Distrito Federal, a contar de 29 de julho de 2002
Exonerar a Agente de Policia MARCIA LILIAM MICLOS B",nan,nan,nan,nan,"Designar a Delegada de Policia ANA CRISTINA MARTINS SILVA, matricula no 58.114-3,
para responder pelo Cargo em Comissao, Simbolo DFG-10, Chefe do Posto Policial da Rodovi-
aria, da 2a Delegacia de Policia, do Departamento de Policia Circunscricional, da Policia Civil
do Distrito Federal, de 13 a 22 de agosto de 2002
Exonerar o Tecnico de Apoio as Atividades Policiais Civis CLEIDIMAR SILVA MAGALHAES,
matricula no 26.076-2, do Cargo em Comissao, Simbolo DFG-08, Chefe da Secao de Apoio
Administrativo, da 13a Delegacia de Policia, do Departamento de Policia Circunscricional, da
Policia Civil do Distrito Federal, a contar de 29 de julho de 2002
Exonerar a Agente de Policia MARCIA LILIAM MICLOS B"
1,Substituição de Funções, o Tecnico de Apoio as Atividades Policiais Civis CLEIDIMAR SILVA MAGALHAES,26.076-2,nan,26.076-2,nan,DFG-08,nan,,nan,Policia Civil do Distrito Federal,nan,nan,nan,nan,"Designar o Tecnico de Apoio as Atividades Policiais Civis CLEIDIMAR SILVA MAGALHAES,
matricula no 26.076-2, para responder pelo Cargo em Comissao, Simbolo DFG-08, Chefe da
Secao de Apoio Administrativo, da 9a Delegacia de Policia, do Departamento de Policia Cir-
cunscricional, da Policia Civil do Distrito Federal, a contar de 29 de julho de 2002
Dispensar o Tecnico de Apoio as Atividades Policiais Civis CLEIDIMAR SILVA MAGALHAES,
matricula no 26.076-2, de responder pelo Cargo em Comissao, Simbolo DFG-08, Chefe da Se-
cao de Apoio Administrativo, da 9a Delegacia de Policia, do Departamento de Policia Circuns-
cricional, da Policia Civil do Distrito Federal"
2,Substituição de Funções, o Agente de Policia JOAQUIM FERREIRA DA PONTE,47.431-2,nan,47.431-2,nan,DFG-08,nan,,nan,"Policia Civil do
Distrito Federal",nan,nan,nan,nan,"Designar o Agente de Policia JOAQUIM FERREIRA DA PONTE, matricula no 47.431-2, para
responder pelo Cargo em Comissao, Simbolo DFG-08, Chefe da Secao de Delitos de Transito,
da 9a Delegacia de Policia, do Departamento de Policia Circunscricional, da Policia Civil do
Distrito Federal, a contar de 29 de julho de 2002
Dispensar o Agente de Policia JOAQUIM FERREIRA DA PONTE, matricula no 47.431-2, de
responder pelo Cargo em Comissao, Simbolo DFG-08, Chefe da Secao de Delitos de Transito,
da 9a Delegacia de Policia, do Departamento de Policia Circunscricional, da Policia Civil do
Distrito Federal"
3,Substituição de Funções, a Agente de Policia JANINE RODRIGUES BARBOSA,43.576-7,nan,43.576-7,nan,DFG-08,nan,,nan,"Policia Civil
do Distrito Federal",nan,nan,nan,nan,"Designar a Agente de Policia JANINE RODRIGUES BARBOSA, matricula no 43.576-7, para
responder pelo Cargo em Comissao, Simbolo DFG-08, Chefe da Secao de Vigilancia e Opera-
coes, da 9a Delegacia de Policia, do Departamento de Policia Circunscricional, da Policia Civil
do Distrito Federal, a contar de 29 de julho de 2002
Dispensar a Agente de Policia JANINE RODRIGUES BARBOSA, matricula no 43.576-7, de
responder pelo Cargo em Comissao, Simbolo DFG-08, Chefe da Secao de Vigilancia e Opera-
coes, da 9a Delegacia de Policia, do Departamento de Policia Circunscricional, da Policia Civil
do Distrito Federal"
4,Substituição de Funções, o Agente de Policia JOSELITO PEREIRA DE AMORIM,27.833-5,nan,27.833-5,nan,DFG-08,nan,,nan,"Policia Civil
do Distrito Federal",nan,nan,nan,nan,"Designar o Agente de Policia JOSELITO PEREIRA DE AMORIM, matricula no 27.833-5, para
responder pelo Cargo em Comissao, Simbolo DFG-08, Chefe da Secao de Investigacoes Crimi-
nais, da 9a Delegacia de Policia, do Departamento de Policia Circunscricional, da Policia Civil
do Distrito Federal, a contar de 29 de julho de 2002 Dispensar o Agente de Policia JOSELITO PEREIRA DE AMORIM, matricula no 27.833-5, de
responder pelo Cargo em Comissao, Simbolo DFG-08, Chefe da Secao de Investigacoes Crimi-
nais, da 9a Delegacia de Policia, do Departamento de Policia Circunscricional, da Policia Civil
do Distrito Federal"
5,Substituição de Funções, o Agente de Policia SANLAC MACHADO DA CUNHA,58.160-7,nan,58.160-7,nan,DFG-08,nan,,nan,Policia Civil do Distrito Federal,nan,nan,nan,nan,"Designar o Agente de Policia SANLAC MACHADO DA CUNHA, matricula no 58.160-7, para
responder pelo Cargo em Comissao, Simbolo DFG-08, Chefe da Secao de Informatica, Planeja-
mento e Estatistica, da 9a Delegacia de Policia, do Departamento de Policia Circunscricional, da
Policia Civil do Distrito Federal, a contar de 29 de julho de 2002
Dispensar o Agente de Policia SANLAC MACHADO DA CUNHA, matricula no 58.160-7, de
responder pelo Cargo em Comissao, Simbolo DFG-08, Chefe da Secao de Informatica, Planeja-
mento e Estatistica, da 9a Delegacia de Policia, do Departamento de Policia Circunscricional, da
Policia Civil do Distrito Federal"
6,Substituição de Funções, a Escriva de Policia HELENIR DA SILVA INACIO,46.923-8,nan,46.923-8,nan,DFG-08,nan,,nan,Policia Civil do Distrito Federal,nan,nan,nan,nan,"Designar a Escriva de Policia HELENIR DA SILVA INACIO, matricula no 46.923-8, para res-
ponder pelo Cargo em Comissao, Simbolo DFG-08, Chefe do Cartorio, da 9a Delegacia de
Policia, do Departamento de Policia Circunscricional, da Policia Civil do Distrito Federal, a
contar de 29 de julho de 2002
Dispensar a Escriva de Policia HELENIR DA SILVA INACIO, matricula no 46.923-8, de res-
ponder pelo Cargo em Comissao, Simbolo DFG-08, Chefe do Cartorio, da 9a Delegacia de
Policia, do Departamento de Policia Circunscricional, da Policia Civil do Distrito Federal"
7,Substituição de Funções, o Agente de Policia MARCO ANTONIO VENTURA RODRIGUES,58.328-6,nan,58.328-6,nan,DFG-08,nan,,nan,Policia Civil do Distrito Federal,nan,nan,nan,nan,"Designar o Agente de Policia MARCO ANTONIO VENTURA RODRIGUES, matricula no
58.328-6, para responder pelo Cargo em Comissao, Simbolo DFG-08, Chefe da Secao de Re-
pressao a Toxicos e Entorpecentes, da 9a Delegacia de Policia, do Departamento de Policia
Circunscricional, da Policia Civil do Distrito Federal, a contar de 29 de julho de 2002
Dispensar o Agente de Policia MARCO ANTONIO VENTURA RODRIGUES, matricula no
58.328-6, de responder pelo Cargo em Comissao, Simbolo DFG-08, Chefe da Secao de Repres-
sao a Toxicos e Entorpecentes, da 9a Delegacia de Policia, do Departamento de Policia Circuns-
cricional, da Policia Civil do Distrito Federal"
8,Substituição de Funções, a Agente de Policia MARCIA LILIAM MICLOS B,nan,nan,nan,nan,nan,nan,nan,nan,nan,nan,nan,nan,nan,Designar a Agente de Policia MARCIA LILIAM MICLOS B
9,Substituição de Funções, o Agente de Policia MAURO VIEIRA CHEROBIM,25.584-X,nan,25.584-X,nan,DFG-08,nan,,nan,"Policia
Civil do Distrito Federal",nan,nan,nan,nan,"Designar o Agente de Policia MAURO VIEIRA CHEROBIM, matricula no 25.584-X, para res-
ponder pelo Cargo em Comissao, Simbolo DFG-08, Chefe da Secao de Delitos de Transito, da
19a Delegacia de Policia, do Departamento de Policia Circunscricional, da Policia Civil do Dis-
trito Federal, a contar de 29 de julho de 2002
Dispensar o Agente de Policia MAURO VIEIRA CHEROBIM, matricula no 25.584-X, de
responder pelo Cargo em Comissao, Simbolo DFG-08, Chefe da Secao de Delitos de Tran-
sito, da 19a Delegacia de Policia, do Departamento de Policia Circunscricional, da Policia
Civil do Distrito Federal"
10,Substituição de Funções, o Agente de Policia MAURICIO DA SILVA ANDRADE,47.364-2,nan,47.364-2,nan,DFG-08,nan,,nan,"Policia Civil
do Distrito Federal",nan,nan,nan,nan,"Designar o Agente de Policia MAURICIO DA SILVA ANDRADE, matricula no 47.364-2, para
responder pelo Cargo em Comissao, Simbolo DFG-08, Chefe da Secao de Vigilancia e Opera-
coes, da 19a Delegacia de Policia, do Departamento de Policia Circunscricional, da Policia Civil
do Distrito Federal, a contar de 29 de julho de 2002
Dispensar o Agente de Policia MAURICIO DA SILVA ANDRADE, matricula no 47.364-2, de
responder pelo Cargo em Comissao, Simbolo DFG-08, Chefe da Secao de Vigilancia e Opera-
coes, da 19a Delegacia de Policia, do Departamento de Policia Circunscricional, da Policia Civil
do Distrito Federal"
11,Substituição de Funções, o Agente de Policia CLAUDIONOR RODRIGUES DA SILVA,47.306-,nan,"47.306-
5",nan,DFG-08,nan,,nan,Policia Civil do Distrito Federal,nan,nan,nan,nan,"Designar o Agente de Policia CLAUDIONOR RODRIGUES DA SILVA, matricula no 47.306-
5, para responder pelo Cargo em Comissao, Simbolo DFG-08, Chefe da Secao de Repressao a
Toxicos e Entorpecentes, da 19a Delegacia de Policia, do Departamento de Policia Circunscrici-
onal, da Policia Civil do Distrito Federal, a contar de 29 de julho de 2002
Dispensar o Agente de Policia CLAUDIONOR RODRIGUES DA SILVA, matricula no 47.306-
5, de responder pelo Cargo em Comissao, Simbolo DFG-08, Chefe da Secao de Repressao a
Toxicos e Entorpecentes, da 19a Delegacia de Policia, do Departamento de Policia Circunscrici-
onal, da Policia Civil do Distrito Federal"
12,Substituição de Funções, o Agente de Policia REINALDO CABRAL DOS ANJOS,27.611-1,nan,27.611-1,nan,DFG-08,nan,,nan,"Policia Civil
do Distrito Federal",nan,nan,nan,nan,"Designar o Agente de Policia REINALDO CABRAL DOS ANJOS, matricula no 27.611-1, para
responder pelo Cargo em Comissao, Simbolo DFG-08, Chefe da Secao de Investigacoes Crimi-
nais, da 19a Delegacia de Policia, do Departamento de Policia Circunscricional, da Policia Civil
do Distrito Federal, a contar de 29 de julho de 2002
Dispensar o Agente de Policia REINALDO CABRAL DOS ANJOS, matricula no 27.611-1, de
responder pelo Cargo em Comissao, Simbolo DFG-08,Chefe da Secao de Investigacoes Crimi-
nais, da 19a Delegacia de Policia, do Departamento de Policia Circunscricional, da Policia Civil
do Distrito Federal"
13,Substituição de Funções, o Escrivao de Policia ERNANE BARBOSA SOARES,46.847-9,nan,46.847-9,nan,DFG-08,nan,,nan,Policia Civil do Distrito Federal,nan,nan,nan,nan,"Designar o Escrivao de Policia ERNANE BARBOSA SOARES, matricula no 46.847-9, para
responder pelo Cargo em Comissao, Simbolo DFG-08, Chefe do Cartorio, da 19a Delegacia de
Policia, do Departamento de Policia Circunscricional, da Policia Civil do Distrito Federal, a
contar de 29 de julho de 2002
Dispensar o Escrivao de Policia ERNANE BARBOSA SOARES, matricula no 46.847-9, de
responder pelo Cargo em Comissao, Simbolo DFG-08, Chefe do Cartorio, da 19a Delegacia de
Policia, do Departamento de Policia Circunscricional, da Policia Civil do Distrito Federal"
14,Substituição de Funções, o Agente de Policia IVALDO MACHADO DA SILVA,35.778-2,nan,35.778-2,nan,DFG-08,nan,,nan,Policia Civil do Distrito Federal,nan,nan,nan,nan,"Designar o Agente de Policia IVALDO MACHADO DA SILVA, matricula no 35.778-2, para
responder pelo Cargo em Comissao, Simbolo DFG-08, Chefe da Secao de Informatica, Planeja-
mento e Estatistica, da 19a Delegacia de Policia, do Departamento de Policia Circunscricional,
da Policia Civil do Distrito Federal, a contar de 29 de julho de 2002
Dispensar o Agente de Policia IVALDO MACHADO DA SILVA, matricula no 35.778-2, de
responder pelo Cargo em Comissao, Simbolo DFG-08, Chefe da Secao de Informatica, Planeja-
mento e Estatistica, da 19a Delegacia de Policia, do Departamento de Policia Circunscricional,
da Policia Civil do Distrito Federal"
15,Substituição de Funções, o Agente de Policia RONALDO VASCONCELOS PIMENTEL,19.782-,nan,"19.782-
3",nan,DFG-08,nan,,nan,"Poli-
cia Civil do Distrito Federal",nan,nan,nan,nan,"Designar o Agente de Policia RONALDO VASCONCELOS PIMENTEL, matricula no 19.782-
3, para responder pelo Cargo em Comissao, Simbolo DFG-08, Chefe da Secao de Vigilancia e
Operacoes, da 26a Delegacia de Policia, do Departamento de Policia Circunscricional, da Poli-
cia Civil do Distrito Federal, a contar de 29 de julho de 2002
Dispensar o Agente de Policia RONALDO VASCONCELOS PIMENTEL, matricula no 19.782-
3, de responder pelo Cargo em Comissao, Simbolo DFG-08, Chefe da Secao de Vigilancia e
Operacoes, da 26a Delegacia de Policia, do Departamento de Policia Circunscricional, da Poli-
cia Civil do Distrito Federal"
16,Substituição de Funções, o Agente de Policia WELLINGTON PEREIRA DE LIMA,37.636-1,nan,37.636-1,nan,DFG-08,nan,,nan,"Policia Civil
do Distrito Federal",nan,nan,nan,nan,"Designar o Agente de Policia WELLINGTON PEREIRA DE LIMA, matricula no 37.636-1,
para responder pelo Cargo em Comissao, Simbolo DFG-08, Chefe da Secao de Apoio Adminis-
trativo, da 26a Delegacia de Policia, do Departamento de Policia Circunscricional, da Policia
Civil do Distrito Federal, a contar de 29 de julho de 2002
Dispensar o Agente de Policia WELLINGTON PEREIRA DE LIMA, matricula no 37.636-1, de
responder pelo Cargo em Comissao, Simbolo DFG-08, Chefe da Secao de Apoio Administrati-
vo, da 26a Delegacia de Policia, do Departamento de Policia Circunscricional, da Policia Civil
do Distrito Federal"
17,Substituição de Funções, o Agente de Policia CLEIGUE DE MEDEIROS,31.631-8,nan,31.631-8,nan,DFG-08,nan,,nan,"Poli-
cia Civil do Distrito Federal",nan,nan,nan,nan,"Designar o Agente de Policia CLEIGUE DE MEDEIROS, matricula no 31.631-8, para respon-
der pelo Cargo em Comissao, Simbolo DFG-08, Chefe da Secao de Investigacoes Criminais, da
26a Delegacia de Policia, do Departamento de Policia Circunscricional, da Policia Civil do Dis-
trito Federal, a contar de 29 de julho de 2002
Dispensar o Agente de Policia CLEIGUE DE MEDEIROS, matricula no 31.631-8, de res-
ponder pelo Cargo em Comissao, Simbolo DFG-08, Chefe da Secao de Investigacoes Cri-
minais, da 26a Delegacia de Policia, do Departamento de Policia Circunscricional, da Poli-
cia Civil do Distrito Federal"
18,Substituição de Funções, a Escriva de Policia LUCIANA DE OLIVEIRA RIBEIRO,46.768-5,nan,46.768-5,nan,DFG-08,nan,,nan,Policia Civil do Distrito Federal,nan,nan,nan,nan,"Designar a Escriva de Policia LUCIANA DE OLIVEIRA RIBEIRO, matricula no 46.768-5,
para responder pelo Cargo em Comissao, Simbolo DFG-08, Chefe do Cartorio, da 26a Delega-
cia de Policia, do Departamento de Policia Circunscricional, da Policia Civil do Distrito Fede-
ral, a contar de 29 de julho de 2002
Dispensar a Escriva de Policia LUCIANA DE OLIVEIRA RIBEIRO, matricula no 46.768-5, de
responder pelo Cargo em Comissao, Simbolo DFG-08, Chefe do Cartorio, da 26a Delegacia de
Policia, do Departamento de Policia Circunscricional, da Policia Civil do Distrito Federal"
19,Substituição de Funções, o Agente de Policia RICARDO LIVIO BARROS DE PAULA,39.556-0,nan,39.556-0,nan,DFG-08,nan,,nan,Policia Civil do Distrito Federal,nan,nan,nan,nan,"Designar o Agente de Policia RICARDO LIVIO BARROS DE PAULA, matricula no 39.556-0,
para responder pelo Cargo em Comissao, Simbolo DFG-08, Chefe da Secao de Informatica,
Planejamento e Estatistica, da 26a Delegacia de Policia, do Departamento de Policia Circuns-
cricional, da Policia Civil do Distrito Federal, a contar de 29 de julho de 2002
Dispensar o Agente de Policia RICARDO LIVIO BARROS DE PAULA, matricula no 39.556-0,
de responder pelo Cargo em Comissao, Simbolo DFG-08, Chefe da Secao de Informatica, Pla-
nejamento e Estatistica, da 26a Delegacia de Policia, do Departamento de Policia Circunscricio-
nal, da Policia Civil do Distrito Federal"
20,Substituição de Funções, o Agente de Policia MAURICIO ANTUNES MADUREIRA,31.453-6,nan,31.453-6,nan,DFG-08,nan,,nan,"Policia Civil
do Distrito Federal",nan,nan,nan,nan,"Designar o Agente de Policia MAURICIO ANTUNES MADUREIRA, matricula no 31.453-6,
para responder pelo Cargo em Comissao, Simbolo DFG-08, Chefe da Secao de Delitos de Tran-
sito, da 26a Delegacia de Policia, do Departamento de Policia Circunscricional, da Policia Civil
do Distrito Federal, a contar de 29 de julho de 2002
Dispensar o Agente de Policia MAURICIO ANTUNES MADUREIRA, matricula no 31.453-6,
de responder pelo Cargo em Comissao, Simbolo DFG-08, Chefe da Secao de Delitos de Transi-
to, da 26a Delegacia de Policia, do Departamento de Policia Circunscricional, da Policia Civil
do Distrito Federal"
21,Substituição de Funções, o Agente de Policia LUIZMAR DOS SANTOS,36.430-4,nan,36.430-4,nan,DFG-08,nan,,nan,"Policia
Civil do Distrito Federal",nan,nan,nan,nan,"Designar o Agente de Policia LUIZMAR DOS SANTOS, matricula no 36.430-4, para responder
pelo Cargo em Comissao, Simbolo DFG-08, Chefe da Secao de Repressao a Toxicos e Entorpe-
centes, da 26a Delegacia de Policia, do Departamento de Policia Circunscricional, da Policia
Civil do Distrito Federal, a contar de 29 de julho de 2002
Dispensar o Agente de Policia LUIZMAR DOS SANTOS, matricula no 36.430-4, de responder
pelo Cargo em Comissao, Simbolo DFG-08, Chefe da Secao de Repressao a Toxicos e Entor-
pecentes, da 26a Delegacia de Policia, do Departamento de Policia Circunscricional, da Policia
Civil do Distrito Federal"
22,Substituição de Funções, a Agente de Policia LIZABETE SOARES DAMAZIO,25.476-2,nan,25.476-2,nan,DFG-08,nan,,nan,"Policia Civil
do Distrito Federal",nan,nan,nan,nan,"Designar a Agente de Policia LIZABETE SOARES DAMAZIO, matricula no 25.476-2, para
responder pelo Cargo em Comissao, Simbolo DFG-08, Chefe da Secao de Apoio Administrati-
vo, da 13a Delegacia de Policia, do Departamento de Policia Circunscricional, da Policia Civil
do Distrito Federal, a contar de 29 de julho de 2002
Dispensar a Agente de Policia LIZABETE SOARES DAMAZIO, matricula no 25.476-2, de
responder pelo Cargo em Comissao, Simbolo DFG-08, Chefe da Secao de Apoio Administrati-
vo, da 13a Delegacia de Policia, do Departamento de Policia Circunscricional, da Policia Civil
do Distrito Federal"
23,Substituição de Funções, o Agente de Policia CARLOS CHAGAS BARREIRA,47.331-6,nan,47.331-6,nan,DFG-08,nan,,nan,"Policia Civil
do Distrito Federal",nan,nan,nan,nan,"Designar o Agente de Policia CARLOS CHAGAS BARREIRA, matricula no 47.331-6, para
responder pelo Cargo em Comissao, Simbolo DFG-08, Chefe da Secao de Investigacoes Crimi-
nais, da 13a Delegacia de Policia, do Departamento de Policia Circunscricional, da Policia Civil
do Distrito Federal, a contar de 29 de julho de 2002
Dispensar o Agente de Policia CARLOS CHAGAS BARREIRA, matricula no 47.331-6, de
responder pelo Cargo em Comissao, Simbolo DFG-08, Chefe da Secao de Investigacoes Crimi-
nais, da 13a Delegacia de Policia, do Departamento de Policia Circunscricional, da Policia Civil
do Distrito Federal"
24,Substituição de Funções, o Agente de Policia SILVANO DE JESUS MOURA,31.482-X,nan,31.482-X,nan,DFG-08,nan,,nan,"Policia Civil do
Distrito Federal",nan,nan,nan,nan,"Designar o Agente de Policia SILVANO DE JESUS MOURA, matricula no 31.482-X, para
responder pelo Cargo em Comissao, Simbolo DFG-08, Chefe da Secao de Vigilancia e Opera-
coes, da 13a Delegacia de Policia, do Departamento de Policia Circunscricional, da Policia Civil
do Distrito Federal, a contar de 29 de julho de 2002
Dispensar o Agente de Policia SILVANO DE JESUS MOURA, matricula no 31.482-X, de res-
ponder pelo Cargo em Comissao, Simbolo DFG-08, Chefe da Secao de Vigilancia e Operacoes,
da 13a Delegacia de Policia, do Departamento de Policia Circunscricional, da Policia Civil do
Distrito Federal"
25,Substituição de Funções, a Escriva de Policia ADALGISA MARIA DE ARAUJO,46.949-1,nan,46.949-1,nan,DFG-08,nan,,nan,Policia Civil do Distrito Federal,nan,nan,nan,nan,"Designar a Escriva de Policia ADALGISA MARIA DE ARAUJO, matricula no 46.949-1, para
responder pelo Cargo em Comissao, Simbolo DFG-08, Chefe do Cartorio, da 13a Delegacia de
Policia, do Departamento de Policia Circunscricional, da Policia Civil do Distrito Federal, a
contar de 29 de julho de 2002
Dispensar a Escriva de Policia ADALGISA MARIA DE ARAUJO, matricula no 46.949-1, de
responder pelo Cargo em Comissao, Simbolo DFG-08, Chefe do Cartorio, da 13a Delegacia de
Policia, do Departamento de Policia Circunscricional, da Policia Civil do Distrito Federal"
26,Substituição de Funções, o Agente de Policia SERGIO MEDEIROS SALVIANO,31.814-0,nan,31.814-0,nan,DFG-08,nan,,nan,Policia Civil do Distrito Federal,nan,nan,nan,nan,"Designar o Agente de Policia SERGIO MEDEIROS SALVIANO, matricula no 31.814-0, para
responder pelo Cargo em Comissao, Simbolo DFG-08, Chefe da Secao de Repressao a Toxicos
e Entorpecentes, da 13a Delegacia de Policia, do Departamento de Policia Circunscricional, da
Policia Civil do Distrito Federal, a contar de 29 de julho de 2002
Dispensar o Agente de Policia SERGIO MEDEIROS SALVIANO, matricula no 31.814-0, de
responder pelo Cargo em Comissao, Simbolo DFG-08, Chefe da Secao de Repressao a Toxicos
e Entorpecentes, da 13a Delegacia de Policia, do Departamento de Policia Circunscricional, da
Policia Civil do Distrito Federal"
27,Substituição de Funções, o Agente de Policia LAURENTINO ALVES BORGES,57.830-4,nan,57.830-4,nan,DFG-08,nan,,nan,Policia Civil do Distrito Federal,nan,nan,nan,nan,"Designar o Agente de Policia LAURENTINO ALVES BORGES, matricula no 57.830-4, para
responder pelo Cargo em Comissao, Simbolo DFG-08, Chefe da Secao de Informatica, Planeja-
mento e Estatistica, da 13a Delegacia de Policia, do Departamento de Policia Circunscricional,
da Policia Civil do Distrito Federal, a contar de 19 de agosto de 2002
Dispensar o Agente de Policia LAURENTINO ALVES BORGES, matricula no 57.830-4, de
responder pelo Cargo em Comissao, Simbolo DFG-08, Chefe da Secao de Informatica, Planeja-
mento e Estatistica, da 13a Delegacia de Policia, do Departamento de Policia Circunscricional,
da Policia Civil do Distrito Federal"
28,Substituição de Funções, o Agente de Policia OSVALDO SOARES DE SOUZA,23.387-0,nan,23.387-0,nan,DFG-08,nan,,nan,Policia Civil do Distrito Federal,nan,nan,nan,nan,"Designar o Agente de Policia OSVALDO SOARES DE SOUZA, matricula no 23.387-0, para
responder pelo Cargo em Comissao, Simbolo DFG-08, Chefe da Secao de Furtos em Comercio,
da Delegacia Repressao a Furtos, do Departamento de Policia Especializada, da Policia Civil do
Distrito Federal, a contar de 29 de julho de 2002
Dispensar o Agente de Policia OSVALDO SOARES DE SOUZA, matricula no 23.387-0, de                                                                       Diario Oficial do Distrito Federal
PAGINA   35
No 183, terca-feira, 24 de setembro de 2002 responder pelo Cargo em Comissao, Simbolo DFG-08, Chefe da Secao de Furtos em Co-
mercio, da Delegacia Repressao a Furtos, do Departamento de Policia Especializada, da
Policia Civil do Distrito Federal"
29,Substituição de Funções, o Agente de Policia EMERSON VAZ BORGES,36.013-9,nan,36.013-9,nan,DFG-08,nan,,nan,"Policia
Civil do Distrito Federal",nan,nan,nan,nan,"Designar o Agente de Policia EMERSON VAZ BORGES, matricula no 36.013-9, para respon-
der pelo Cargo em Comissao, Simbolo DFG-08, Chefe da Secao de Repressao a Toxicos e
Entorpecentes, da 16a Delegacia de Policia, do Departamento de Policia Circunscricional, da
Policia Civil do Distrito Federal, a contar de 05 de agosto de 2002
Dispensar o Agente de Policia EMERSON VAZ BORGES, matricula no 36.013-9, de responder
pelo Cargo em Comissao, Simbolo DFG-08, Chefe da Secao de Repressao a Toxicos e Entorpe-
centes, da 16a Delegacia de Policia, do Departamento de Policia Circunscricional, da Policia
Civil do Distrito Federal"
30,Substituição de Funções, o servidor HEILONN SOUSA MELO,97.416-1,EMI BALDINI RIBEIRO,97.392-0,do cargo em comissao,DFA-05,nan,,nan,"Quadro de Pessoal do Distrito Federal, lotado na Administracao Regional do Guara-RA
X, a contar de 17/06/2002
2  O servidor fara jus aos vencimentos do cargo efetivo a partir do registro da candidatura e ate
o 15o (decimo quinto) dia seguinte ao da eleicao, em conformidade com o paragrafo 2o do
retromencionado diploma legal, devendo para tanto apresentar o comprovante do referido regis-
tro ao setorial de pessoal do Orgao de lotacao",nan,nan,nan,nan,"Designar o servidor HEILONN SOUSA MELO, matricula no 97.416-1, do cargo em Comis-
sao, Simbolo DFA-05, de Secretario Administrativo, para substituir EMI BALDINI RIBEIRO,
matricula no 97.392-0, do cargo em comissao, Simbolo DFG-11, de Gerente da Gerencia de
Turismo Receptivo, da Agencia de Desenvolvimento do Turismo do Distrito Federal, por moti-
vo de ferias do titular, no periodo de 1o a 30.10.2002
CARLOS EDIL FORTES SECRETARIA DE GESTAO ADMINISTRATIVA PORTARIA No 647, DE 19 DE SETEMBRO DE 2002
A SECRETARIA DE ESTADO DE GESTAO ADMINISTRATIVA DO DISTRITO FEDE-
RAL, no uso das atribuicoes legais e em conformidade com o artigo 86 da Lei no 8.112, de 11 de
dezembro de 1990, resolve:
1  Conceder Licenca para Atividade Politica ao servidor ALAN GONCALVES BARBOSA,
matricula no 41.056-X, ocupante do cargo de Fiscal de Atividades Urbanas, 3a Classe, Padrao IV, do Quadro de Pessoal do Distrito Federal, lotado na Administracao Regional do Guara-RA
X, a contar de 17/06/2002
2  O servidor fara jus aos vencimentos do cargo efetivo a partir do registro da candidatura e ate
o 15o (decimo quinto) dia seguinte ao da eleicao, em conformidade com o paragrafo 2o do
retromencionado diploma legal, devendo para tanto apresentar o comprovante do referido regis-
tro ao setorial de pessoal do Orgao de lotacao"
31,Substituição de Funções, o servidor Edson Luiz Milanez,24.891-6,o servidor Jose Antonio Alves de Souza,43.852-9,"Chefe do Nucleo
de Controle de Veiculos da Gerencia de Registro e Controle de Veiculos",DFG-08,nan,nan,nan,nan,nan,nan,nan,nan,"Designar o servidor Edson Luiz Milanez, matricula 24.891-6, Tecnico de Administracao Publi-
ca, para substituir o servidor Jose Antonio Alves de Souza, matricula 43.852-9, Chefe do Nucleo
de Controle de Veiculos da Gerencia de Registro e Controle de Veiculos, Simbolo DFG-08, da
Diretoria de Transportes, da Subsecretaria de Logistica e Modernizacao, por motivo de ferias
regulamentares do titular, no periodo de 14/10/2002 a 12/11/2002
MARIA CECICILIA S"
32,Substituição de Funções, ALVARO LUIS ALVARES DA SILVA CAMPOS,92.357-5,HURSULA LIMA DE MENDONCA TELES,92.331-1,Gerente,DFG-12,nan,nan,nan,nan,nan,nan,nan,nan,"Designar ALVARO LUIS ALVARES DA SILVA CAMPOS, matricula no 92.357-5, para substituir
HURSULA LIMA DE MENDONCA TELES, matricula no 92.331-1, Gerente, Simbolo DFG-12,
da Agencia de Atendimento da Receita  Ceilandia da Diretoria de Atendimento ao Contribuinte
da Subsecretaria da Receita da Secretaria de Fazenda e Planejamento do Distrito Federal, no peri-
odo de 17 de setembro a 1o de outubro de 2002, por motivo de licenca medica da titular"
33,Substituição de Funções,nan,nan,nan,nan,nan,nan,nan,nan,nan,nan,nan,nan,nan,nan,"Designar, para a funcao de Membros Efetivos e Suplentes do Conselho Regional de Saude da
Candangolandia: 1"
34,Substituição de Funções,nan,nan,nan,nan,nan,nan,nan,nan,nan,nan,nan,nan,nan,nan,"Designar, para a funcao de Membros Efetivos e Suplentes do Conselho Regional de
Saude de Brasilia: 1"
35,Substituição de Funções, a servidora Carmen Ligia Tezoni Lima,115.165-7,o Chefe do Nucleo de Apoio Operacional do Centro de Saude no,nan,nan,DFG,nan,nan,nan,lei 8.112/90 de 11 de dezembro de 1990,nan,nan,nan,nan,"Designar a servidora Carmen Ligia Tezoni Lima, Agente Administrativo, Classe Especial, Padrao V,
Matricula 115.165-7, para substituir o Chefe do Nucleo de Apoio Operacional do Centro de Saude no
02 do Guara, simbolo DFG - 05, no periodo de 24/08/2002 a 28/08/2002, por motivo de Licenca
Paternidade do Titular, conforme Memorando no 029/2002  CSGu 02, datado de 23/08/2002
A DIRETORA DA DIRETORIA REGIONAL DE SAUDE DO GUARA DA SECRETARIA
DE ESTADO DE SAUDE DO DISTRITO FEDERAL, no uso das atribuicoes que lhe foram
delegadas atraves do item 4 letra d, da Portaria no 11, de 11 de setembro de 2000, publicada no
DODF no 181, de 20 de setembro de 2000, pagina 10, resolve:
Conceder ao(s) servidor(es) abaixo discriminado(s), LICENCA NOJO por 08 dias consecuti-
vos, nos termos do artigo 97, inciso III, alinea b, da lei 8.112/90 de 11 de dezembro de 1990"
36,Substituição de Funções, a servidora IDEMEIRE NUNES DA SILVA,124.567-8,a Chefe do Nucleo de Apoio Operacional da Gerencia do Centro de Saude,nan,nan,DFG,nan,nan,nan,nan,nan,nan,nan,nan,"Designar a servidora IDEMEIRE NUNES DA SILVA, Agente de Portaria, matricula 124.567-8
para substituir a Chefe do Nucleo de Apoio Operacional da Gerencia do Centro de Saude 10 de
Ceilandia, simbolo DFG 05, por motivo de ferias do titular, no periodo de 18.09.2002 a 27.09.2002,
conforme Memorando 100/2002  Ch"
37,Substituição de Funções, a servidora VANIA LUCIA MALTA COSTA CATUNDA,128.098-8,"a Chefe do Nucleo de Emergencia da Gerencia de Atencao a Saude da
Direcao Regional de Saude de Ceilandia","133.057-8 para substituir a Chefe do Nucleo de Farmacia da Gerencia de Diag-
nose e Terapia da Direcao Regional de Saude de Ceilandia",nan,DFG,nan,,nan,"Lei no 8.112/90, aos servidores abaixo relacionados:
Nome: MARIA LIZ CUNHA DE OLIVEIRA
Matricula: 129.777-5
Funcao: ENFERMEIRA
Periodo: 21/08/02 28/08/02a, por falecimento do pai",nan,nan,nan,nan,"Designar a servidora VANIA LUCIA MALTA COSTA CATUNDA, CM  Pediatria, matricula
128.098-8 para substituir a Chefe do Nucleo de Emergencia da Gerencia de Atencao a Saude da
Direcao Regional de Saude de Ceilandia, simbolo DFG 06, por motivo de ferias da titular, no periodo
de 16.09.2002 a 30.09.2002, conforme Memorando 056/2002  NUEM, datado de 06.08.2002
Designar a servidora ARILDO DOS SANTOS MARQUES, Farmaceutico Bioquimico Labora-
torio, matricula 133.057-8 para substituir a Chefe do Nucleo de Farmacia da Gerencia de Diag-
nose e Terapia da Direcao Regional de Saude de Ceilandia, simbolo DFG 05, por motivo de
licenca maternidade da titular, no periodo de 17.08.2002 a 14.12.2002, conforme Memorando
122/02  NUFA/GDT/DRSC, datado de 16.08.2002
Designar o servidor MARIA MARGARIDA PEREIRA DE ANDRADE, AI  Agente Adminis-
trativo, matricula 119.041-5 para substituir a Chefe do Nucleo de Internacao e Alta da Gerencia
de Regulacao, Controle e Avaliacao da Direcao Regional de Saude de Ceilandia, simbolo DFG
04, por motivo de ferias da titular, no periodo de 10.10.2002 a 24.10.2002, conforme Memoran-
do 05/02  NIA/DRSC, datado de 22.08.2002
O DIRETOR REGIONAL DE SAUDE DE CEILANDIA DA SUBSECRETARIA DE ATEN-
CAO A SAUDE DA SECRETARIA DE ESTADO DE SAUDE DO DISTRITO FEDERAL, no
uso de suas atribuicoes regimentais e considerando o disposto no item 2, da Instrucao n 05 de
11 de fevereiro de 1999 resolve:
Conceder Licenca Premio por assiduidade, nos termos do artigo 87, da Lei 8.112/90 combinada
com a Lei 221, de 27.12.91 aos seguintes servidores:
131.678-8  Francisco Edson Rocha, 2o - 24.06.97 a 23.06.02, 061.042 465/1997 (Esta publica-
cao torna sem efeito a anterior conforme DODF no 168 de 03.09.2002 pagina 54), 135.501-5 
Maria da Paz de Moraes Fraga, 4o - 05.04.97 a 04.04.02, 061.042 122/1995 - HRC, 132.126-9 
Maria de Lourdes Moura, 2o - 20.08.97 a 19.08.02, 061.042 488/1997  CSC 08
JORGE ROGERIO MARTINS PITANGA DIRETORIA REGIONAL DE SAUDE DE SAO SEBASTIAO ORDEM DE SERVICO DE 17 DE SETEMBRO DE 2002
A DIRETORA SUBSTITUTA DA DIRETORIA REGIONAL DE SAUDE DE SAO SEBASTIAO
DA SUBSECRETARIA DE ATENCAO A SAUDE DA SECRETARIA DE ESTADO DE SAUDE
DO DISTRITO FEDERAL, no uso das atribuicoes que lhe sao conferidas pelo inciso II da Portaria no
11/2000, de 11 de setembro de 2.000, publicada no DODF no 181, de 20 de setembro de 2000, resolve:
CONCEDER licenca-premio por assiduidade, nos termos do artigo 87 da Lei 8.112/90, combinado com a Lei 221 de 27.10.91, aos servidores abaixo relacionados:
NOME: Maria Luiza Leal Meyer
MATRICULA: 120.479-3
QUINQUENIO: 3o - de 18/03/1996 a 17/03/2001
PROCESSO No 061.036034/94
NOME: Nara Clara Tavares Uchoa Rodrigues
MATRICULA: 116.016-8
QUINQUENIO: 4o - de11/06/1996 a 10/06/2001
PROCESSO No 061.039126/92
NOME: Deusvaldo Pereira da Silva
MATRICULA: 127.588-7
QUINQUENIO: 3o - de 01/09/1997 a 31/08/2002
PROCESSO No 061.009446/92
SHEYLA GOMES DA SILVA DIRETORIA REGIONAL DE SAUDE DE SANTA MARIA ORDENS DE SERVICO No 5, DE 17 DE SETEMBRO DE 2002
O DIRETOR REGIONAL DE SAUDE DE SANTA MARIA, no uso das suas atribuicoes regi-
mentais e considerando o disposto inciso II, item 4, a alinea d, da Portaria no 11, de 11 de outubro
de 2000, da SECRETARIA DE ESTADO DE SAUDE DO DISTRITO FEDERAL resolve:
Conceder o afastamento de 08 (oito) dias consecutivos, por motivo de FALECIMENTO, nos
termos do Artigo 97, inciso III, alinea b, da Lei no 8.112/90, aos servidores abaixo relacionados:
Nome: MARIA LIZ CUNHA DE OLIVEIRA
Matricula: 129.777-5
Funcao: ENFERMEIRA
Periodo: 21/08/02 28/08/02a, por falecimento do pai"
38,Substituição de Funções, os servidores ANA MARIA GOMES,101.935-X,nan,"101.717-9 e MARCELO AIRTON BARBOSA
DOS ANJOS",nan,nan,nan,nan,nan,nan,nan,nan,nan,nan,"DESIGNAR os servidores ANA MARIA GOMES, matricula no 101.935-X, JOSE
MARIANO CUNHA VIEGAS, matricula no 101.717-9 e MARCELO AIRTON BARBOSA
DOS ANJOS, matricula no 102.227-X, para sob a presidencia do primeiro, comporem Comissao
de Inquerito Administrativo Disciplinar, para, no prazo de 60 (sessenta) dias, apurarem os fatos
constantes do processo acima referenciado que notifica infracao disciplinar praticada pela servi-
dora LUCILEIDE DE OLIVEIRA FRANCA, matricula no 104.682-9, por infringir o artigo 116;
incisos I, III ,XI e XII e art"
39,Substituição de Funções, o servidor ADEMAR AIRES CIRQUEIRA,110.441/ST,nan,nan,nan,nan,nan,nan,nan,nan,nan,nan,nan,nan,"Designar o servidor ADEMAR AIRES CIRQUEIRA, matricula no 110.441/ST, para, sem
prejuizo de suas funcoes, atuar como executor do Contrato no 004/2002, firmado em 03 de
setembro de 2002, entre o DEPARTAMENTO METROPOLITANO DE TRANSPORTES
URBANOS - DMTU/DF e a DISBRAVE LOCADORA DE VEICULOS LTDA., competindo-
lhe, dentre outras atribuicoes contidas no art"
40,Substituição de Funções, o servidor Rony Teruel Saraiva,nan,o servidor Adalberto Queiroz de Rou,nan,nan,DFG-13,nan,nan,nan,nan,nan,nan,nan,nan,"Designar o servidor Rony Teruel Saraiva, para substituir o servidor Adalberto Queiroz de Rou-
re, no Cargo em Comissao de Coordenador Administrativo-Financeiro, Simbolo DFG-13, do
Departamento Metropolitano de Transportes Urbanos do Distrito Federal - DMTU/DF, por motivo
de ferias regulares do titular, no periodo de 15/09/2002 a 14/10/2002
JOSE MACEDO DE ANDRADE CORPO DE BOMBEIROS MILITAR
DO DISTRITO FEDERAL PORTARIA DE 12 DE SETEMBRO DE 2002
O Comandante Geral do Corpo de Bombeiros Militar do Distrito Federal, no uso das atribuicoes
que lhe conferem o Decreto no 16.098 de 29 de novembro de 1994, combinado com a Portaria de
08 de abril de 1991, da Secretaria de Seguranca Publica, resolve:
RECONHECER A DIVIDA referida no processo No 053.000.978/2002 no valor de R$ 864,00
(oitocentos e sessenta e quatro reais), em favor do CB BM DIONER MENDES DE SOUZA
Mat"
41,Substituição de Funções, o Escrivao de Policia NILTON DA SILVA REIS,58.949-7,o Agente de Policia SERGIO CYRINO ROSA,57.900-9,"Chefe da Secao
de Informatica",DFG-08,nan,,nan,nan,nan,nan,nan,nan,"Designar o Escrivao de Policia NILTON DA SILVA REIS, matricula no 58.949-7, para
substituir o Agente de Policia SERGIO CYRINO ROSA, matricula no 57.900-9, Chefe da Secao
de Informatica, Planejamento e Estatistica/33a DP/DPC/PCDF, Simbolo DFG-08, por motivo
de ferias regulamentares, no periodo de 10.09 a 24.09.2002                                      Diario Oficial do Distrito Federal
PAGINA   42
No 183, terca-feira, 24 de setembro de 2002 2  Designar o Agente de Policia HELIO ANDRE SILVA, matricula no 47.616-1, para substituir
o Agente de Policia DAWSON RICARDO LOPES DE OLIVEIRA, matricula no 35.502-X,
Chefe da Secao de Apoio Administrativo/27a DP/DPC/PCDF, Simbolo DFG-08, por motivo de
ferias regulamentares, no periodo de 10.09 a 19.09.2002
3  Designar a Delegada de Policia MONICA CHMIELEWSKI FERREIRA, matricula no 47.174-
7, para substituir o Delegado de Policia ELOY NONATO DA SILVA, matricula no 20.736-5,
Delegado-Chefe/27a DP/DPC/PCDF, Simbolo DFG-14, por motivo de licenca para tratamento
de saude, no periodo de 30.08 a 28.09.2002
4  Designar o Agente de Policia ELCIMAR LUSTOSA SOARES, matricula no 47.304-9, para
substituir o Agente de Policia CARLOS ALBERTO ELIAS DE SOUZA, matricula no 36.586-6,
Chefe da Secao de Apoio Administrativo/29a DP/DPC/PCDF, Simbolo DFG-08, por motivo de
ferias regulamentares, no periodo de 10.09 a 19.09.2002
5  Designar o Agente de Policia LEONARDO VIRGOLINO RAMOS, matricula no 27.873-4,
para substituir o Agente de Policia ELIVAN EUCLIDES GOMES LOUZA, matricula no 19.080-
2, Chefe da Secao de Investigacoes Criminais/29a DP/DPC/PCDF, Simbolo DFG-08, por moti-
vo licenca premio por assiduidade, no periodo de 02.09 a 01.10.2002
6  Designar a Perita Papiloscopista RITTA MARGARIDA PAIM DE C"
42,Substituição de Funções, o Perito Papiloscopista BALTAZAR CRISTINO DA SILVA,39.752-,o Perito Papiloscopista JOVANE NONATO DA CONCEICAO,48.064-9,Chefe do Posto de Identificacao no 12/DI/II/DPT/PCDF,DFG-08,nan,,nan,nan,nan,nan,nan,nan,"Designar o Perito Papiloscopista BALTAZAR CRISTINO DA SILVA, matricula no 39.752-
0, para substituir o Perito Papiloscopista JOVANE NONATO DA CONCEICAO, matricula no
48.064-9, Chefe do Posto de Identificacao no 12/DI/II/DPT/PCDF, Simbolo DFG-08, por moti-
vo de ferias regulamentares, no periodo de 10.09 a 24.09.2002
8  Designar o Perito Papiloscopista WILLIAM RODRIGUES DOS SANTOS, matricula no
58.808-3, para substituir o Perito Papiloscopista GILDO FERREIRA DA CRUZ, matricula no
35.340-X, Chefe da Secao de Pesquisa Datiloscopica/DPAT/II/DPT/PCDF, Simbolo DFG-08,
por motivo de licenca para tratamento de saude, no periodo de 16.08 a 20.08.2002
9  Designar o Perito Papiloscopista FABIO BILU RODRIGUES, matricula no 48.240-4, para
substituir a Perita Papiloscopista IVONETE MARTINS DA SILVA MACIEL, matricula no
48.155-6, Chefe da Secao de Preparacao/DPAT/II/DPT/PCDF, Simbolo DFG-08, por motivo de
licenca para tratamento de saude, no periodo de 09.08 a 06.12.2002
10  Designar o Perito Papiloscopista VALDEK PEREIRA DA SILVA, matricula no 48.075-4,
para substituir o Perito Papiloscopista MARCIO MENDES DA SILVA, matricula no 36.512-2,
Chefe do Posto de Identificacao no 11/DI/II/DPT/PCDF, Simbolo DFG-08, por motivo de licen-
ca para tratamento de saude, no periodo de 15.08 a 13.09.2002
11  Designar o Perito Papiloscopista GERALDO COSTA FARIA, matricula no 38.378-3, para
substituir a Perita Papiloscopista MERIAN BORGES DE SOUSA, matricula no 24.037-0, Che-
fe do Posto de Identificacao no 18/DI/II/DPT/PCDF, Simbolo DFG-08, por motivo de licenca
para tratamento de saude, no periodo de 06.08 a 04.09.2002
12  Designar o Agente de Policia CARLOS MAURICIO OLIVEIRA CRUZ, matricula no
57.700-6, para substituir o Agente de Policia JOSE LUIS RODRIGUES ABADIA, matricula no
31.379-3, Chefe da Secao de Repressao a Toxicos e Entorpecentes/10a DP/DPC/PCDF, Simbo-
lo DFG-08, por motivo de ferias regulamentares, no periodo de 10.09 a 19.09.2002
13  Designar o Agente de Policia JOSELITO MARTINEZ GRADIN, matricula no 39.570-6,
para substituir o Agente de Policia JANIO FERREIRA DE SOUSA, matricula no 27.561-1,
Chefe da Secao de Investigacoes Criminais/6a DP/DPC/PCDF, Simbolo DFG-08, por motivo de
licenca premio por assiduidade, no periodo de 02.09 a 01.10.2002
14  Designar o Agente de Policia TERESINO PINTO DE BARROS, matricula no 57.565-8,
para substituir o Agente de Policia LUZIMAR GOMES PEREIRA DA SILVA, matricula no
31.447-1, Chefe da Secao de Informatica, Planejamento e Estatistica/6a DP/DPC/PCDF, Simbo-
lo DFG-08, por motivo de ferias regulamentares, no periodo de 10.09 a 24.09.2002
15  Designar o Agente de Policia MARCOS TADEU PEREIRA DE ALMEIDA, matricula no
24.485-6, para substituir o Agente de Policia ITAMAR FERREIRA DO AMARAL, matricula
no 24.084-2, Chefe da Secao de Identificacao Veicular/DCRFV/DPE/PCDF, Simbolo DFG-08,
por motivo ferias regulamentares, no periodo de 23.09 a 07.10.2002
16  Designar o Agente de Policia VANDERLEI MENDES BRANDAO, matricula no 48.107-6,
para substituir o Agente de Policia PETRONAH DE CASTRO E SILVA, matricula no 25.525-4,
Chefe da Secao de Almoxarifado/DRM/DAG/PCDF, Simbolo DFG-08, por motivo de ferias
regulamentares, no periodo de 09.10 a 18.10.2002
17  Designar o Delegado de Policia MARCELO FERNANDES, matricula no 35.887-8, para
substituir o Delegado de Policia GERALDO LUIZ NUGOLI COSTA, matricula no 23.426-5,
Diretor da Divisao de Operacoes Especiais/DEPATE/PCDF, Simbolo DFG-14, por motivo de
ferias regulamentares, no periodo de 02.09 a 16.09.2002
18  Designar a Auxiliar de Apoio as Atividades Policiais Civis SILVIA LUCIA DA ROCHA
MIRANDA, matricula no 34.863-5, para substituir o Agente de Policia PAULO SANTOS DE
CARVALHO, matricula no 34.174-6, Chefe da Secao de Administracao/DITEL/DAG/PCDF,
Simbolo DFG-08, por motivo de ferias regulamentares, no periodo de 10.09 a 19.09.2002
19  Designar o Agente de Policia PAULO CLEITON DE VASCONCELOS, matricula no 43.155-
9, para substituir o Agente de Policia ISMAEL FIRMINO SOARES, matricula no 25.567-X,
Chefe da Secao de Vigilancia e Operacoes/DOT/DPE/PCDF, Simbolo DFG-08, por motivo de
ferias complementares, no periodo de 10.09 a 19.09.2002
20  Designar o Agente de Policia CARLOS CESAR CUNHA DE OLIVEIRA, matricula no
47.296-4, para substituir a Agente de Policia GERLANE HENRIQUE DE AQUINO, matricula
no 27.565-4, Chefe da Secao de Apoio Administrativo/10a DP/DPC/PCDF, Simbolo DFG-08,
por motivo de ferias regulamentares, no periodo de 16.09 a 25.09.2002
21  Designar o Agente de Policia HONNEY CORDEIRO, matricula no 57.764-2, para substi-
tuir o Agente de Policia HELINTON VIEGAS ALVES, matricula no 36.139-9, Chefe da Secao
de Investigacoes/DRPI/DPE/PCDF, Simbolo DFG-08, por motivo de ferias regulamentares, no
periodo de 19.09 a 08.10.2002
22  Designar o Perito Criminal JOSE ALBERTO DE ALMEIDA, matricula no 19.319-4, para substituir a Perita Criminal LEA SEBASTIANA MEIRELES DOS SANTOS, matricula no
21.101-X, Chefe da Secao de Merceologia/DPI/IC/DPT/PCDF, Simbolo DFG-08, por motivo
de licenca premio por assiduidade, no periodo de 18.09 a 16.11.2002
23  Designar a Agente de Policia CLAUDIA DA FRANCA GONTIJO, matricula no 27.570-0,
para substituir o Agente de Policia JOSE LIBANIO DE OLIVEIRA ALBUQUERQUE, matri-
cula no 36.019-8, Chefe da Secao de Vigilancia e Operacoes/18a DP/DPC/PCDF, Simbolo DFG-
08, por motivo de ferias regulamentares, no periodo de 02.10 a 16.10.2002
24  Designar a Perita Criminal CLAUDIA REGINA B"
43,Substituição de Funções, o servidor,nan,nan,nan,nan,nan,nan,nan,nan,nan,nan,nan,nan,nan,"Designar o servidor: CANTIDIO FERNADES DA SILVA, mat"
44,Substituição de Funções, o servidor,nan,nan,nan,nan,nan,nan,nan,nan,nan,nan,nan,nan,nan,"Designar o servidor: ORIOVALDO ANTONO CABRAL DA SILVA, mat"
45,Substituição de Funções, a servidora,nan,nan,nan,nan,nan,nan,nan,nan,nan,nan,nan,nan,nan,"Designar a servidora: MARIA DOS REIS SANTOS, mat"
46,Substituição de Funções, a servidora ERIKA PORTO QUEIROZ,109.781-4,nan,nan,nan,nan,nan,nan,nan,nan,nan,nan,nan,nan,"Designar a servidora ERIKA PORTO QUEIROZ, matricula No 109.781-4, como responsavel
pela Prestacao de Contas dos vales-transporte desta Unidade Administrativa"
47,Substituição de Funções, o Engo EIDE WANDER BORTOLUZZO,97.810-8,nan,nan,nan,nan,nan,nan,nan,nan,nan,nan,nan,nan,"Designar o Engo EIDE WANDER BORTOLUZZO, matricula 97.810-8, para EXECUTOR
do ajuste firmado entre a Administracao Regional de Planaltina e a Empresa COMPACTA CONS-
TRUCOES & PROJETOS LTDA., visando a execucao dos servicos de reforma e ampliacao do
Galpao do Produtor Rural do Nucleo Rural Taquara"
48,Substituição de Funções, o servidor AILTON SILVA REGO,94.409-2,nan,nan,nan,nan,nan,nan,nan,nan,nan,nan,nan,nan,"DESIGNAR o servidor AILTON SILVA REGO, matricula no 94.409-2, para supervisionar, fis-
calizar e acompanhar a execucao dos servicos constantes do Processo no 137.000.347/2002
MARCIA DE S"
49,Substituição de Funções, o servidor BRAZ JOSE DA SILVA,91.560-2,nan,nan,nan,nan,nan,nan,nan,nan,nan,nan,nan,nan,"Designar o servidor BRAZ JOSE DA SILVA,, matricula no 91.560-2, Inspetor de Atividades Urba-
nas, como executor da Obra /Servico de reforma dos sanitarios masculino e feminino do Ed"
