,Tipo,Nome,Cargo Efetivo,Matricula,Siape,Simbolo,Cargo Comissao,Lotacao,Orgao,text
0,Nomeação, FLAVIA LEMOS PIMENTA,para exercer o Cargo em Comissao,nan,nan,DFA-03, Secretario Administrativo da Divisao Regional de Cultura,"Administracao
Regional de Brasilia","Secretaria de Estado de Coordenacao das Administracoes Regionais
do Distrito Federal","NOMEAR FLAVIA LEMOS PIMENTA, para exercer o Cargo em Comissao, Simbolo
DFA-03, de Secretario Administrativo da Divisao Regional de Cultura, da Administracao
Regional de Brasilia, da Secretaria de Estado de Coordenacao das Administracoes Regionais
do Distrito Federal"
1,Nomeação, CRISTIANE ROCHA DE SOUZA DA ROCHA PITTA,"Bacharel em Comunicacao
Social",nan,nan,DFG-12," Chefe da Assessoria de Comuni-
cacao Social",Administracao Regional de Brazlandia,"Secretaria de Estado de Coordenacao
das Administracoes Regionais do Distrito Federal","NOMEAR CRISTIANE ROCHA DE SOUZA DA ROCHA PITTA, Bacharel em Comunicacao
Social, para exercer o Cargo em Comissao, Simbolo DFG-12, de Chefe da Assessoria de Comuni-
cacao Social, da Administracao Regional de Brazlandia, da Secretaria de Estado de Coordenacao
das Administracoes Regionais do Distrito Federal"
2,Nomeação, SILVANEIA CORREIA PINHEIRO,para exercer o Cargo em Comissao,nan,nan,nan,nan,nan,nan,"NOMEAR SILVANEIA CORREIA PINHEIRO, para exercer o Cargo em Comissao, Simbo-
lo DFA-06, de Assistente, da Gerencia de Apoio Operacional, do Arquivo Publico do Distri-
to Federal"
3,Nomeação, DINAIR PEREIRA ALVES,nan,202.295-8,nan,FG-02,nan,nan,nan,"NOMEAR DINAIR PEREIRA ALVES, matricula no 202.295-8, para exercer a Funcao Gratifica-
da, Simbolo FG-02, de Vice-Diretor da Escola Classe 07 do Cruzeiro da Gerencia Regional de
Ensino do Plano Piloto e do Cruzeiro da Diretoria de Unidades Regionais da Subsecretaria de
Suporte Educacional da Secretaria de Estado de Educacao do Distrito Federal"
4,Nomeação, PATRICIA TUXI DOS SANTOS,nan,31.194-4,nan,FG-02,nan,nan,nan,"NOMEAR PATRICIA TUXI DOS SANTOS, matricula no 31.194-4, para exercer a Funcao
Gratificada, Simbolo FG-02, de Vice-Diretor da Escola Classe 308 Sul da Gerencia Regional de
Ensino do Plano Piloto e do Cruzeiro da Diretoria de Unidades Regionais da Subsecretaria de
Suporte Educacional da Secretaria de Estado de Educacao do Distrito Federal"
5,Nomeação, JOSE CUSTODIO FRANCISCO DE AZEVEDO NETO,"para exercer o Cargo em
Comissao",nan,nan,DFG-02,nan,nan,nan,"NOMEAR JOSE CUSTODIO FRANCISCO DE AZEVEDO NETO, para exercer o Cargo em
Comissao, Simbolo DFG-02, de Chefe de Secretaria Escolar da Escola Classe 315 Sul da Gerencia
Regional de Ensino do Plano Piloto e do Cruzeiro da Diretoria de Unidades Regionais da Subse-
cretaria de Suporte Educacional da Secretaria de Estado de Educacao do Distrito Federal"
6,Nomeação, FRANCISCO CLEUTON HOLANDA DA SILVA,nan,26.126-2,nan,FG-04,nan,nan,nan,"NOMEAR FRANCISCO CLEUTON HOLANDA DA SILVA, matricula no 26.126-2, para
exercer a Funcao Gratificada, Simbolo FG-04, de Diretor da Escola Classe 15 de Ceilandia da
Gerencia Regional de Ensino de Ceilandia da Diretoria de Unidades Regionais da Subsecretaria de
Suporte Educacional da Secretaria de Estado de Educacao do Distrito Federal"
7,Nomeação, MARCIA HELENA LOPES SOARES,nan,203.065-9,nan,FG-01,nan,nan,nan,"NOMEAR MARCIA HELENA LOPES SOARES, matricula no 203.065-9, para exercer a Fun-
cao Gratificada, Simbolo FG-01, de Assistente da Escola Classe 44 de Ceilandia da Gerencia
Regional de Ensino de Ceilandia da Diretoria de Unidades Regionais da Subsecretaria de Suporte
Educacional da Secretaria de Estado de Educacao do Distrito Federal"
8,Nomeação, ROBERVALDO DANTAS DA SILVA,nan,49.956-0,nan,FG-01,nan,nan,nan,"NOMEAR ROBERVALDO DANTAS DA SILVA, matricula no 49.956-0, para exercer a Funcao
Gratificada, Simbolo FG-01, de Assistente da Escola Classe 61 de Ceilandia da Gerencia Regional
de Ensino de Ceilandia da Diretoria de Unidades Regionais da Subsecretaria de Suporte Educaci-
onal da Secretaria de Estado de Educacao do Distrito Federal"
9,Nomeação, SANDRA CAVALCANTI MACHADO,nan,34.760-4,nan,FG-04,nan,nan,nan,"NOMEAR SANDRA CAVALCANTI MACHADO, matricula no 34.760-4, para exercer a Fun-
cao Gratificada, Simbolo FG-04, de Assistente da Escola Normal de Ceilandia da Gerencia Regi-
onal de Ensino de Ceilandia da Diretoria de Unidades Regionais da Subsecretaria de Suporte
Educacional da Secretaria de Estado de Educacao do Distrito Federal"
10,Nomeação, CRISTIANE MIRANDA ALVES,nan,38.141-1,nan,FG-02,nan,nan,nan,"NOMEAR CRISTIANE MIRANDA ALVES, matricula no 38.141-1, para exercer a Funcao
Gratificada, Simbolo FG-02, de Vice-Diretor da Escola Classe 21 do Gama da Gerencia Regional
de Ensino do Gama da Diretoria de Unidades Regionais da Subsecretaria de Suporte Educacional
da Secretaria de Estado de Educacao do Distrito Federal"
11,Nomeação, LEILA CRISTINA DE LOUREDO MESQUITA,nan,200.109-8,nan,FG-02,nan,nan,nan,"NOMEAR LEILA CRISTINA DE LOUREDO MESQUITA, matricula no 200.109-8, para exer-
cer a Funcao Gratificada, Simbolo FG-02, de Vice-Diretor da Escola Classe 06 de Taguatinga da
Gerencia Regional de Ensino de Taguatinga da Diretoria de Unidades Regionais da Subsecretaria
de Suporte Educacional da Secretaria de Estado de Educacao do Distrito Federal"
12,Nomeação, MICHELLE FABIANNE CARVALHO TENORIO,nan,36.226-3,nan,FG-02,nan,nan,nan,"NOMEAR MICHELLE FABIANNE CARVALHO TENORIO, matricula no 36.226-3, para
exercer a Funcao Gratificada, Simbolo FG-02, de Assistente do Centro de Ensino Fundamental
802 do Recanto das Emas da Gerencia Regional de Ensino do Recanto das Emas da Diretoria de
Unidades Regionais da Subsecretaria de Suporte Educacional da Secretaria de Estado de Educacao
do Distrito Federal"
13,Nomeação, LIEDA MARIA DE FRANCA TAVARES,para exercer o Cargo em Comissao,nan,nan,DFA-08,nan,nan,nan,"NOMEAR LIEDA MARIA DE FRANCA TAVARES, para exercer o Cargo em Comissao,
Simbolo DFA-08, de Assistente do Gabinete do Secretario de Estado de Educacao do Distri-
to Federal"
14,Nomeação, ELIANE FIGUEIREDO LEITE,nan,23.212-2,nan,DFG-02,nan,nan,nan,"NOMEAR ELIANE FIGUEIREDO LEITE, matricula no 23.212-2, para exercer o Cargo em
Comissao, Simbolo DFG-02, de Chefe de Secretaria Escolar do Jardim de Infancia 303 Sul da
Gerencia Regional de Ensino do Plano Piloto e do Cruzeiro da Diretoria de Unidades Regionais da
Subsecretaria de Suporte Educacional da Secretaria de Estado de Educacao do Distrito Federal"
15,Nomeação, MARCO AURELIO BAIMA FERREIRA,nan,23.772-8,nan,FG-04,nan,nan,nan,"NOMEAR MARCO AURELIO BAIMA FERREIRA, matricula no 23.772-8, para exercer a
Funcao Gratificada, Simbolo FG-04, de Diretor da Escola Classe 206 Sul da Gerencia Regional de
Ensino do Plano Piloto e do Cruzeiro da Diretoria de Unidades Regionais da Subsecretaria de
Suporte Educacional da Secretaria de Estado de Educacao do Distrito Federal"
16,Nomeação, CRISTIANA DE SOUZA PEREIRA,nan,29.152-8,nan,DFG-02,nan,nan,nan,"NOMEAR CRISTIANA DE SOUZA PEREIRA, matricula no 29.152-8, para exercer o Cargo em
Comissao, Simbolo DFG-02, de Chefe de Secretaria Escolar da Escola Classe 214 Sul da Gerencia
Regional de Ensino do Plano Piloto e do Cruzeiro da Diretoria de Unidades Regionais da Subse-
cretaria de Suporte Educacional da Secretaria de Estado de Educacao do Distrito Federal"
17,Nomeação, JULIANA ARAUJO SOUSA,nan,30.682-7,nan,FG-01,nan,nan,nan,"NOMEAR JULIANA ARAUJO SOUSA, matricula no 30.682-7, para exercer a Funcao Gratifi-
cada, Simbolo FG-01, de Assistente da Escola Classe 306 Norte da Gerencia Regional de Ensino
do Plano Piloto e do Cruzeiro da Diretoria de Unidades Regionais da Subsecretaria de Suporte Educacional da Secretaria de Estado de Educacao do Distrito Federal"
18,Nomeação, ISABEL OSORIO DE OLIVEIRA CARVALHO ARRUDA,nan,37.736-8,nan,FG-01,nan,nan,nan,"NOMEAR ISABEL OSORIO DE OLIVEIRA CARVALHO ARRUDA, matricula no 37.736-8,
para exercer a Funcao Gratificada, Simbolo FG-01, de Assistente da Escola Classe 316 Norte da
Gerencia Regional de Ensino do Plano Piloto e do Cruzeiro da Diretoria de Unidades Regionais da
Subsecretaria de Suporte Educacional da Secretaria de Estado de Educacao do Distrito Federal"
19,Nomeação, DIOMAR MARIA MOREIRA GOMES,nan,51.525-6,nan,DFA-03,nan,nan,nan,"NOMEAR DIOMAR MARIA MOREIRA GOMES, matricula no 51.525-6, para exercer o
Cargo em Comissao, Simbolo DFA-03, de Secretario Administrativo da Gerencia Regional de
Ensino do Plano Piloto e
do Cruzeiro da Diretoria de Unidades Regionais da Subsecretaria de Suporte Educacional da
Secretaria de Estado de Educacao do Distrito Federal"
20,Nomeação, MARIA GALVAO DA SILVA,nan,33.922-9,nan,FG-01,nan,nan,nan,"NOMEAR MARIA GALVAO DA SILVA, matricula no 33.922-9, para exercer a Funcao Grati-
ficada, Simbolo FG-01, de Assistente da Escola Classe 410 Sul da Gerencia Regional de Ensino do
Plano Piloto e do Cruzeiro da Diretoria de Unidades Regionais da Subsecretaria de Suporte
Educacional da Secretaria de Estado de Educacao do Distrito Federal"
21,Nomeação, RAFAEL ALVES DOS SANTOS,para exercer o Cargo em Comissao,nan,nan,DFG-,nan,nan,nan,"NOMEAR RAFAEL ALVES DOS SANTOS, para exercer o Cargo em Comissao, Simbolo DFG-
02, de Chefe de Secretaria Escolar da Escola Classe 413 Sul da Gerencia Regional de Ensino do
Plano Piloto e do Cruzeiro da Diretoria de Unidades Regionais da Subsecretaria de Suporte
Educacional da Secretaria de Estado de Educacao do Distrito Federal"
22,Nomeação, HEBE CRISTINA ARAUJO FREIRE,nan,23.394-3,nan,FG-01,nan,nan,nan,"NOMEAR HEBE CRISTINA ARAUJO FREIRE, matricula no 23.394-3, para exercer a Funcao
Gratificada, Simbolo FG-01, de Assistente da Escola Classe 413 Sul da Gerencia Regional de
Ensino do Plano Piloto e do Cruzeiro da Diretoria de Unidades Regionais da Subsecretaria de
Suporte Educacional da Secretaria de Estado de Educacao do Distrito Federal"
23,Nomeação, ROSELEI CAMARGO DA SILVA,nan,34.669-1,nan,FG-04,nan,nan,nan,"NOMEAR ROSELEI CAMARGO DA SILVA, matricula no 34.669-1, para exercer a Funcao
Gratificada, Simbolo FG-04, de Diretor da Escola Classe do SMU da Gerencia Regional de
Ensino do Plano Piloto e do Cruzeiro da Diretoria de Unidades Regionais da Subsecretaria de
Suporte Educacional da Secretaria de Estado de Educacao do Distrito Federal"
24,Nomeação, LUZIA ELIANE REIS SOARES,nan,203.467-0,nan,FG-02,nan,nan,nan,"NOMEAR LUZIA ELIANE REIS SOARES, matricula no 203.467-0, para exercer a Funcao
Gratificada, Simbolo FG-02, de Vice-Diretor da Escola Classe Aspalha da Gerencia Regional de
Ensino do Plano Piloto e do Cruzeiro da Diretoria de Unidades Regionais da Subsecretaria de
Suporte Educacional da Secretaria de Estado de Educacao do Distrito Federal"
25,Nomeação, MIRIAN REGINA FRANCO,nan,65.066-8,nan,FG-02,nan,nan,nan,"NOMEAR MIRIAN REGINA FRANCO, matricula no 65.066-8, para exercer a Funcao Gratifi-
cada, Simbolo FG-02, de Assistente do Centro de Ensino Fundamental 02 de Brasilia da Gerencia
Regional de Ensino do Plano Piloto e do Cruzeiro da Diretoria de Unidades Regionais da Subse-
cretaria de Suporte Educacional da Secretaria de Estado de Educacao do Distrito Federal"
26,Nomeação, ANDERSON FERREIRA GUIMARAES,para exercer o Cargo em Comissao,nan,nan,nan,nan,nan,nan,"NOMEAR ANDERSON FERREIRA GUIMARAES, para exercer o Cargo em Comissao, Sim-
bolo DFG-04, de Chefe de Secretaria Escolar do Centro de Ensino Fundamental 06 de Brasilia da
Gerencia Regional de Ensino do Plano Piloto e do Cruzeiro da Diretoria de Unidades Regionais da
Subsecretaria de Suporte Educacional da Secretaria de Estado de Educacao do Distrito Federal"
27,Nomeação, ONELICE DA CUNHA NOGUEIRA PARANAGUA ARRUDA,nan,59.066-5,nan,FG-04," Assistente do Centro de Ensino
Medio Elefante Branco da Gerencia Regional de Ensino do Plano Piloto e do Cruzeiro da Direto-
ria de Unidades Regionais da Subsecretaria de Suporte Educacional da Secretaria de Estado de
Educacao do Distrito Federal
EXONERAR","Funcao Grati-
ficada, Simbolo FG-05","Vice-Diretor da Escola Parque 303/304 Norte da Gerencia Regional de
Ensino do Plano Piloto e do Cruzeiro da Diretoria de Unidades Regionais da Subsecretaria de
Suporte Educacional da Secretaria de Estado de Educacao do Distrito Federal","NOMEAR ONELICE DA CUNHA NOGUEIRA PARANAGUA ARRUDA, matricula no
59.066-5, para exercer a Funcao Gratificada, Simbolo FG-04, de Assistente do Centro de Ensino
Medio Elefante Branco da Gerencia Regional de Ensino do Plano Piloto e do Cruzeiro da Direto-
ria de Unidades Regionais da Subsecretaria de Suporte Educacional da Secretaria de Estado de
Educacao do Distrito Federal
EXONERAR, a pedido, VILMA SOUZA PROCOPIO, matricula no 43.511-2, da Funcao Grati-
ficada, Simbolo FG-05, de Vice-Diretor da Escola Parque 303/304 Norte da Gerencia Regional de
Ensino do Plano Piloto e do Cruzeiro da Diretoria de Unidades Regionais da Subsecretaria de
Suporte Educacional da Secretaria de Estado de Educacao do Distrito Federal"
28,Nomeação, ALCE LEMOS DA SILVA,nan,39.986-6,nan,FG-05,nan,nan,nan,"NOMEAR ALCE LEMOS DA SILVA, matricula no 39.986-6, para exercer a Funcao Gratificada,
Simbolo FG-05, de Vice-Diretor da Escola Parque 303/304 Norte da Gerencia Regional de Ensino
do Plano Piloto e do Cruzeiro da Diretoria de Unidades Regionais da Subsecretaria de Suporte
Educacional da Secretaria de Estado de Educacao do Distrito Federal"
29,Nomeação, LUIZ FERNANDO SANTOS DA SILVA,nan,200.306-6,nan,FG-04,nan,nan,nan,"NOMEAR LUIZ FERNANDO SANTOS DA SILVA, matricula no 200.306-6, para exercer a
Funcao Gratificada, Simbolo FG-04, de Assistente da Escola Parque 303/304 Norte da Gerencia
Regional de Ensino do Plano Piloto e do Cruzeiro da Diretoria de Unidades Regionais da Subse-
cretaria de Suporte Educacional da Secretaria de Estado de Educacao do Distrito Federal"
30,Nomeação, ELTON FERNANDO DOS SANTOS BORGES,nan,37.401-6,nan,FG-04,nan,nan,nan,"NOMEAR ELTON FERNANDO DOS SANTOS BORGES, matricula no 37.401-6, da Funcao
Gratificada, Simbolo FG-04, de Assistente da Escola Parque 303/304 Norte da Gerencia Regional
de Ensino do Plano Piloto e do Cruzeiro da Diretoria de Unidades Regionais da Subsecretaria de
Suporte Educacional da Secretaria de Estado de Educacao do Distrito Federal"
31,Nomeação, FRANCISCO DAS CHAGAS PAIVA DA SILVA,nan,30.216-3,nan,FG-04,nan,nan,nan,"NOMEAR FRANCISCO DAS CHAGAS PAIVA DA SILVA, matricula no 30.216-3, para exer-
cer a Funcao Gratificada, Simbolo FG-04, de Assistente do Centro Interescolar de Linguas 01 de
Brasilia da Gerencia Regional de Ensino do Plano Piloto e do Cruzeiro da Diretoria de Unidades
Regionais da Subsecretaria de Suporte Educacional da Secretaria de Estado de Educacao do
Distrito Federal"
32,Nomeação, WANDERLEIA KARPINSKI RESENDE,nan,69.698-6,nan,FG-04,nan,nan,nan,"NOMEAR WANDERLEIA KARPINSKI RESENDE, matricula no 69.698-6, para exercer a
Funcao Gratificada, Simbolo FG-04, de Diretor da Escola Classe 06 de Brazlandia da Gerencia
Regional de Ensino de Brazlandia da Diretoria de Unidades Regionais da Subsecretaria de Suporte
Educacional da Secretaria de Estado de Educacao do Distrito Federal"
33,Nomeação, ADRIANA TELLES DA SILVA,nan,65.039-0,nan,FG-02,nan,nan,nan,"NOMEAR ADRIANA TELLES DA SILVA, matricula no 65.039-0, para exercer a Funcao Grati-
ficada, Simbolo FG-02, de Vice-Diretor da Escola Classe Curralinho da Gerencia Regional de
Ensino de Brazlandia da Diretoria de Unidades Regionais da Subsecretaria de Suporte Educacio-
nal da Secretaria de Estado de Educacao do Distrito Federal"
34,Nomeação, ROSILENE MENESES LIMA,nan,32.606-2,nan,FG-04,nan,nan,nan,"NOMEAR ROSILENE MENESES LIMA, matricula no 32.606-2, para exercer a Funcao Grati-
ficada, Simbolo FG-04, de Diretor da Escola Classe Curralinho da Gerencia Regional de Ensino de
Brazlandia da Diretoria de Unidades Regionais da Subsecretaria de Suporte Educacional da Secre-
taria de Estado de Educacao do Distrito Federal"
35,Nomeação, RALPH MONTEIRO PINTO,nan,24.441-4,nan,FG-01,nan,nan,nan,"NOMEAR RALPH MONTEIRO PINTO, matricula no 24.441-4, para exercer a Funcao Grati-
ficada, Simbolo FG-01, de Assistente da Escola Classe INCRA 09 da Gerencia Regional de
Ensino de Brazlandia da Diretoria de Unidades Regionais da Subsecretaria de Suporte Educacio-
nal da Secretaria de Estado de Educacao do Distrito Federal"
36,Nomeação, DORA,nan,57.808-8,nan,FG-01,nan,nan,nan,"NOMEAR DORA-MEI DE ARAUJO SOUSA, matricula no 57.808-8, para exercer a Funcao
Gratificada, Simbolo FG-01, de Assistente da Escola Classe 20 de Ceilandia da Gerencia Regional
de Ensino de Ceilandia da Diretoria de Unidades Regionais da Subsecretaria de Suporte Educaci-
onal da Secretaria de Estado de Educacao do Distrito Federal"
37,Nomeação, ANABELA CRISTINA MAGALHAES DA ROCHA,nan,23.512-1,nan,FG-02,nan,nan,nan,"NOMEAR ANABELA CRISTINA MAGALHAES DA ROCHA, matricula no 23.512-1, para
exercer a Funcao Gratificada, Simbolo FG-02, de Assistente do Centro de Ensino Fundamental 04
de Ceilandia da Gerencia Regional de Ensino de Ceilandia da Diretoria de Unidades Regionais da
Subsecretaria de Suporte Educacional da Secretaria de Estado de Educacao do Distrito Federal"
38,Nomeação, IZABEL CRISTINA FAUSTINO DA COSTA,nan,45.579-2,nan,FG-02,nan,nan,nan,"NOMEAR IZABEL CRISTINA FAUSTINO DA COSTA, matricula no 45.579-2, para exercer
a Funcao Gratificada, Simbolo FG-02, de Assistente do Centro de Ensino Fundamental 04 de
Ceilandia da Gerencia Regional de Ensino de Ceilandia da Diretoria de Unidades Regionais da
Subsecretaria de Suporte Educacional da Secretaria de Estado de Educacao do Distrito Federal"
39,Nomeação, SOLANGE GOMES DE SENA SILVA,nan,203.691-6,nan,FG-01,nan,nan,nan,"NOMEAR SOLANGE GOMES DE SENA SILVA, matricula no 203.691-6, da Funcao Gratifica-
da, Simbolo FG-01, de Assistente do Centro de Educacao Infantil 01 do Gama da Gerencia
Regional de Ensino do Gama da Diretoria de Unidades Regionais da Subsecretaria de Suporte
Educacional da Secretaria de Estado de Educacao do Distrito Federal"
40,Nomeação, HELIO RAMOS DE CASTRO,para exercer o Cargo em Comissao,nan,nan,DFG-,nan,nan,nan,"NOMEAR HELIO RAMOS DE CASTRO, para exercer o Cargo em Comissao, Simbolo DFG-
02, de Chefe de Secretaria Escolar da Escola Classe 13 do Gama da Gerencia Regional de Ensino
do Gama da Diretoria de Unidades Regionais da Subsecretaria de Suporte Educacional da Secre-
taria de Estado de Educacao do Distrito Federal"
41,Nomeação, TANIA LAGARES DE MORAES,nan,31.379-3,nan,FG-02,nan,nan,nan,"NOMEAR TANIA LAGARES DE MORAES, matricula no 31.379-3, para exercer a Funcao
Gratificada, Simbolo FG-02, de Assistente do Centro de Ensino Fundamental 01 do Riacho
Fundo da Gerencia Regional de Ensino do Nucleo Bandeirante da Diretoria de Unidades Regio-
nais da Subsecretaria de Suporte Educacional da Secretaria de Estado de Educacao do Distrito
Federal"
42,Nomeação, ILMA MARIA FILIZOLA SALMITO,nan,41.589-8,nan,FG-05,nan,nan,nan,"NOMEAR ILMA MARIA FILIZOLA SALMITO, matricula no 41.589-8, para exercer a Funcao
Gratificada, Simbolo FG-05, de Diretor do Centro de Ensino Fundamental 01 do Riacho Fundo
da Gerencia Regional de Ensino do Nucleo Bandeirante da Diretoria de Unidades Regionais da
Subsecretaria de Suporte Educacional da Secretaria de Estado de Educacao do Distrito Federal"
43,Nomeação, ANTONIA FERNANDES DE MELO,nan,300.490-2,nan,FG-04," Vice-Diretor do Centro de Ensino Fundamental 01
do Riacho Fundo da Gerencia Regional de Ensino do Nucleo Bandeirante da Diretoria de                                                                       Diario Oficial do Distrito Federal
PAGINA   33
No 106",nan,nan,"NOMEAR ANTONIA FERNANDES DE MELO, matricula no 300.490-2, para exercer a
Funcao Gratificada, Simbolo FG-04, de Vice-Diretor do Centro de Ensino Fundamental 01
do Riacho Fundo da Gerencia Regional de Ensino do Nucleo Bandeirante da Diretoria de                                                                       Diario Oficial do Distrito Federal
PAGINA   33
No 106, quinta-feira, 6 de junho de 2002 Unidades Regionais da Subsecretaria de Suporte Educacional da Secretaria de Estado de
Educacao do Distrito Federal"
44,Nomeação, WELIA MARIA MACHADO GUIMARAES,nan,56.767-1,nan,FG-01,nan,nan,nan,"NOMEAR WELIA MARIA MACHADO GUIMARAES, matricula no 56.767-1, para exercer a
Funcao Gratificada, Simbolo FG-01, de Assistente da Escola Classe Vale do Sol da Gerencia
Regional de Ensino de Planaltina da Diretoria de Unidades Regionais da Subsecretaria de Suporte
Educacional da Secretaria de Estado de Educacao do Distrito Federal"
45,Nomeação, DALMO VIEIRA SANTOS,nan,204.023-9,nan,FG-04,nan,nan,nan,"NOMEAR DALMO VIEIRA SANTOS, matricula no 204.023-9, para exercer a Funcao Gratifi-
cada, Simbolo FG-04, de Diretor da Escola Classe Ceramicas Reunidas Dom Bosco da Gerencia
Regional de Ensino de Planaltina da Diretoria de Unidades Regionais da Subsecretaria de Suporte
Educacional da Secretaria de Estado de Educacao do Distrito Federal"
46,Nomeação, WANDERLEI FERNANDES DE PAULA,nan,43.809-X,nan,DFG-06,nan,nan,nan,"NOMEAR WANDERLEI FERNANDES DE PAULA, matricula no 43.809-X, para exercer o
Cargo em Comissao, Simbolo DFG-06, de Chefe de Secretaria Escolar do Centro de Ensino
Fundamental 04 de Planaltina da Gerencia Regional de Ensino de Planaltina da Diretoria de
Unidades Regionais da Subsecretaria de Suporte Educacional da Secretaria de Estado de Educacao
do Distrito Federal"
47,Nomeação, AGILSON CARLOS DE ANDRADE ARRUDA,nan,34.514-8,nan,FG-01,nan,nan,nan,"NOMEAR AGILSON CARLOS DE ANDRADE ARRUDA, matricula no 34.514-8, para exer-
cer a Funcao Gratificada, Simbolo FG-01, de Assistente da Escola Classe AR-19 da Gerencia
Regional de Ensino de Sobradinho da Diretoria de Unidades Regionais da Subsecretaria de Supor-
te Educacional da Secretaria de Estado de Educacao do Distrito Federal"
48,Nomeação, REGINALDO FONSECA DAS NEVES,nan,32.306-3,nan,FG-02,nan,nan,nan,"NOMEAR REGINALDO FONSECA DAS NEVES, matricula no 32.306-3, para exercer a Fun-
cao Gratificada, Simbolo FG-02, de Assistente do Centro de Ensino Fundamental 01 de Sobradi-
nho da Gerencia Regional de Ensino de Sobradinho da Diretoria de Unidades Regionais da Subse-
cretaria de Suporte Educacional da Secretaria de Estado de Educacao do Distrito Federal"
49,Nomeação, SONIA MARIA FERREIRA DA SILVA,nan,200.991-9,nan,FG-05,nan,nan,nan,"NOMEAR SONIA MARIA FERREIRA DA SILVA, matricula no 200.991-9, para exercer a
Funcao Gratificada, Simbolo FG-05, de Vice-Diretor do Centro de Atencao Integral a Crianca e ao
Adolescente Julia Kubitschek de Oliveira da Gerencia Regional de Ensino de Sobradinho da
Diretoria de Unidades Regionais da Subsecretaria de Suporte Educacional da Secretaria de Estado
de Educacao do Distrito Federal"
50,Nomeação, GERMAN ARAUJO DE SOUZA,nan,23.094-4,nan,DFG-02,nan,nan,nan,"NOMEAR GERMAN ARAUJO DE SOUZA, matricula no 23.094-4, para exercer o Cargo em
Comissao, Simbolo DFG-02, de Chefe de Secretaria Escolar da Escola Classe 11 de Taguatinga da
Gerencia Regional de Ensino de Taguatinga da Diretoria de Unidades Regionais da Subsecretaria
de Suporte Educacional da Secretaria de Estado de Educacao do Distrito Federal"
51,Nomeação, GILBERTO PAULINO DE ARAUJO,nan,39.492-0,nan,FG-04,nan,nan,nan,"NOMEAR GILBERTO PAULINO DE ARAUJO, matricula no 39.492-0, para exercer a Funcao
Gratificada, Simbolo FG-04, de Vice-Diretor do Centro de Ensino Fundamental 16 de Taguatinga
da Gerencia Regional de Ensino de Taguatinga da Diretoria de Unidades Regionais da Subsecreta-
ria de Suporte Educacional da Secretaria de Estado de Educacao do Distrito Federal"
52,Nomeação, GARDENIA NOLETO TORRES,nan,33.823-0,nan,FG-02,nan,nan,nan,"NOMEAR GARDENIA NOLETO TORRES, matricula no 33.823-0, para exercer a Funcao
Gratificada, Simbolo FG-02, de Assistente do Centro de Ensino Fundamental 16 de Taguatinga da
Gerencia Regional de Ensino de Taguatinga da Diretoria de Unidades Regionais da Subsecretaria
de Suporte Educacional da Secretaria de Estado de Educacao do Distrito Federal"
53,Nomeação, INEZ RODERIK SILVA QUEIROZ,nan,33.899-0,nan,FG-05,nan,nan,nan,"NOMEAR INEZ RODERIK SILVA QUEIROZ, matricula no 33.899-0, para exercer a Funcao
Gratificada, Simbolo FG-05, de Vice-Diretor do Centro de Ensino Medio 03 de Taguatinga da
Gerencia Regional de Ensino de Taguatinga da Diretoria de Unidades Regionais da Subsecretaria
de Suporte Educacional da Secretaria de Estado de Educacao do Distrito Federal"
54,Nomeação, MARIA JEANETTE PEREIRA DE AMORIM MARTINS RIBEIRO,nan,21.400-0,nan,FG-06,nan,nan,nan,"NOMEAR MARIA JEANETTE PEREIRA DE AMORIM MARTINS RIBEIRO, matricula no
21.400-0, para exercer a Funcao Gratificada, Simbolo FG-06, de Diretor do Centro de Ensino
Medio 03 de Taguatinga da Gerencia Regional de Ensino de Taguatinga da Diretoria de Unidades
Regionais da Subsecretaria de Suporte Educacional da Secretaria de Estado de Educacao do
Distrito Federal"
55,Nomeação, WALSER VIANA BARBOSA,nan,65.998-3,nan,FG-04,nan,nan,nan,"NOMEAR WALSER VIANA BARBOSA, matricula no 65.998-3, para exercer a Funcao Grati-
ficada, Simbolo FG-04, de Assistente do Centro de Ensino Medio 03 de Taguatinga da Gerencia
Regional de Ensino de Taguatinga da Diretoria de Unidades Regionais da Subsecretaria de Suporte
Educacional da Secretaria de Estado de Educacao do Distrito Federal"
56,Nomeação, JURACY DE ABREU E SILVA,nan,60.078-4,nan,FG-06,nan,nan,nan,"NOMEAR JURACY DE ABREU E SILVA, matricula no 60.078-4, para exercer a Funcao Grati-
ficada, Simbolo FG-06, de Diretor do Centro de Ensino Medio EIT da Gerencia Regional de
Ensino de Taguatinga da Diretoria de Unidades Regionais da Subsecretaria de Suporte Educacio-
nal da Secretaria de Estado de Educacao do Distrito Federal"
57,Nomeação, DEUSANIR GOMES DE SOUSA ROCHA,nan,44.378-6,nan,FG-04,nan,nan,nan,"NOMEAR DEUSANIR GOMES DE SOUSA ROCHA, matricula no 44.378-6, para exercer a
Funcao Gratificada, Simbolo FG-04, de Assistente do Centro de Ensino Medio EIT da Gerencia
Regional de Ensino de Taguatinga da Diretoria de Unidades Regionais da Subsecretaria de Suporte
Educacional da Secretaria de Estado de Educacao do Distrito Federal"
58,Nomeação, PATRICIA DE SOUZA PATRICIO CHAGAS,nan,26.997-2,nan,FG-05,nan,nan,nan,"NOMEAR PATRICIA DE SOUZA PATRICIO CHAGAS, matricula no 26.997-2, para exercer
a Funcao Gratificada, Simbolo FG-05, de Vice-Diretor do Centro de Ensino Medio EIT da
Gerencia Regional de Ensino de Taguatinga da Diretoria de Unidades Regionais da Subsecretaria
de Suporte Educacional da Secretaria de Estado de Educacao do Distrito Federal"
59,Nomeação, FRANKLIN JOSE DE CASTRO,nan,35.987-4,nan,FG-04,nan,nan,nan,"NOMEAR FRANKLIN JOSE DE CASTRO, matricula no 35.987-4, para exercer a Funcao
Gratificada, Simbolo FG-04, de Assistente do Centro de Ensino Medio EIT da Gerencia Regional
de Ensino de Taguatinga da Diretoria de Unidades Regionais da Subsecretaria de Suporte Educa-
cional da Secretaria de Estado de Educacao do Distrito Federal"
60,Nomeação, SORAYA VALENZA DINIZ,nan,201.100-X,nan,FG-04,nan,nan,nan,"NOMEAR SORAYA VALENZA DINIZ, matricula no 201.100-X, para exercer a Funcao Grati-
ficada, Simbolo FG-04, de Vice-Diretor do Centro de Ensino Especial 01 de Taguatinga da
Gerencia Regional de Ensino de Taguatinga da Diretoria de Unidades Regionais da Subsecretaria
de Suporte Educacional da Secretaria de Estado de Educacao do Distrito Federal"
61,Nomeação, EDINEUDA PEREIRA FONTENELE,nan,300.919-X,nan,FG-04,nan,nan,nan,"NOMEAR EDINEUDA PEREIRA FONTENELE, matricula no 300.919-X, para exercer a Fun-
cao Gratificada, Simbolo FG-04, de Assistente do Centro de Atencao Integral a Crianca e ao
Adolescente Professor Walter Jose de Moura da Gerencia Regional de Ensino de Taguatinga da
Diretoria de Unidades Regionais da Subsecretaria de Suporte Educacional da Secretaria de Estado
de Educacao do Distrito Federal"
62,Nomeação, ZAMARA FERREIRA DA LUZ,nan,34.708-6,nan,FG-04,nan,nan,nan,"NOMEAR ZAMARA FERREIRA DA LUZ, matricula no 34.708-6, para exercer a Funcao
Gratificada, Simbolo FG-04, de Vice-Diretor do Centro de Ensino Especial 01 de Samambaia da
Gerencia Regional de Ensino de Samambaia da Diretoria de Unidades Regionais da Subsecretaria
de Suporte Educacional da Secretaria de Estado de Educacao do Distrito Federal"
63,Nomeação, MIRIAN DOS REIS SOUSA DA SILVA,nan,42.955-4,nan,FG-02,nan,nan,nan,"NOMEAR MIRIAN DOS REIS SOUSA DA SILVA, matricula no 42.955-4, para exercer a
Funcao Gratificada, Simbolo FG-02, de Assistente do Centro de Ensino Fundamental 115 do
Recanto das Emas da Gerencia Regional de Ensino do Recanto das Emas da Diretoria de Unidades
Regionais da Subsecretaria de Suporte Educacional da Secretaria de Estado de Educacao do
Distrito Federal"
64,Nomeação, IRENE LUCENA DA SILVA,nan,38.291-4,nan,FG-02,nan,nan,nan,"NOMEAR IRENE LUCENA DA SILVA, matricula no 38.291-4, para exercer a Funcao Gratifica-
da, Simbolo FG-02, de Assistente do Centro de Ensino Fundamental 206 do Recanto das Emas da
Gerencia Regional de Ensino do Recanto das Emas da Diretoria de Unidades Regionais da Sub-
secretaria de Suporte Educacional da Secretaria de Estado de Educacao do Distrito Federal"
65,Nomeação, SILVANA OLIVEIRA DA SILVA,nan,20.330-0,nan,DFG-04,nan,nan,nan,"NOMEAR SILVANA OLIVEIRA DA SILVA, matricula no 20.330-0, para exercer o Cargo em
Comissao, Simbolo DFG-04, de Chefe de Secretaria Escolar do Centro de Ensino Fundamental
416 de Santa Maria da Gerencia Regional de Ensino de Santa Maria da Diretoria de Unidades
Regionais da Subsecretaria de Suporte Educacional da Secretaria de Estado de Educacao do
Distrito Federal"
66,Nomeação, PAULO CESAR SILVA DOS SANTOS,nan,24.437-6,nan,DFG-06,nan,nan,nan,"NOMEAR PAULO CESAR SILVA DOS SANTOS, matricula no 24.437-6, para exercer o Cargo
em Comissao, Simbolo DFG-06, de Chefe de Secretaria Escolar do Centro Educacional 417 de
Santa Maria da Gerencia Regional de Ensino de Santa Maria da Diretoria de Unidades Regionais
da Subsecretaria de Suporte Educacional da Secretaria de Estado de Educacao do Distrito Federal"
67,Nomeação, MARLENE GONCALVES TRINDADE,nan,77.204-6,nan,DFG-07,nan,nan,nan,"NOMEAR MARLENE GONCALVES TRINDADE, matricula no 77.204-6, para exercer o
Cargo em Comissao, Simbolo DFG-07, de Chefe do Nucleo de Manutencao da Gerencia de
Informatica da Diretoria de Apoio Logistico e Material da Subsecretaria de Apoio Operacional da
Secretaria de Estado de Educacao do Distrito Federal"
68,Nomeação, NOEMEA CRISOSTOMO PEREIRA,nan,94.962-0,nan,DFA-08,nan,nan,nan,"NOMEAR NOEMEA CRISOSTOMO PEREIRA, matricula no 94.962-0, para exercer o Cargo em Comissao, Simbolo DFA-08, de Assistente da Diretoria de Assistencia Escolar da Subsecre-
taria de Suporte Educacional da Secretaria de Estado de Educacao do Distrito Federal"
69,Nomeação, MONICA SOUZA CARNEIRO DE MENDONCA,"para exercer o Cargo em Co-
missao",nan,nan,DFA-08,nan,nan,nan,"NOMEAR MONICA SOUZA CARNEIRO DE MENDONCA, para exercer o Cargo em Co-
missao, Simbolo DFA-08, de Assistente da Diretoria de Assistencia Escolar da Subsecretaria de
Suporte Educacional da Secretaria de Estado de Educacao do Distrito Federal"
70,Nomeação, ANTERO GRANGEIRO DE LUCENA,nan,36.539-4,nan,FG-01,nan,nan,nan,"NOMEAR ANTERO GRANGEIRO DE LUCENA, matricula no 36.539-4, para exercer a Fun-
cao Gratificada, Simbolo FG-01, de Assistente da Escola Classe 106 Norte da Gerencia Regional
de Ensino do Plano Piloto e do Cruzeiro da Diretoria de Unidades Regionais da Subsecretaria de
Suporte Educacional da Secretaria de Estado de Educacao do Distrito Federal"
71,Nomeação, ANA PAULA TEODORO CORTES,nan,31.944-9,nan,FG-01,nan,nan,nan,"NOMEAR ANA PAULA TEODORO CORTES, matricula no 31.944-9, para exercer a Funcao
Gratificada, Simbolo FG-01, de Assistente da Escola Classe 316 Sul da Gerencia Regional de
Ensino do Plano Piloto e do Cruzeiro da Diretoria de Unidades Regionais da Subsecretaria de
Suporte Educacional da Secretaria de Estado de Educacao do Distrito Federal"
72,Nomeação, ALDA JACY DIAS,nan,65.124-9,nan,nan,nan,nan,nan,"NOMEAR ALDA JACY DIAS, matricula no 65.124-9, para exercer a Funcao Gratificada, Sim-
bolo FG-02, de Vice-Diretor da Escola Classe 316 Norte da Gerencia Regional de Ensino do Plano
Piloto e do Cruzeiro da Diretoria de Unidades Regionais da Subsecretaria de Suporte Educacional
da Secretaria de Estado de Educacao do Distrito Federal"
73,Nomeação, CARLOS HENRIQUE RODRIGUES TORRES,nan,30.300-3,nan,FG-04,nan,nan,nan,"NOMEAR CARLOS HENRIQUE RODRIGUES TORRES, matricula no 30.300-3, para exercer
a Funcao Gratificada, Simbolo FG-04, de Assistente do Centro de Ensino Medio Asa Norte da
Gerencia Regional de Ensino do Plano Piloto e do Cruzeiro da Diretoria de Unidades Regionais da
Subsecretaria de Suporte Educacional da Secretaria de Estado de Educacao do Distrito Federal"
74,Nomeação, GILSON RENATO MENDONCA MELLO,nan,30.786-6,nan,DFG-06,nan,nan,nan,"NOMEAR GILSON RENATO MENDONCA MELLO, matricula no 30.786-6, para exercer o
Cargo em Comissao, Simbolo DFG-06, de Chefe de Secretaria Escolar do Centro Educacional do
Lago da Gerencia Regional de Ensino do Plano Piloto e do Cruzeiro da Diretoria de Unidades
Regionais da Subsecretaria de Suporte Educacional da Secretaria de Estado de Educacao do
Distrito Federal"
75,Nomeação, IDENILDE RODRIGUES MASCARENHAS,nan,62.215-X,nan,FG-04,nan,nan,nan,"NOMEAR IDENILDE RODRIGUES MASCARENHAS, matricula no 62.215-X, para exercer
a Funcao Gratificada, Simbolo FG-04, de Assistente da Escola Normal de Brasilia da Gerencia
Regional de Ensino do Plano Piloto e do Cruzeiro da Diretoria de Unidades Regionais da Subse-
cretaria de Suporte Educacional da Secretaria de Estado de Educacao do Distrito Federal"
76,Nomeação, MIRELA SCHRODER XAVIER,nan,37.408-3,nan,FG-04,nan,nan,nan,"NOMEAR MIRELA SCHRODER XAVIER, matricula no 37.408-3, para exercer a Funcao Gra-
tificada, Simbolo FG-04, de Assistente da Escola Parque 307/308 Sul da Gerencia Regional de
Ensino do Plano Piloto e do Cruzeiro da Diretoria de Unidades Regionais da Subsecretaria de
Suporte Educacional da Secretaria de Estado de Educacao do Distrito Federal"
77,Nomeação, JULIA MARA BORGES FIDALGO,nan,67.996-8,nan,FG-04,nan,nan,nan,"NOMEAR JULIA MARA BORGES FIDALGO, matricula no 67.996-8, para exercer a Funcao
Gratificada, Simbolo FG-04, de Diretor da Escola da Acao Social do Planalto da Gerencia Regio-
nal de Ensino do Plano Piloto e do Cruzeiro da Diretoria de Unidades Regionais da Subsecretaria
de Suporte Educacional da Secretaria de Estado de Educacao do Distrito Federal"
78,Nomeação, BRUNO DE AMORIM DA SILVA,para exercer o Cargo em Comissao,nan,nan,DFG-02,nan,nan,nan,"NOMEAR BRUNO DE AMORIM DA SILVA, para exercer o Cargo em Comissao, Simbolo
DFG-02, de Chefe de Secretaria Escolar do Jardim de Infancia 304 Norte da Gerencia Regional de
Ensino do Plano Piloto e do Cruzeiro da Diretoria de Unidades Regionais da Subsecretaria de
Suporte Educacional da Secretaria de Estado de Educacao do Distrito Federal"
79,Nomeação, JOAO BATISTA DE OLIVEIRA,nan,38.701-0,nan,FG-04,nan,nan,nan,"NOMEAR JOAO BATISTA DE OLIVEIRA, matricula no 38.701-0, para exercer a Funcao
Gratificada, Simbolo FG-04, de Vice-Diretor do Centro de Ensino Fundamental 24 de Ceilandia
da Gerencia Regional de Ensino de Ceilandia da Diretoria de Unidades Regionais da Subsecretaria
de Suporte Educacional da Secretaria de Estado de Educacao do Distrito Federal"
80,Nomeação, DILCIMAR TEIXEIRA ALVIM,nan,64.446-3,nan,FG-04,nan,nan,nan,"NOMEAR DILCIMAR TEIXEIRA ALVIM, matricula no 64.446-3, para exercer a Funcao
Gratificada, Simbolo FG-04, de Vice-Diretor do Centro de Ensino Especial 01 de Ceilandia da
Gerencia Regional de Ensino de Ceilandia da Diretoria de Unidades Regionais da Subsecretaria de
Suporte Educacional da Secretaria de Estado de Educacao do Distrito Federal"
81,Nomeação, ALESSANDRA BOMFIM CAVALCANTE,nan,27.726-6,nan,FG-04,nan,nan,nan,"NOMEAR ALESSANDRA BOMFIM CAVALCANTE, matricula no 27.726-6, para exercer a
Funcao Gratificada, Simbolo FG-04, de Assistente do Centro de Ensino Medio 03 de Ceilandia da
Gerencia Regional de Ensino de Ceilandia da Diretoria de Unidades Regionais da Subsecretaria de
Suporte Educacional da Secretaria de Estado de Educacao do Distrito Federal"
82,Nomeação, GLEIZ LIMA BARBOSA,nan,32.301-2,nan,FG-02,nan,nan,nan,"NOMEAR GLEIZ LIMA BARBOSA, matricula no 32.301-2, para exercer a Funcao Gratificada,
Simbolo FG-02, de Vice-Diretor da Escola Classe 17 do Gama da Gerencia Regional de Ensino do
Gama da Diretoria de Unidades Regionais da Subsecretaria de Suporte Educacional da Secretaria
de Estado de Educacao do Distrito Federal"
83,Nomeação, JANAIZA ALVES DE SOUSA,nan,35.031-1,nan,FG-01,nan,nan,nan,"NOMEAR JANAIZA ALVES DE SOUSA, matricula no 35.031-1, para exercer a Funcao Grati-
ficada, Simbolo FG-01, de Assistente da Escola Classe 17 do Gama da Gerencia Regional de
Ensino do Gama da Diretoria de Unidades Regionais da Subsecretaria de Suporte Educacional da
Secretaria de Estado de Educacao do Distrito Federal"
84,Nomeação, SCIHONE FILHA SANTOS,nan,24.169-5,nan,FG-01,nan,nan,nan,"NOMEAR SCIHONE FILHA SANTOS, matricula no 24.169-5, para exercer a Funcao Gratifica-
da, Simbolo FG-01, de Assistente da Escola Classe 01 do Guara da Gerencia Regional de Ensino
do Guara da Diretoria de Unidades Regionais da Subsecretaria de Suporte Educacional da Secre-
taria de Estado de Educacao do Distrito Federal"
85,Nomeação, LUCIMEIRE CRUCIOL,nan,59.143-2,nan,DFG-04,nan,nan,nan,"NOMEAR LUCIMEIRE CRUCIOL, matricula no 59.143-2, para exercer o Cargo em Comis-
sao, Simbolo DFG-04, de Chefe de Secretaria Escolar do Centro de Ensino Fundamental 01
do Riacho Fundo da Gerencia Regional de Ensino do Nucleo Bandeirante da Diretoria de
Unidades Regionais da Subsecretaria de Suporte Educacional da Secretaria de Estado de
Educacao do Distrito Federal"
86,Nomeação, ARLETE REZENDE DE AGUIAR ALVES,nan,54.722-0,nan,FG-04,nan,nan,nan,"NOMEAR ARLETE REZENDE DE AGUIAR ALVES, matricula no 54.722-0, para exercer a
Funcao Gratificada, Simbolo FG-04, de Diretor da Escola Classe Lamarao da Gerencia Regional
de Ensino de Planaltina da Diretoria de Unidades Regionais da Subsecretaria de Suporte Educaci-
onal da Secretaria de Estado de Educacao do Distrito Federal"
87,Nomeação, WAGNER JUNIOR DOS SANTOS SILVA,nan,300.939-4,nan,FG-01,nan,nan,nan,"NOMEAR WAGNER JUNIOR DOS SANTOS SILVA, matricula no 300.939-4, para exercer a
Funcao Gratificada, Simbolo FG-01, de Assistente da Escola Classe Santos Dumont da Gerencia
Regional de Ensino de Planaltina da Diretoria de Unidades Regionais da Subsecretaria de Suporte
Educacional da Secretaria de Estado de Educacao do Distrito Federal"
88,Nomeação, ONESIO LOPES DE OLIVEIRA,nan,98.784-0,nan,FG-02,nan,nan,nan,"NOMEAR ONESIO LOPES DE OLIVEIRA, matricula no 98.784-0, para exercer a Funcao
Gratificada, Simbolo FG-02, de Assistente do Centro de Ensino Fundamental 02 de Planaltina da
Gerencia Regional de Ensino de Planaltina da Diretoria de Unidades Regionais da Subsecretaria de
Suporte Educacional da Secretaria de Estado de Educacao do Distrito Federal"
89,Nomeação, ELZIO WILTON DE CAMPOS,nan,33.251-8,nan,FG-04,nan,nan,nan,"NOMEAR ELZIO WILTON DE CAMPOS, matricula no 33.251-8, para exercer a Funcao
Gratificada, Simbolo FG-04, de Assistente do Centro de Ensino Medio 02 de Planaltina da
Gerencia Regional de Ensino de Planaltina da Diretoria de Unidades Regionais da Subsecretaria de
Suporte Educacional da Secretaria de Estado de Educacao do Distrito Federal"
90,Nomeação, ERICA CRISTINA BORGES DOS SANTOS,nan,30.491-3,nan,FG-02,nan,nan,nan,"NOMEAR ERICA CRISTINA BORGES DOS SANTOS, matricula no 30.491-3, para exercer a
Funcao Gratificada, Simbolo FG-02, de Vice-Diretor da Escola Classe 11 de Sobradinho da
Gerencia Regional de Ensino de Sobradinho da Diretoria de Unidades Regionais da Subsecretaria
de Suporte Educacional da Secretaria de Estado de Educacao do Distrito Federal"
91,Nomeação, GERALDA LOPES DE RESENDE,nan,36.153-4,nan,FG-04,nan,nan,nan,"NOMEAR GERALDA LOPES DE RESENDE, matricula no 36.153-4, para exercer a Funcao
Gratificada, Simbolo FG-04, de Assistente do Centro de Ensino Medio Ave Branca da Gerencia
Regional de Ensino de Taguatinga da Diretoria de Unidades Regionais da Subsecretaria de Suporte
Educacional da Secretaria de Estado de Educacao do Distrito Federal"
92,Nomeação, FLAVIA LOUREDO CARDOSO DOS REIS,nan,200.720-7,nan,FG-01,nan,nan,nan,"NOMEAR FLAVIA LOUREDO CARDOSO DOS REIS, matricula no 200.720-7, para exercer
a Funcao Gratificada, Simbolo FG-01, de Assistente da Escola Classe 410 de Samambaia da
Gerencia Regional de Ensino de Samambaia da Diretoria de Unidades Regionais da Subsecretaria
de Suporte Educacional da Secretaria de Estado de Educacao do Distrito Federal"
93,Nomeação, DIOGENES HENRIQUE PANTALEAO DE CARVALHO,nan,38.723-1,nan,FG-05,nan,nan,nan,"NOMEAR DIOGENES HENRIQUE PANTALEAO DE CARVALHO, matricula no 38.723-1,
para exercer a Funcao Gratificada, Simbolo FG-05, de Diretor do Centro de Ensino Fundamental
427 de Samambaia da Gerencia Regional de Ensino de Samambaia da Diretoria de Unidades
Regionais da Subsecretaria de Suporte Educacional da Secretaria de Estado de Educacao do
Distrito Federal"
94,Nomeação, CRISTINA DE JESUS TEIXEIRA,nan,201.468-8,nan,FG-04,nan,nan,nan,"NOMEAR CRISTINA DE JESUS TEIXEIRA, matricula no 201.468-8, para exercer a Funcao
Gratificada, Simbolo FG-04, de Vice-Diretor do Centro de Ensino Fundamental 427 de Samam-
baia da Gerencia Regional de Ensino de Samambaia da Diretoria de Unidades Regionais da Subse-
cretaria de Suporte Educacional da Secretaria de Estado de Educacao do Distrito Federal"
95,Nomeação, CARLOS ALBERTO DE SOUZA AUGUSTO,nan,39.678-8,nan,FG-02,nan,nan,nan,"NOMEAR CARLOS ALBERTO DE SOUZA AUGUSTO, matricula no 39.678-8, para exercer
a Funcao Gratificada, Simbolo FG-02, de Assistente do Centro de Ensino Fundamental 427 de
Samambaia da Gerencia Regional de Ensino de Samambaia da Diretoria de Unidades Regionais da
Subsecretaria de Suporte Educacional da Secretaria de Estado de Educacao do Distrito Federal"
96,Nomeação, MARIA DAS MERCES CARDOSO DE ASSIS,nan,300.598-4,nan,FG-02,nan,nan,nan,"NOMEAR MARIA DAS MERCES CARDOSO DE ASSIS, matricula no 300.598-4, para exer-
cer a Funcao Gratificada, Simbolo FG-02, de Assistente do Centro de Ensino Fundamental 404 de
Samambaia da Gerencia Regional de Ensino de Samambaia da Diretoria de Unidades Regionais da
Subsecretaria de Suporte Educacional da Secretaria de Estado de Educacao do Distrito Federal"
97,Nomeação, ADRIANA GONCALVES DE AZEVEDO PANDLETON,nan,48.698-1,nan,DFG-07,nan,nan,nan,"NOMEAR ADRIANA GONCALVES DE AZEVEDO PANDLETON, matricula no 48.698-1,
para exercer o Cargo em Comissao, Simbolo DFG-07, de Chefe do Nucleo de Coordenacao
Pedagogica da Gerencia Regional de Ensino do Recanto das Emas da Diretoria de Unidades
Regionais da Subsecretaria de Suporte Educacional da Secretaria de Estado de Educacao"
98,Nomeação, LUCIANO SANTOS BARBOZA FILHO,nan,202.548-5,nan,FG-05,nan,nan,nan,"NOMEAR LUCIANO SANTOS BARBOZA FILHO, matricula no 202.548-5, para exercer a
Funcao Gratificada, Simbolo FG-05, de Diretor do Centro de Ensino Fundamental 115 do Recan-
to das Emas da Gerencia Regional de Ensino do Recanto das Emas da Diretoria de Unidades
Regionais da Subsecretaria de Suporte Educacional da Secretaria de Estado de Educacao do
Distrito Federal"
99,Nomeação, SERGIO RUST,nan,57.637-9,nan,FG-01,nan,nan,nan,"NOMEAR SERGIO RUST, matricula no 57.637-9, para exercer a Funcao Gratificada, Simbolo
FG-01, de Assistente da Escola Classe 06 do Guara da Gerencia Regional de Ensino do Guara da
Diretoria de Unidades Regionais da Subsecretaria de Suporte Educacional da Secretaria de Estado
de Educacao do Distrito Federal"
100,Nomeação, SUZAN PAULA CARVALHO DOBERSTEIN DE MAGALHAES,nan,68.789-8,nan,FG-04,nan,nan,nan,"NOMEAR SUZAN PAULA CARVALHO DOBERSTEIN DE MAGALHAES, matricula no
68.789-8, para exercer a Funcao Gratificada, Simbolo FG-04, de Assistente do Centro Educacio-
nal do Lago da Gerencia Regional de Ensino do Plano Piloto e do Cruzeiro da Diretoria de
Unidades Regionais da Subsecretaria de Suporte Educacional da Secretaria de Estado de Educacao
do Distrito Federal"
101,Nomeação, GISLENE GARCEZ RIBEIRO,nan,24.321-3,nan,FG-02,nan,nan,nan,"NOMEAR GISLENE GARCEZ RIBEIRO, matricula no 24.321-3, para exercer a Funcao Grati-
ficada, Simbolo FG-02, de Vice-Diretor da Escola Classe 06 do Gama da Gerencia Regional de
Ensino do Gama da Diretoria de Unidades Regionais da Subsecretaria de Suporte Educacional da
Secretaria de Estado de Educacao do Distrito Federal"
102,Nomeação, ANDREIA LOPES DA SILVA,nan,36.418-5,nan,FG-01,nan,nan,nan,"NOMEAR ANDREIA LOPES DA SILVA, matricula no 36.418-5, para exercer a Funcao Gratifi-
cada, Simbolo FG-01, de Assistente da Escola Classe 15 do Gama da Gerencia Regional de Ensino
do Gama da Diretoria de Unidades Regionais da Subsecretaria de Suporte Educacional da Secre-
taria de Estado de Educacao do Distrito Federal"
103,Nomeação, JAQUELINE DOS SANTOS GOMES VIANA,nan,201.845-4,nan,FG-02,nan,nan,nan,"NOMEAR JAQUELINE DOS SANTOS GOMES VIANA, matricula no 201.845-4, para exer-
cer a Funcao Gratificada, Simbolo FG-02, de Assistente do Centro de Ensino Fundamental 01 do
Nucleo Bandeirante da Gerencia Regional de Ensino do Nucleo Bandeirante da Diretoria de
Unidades Regionais da Subsecretaria de Suporte Educacional da Secretaria de Estado de Educacao
do Distrito Federal"
104,Nomeação, ANDREIA NUNES RODRIGUES,para exercer a Funcao Gratificada,nan,nan,FG-,nan,nan,nan,"NOMEAR ANDREIA NUNES RODRIGUES, para exercer a Funcao Gratificada, Simbolo FG-
04, de Diretor da Escola Classe Nucleo do Jardim da Gerencia Regional de Ensino de Planaltina da
Diretoria de Unidades Regionais da Subsecretaria de Suporte Educacional da Secretaria de Estado
de Educacao do Distrito Federal do Distrito Federal"
105,Nomeação, JOSE DA SILVA BRASIL,nan,48.224-2,nan,FG-04,nan,nan,nan,"NOMEAR JOSE DA SILVA BRASIL, matricula no 48.224-2, para exercer a Funcao Gratificada,
Simbolo FG-04, de Assistente do Centro de Ensino Medio EIT da Gerencia Regional de Ensino
de Taguatinga da Diretoria de Unidades Regionais da Subsecretaria de Suporte Educacional da
Secretaria de Estado de Educacao do Distrito Federal"
106,Nomeação, CLEIDE MARIA ALVES DA SILVA,nan,203.324-0,nan,FG-02,nan,nan,nan,"NOMEAR CLEIDE MARIA ALVES DA SILVA, matricula no 203.324-0, para exercer a Funcao
Gratificada, Simbolo FG-02, de Vice-Diretor da Escola Classe 111 de Samambaia da Gerencia
Regional de Ensino de Samambaia da Diretoria de Unidades Regionais da Subsecretaria de Supor-
te Educacional da Secretaria de Estado de Educacao do Distrito Federal"
107,Nomeação, ANA MARIA DE SOUSA ROCHA,nan,97.188-X,nan,FG-01,nan,nan,nan,"NOMEAR ANA MARIA DE SOUSA ROCHA, matricula no 97.188-X, para exercer a Funcao
Gratificada, Simbolo FG-01, de Assistente da Escola Classe 111 de Samambaia da Gerencia
Regional de Ensino de Samambaia da Diretoria de Unidades Regionais da Subsecretaria de Supor-
te Educacional da Secretaria de Estado de Educacao do Distrito Federal"
108,Nomeação, GIZELLE ALVES XAVIER,nan,201.550-1,nan,FG-02,nan,nan,nan,"NOMEAR GIZELLE ALVES XAVIER, matricula no 201.550-1, para exercer a Funcao Gra-
tificada, Simbolo FG-02, de Assistente do Centro de Ensino Fundamental 510 do Recanto
das Emas da Gerencia Regional de Ensino do Recanto das Emas da Diretoria de Unidades
Regionais da Subsecretaria de Suporte Educacional da Secretaria de Estado de Educacao do
Distrito Federal"
109,Nomeação, IRACI DA SILVA MARTINS,nan,39.665-6,nan,FG-02,nan,nan,nan,"NOMEAR IRACI DA SILVA MARTINS, matricula no 39.665-6, para exercer a Funcao
Gratificada, Simbolo FG-02, de Assistente do Centro de Ensino Fundamental 510 do Recan-
to das Emas da Gerencia Regional de Ensino do Recanto das Emas da Diretoria de Unidades
Regionais da Subsecretaria de Suporte Educacional da Secretaria de Estado de Educacao do
Distrito Federal"
110,Nomeação, MARIA DE FATIMA CABRAL,nan,nan,nan,nan,nan,nan,nan,"NOMEAR MARIA DE FATIMA CABRAL,  ..."
111,Nomeação, MARIA DE FATIMA CABRAL BARBOZA,nan,nan,nan,nan,nan,nan,nan,"NOMEAR MARIA DE FATIMA CABRAL BARBOZA,  ..."
