,Tipo do Ato,Nome do Servidor Substituto,Matrícula do Servidor Substituto,Nome do Servidor a ser Substituido,Matrícula do Servidor a ser SubstituidoCargo,Símbolo do cargo do servidor substituto,Cargo comissionado objeto da substituição,Símbolo do cargo do objeto da substituição,Símbolo do cargo comissionado objeto da substituição,Hierarquia da Lotação,Órgão,Data Inicial da Vigência,Data Final de Vigência,Matrícula SIAPE,Motivo,text
0,Substituição de Funções, a servidora CLAUDIA SIMONE CAMARGO G,nan,nan,nan,nan,nan,nan,nan,nan,nan,nan,nan,nan,nan,Designar a servidora CLAUDIA SIMONE CAMARGO G
1,Substituição de Funções, a servidora Elenice Rodrigues Batista de Souza,117.398-7,"o Chefe do Nucleo de Pessoal da Diretoria Regional de Saude de Sao
Sebastiao",135.281-4,nan,DFG-05,nan,,nan,nan,nan,nan,nan,nan,"DESIGNAR a servidora Elenice Rodrigues Batista de Souza, Agente Administrativo, matricula
117.398-7,  para substituir o Chefe do Nucleo de Pessoal da Diretoria Regional de Saude de Sao
Sebastiao, Simbolo DFG-05, no periodo de 22 a 31 de julho do corrente ano, por motivo de
ferias do titular, conforme Memorando no 075/2002 - NUPE/GAO/DRSSS, de 20/05/2002 CRISTIANE HENRIQUES  DE PAIVA LOPES TEIXEIRA DANTAS DIRETORIA REGIONAL DE SAUDE DO RECANTO DAS EMAS ORDEM DE SERVICO DE 4 DE JUNHO DE 2002 A DIRETORA DA DIRETORIA REGIONAL DE SAUDE DO RECANTO DAS EMAS DA
SUBSECRETARIA DE ATENCAO A SAUDE DA SECRETARIA DE ESTADO DE SAUDE
DO DISTRITO FEDERAl, no uso das atribuicoes que lhe foram delegadas atraves do subitem 3
da  Portaria no 02 de janeiro de 2001, publicada no DODF no 12 de 17 de janeiro de 2001, pagina
19 e nos termos do Decreto no 21.816 de 12 de dezembro de 2000, republicado em 15 de
dezembro de 2000, resolve:
Designar o servidor Enedino Bonfim de Carvalho, Agente Administrativo, matricula no
135.281-4, para substituir a Gerente de Apoio Operacional/DRSRE simbolo DFG  07, no
periodo de 12 a 31.07.2002, por motivo de ferias do titular, conforme  Memorando no 026/
2002-GAB-DRSRE"
2,Substituição de Funções, o servidor  Josias Leite Junior,136.497-9,nan,nan,nan,nan,nan,nan,nan,nan,nan,nan,nan,nan,"Designar o servidor  Josias Leite Junior, Matricula 136.497-9, CE-37 (Enfermeiro), como defen-
sor dativo do indiciado revel, constante as fls.36 do Processo Sindicante 060..003.946 /2002, em
conformidade com o Art"
3,Substituição de Funções, a servidora MARALUCIA LINO VIEIRA,nan,o cargo em comissao de Chefe do Nucleo de Regulacao,nan,nan,DFG-05,nan,nan,nan,nan,nan,nan,nan,nan,"DESIGNAR a servidora MARALUCIA LINO VIEIRA, AIS  Agente Administrativo , matricu-
la n.o 129.494-6, para substituir o cargo em comissao de Chefe do Nucleo de Regulacao, Controle
e Avaliacao do Centro de Orientacao Medico Psicopedagogica  COMPP, Simbolo DFG-05, no
periodo de 15/07/2002 a 29/07/2002, por motivo de ferias da titular"
4,Substituição de Funções, os servidores ED,94.441-6,nan,92.712-0,nan,nan,nan,nan,nan,nan,nan,nan,nan,nan,"designar os servidores ED-
SON JOSE VIEIRA, matricula no 94.441-6 e VAINI DE OLIVEIRA, matricula no 92.712-0,
para proceder o Recebimento Definitivo dos Servicos objeto do Contrato no 084/2001,
referente ao Processo no 113002503/2001"
5,Substituição de Funções," os servidores EDSON                                                                       Diario Oficial do Distrito Federal
PAGINA",94.441-6,nan,92.712-0,nan,nan,nan,nan,nan,nan,nan,nan,nan,nan,"designar os servidores EDSON                                                                       Diario Oficial do Distrito Federal
PAGINA   41
No 106, quinta-feira, 6 de junho de 2002 JOSE VIEIRA, matricula no 94.441-6 e VAINI DE OLIVEIRA, matricula no 92.712-0, para
proceder o Recebimento Definitivo dos Servicos objeto do Contrato no 083/2001, referente
ao Processo no 113002389/2001"
6,Substituição de Funções,nan,nan,nan,nan,nan,nan,nan,nan,nan,nan,nan,nan,nan,nan,"DESIGNAR, nos termos do inciso II, artigo 13 do Decreto no 16.098, de 29 de dezembro
de 1994, combinado com o artigo 67 da Lei no 8.666, de 21 de junho de 1993, responsavel pelo
acompanhamento e fiscalizacao da execucao  do Contrato, conforme segue:
I .O servidor GUILHEREME FRANCISCO GUIMARAES, matricula 23.420-6, como  executor do
Contrato  no  013/2002-SESP, firmado entre a Secretaria de Estado de Seguranca Publica e a empresa
Mitsubishi Motors Corporation Automotores Brasil S.A, para  aquisicao de 05 (cinco) veiculos;
II"
7,Substituição de Funções, os servidores Aurilene de Sousa,30.732-7,nan,30.859-5,nan,nan,nan,nan,nan,nan,nan,nan,nan,nan,"Designar os servidores Aurilene de Sousa, matricula no 30.732-7, Marcio Roberto Freitas da
Silva matricula no 30.859-5, Maria do Carmo Brasileiro de Mesquita, matricula no 43.642-9 e
Jacqueline Queiroz de Souza, matricula no 109.895-0,  presidida pelo primeiro e secretariada pela
ultima, comporem Comissao;
III- Fixar o prazo de 30 (trinta) dias, contados da data de sua publicacao, para conclusao dos
trabalhos"
8,Substituição de Funções, o Servidor JOAO BATISTA DA SILVA,94.594-3,nan,nan,nan,nan,nan,nan,nan,nan,nan,nan,nan,nan,"Designar o Servidor JOAO BATISTA DA SILVA, Matricula n 94.594-3, Diretor Regional de
Servicos Publicos, como executor do Contrato 02/2002-SUCAR x CEB, referente ao consumo de
energia eletrica do Sistema de Iluminacao Publica do Distrito Federal, cabendo-lhe supervisionar,                                      Diario Oficial do Distrito Federal
PAGINA   42
No 106, quinta-feira, 6 de junho de 2002 fiscalizar acompanhar as execucoes dos servicos e atestar as faturas"
9,Substituição de Funções, os servidores Cleide Celeste de Carvalho,n.o,nan,n.o 105.385-X,nan,nan,nan,nan,nan,nan,nan,nan,nan,nan,"DESIGNAR os servidores Cleide Celeste de Carvalho, matricula n.o 165.0638-4 e Fausto Carva-
lho Ferreira, matricula n.o 105.385-X, como responsaveis pela prestacao de contas de Vales
Transporte adquiridos e distribuidos aos servidores desta Administracao Regional"
10,Substituição de Funções, o servidor JOSE DOS SANTOS,n.o,nan,nan,nan,nan,nan,nan,nan,nan,nan,nan,nan,nan,"DESIGNAR o servidor JOSE DOS SANTOS, Matricula n.o 94.035-6, Diretor Regional da
Divisao Regional de Permissoes  e Concessoes Publicas  DRPCP/RA-XIV, para substitui-lo
como executor do contrato n.o 02/2002-SUCAR x CEB, referente ao consumo de energia eletrica
do Sistema de Iluminacao Publica do Distrito Federal, no ambito desta Administracao Regional"
11,Substituição de Funções, o Diretor da Divisao Regional de Obras de Servicos Publicos,nan,nan,nan,nan,nan,nan,nan,nan,nan,nan,nan,nan,nan,"Designar o Diretor da Divisao Regional de Obras de Servicos Publicos - DROSP, como
executor do Contrato no 02/2002-SUCAR X CEB, para  supervisionar,  fiscalizar, acompanhar a
execucao dos servicos e atestar as faturas,   de consumo de energia eletrica do Sistema de Ilumina-
cao Publica da Regiao Administrativa do Lago Norte de acordo com as Normas de Execucao
Orcamentaria e Contabil do Distrito Federal"
