,Tipo do Ato,SEI,Nome,Matrícula,Tipo de Aposentadoria,Cargo,Classe,Padrao,Quadro,Fundamento Legal,Orgao,Vigencia,Matricula SIAPE,text
0,Aposentadoria,052.000.089/2000,"o ato que concedeu aposentadoria a LAIS MOREIRA DE CASTRO
CADMAN",47.237-9,nan,nan,nan,III,"Quadro: BELACAP 
Processo: 030",nan, Distrito Federal,nan,nan,"Aposentar os servidores abaixo.
DADOS DE IDENTIFICACAO  FUNDAMENTACAO LEGAL   
Nome: JOSE MARIA DE OLIVEIRA 
Matricula: 81.851-8 
Cargo: Auxiliar de Administracao Publica 
Classe: Especial 
Padrao: III 
Quadro: BELACAP 
Processo: 030.001.911/2002   
Artigos 186, inciso I, in fine e 189, Paragrafo 
Unico, da Lei no 8.112, de 11/12/1990, 
combinados com o artigo 41, inciso I, In fine e 
 4o, da LEI ORGANICA DO DISTRITO 
FEDERAL, e artigo 40,  1o, inciso I, e  8o, 
da  CONSTITUICAO  DA  REPUBLICA 
FEDERATIVA DO BRASIL.   
Nome:  VELUZIANO  PEREIRA  DE 
SOUSA 
Matricula: 79.985-8 
Cargo: Auxiliar de Administracao Publica 
Classe: Especial 
Padrao: III 
Quadro: BELACAP 
Processo: 030.001.947/2002 
   
Artigos 186, inciso I, in fine e 189, Paragrafo 
Unico, da Lei no 8.112, de 11/12/1990, 
combinados com o artigo 41, inciso I, In fine e 
 4o, da LEI ORGANICA DO DISTRITO 
FEDERAL, e artigo 40,  1o, inciso I, e  8o, 
da  CONSTITUICAO  DA  REPUBLICA 
FEDERATIVA DO BRASIL.  Considerar aposentado o servidor abaixo. 
DADOS DE IDENTIFICACAO  FUNDAMENTACAO LEGAL   
Nome: LUIZ FERNANDES LIMA 
Matricula: 74.195-7 
Cargo: Auxiliar de Administracao Publica 
Classe: Especial 
Padrao: III 
Quadro: BELACAP 
Processo: 094.000.373/2002 
   
Artigos 186, inciso II, 187 e 189, Paragrafo 
Unico, da Lei no 8.112, de 11/12/1990, 
combinados com o artigo 41, inciso II, e  4o, 
da  LEI  ORGANICA  DO  DISTRITO 
FEDERAL, e artigo 40,  1o, inciso II, e  8o, 
da  CONSTITUICAO  DA  REPUBLICA 
FEDERATIVA DO BRASIL, a contar de 
26/05/2002     
MARIA CECILIA S. S. LANDIM PORTARIA No 398, DE 12 DE JUNHO DE 2002 A SECRETARIA DE ESTADO DE GESTAO ADMINISTRATIVA DO DISTRITO FEDE-
RAL, no uso das atribuicoes que lhe sao conferidas pelo Decreto no 21.549, de 22 de setembro de
2000, resolve:
RETIFICAR no Decreto Coletivo de 21/02/2000, publicada no Diario Oficial do Distrito Federal
no 37, de 22/02/2000, o ato que concedeu aposentadoria a LAIS MOREIRA DE CASTRO
CADMAN, matricula no 47.237-9, Delegada de Policia, 2a Classe, Padrao III, do Quadro de
Pessoal do Distrito Federal, para excluir da fundamentacao legal a expressao: e com o artigo 8o,
da Emenda Constitucional no 20, da CONSTITUICAO DA REPUBLICA FEDERATIVA DO
BRASIL e incluir: mantidas pelo artigo 3o, da Emenda Constitucional no 20, de 16 de dezembro
de 1998, ficando ratificados os demais termos da concessao. Processo no 052.000.089/2000."
