,Tipo,Nome,Cargo Efetivo,Matricula,Siape,Simbolo,Cargo Comissao,Lotacao,Orgao,text
0,Nomeação, ANA CRISTINA CORREA PINHEIRO,para exercer o Cargo em Comissao,nan,nan,nan,nan,nan,nan,"NOMEAR ANA CRISTINA CORREA PINHEIRO, para exercer o Cargo em Comissao, Simbo-
lo DFA-08, de Assistente, da Divisao Regional de Licenciamento, da Administracao Regional de
Ceilandia, da Secretaria de Coordenacao das Administracoes Regionais do Distrito Federal"
1,Nomeação, ROZINETE DE CARVALHO MIRANDA,para exercer o Cargo em Comissao,nan,nan,DFA-11, Assessor da Gerencia de Gestao e Controle das Acoes Regionais,"Direto-
ria de Planejamento, Orcamento e Gestao das Acoes Regionais","Secretaria de Coordenacao das
Administracoes Regionais do Distrito Federal","NOMEAR ROZINETE DE CARVALHO MIRANDA, para exercer o Cargo em Comissao,
Simbolo DFA-11, de Assessor da Gerencia de Gestao e Controle das Acoes Regionais, da Direto-
ria de Planejamento, Orcamento e Gestao das Acoes Regionais, da Secretaria de Coordenacao das
Administracoes Regionais do Distrito Federal"
2,Nomeação, JOSE MACEDO DE ANDRADE,para exercer o Cargo de Natureza Especial,nan,nan,CNE-05, Diretor-Geral do Departamento Metropolitano de Transportes Urbanos,nan,nan,"NOMEAR JOSE MACEDO DE ANDRADE, para exercer o Cargo de Natureza Especial,
Simbolo CNE-05, de Diretor-Geral do Departamento Metropolitano de Transportes Urbanos,
da Secretaria de Transportes do Distrito Federal"
3,Nomeação,nan,nan,40.598-1,nan,nan,nan,nan,nan,"NOMEAR para compor Comissao Especial de Obra e Servico de Engenharia   ALEXS CARDO-
SO BESERRA, Matricula n 40.598-1, Diretor de Permissao e Concessao Publica, JULNAR DE
SOUZA CARVALHO ANDRADE, Matricula n 91.361-8, Chefe do Servico de Topografia e
LELIANA PEREIRA MASCARENHA, Matricula n 94.895-0, Assistente da DAG, para sob a
presidencia do primeiro e secretariado pelo segundo, proceder a elaboracao do ato convocatorio,
sua divulgacao, esclarecimento aos interessados, recebimento, abertura e julgamento das propos-
tas dos processos de licitacoes da Administracao Regional do Recanto das Emas"
