,Tipo do Ato,Nome do Servidor Substituto,Matrícula do Servidor Substituto,Nome do Servidor a ser Substituido,Matrícula do Servidor a ser SubstituidoCargo,Símbolo do cargo do servidor substituto,Cargo comissionado objeto da substituição,Símbolo do cargo do objeto da substituição,Símbolo do cargo comissionado objeto da substituição,Hierarquia da Lotação,Órgão,Data Inicial da Vigência,Data Final de Vigência,Matrícula SIAPE,Motivo,text
0,Substituição de Funções, o servidor HAMILTON JOSE VIEIRA DE SOUZA,27.412-7,o servidor ALEXANDRE RODRI,106.622-6,nan,nan,nan,nan,nan,nan,nan,nan,nan,nan,"Designar o servidor HAMILTON JOSE VIEIRA DE SOUZA, matricula no 27.412-7, Chefe do
Nucleo de Atendimento aos Orgaos Setoriais, para substituir o servidor ALEXANDRE RODRI-
GUES SENRA SACRAMENTO, matricula no 106.622-6, Gerente de Supervisao dos Orgaos
Descentralizados, DFG-11, da Diretoria de Administracao de Recursos Humanos, da Subsecre-
taria de Recursos Humanos, por motivo de Licenca Medica do titular, no periodo de 20/05/2002
a  01/06/2002 MARIA CECILIA S"
1,Substituição de Funções, o servidor GLAYTON AMARO DE OLIVEIRA,92.088-6,o servidor ALEXANDRE RODRIGUES SENRA SACRA,106.622-6,nan,nan,nan,nan,nan,nan,nan,nan,nan,nan,"Designar o servidor GLAYTON AMARO DE OLIVEIRA, matricula no 92.088-6, Chefe do
Nucleo de Controle, para substituir o servidor ALEXANDRE RODRIGUES SENRA SACRA-
MENTO, matricula no 106.622-6, Gerente de Supervisao dos Orgaos Descentralizados, DFG-
11, da Diretoria de Administracao de Recursos Humanos, da Subsecretaria de Recursos Huma-
nos, por motivo de Licenca Medica do titular, no periodo de 03/06/2002 a  17/06/2002
Designar o servidor CLAYTON JOSE P"
2,Substituição de Funções,nan,nan,nan,nan,nan,DFG-11,nan,nan,nan,nan,nan,nan,nan,nan,"Designar, JOSELITO BONIFACIO OLIVEIRA, matricula no 68.165-2, Gerente da Gerencia de
Capacitacao Tecnologica, Simbolo DFG-11, como executor tecnico/financeiro do convenio no 24-
07/2001,celebrado entre a Fundacao de Apoio a Pesquisa do DF- FAPDF e a Coordenacao de
Aperfeicoamento de Pessoal de Nivel Superior-CAPES/MEC, para implementar o Programa de
Expansao da Educacao Profissional - PROEP, conforme processo no 193.000.026/2002 KAZUYOSHI OFUGI SECRETARIA DE SAUDE PORTARIA DE 28 DE MAIO DE 2002 O Secretario de Estado de Saude do Distrito Federal, no uso das atribuicoes que lhe conferem o
inciso X do Artigo 204 do Regimento Interno da Secretaria de Estado de Saude, aprovado pela
Portaria no 40, de 23 de julho de 2001, resolve:
1  Alterar a portaria de 27 de novembro de 2001, publicada no Diario Oficial do Distrito Federal
no236 de 12 de dezembro de 2001, onde se le Carlita Camargo Felix Mat"
3,Substituição de Funções, os EXECUTORES do Contrato no,nan,nan,nan,nan,nan,nan,nan,nan,nan,nan,nan,nan,nan,"Designar os EXECUTORES do Contrato no 027/2002-SES/DF, celebrado entre o Distrito Fede-
ral, por intermedio da Secretaria de Estado de Saude e a empresa BIOLAB MERIEUX S/A, em
03 de junho de 2002, conforme abaixo:
No Hospital de Base do DF, o Chefe do Nucleo de Patologia Clinica,
Nos Hospitais Regionais da Asa Norte, Asa Sul, Ceilandia, Gama, Taguatinga, Sobradinho e
Paranoa, os Chefes dos Nucleos de Patologia Clinica"
4,Substituição de Funções, o servidor,0000126-0,a Geren,nan,nan,DFG,nan,nan,nan,nan,nan,nan,nan,nan,"DESIGNAR o servidor , Amilton Loiola Menezes , matricula 0000126-0 para substituir a Geren-
te de Pessoal, simbolo DFG - 11 da Coordenacao de Apoio Operacional - FEPECS/SES, no
periodo de 08.07.02 a  27.07.02 por motivo de ferias da titular, nos termos do artigo 38 da Lei
8.112, de 11 de dezembro de 1990, combinando com o Decreto no  17.603/96"
5,Substituição de Funções, o servidor RENATO ARMANDO,1650609-6,nan,nan,nan,nan,nan,nan,nan,nan,nan,nan,nan,nan,"Designar o servidor RENATO ARMANDO, matricula no 1650609-6, Assistente do Nucleo de
Material e Patrimonio/GGA/DAO, responsavel pelo Almoxarifado desta Secretaria"
6,Substituição de Funções, o servidor SEBASTIAO BRUNO DA SILVA,1650230-4,nan,nan,nan,nan,nan,nan,nan,nan,nan,nan,nan,nan,"Designar o servidor SEBASTIAO BRUNO DA SILVA, matricula 1650230-4, CPF"
7,Substituição de Funções, nos termos do Decreto,105.044-3,nan,105.073-7,nan,DFA-02,nan,,nan,"Secretaria de Meio Ambiente e Recursos Hidricos, no periodo de
17.06.2002 a 16.07.2002,  por motivo de ferias regulamentares do titular",nan,nan,nan,nan,"Designar nos termos do Decreto 21.816 de 12.12.2000, o servidor AIRTON ALVES GALDINO, matricula no 105.044-3, Encarregado, Simbolo DFA-02, para substituir, FABIO AFONSO TEI-
XEIRA, matricula no 105.073-7, Administrador de Unidade de Conservacao Ambiental, Simbolo
DFG-09, da Gerencia  de Preservacao do Patrimonio Ecologico das Unidade de Conservacao e
Parques Ecologicos, da Diretoria de Preservacao, Conservacao e Educacao Ambiental, da Subse-
cretaria do Meio Ambiente, da Secretaria de Meio Ambiente e Recursos Hidricos, no periodo de
17.06.2002 a 16.07.2002,  por motivo de ferias regulamentares do titular"
8,Substituição de Funções, o servidor CAIRO VAZ DO NASCIMENTO,97.279-7,nan,"95.855-
7",nan,DFG-12,nan,nan,nan,nan,nan,nan,nan,nan,"Designar o servidor CAIRO VAZ DO NASCIMENTO, matricula no 97.279-7, Chefe do Servico
de Exame de Projetos, da Divisao Regional de Exame e Aprovacao de Projetos, para substituir,
sem prejuizo de suas atribuicoes, a servidora VIRGINIA CUSSI SANCHEZ, matricula no 95.855-
7, Simbolo DFG-12, Diretor da Divisao Regional de Fiscalizacao de Obras e Posturas, da Admi-
nistracao Regional de Sao Sebastiao, da Secretaria de Estado de Coordenacao das Administracoes
Regionais do Distrito Federal, no periodo de 24 de junho a 23 de julho de 2002, por motivo de
ferias regulamentares do titular"
9,Substituição de Funções, o servidor MARIO EDUARDO DONIZETTI ROCHA,101.043-3,nan,95.452-7,nan,DFG-02,nan,nan,nan,nan,nan,nan,nan,nan,"Designar o servidor MARIO EDUARDO DONIZETTI ROCHA, matricula no 101.043-3, Tec-
nico de Desenvolvimento Agropecuario, para substituir, sem prejuizo de suas atribuicoes, o
servidor HONORIO ANTONIO PRATA JULIANO, matricula no 95.452-7, Simbolo DFG-02,                                      Diario Oficial do Distrito Federal
PAGINA   50
No 111, quinta-feira, 13 de junho de 2002 Encarregado da Divisao Regional de Agricultura, da Administracao Regional do Nucleo Bandei-
rante, da Secretaria de Estado de Coordenacao das Administracoes Regionais do Distrito Federal,
no periodo de 17 de junho a 16 de julho de 2002, por motivo de ferias regulamentares do titular"
10,Substituição de Funções, o servidor GLEYSON ADROVANO CARNEIRO MACHADO,96.283-,nan,107.675-2,nan,DFG-,nan,nan,nan,nan,nan,nan,nan,nan,"Designar o servidor GLEYSON ADROVANO CARNEIRO MACHADO, matricula no 96.283-
X, Encarregado da Divisao Regional de Agricultura, para substituir, sem prejuizo de suas atribui-
coes, o servidor LUZIMAR PEIXOTO DOS SANTOS, matricula no 107.675-2, Simbolo DFG-
12, Diretor da Divisao Regional de Agricultura, da Administracao Regional do Nucleo Bandeiran-
te, da Secretaria de Estado de Coordenacao das Administracoes Regionais do Distrito Federal, no
periodo de 03 a 12 de junho de 2002, por motivo de ferias regulamentares do titular"
11,Substituição de Funções, o servidor NEY LEITE ROMAO,91.384-7,nan,40.545-0,nan,DFG-05,nan,nan,nan,nan,nan,nan,nan,nan,"Designar o servidor NEY LEITE ROMAO, matricula no 91.384-7, Auxiliar de Administracao
Publica, para substituir, sem prejuizo de suas atribuicoes, o servidor HERCULES ROBERTO
FERREIRA COSTA, matricula no 40.545-0, Simbolo DFG-05, Chefe da Secao de Orcamento e
Financas, da Divisao de Administracao Geral, da Administracao Regional de Sao Sebastiao, da
Secretaria de Estado de Coordenacao das Administracoes Regionais do Distrito Federal, no
periodo de 03 de junho a 02 de julho de 2002, por motivo de ferias regulamentares do titular"
12,Substituição de Funções, o servidor IVONALDO JOSE DE OLIVEIRA,92.481-4,nan,32.277-6,nan,DFG-05,nan,nan,nan,nan,nan,nan,nan,nan,"Designar o servidor IVONALDO JOSE DE OLIVEIRA, matricula no 92.481-4, Tecnico de
Administracao Publica, para substituir, sem prejuizo de suas atribuicoes, o servidor ERNESTO
ALMEIDA ROSA, matricula no 32.277-6, Simbolo DFG-05, Chefe da Secao de Cadastro, da
Gerencia de Planejamento, da Administracao Regional de Sao Sebastiao, da Secretaria de Estado
de Coordenacao das Administracoes Regionais do Distrito Federal, no periodo de 03 de junho a
02 de julho de 2002, por motivo de ferias regulamentares do titular"
13,Substituição de Funções, o servidor MILVANE DE CAMPOS DE QUEIROZ,42.489-7,nan,32.950-9,nan,DFG-02,nan,nan,nan,nan,nan,nan,nan,nan,"Designar o servidor MILVANE DE CAMPOS DE QUEIROZ, matricula no 42.489-7, Auxiliar de
Administracao Publica, para substituir, sem prejuizo de suas atribuicoes, a servidora WANIA
MARCIA DE ANDRADE CASSIMIRO, matricula no 32.950-9, Simbolo DFG-02, Encarregada
da Secao de Pessoal, da Divisao de Administracao Geral, da Administracao Regional de Ceilandia,
da Secretaria de Estado de Coordenacao das Administracoes Regionais do Distrito Federal, no
periodo de 03 de junho a 30 de setembro de 2002, por motivo de licenca maternidade da  titular"
14,Substituição de Funções, o servidor LUIZ GONZAGA RIBEIRO LOBAO,94.272-3,nan,43.719-0,nan,DFG-12,nan,nan,nan,nan,nan,nan,nan,nan,"Designar o servidor LUIZ GONZAGA RIBEIRO LOBAO, matricula no 94.272-3, Encarregado
da Divisao Regional de Cultura, para substituir, sem prejuizo de suas atribuicoes, o servidor
RENATO SANTANA DA SILVA, matricula no 43.719-0, Simbolo DFG-12, Diretor da Divisao
Regional de Cultura, da Administracao Regional de Ceilandia, da Secretaria de Estado de Coorde-
nacao das Administracoes Regionais do Distrito Federal, no periodo de 03 de junho a 02 de julho
de 2002, por motivo de ferias regulamentares do titular"
15,Substituição de Funções, o servidor JOAO SOARES JUNIOR,22.720-X,nan,95.776-3,nan,DFG-12,nan,nan,nan,nan,nan,nan,nan,nan,"Designar o servidor JOAO SOARES JUNIOR, matricula no 22.720-X, Diretor da Divisao Regi-
onal de Exame, Aprovacao e Elaboracao de Projetos, para substituir, sem prejuizo de suas
atribuicoes, o servidor JOSE BERNARDES DA SILVA, matricula no 95.776-3, Simbolo DFG-12,
Diretor da Divisao Regional de Licenciamento, da Administracao Regional do Cruzeiro, da Secre-
taria de Estado de Coordenacao das Administracoes Regionais do Distrito Federal, no periodo de
01 a 30 de julho de 2002, por motivo de ferias regulamentares do titular"
16,Substituição de Funções, a servidora RITA SUELI SPEROTTO CAMPOS,22.744-7,nan,93.970-6,nan,DFG-12,nan,nan,nan,nan,nan,nan,nan,nan,"Designar a servidora RITA SUELI SPEROTTO CAMPOS, matricula no 22.744-7, Inspetor de
Atividades Urbanas, para substituir, sem prejuizo de suas atribuicoes, o servidor JOSE MARIO
PIRES VIEIRA BRAGA, matricula no 93.970-6, Simbolo DFG-12, Diretor da Divisao Regional
de Fiscalizacao de Obras e Posturas, da Administracao Regional do Cruzeiro, da Secretaria de
Estado de Coordenacao das Administracoes Regionais do Distrito Federal, no periodo de 15 a 29
de julho de 2002, por motivo de ferias regulamentares do titular"
17,Substituição de Funções, o servidor ERLON REGES DA SILVA,41.148-5,nan,22.364-6,nan,DFG-10,nan,nan,nan,nan,nan,nan,nan,nan,"Designar o servidor ERLON REGES DA SILVA, matricula no 41.148-5, Fiscal de Atividades
Urbanas, para substituir, sem prejuizo de suas atribuicoes, o servidor JOSE ODERMO DE
SOUZA, matricula no 22.364-6, Simbolo DFG-10, Chefe do Servico de Fiscalizacao de Obras, da
Divisao Regional de Fiscalizacao de Obras e Posturas, da Administracao Regional do Riacho
Fundo, da Secretaria de Estado de Coordenacao das Administracoes Regionais do Distrito Fede-
ral, no periodo de 01 a 10 de julho de 2002, por motivo de ferias regulamentares do titular"
18,Substituição de Funções, o servidor WENDELL RODRIGUES FELICIANO,41.190-6,nan,41.087-X,nan,DFG-02,nan,nan,nan,nan,nan,nan,nan,nan,"Designar o servidor WENDELL RODRIGUES FELICIANO, matricula no 41.190-6, Fiscal de
Atividades Urbanas, para substituir, sem prejuizo de suas atribuicoes, o servidor WELLING-
TON PEREIRA GUEDES, matricula no 41.087-X, Simbolo DFG-02, Encarregado do Servico de
Fiscalizacao de Obras, da Divisao Regional de Fiscalizacao de Obras e Posturas, da Administra-
cao Regional do Riacho Fundo, da Secretaria de Estado de Coordenacao das Administracoes
Regionais do Distrito Federal, no periodo de 08 a 22 de julho de 2002, por motivo de ferias
regulamentares do titular"
19,Substituição de Funções, o servidor GERSON GREGORIO FILHO,33.019-1,nan,30.698-3,nan,DFG-,nan,nan,nan,"Secretaria de Estado de Coordenacao das Administracoes
Regionais do Distrito Federal, no periodo de 01 a 10 de julho de 2002, por motivo de ferias
regulamentares do titular",nan,nan,nan,nan,"Designar o servidor GERSON GREGORIO FILHO, matricula no 33.019-1, Chefe da Secao de
Numeracao Predial, da Divisao Regional de Licenciamento, para substituir, sem prejuizo de suas
atribuicoes, a servidora CIENE SODRE DE OLIVEIRA, matricula no 30.698-3, Simbolo DFG-
11, de Chefe do Servico de Licenciamento de Obras, da Divisao Regional de Licenciamento, da
Administracao Regional de Brasilia, da Secretaria de Estado de Coordenacao das Administracoes
Regionais do Distrito Federal, no periodo de 01 a 10 de julho de 2002, por motivo de ferias
regulamentares do titular"
20,Substituição de Funções, o servidor ANDRE LUIZ ROQUE CARVALHO,108.166-7,nan,95.473-X,nan,DFG-12,nan,nan,nan,nan,nan,nan,nan,nan,"Designar o servidor ANDRE LUIZ ROQUE CARVALHO, matricula no 108.166-7, Chefe do
Servico de Calculo, da Divisao Regional de Exame e Aprovacao de Projetos, para substituir, sem
prejuizo de suas atribuicoes, o servidor FERNANDO JOSE OLIVEIRA MIRANDA, matricula
no 95.473-X, Simbolo DFG-12, Diretor da Divisao Regional de Exame e Aprovacao de Projetos,
da Administracao Regional do Paranoa, da Secretaria de Estado de Coordenacao das Administra-
coes Regionais do Distrito Federal, no periodo de 08 a 17 de julho de 2002, por motivo de ferias
regulamentares do titular"
21,Substituição de Funções, o servidor SEBASTIAO RODRIGUES DE SOUZA,93.980-3,nan,100.447-6,nan,DFG-14,nan,nan,nan,"Secretaria de Estado de
Coordenacao das Administracoes Regionais do Distrito Federal, no periodo de 04 de julho a 02 de
agosto de 2002, por motivo de ferias regulamentares do titular",nan,nan,nan,nan,"Designar o servidor SEBASTIAO RODRIGUES DE SOUZA, matricula no 93.980-3, Diretor da
Divisao de Administracao Geral, para substituir, sem prejuizo de suas atribuicoes, a servidora
VERA LUCIA EUFLOSINA DE FARIA LIRA, matricula no 100.447-6, Simbolo DFG-14, de
Chefe de Gabinete, da Administracao Regional da Candangolandia, da Secretaria de Estado de
Coordenacao das Administracoes Regionais do Distrito Federal, no periodo de 04 de julho a 02 de
agosto de 2002, por motivo de ferias regulamentares do titular"
22,Substituição de Funções, os servidores REGINALDO PEREIRA DA SILVA,24.957-6,nan,21.543-0,nan,nan,nan,nan,nan,nan,nan,nan,nan,nan,"DESIGNAR os servidores REGINALDO PEREIRA DA SILVA, Matricula no 24.957-6, Fiscal de
Atividades Economicas e Urbanas, como Presidente, GILVAN DE JESUS, Matricula no 21.543-0,
Tecnico de Administracao Publica, como  Membro Auxiliar, SILVANEIDE DINIZ DE SOUZA,
Matricula no 43.540-6, Tecnico de Administracao Publica, como Secretaria, para juntos comporem a
Comissao de Processo Administrativo Disciplinar, para apurar os fatos constantes do Processo no
131.002.769/2001, no prazo de 30 (trinta) dias, a contar da data de publicacao desta Ordem de Servico"
23,Substituição de Funções, o Chefe do Nucleo de Ordenamento Territorial,nan,nan,nan,nan,nan,nan,nan,nan,nan,nan,nan,nan,nan,"DESIGNAR o Chefe do Nucleo de Ordenamento Territorial - NOT, como executor do Contrato
no 02/2002-SUCAR X  CEB, para supervisionar, fiscalizar, acompanhar a execucao dos servicos
e atestar as faturas, de consumo de energia eletrica do Sistema  de Iluminacao Publica da Regiao
Administrativa do Gama, de acordo com as Normas de Execucao Orcamentaria e Contabil do
Distrito  Federal"
24,Substituição de Funções,nan,nan,nan,nan,nan,nan,nan,nan,nan,nan,nan,nan,nan,nan,"DESIGNAR, nos termos do Inciso II do Artigo 13 das Normas de Execucao Orcamentaria e
Financeira, aprovadas pelo Decreto no 16.098 de 29 de novembro de 1994, o servidor FRANCIS-
CO FREIRE DE LIMA,  Fiscal de Atividades Urbanas, matricula no 24.640-9,  para atuar como
EXECUTOR do Contrato de Permissao de Uso no  20/1996, que tem por objeto a instalacao e
exploracao publicitaria de lixeiras na Regiao Administrativa de Taguatinga, celebrado entre a
Administracao Regional de Taguatinga e a firma ENCOM Engenharia  Ltda"
25,Substituição de Funções, os servidores JOAO SOARES JUNIOR,22.720-X,nan,34.067-7,nan,nan,nan,nan,nan,nan,nan,nan,nan,nan,"DESIGNAR os servidores JOAO SOARES JUNIOR, Engenheiro, Inspetor de Atividades Urba-
nas, matricula no 22.720-X, lotado na Administracao Regional do Cruzeiro, EUDAQUIO ALVES
CASTRO, Auxiliar de Administracao Publica, matricula no 34.067-7, lotado na Administracao
Regional de Brasilia, RUTH POMPEU RIBEIRO ELEUTERIO NOGUEIRA, Tecnica de Ad-
ministracao Publica, matricula no 24.870-3, lotada na SUCAR e MOACIR BARROS DA SILVA,
Tecnico de Financas e Controle, matricula no 25.298-0, lotado na Secao de Orcamento e Financas/
DAG da Administracao Regional do Guara, para sob a presidencia do primeiro constituirem
Comissao de Sindicancia para apurar as irregularidades contidas nos Processos nos 137.001.953/
93 e 137.001.964/2001, devendo apresentar relatorio conclusivo no prazo de 30(trinta) dias, a
contar da publicacao da  presente Ordem de Servico"
26,Substituição de Funções, SERGIO RIBEIRO DE SOUSA,33.006-X,CLAUDIA MATTOS DE MENEZES,nan,nan,DFG-13,nan,nan,nan,nan,nan,nan,nan,nan,"Designar SERGIO RIBEIRO DE SOUSA, Assistente de Apoio as Atividades Juridicas, matricu-
la no 34.625-X, para substituir CLAUDIA MATTOS DE MENEZES, Auxiliar de Apoio as
Atividades Juridicas, matricula no 33.006-X, Gerente de Planejamento e Orcamento, Simbolo
DFG-13, do Centro de Apoio Tecnico, da Procuradoria-Geral do Distrito Federal, no periodo de
20.05 a 18.06.2002, por motivo da titular estar de licenca medica"
27,Substituição de Funções, JOAO DIAS NETO,21.385-3,SELMA MARIA DE QUEIROZ,40.542-6,nan,DFG-10,nan,nan,nan,nan,nan,nan,nan,nan,"Designar JOAO DIAS NETO, Assistente de Apoio as Atividades Juridicas, matricula no 21.385-3,
para substituir SELMA MARIA DE QUEIROZ, Diretora da Divisao de Registro e Controle de
Processos, matricula no 40.542-6, Simbolo DFG-10, da Procuradoria de Pessoal, da Procuradoria-
Geral do Distrito Federal, no periodo de 17.06.2002 a 26.06.2002, por motivo de ferias da titular"
28,Substituição de Funções, MARCIA PEIXOTO TONELINI,26.460-1,ANTONIA SORIANO DA COSTA,nan,nan,DFG-08,nan,nan,nan,nan,nan,nan,nan,nan,"Designar MARCIA PEIXOTO TONELINI, Assistente de Apoio as Atividades Juridicas, matri-
cula no 43.167-2, para substituir ANTONIA SORIANO DA COSTA, Assistente de Apoio as
Atividades Juridicas, matricula no 26.460-1, Chefe do Servico de Apoio Administrativo, Simbolo
DFG-08, da Procuradoria do Meio Ambiente, Patrimonio Urbanistico e Imobiliario, no periodo
de 13/05/2002 a 11/06/2002, por motivo da titular estar de licenca para acompanhamento familiar"
29,Substituição de Funções, SANDRA CRISTINA DE ALMEIDA TEIXEIRA,48.594-2,ELZA HELENA SOARES MUSTAFA,38.811-4,nan,CNE-06,nan,nan,nan,nan,nan,nan,nan,nan,"Designar SANDRA CRISTINA DE ALMEIDA TEIXEIRA, Procuradora do Distrito Federal de
1a Categoria, matricula no 48.594-2, para substituir ELZA HELENA SOARES MUSTAFA,
Procuradora do Distrito Federal de 1a Categoria, matricula no 38.811-4, Coordenadora, Simbolo
CNE-06, da Procuradoria do Meio Ambiente, Patrimonio Urbanistico e Imobiliario, da Procura-
doria-Geral do Distrito Federal, no periodo de 13.06 a 12.07.2002, por motivo de ferias da titular"
