,tipo,nome,matricula,simbolo,cargo_comissao,lotacao,orgao,vigencia,pedido,cargo_efetivo,siape,motivo,text
0,Exoneração, ONILMAR DE MORAES SOARES DIAS,no,nan,nan,nan,nan,nan,nan,nan,nan,nan,"EXONERAR, por estar sendo nomeada para outro cargo, ONILMAR DE MORAES SOARES DIAS,
matricula no 59"
1,Exoneração, ADRIANA MARCELA BRASIL,no,nan,nan,nan,nan,nan,nan,nan,nan,nan,"EXONERAR, por estar sendo nomeada para outro cargo, ADRIANA MARCELA BRASIL, matricula
no 47"
2,Exoneração, OCLECIO AIRES DA FONSECA,no,nan,nan,nan,nan,nan,a pedido,nan,nan,nan,"EXONERAR, a pedido, OCLECIO AIRES DA FONSECA, matricula no 51"
