,Tipo do Ato,SEI,Nome,Matrícula,Tipo de Aposentadoria,Cargo,Classe,Padrao,Quadro,Fundamento Legal,Orgao,Vigencia,Matricula SIAPE,text
0,Aposentadoria,150.000590/2001,"da servidora MARIA EUGENIA
SARDINHA CHALOURT",103397-2,nan,nan,nan,nan,"Quadro: QPDF 
Processo:150",nan,nan,nan,nan,"Conceder aposentadoria a servidora abaixo relacionada: DADOS DE IDENTIFICAC AO  FUNDAMENTACAO LEGAL  Nome:LUCIA  DE  FATIMA  ARAUJO 
MEIRA 
Matricula:1650225-4 
Cargo: Tecnico de Atividades Culturais 
Classe: Especial 
Padrao: III 
Quadro: QPDF 
Processo:150.001614/2002   Artigos 186, inciso III, alinea c e 189, 
Paragrafo unico, da Lei no 8.112, de 11 de 
dezembro de l990, combinados com o arti-
go 41, inciso III, alinea c, e  4o, da LEI 
ORGANICA DO DISTRITO FEDERAL, 
assegurados pelo artigo 8o, incisos I e II,  
1o, inciso I, alineas a e b e inciso II, da 
Emenda Constitucional no 20 da CONSTI-
TUICAO DA REPUBLICA FEDERA-
TIVA DO BRASIL, publicada no Diario 
Oficial da Uniao de 16 de dezembro de 
1998 e  8o do artigo 40 da CONSTITUI -
CAO DA REPUBLICA FEDERATIVA 
DO BRASIL.   A SECRETARIA DE ESTADO DE CULTURA DO DISTRITO FEDERAL, no uso das atribui-
coes que lhe sao conferidas pelo Decreto no 23.212, de 06 de setembro de 2002, resolve:
I  Revogar a licenca por motivo de afastamento do conjuge, da servidora MARIA EUGENIA
SARDINHA CHALOURT, matricula no 103397-2, Assistente Intermediario de Servico Social,
concedida por meio da Portaria no 260, de 22 de abril de 2002, publicada no DODF no 76, de
23.04.2002, pagina 14, processo no 150.000590/2001,"
