,tipo,nome,matricula,simbolo,cargo_comissao,lotacao,orgao,vigencia,pedido,cargo_efetivo,siape,motivo,text
0,Exoneração, CEL QOPM ISMAEL DA SILVA AGUIAR  MAT,nan,nan,nan,nan,nan,nan,nan,nan,nan,nan,"EXONERAR, o CEL QOPM ISMAEL DA SILVA AGUIAR  MAT"
1,Exoneração," CEL QOPM MARCIO AUGUSTO CUNHA DO AMARAL CORREIA 
MAT",nan,nan,nan,nan,nan,nan,nan,nan,nan,nan,"EXONERAR, o CEL QOPM MARCIO AUGUSTO CUNHA DO AMARAL CORREIA 
MAT"
2,Exoneração, C,no,CNE-05,nan,nan,nan,nan,nan,nan,nan,nan,"EXONERAR, do Cargo do Grupo de Assessoramento, Simbolo CNE-05, de Assessor Especial
de Seguranca e Apoio, da Subchefia de Apoio a Ex-Governadores da Governadoria do Distrito
Federal, o Major QOPM Luciano Buarque Barbosa, matricula no 00"
3,Exoneração, C,nan,DFA-11,nan,nan,nan,nan,nan,nan,nan,nan,"EXONERAR, do Cargo do Grupo de Assessoramento, Simbolo DFA-11, de Assessor de Segu-
ranca, da Subchefia de Apoio a Ex-Governadores da Governadoria do Distrito Federal, os seguin-
tes Policiais Militares: 1o Sargento QPPMC Jose Batista do Prado Irmao  Matricula no 09"
