,Tipo do Ato,Tipo de Documento,Número do documento,Data do documento ,Número do DODF,Data do DODF,Página do DODF,Nome do Servidor,Matrícula,Cargo,Classe,Padrao,Matricula SIAPE,Informação Errada,Informação Corrigida,text
0,Retificações de Aposentadoria,Decreto Coletivo,,26/09/97,187,29/09/97,nan,MARIA DE JESUS CARVALHO PEREIRA SILVA,28.563-3, Auditor Tributario, para considera-la na 4a,VI,nan,nan,nan,"RETIFICAR, no Decreto Coletivo de 26/09/97, publicado no DODF no 187, de 29/09/97, o ato
que concedeu aposentadoria a MARIA DE JESUS CARVALHO PEREIRA SILVA, matricula no
28.563-3, no cargo de Auditor Tributario, para considera-la na 4a Classe, Padrao VI, bem como
incluir em sua fundamentacao legal, os artigos 3o, da Lei no 1.004/96, combinado com os artigos 3o
e 4o, da Lei no 1.141/96, ficando ratificados os demais termos da concessao inicial. Processo no
040.002.391/2002
LUIZ ANTONIO DA SILVA FUNDACAO DE APOIO A PESQUISA DO DISTRITO FEDERAL DESPACHO DO DIRETOR
Conceder o servidor JEAN MARCEL CHAMON, matricula no 68.213-6, na forma do artigo 97,
item III, alinea a, da Lei 8.112 de 11/12/1990, Licenca Nojo por 08 (oito) dias consecutivos, a
partir de 08/11/2002, conforme certidao de casamento no 19317, livro BA-33 no 332, apresentada
em 25/11/2002
KAZUYOSHI OFUGI SECRETARIA DE EDUCACAO SUBSECRETARIA DE APOIO OPERACIONAL
DIRETORIA DE ADMINISTRACAO DE RECURSOS HUMANOS ORDEM DE SERVICO DE 22 DE NOVEMBRO DE 2002
A DIRETORA DE ADMINISTRACAO DE RECURSOS HUMANOS, por delegacao de com-
petencia conferida pela Portaria no 400, de 30/09/2002, resolve:
AUTORIZAR a Transformacao de Carga Horaria Eventual em Carga Horaria Especial de Traba-
lho aos servidores abaixo discriminados:
MATRICULA NOME CARGO A PARTIR DE
034.097-9 Aurea Gomes dos Santos MG2 14/10/2002
034.728-0 Maria Aparecida P. da C. Cunha MG2-B 05/11/2002
035.952-1 Presilina S. de Ataides fernandes MG2-B 14/10/2002
037.089-4 Eloisa de Morais Vilhena MG3 11/11/2002
038.025-3 Elvis Vilela Rodrigues MG3 04/12/2002
041.782-3 Marcela Akyke Machado MG1 07/11/2002
042.501-X Joaquim Manoel R. Santos MG3 18/10/2002
046.460-0 Maria do Carmo Pompeu Auler MG1 18/12/2002
056.368-4 Marli Alves Flores Melo MG3 20/11/2002
062.406-3 Elizabete Lopes da Silva MG3 21/10/2002
200.099-7 Ana Cristina de Almeida Abreu MG2-B 08/11/2002
201.076-3 Dorivane H. Rabelo Coutinho MG3 14/10/2002
201.136-0 Rejane Aparecida Correa MG3 19/11/2002
201.872-1 Helena de Jesus R. da Silveira MG2 24/12/2002
201.916-7 Iris Marcelino Pecanha MG3 26/11/2002
201.920-5 Cassio Luis P. M. Craveiro MG3 12/12/2002
204.071-9 Maria Jose Marcal da Silva MG2 07/11/2002
300.655-7 Fabiana Santana Miranda MG1-A 24/10/2002
AUTORIZAR Carga Horaria Especial de Trabalho a servidora abaixo discriminada:
MATRICULA NOME A PARTIR DE CARGO
035.433-3 Divina Neusa de Queiroz 06/11/2002 MG1
Retificar a Ordem de Servico publicada no DODF no 212 de 05/11/2002, onde se le : Rosilene
Albuquerque da Silva, matricula 300.694-8, MG1, Transformacao de Carga Horaria a partir de
02/09/2002, leia-se: Rosilene Albuquerque da Silva, matricula 300.694-8, MG1, Transformacao
de Carga Horaria a partir de 14/10/2002
A DIRETORA DE ADMINISTRACAO DE RECURSOS HUMANOS, por delegacao de com-
petencia conferida pela Portaria no 400, de 30/09/2002, resolve:
AUTORIZAR o afastamento nos termos do Art. 120 da Lei no 8.112/90, com remuneracao, ao
servidor VALMIR MOREIRA LEAL, matricula no 50.818-7, a partir de 20/08/2002 data imedi-
atamente posterior ao ultimo dia trabalhado.
"
