,Tipo do Ato,SEI,Nome,Matrícula,Tipo de Aposentadoria,Cargo,Classe,Padrao,Quadro,Fundamento Legal,Orgao,Vigencia,Matricula SIAPE,text
0,Aposentadoria,040.004.572/2001," resolve: Conceder Licenca Extraordinaria ao servidor  abaixo: SERVIDOR  CARGO  VIGENCIA  LOTACAO  PROCESSO  Carlos Eduardo 
Braga",n.o,nan,nan,"
Unica","
II.  01/11/2001  SEAS/CAJE  100.001378/2001    MARIA CECILIA S.S. LANDIM PORTARIA No 592","Quadro: PCDF 
Processo: 052",nan,nan,nan,nan,"Aposentar a servidora abaixo relacionada:                                                                       Diario Oficial do Distrito Federal
PAGINA   41
No 210, quarta-feira, 31 de outubro de 2001 DADOS DE IDENTIFICACAO  FUNDAMENTACAO LEGAL   
Nome: AURINETE BEZERRA 
LOURENCO 
Matricula: 23.731-0 
Cargo: PAPILOSCOPISTA POLICIAL 
Classe: ESPECIAL 
Quadro: PCDF 
Processo: 052.001.403/2001   
Artigos 186, inciso I, in fine e 189, Paragrafo unico, da Lei 
n.o 8.112, de 11 de dezembro de l990, combinados com o 
artigo 41, inciso I, in fine e  4o, da LEI ORGANICA DO 
DISTRITO FEDERAL e artigo 40,  1o, inciso I e  8o, da 
CONSTITUICAO DA REPUBLICA FEDERATIVA DO 
BRASIL. 
   
Conceder aposentadoria aos servidores abaixo relacionados: 
 
Nome: MARILIA DE AQUINO 
TERRA 
Matricula: 103.665-3 
Cargo: ASSISTENTE SUPERIOR EM 
SERVICOS SOCIAIS 
Classe: 2a 
Padrao: IV 
Quadro: QPDF 
Processo: 100.001.531/2001   
Artigos 186, inciso III, alinea a e 189, Paragrafo unico, da 
Lei n.o 8.112, de 11 de dezembro de l990, combinados com o 
artigo 41, inciso III, alinea a, e  4o, da LEI ORGANICA 
DO DISTRITO FEDERAL, assegurados pelo artigo 3o da 
Emenda Constitucional n.o 20 da CONSTITUICAO DA 
REPUBLICA FEDERATIVA DO BRASIL, publicada no 
Diario Oficial da Uniao de 16 de dezembro de 1998. 
   
Nome: JOSE GOMES DE SOUZA 
Matricula: 101.770-5 
Cargo: ASSISTENTE 
INTERMEDIARIO EM SERVICOS 
SOCIAIS 
Classe: ESPECIAL 
Padrao: III 
Quadro: QPDF 
Processo: 100.001.366/2001   
Artigos 186, inciso III, alinea c e 189, Paragrafo unico, da 
Lei n.o 8.112, de 11 de dezembro de l990, combinados com o 
artigo 41, inciso III, alinea c, e  4o, da LEI ORGANICA 
DO DISTRITO FEDERAL, assegurados pelo artigo 8o, 
incisos I e II,  1o, inciso I, alineas a e b e inciso II, da 
Emenda Constitucional n.o 20 da CONSTITUICAO DA 
REPUBLICA FEDERATIVA DO BRASIL, publicada no 
Diario Oficial da Uniao de 16 de dezembro de 1998. 
    MARIA CECILIA S. S. LANDIM PORTARIA No 591, DE 30 DE OUTUBRO DE 2001 A SECRETARIA DE GESTAO ADMINISTRATIVA DO DISTRITO FEDERAL, no uso de suas
atribuicoes legais e de acordo com o disposto na Lei no 2.544 de 28 de abril de 2000, artigo  21, caput
e  1o e artigo  27 do Dec. no 21.200  de 17 de maio de 2000,  resolve: Conceder Licenca Extraordinaria ao servidor  abaixo: SERVIDOR  CARGO  VIGENCIA  LOTACAO  PROCESSO  Carlos Eduardo 
Braga, matricula n.o 
104.464-8  Atendente de 
Reintegracao Social  
Especialidade Agente 
Social 3a Classe, Padrao 
II.  01/11/2001  SEAS/CAJE  100.001378/2001    MARIA CECILIA S.S. LANDIM PORTARIA No 592, DE 30 DE OUTUBRO DE 2001 A SECRETARIA DE GESTAO ADMINISTRATIVA DO DISTRITO FEDERAL, no uso de suas
atribuicoes legais e de acordo com o disposto no artigo 91,  1o  da Lei n.o 8.112, de 11 de dezembro
de 1990, combinado com artigo 5o  1o, da Lei n.o 1.864, de 19 de janeiro de 1998,  resolve: Autorizar a interrupcao da licenca para trato de interesses particulares  e o consequente retorno as
atividades do servidor abaixo: NOME  CARGO  LOTACAO  VIGENCIA  PROCESSO  Luis Alberto Teixeira 
Araujo, matricula n.o 
43.307-1  Tecnico de 
Administracao 
Publica, 3a Classe, 
Padrao I.  SEFP  09/10/2001  040.000138/1997    MARIA CECILIA S. S. LANDIM PORTARIA No 593, DE 30 DE OUTUBRO DE 2001 A SECRETARIA DE GESTAO ADMINISTRATIVA DO DISTRITO FEDERAL, no uso de suas
atribuicoes legais e de acordo com o disposto no artigo 91,  1o  da Lei n.o 8.112, de 11 de dezembro
de 1990, combinado com artigo 5o  1o, da Lei n.o 1.864, de 19 de janeiro de 1998,  resolve: Autorizar a interrupcao da licenca para trato de interesse particular  e o consequente retorno as
atividades da servidora abaixo: SERVIDOR  CARGO  LOTACAO  VIGENCIA  PROCESSO  Egon Francisco de 
Mattos, matricula 
n.o 165.0460-4  Musico, Classe 
Unica, Padrao X 
SEC     30/10/2001 
  a 
   29/10/2004  150.001131/2001    MARIA CECILIA S.  S. LANDIM PORTARIA N.o 594, DE 30 DE OUTUBRO DE 2001 A SECRETARIA DE GESTAO ADMINISTRATIVA, no uso de suas atribuicoes legais e de acordo
com o disposto nos artigos 81, inciso VI, e 91, da Lei no 8.112, de 11 de dezembro de l990, e o
constante no artigo 5o,  1o, 2o e 3o da Lei no 1.864, de 19 de janeiro de l998, resolve: Conceder Licenca para Tratar de Interesse  Particular ao servidor abaixo: MARIA CECILIA S.  S. LANDIM PORTARIA N.o 595, DE 30 DE OUTUBRO DE 2001 A SECRETARIA DE GESTAO ADMINISTRATIVA, no uso de suas atribuicoes legais e de acordo
com o disposto nos artigos 81, inciso VI, e 91, da Lei no 8.112, de 11 de dezembro de l990, e o
constante no artigo 5o,  1o, 2o e 3o da Lei no 1.864, de 19 de janeiro de l998, resolve: Conceder Licenca para Tratar de Interesse  Particular ao servidor abaixo: SERVIDOR  CARGO  LOTACAO  VIGENCIA  PROCESSO  Mary  Stella 
Cabreira de Mattos 
matricula n.o 
103.590-8  Assistente Superior 
em Servicos Sociais -  
Especialidade 
Advogado 3a Classe, 
Padrao II  SEAS  14/08/2001 
a 
13/08/2004  100.00.1310/2001   
MARIA CECILIA S.  S. LANDIM SECRETARIA DE FAZENDA E PLANEJAMENTO PORTARIA No 529, DE 30 DE OUTUBRO DE 2001 O SECRETARIO DE FAZENDA E PLANEJAMENTO DO DISTRITO FEDERAL, no uso de suas
atribuicoes regimentais e tendo em vista a competencia que lhe e conferida pelo art. 6o do Decreto
20.955, de 13 de janeiro de 2000, resolve: Exonerar, a pedido, EUSEBIO TOLENTINO BRAGA, matricula no 46.308-6, do cargo em comissao
de Lider de Equipe, simbolo DFG-03, da Gerencia de Fiscalizacao Tributaria da Subsecretaria da
Receita da Secretaria de Fazenda e Planejamento do Distrito Federal. Exonerar, a pedido, FERNANDO CARVALHO ANTERO, matricula no 46.274-8, do cargo em comis-
sao de Lider de Equipe, simbolo DFG-03, da Gerencia de Fiscalizacao Tributaria da Subsecretaria da
Receita da Secretaria de Fazenda e Planejamento do Distrito Federal. Nomear CARLOS ALBERTO DA SILVA SERRAO, matricula no 46.353-1, para exercer o cargo em
comissao de Lider de Equipe, simbolo DFG-03, da Gerencia de Fiscalizacao Tributaria da Subsecretaria
da Receita da Secretaria de Fazenda e Planejamento do Distrito Federal. Nomear MARCO ANTONIO ALVARES DA SILVA CAMPOS, matricula no 46.198-9, para exercer o
cargo em comissao de Lider de Equipe, simbolo DFG-03, da Gerencia de Fiscalizacao Tributaria da
Subsecretaria da Receita da Secretaria de Fazenda e Planejamento do Distrito Federal. VALDIVINO JOSE DE OLIVEIRA PORTARIA No 530, DE 30 DE OUTUBRO DE 2001 O SECRETARIO DE FAZENDA E PLANEJAMENTO DO DISTRITO FEDERAL, no uso das
atribuicoes que lhe sao conferidas pelo inciso I do art. 38, c/c o art. 75 da Lei no 8.112, de 11 de
dezembro de 1990, e o que consta do processo no 040.004.572/2001,"
