,tipo,nome,matricula,simbolo,cargo_comissao,lotacao,orgao,vigencia,pedido,cargo_efetivo,siape,motivo,text
0,Exoneração, ANTONIO ALENCAR ARARIPE NETO,nan,nan,nan,nan,nan,nan,nan,nan,nan,nan,"EXONERAR, por ter pedido exoneracao do cargo efetivo, ANTONIO ALENCAR ARARIPE NETO,
Carreira Medica (Biometria e Pericia Medica), Matricula no 137"
1,Exoneração, WELLINGTON ANTONIO DA SILVA,nan,nan,nan,nan,nan,nan,a pedido,nan,nan,nan,"EXONERAR, a pedido, WELLINGTON ANTONIO DA SILVA, Carreira de Enfermeiro, Matricula no
123"
2,Exoneração, MARCIA STOPPA FERREIRA MENDES,nan,nan,nan,nan,nan,nan,a pedido,nan,nan,nan,"EXONERAR, a pedido, MARCIA STOPPA FERREIRA MENDES, Assistente Superior de Saude
(Assistente Social), Matricula no 128"
3,Exoneração, MARILENA OLIVERIA CORREA,no,nan,nan,nan,nan,nan,a pedido,nan,nan,nan,"EXONERAR, a pedido, MARILENA OLIVERIA CORREA, matricula no 57"
4,Exoneração, DANIELLE LELIS FERREIRA,no,nan,nan,nan,nan,nan,a pedido,nan,nan,nan,"EXONERAR, a pedido, DANIELLE LELIS FERREIRA, matricula no 200"
5,Exoneração, MARIA SIMONE MAGALHAES COE,no,nan,nan,nan,nan,nan,nan,nan,nan,nan,"EXONERAR, por estar sendo nomeada para outra funcao, MARIA SIMONE MAGALHAES COE-
LHO, matricula no 65"
6,Exoneração, MARIA FLORA CALVINO MARQUES PEREIRA,no,nan,nan,nan,nan,nan,a pedido,nan,nan,nan,"EXONERAR, a pedido, MARIA FLORA CALVINO MARQUES PEREIRA, matricula no 37"
7,Exoneração, SILVIA CRISTINA MORAIS ANDRADE,no,nan,nan,nan,nan,nan,nan,nan,nan,nan,"EXONERAR, por ter sido nomeada para outra funcao, SILVIA CRISTINA MORAIS ANDRADE,
matricula no 35"
8,Exoneração, MARCUSE GONCALVES DOS SANTOS,no,nan,nan,nan,nan,nan,nan,nan,nan,nan,"EXONERAR, por estar sendo nomeado para outra funcao, MARCUSE GONCALVES DOS SANTOS,
matricula no 27"
9,Exoneração, NARA POLLYANA FRANCISCO DE AZEVEDO,no,nan,nan,nan,nan,nan,a pedido,nan,nan,nan,"EXONERAR, a pedido, NARA POLLYANA FRANCISCO DE AZEVEDO, matricula no 25"
10,Exoneração, CELSO TAVARES,no,nan,nan,nan,nan,nan,nan,nan,nan,nan,"EXONERAR, por estar sendo nomeado para outra funcao, CELSO TAVARES, matricula no 46"
11,Exoneração, TELMA MARIA DE ALMEIDA,no,nan,nan,nan,nan,nan,a pedido,nan,nan,nan,"EXONERAR, a pedido, TELMA MARIA DE ALMEIDA, matricula no 44"
12,Exoneração, MARIA DE FATIMA BEZERRA SOUSA,no,nan,nan,nan,nan,nan,a pedido,nan,nan,nan,"EXONERAR, a pedido, MARIA DE FATIMA BEZERRA SOUSA, matricula no 62"
13,Exoneração, JAQUELINE ROCHA DE CARVALHO DE SOUZA,no,nan,nan,nan,nan,nan,a pedido,nan,nan,nan,"EXONERAR, a pedido, JAQUELINE ROCHA DE CARVALHO DE SOUZA, matricula no 27"
14,Exoneração, ANTONIA RIBEIRO DE CARVALHO COSTA,nan,nan,nan,nan,nan,nan,nan,nan,nan,nan,"EXONERAR, por motivo de aposentadoria, ANTONIA RIBEIRO DE CARVALHO COSTA, matri-
cula no 92"
15,Exoneração, RITA DE CASSIA NOGUEIRA RIBEIRO,no,nan,nan,nan,nan,nan,a pedido,nan,nan,nan,"EXONERAR, a pedido, RITA DE CASSIA NOGUEIRA RIBEIRO, matricula no 33"
16,Exoneração, CRISTINA MARSCHALL,no,nan,nan,nan,nan,nan,nan,nan,nan,nan,"EXONERAR, por motivo de aposentadoria, CRISTINA MARSCHALL, matricula no 74"
17,Exoneração, RITA DE CASSIA PEREIRA ALVES,no,nan,nan,nan,nan,nan,nan,nan,nan,nan,"EXONERAR, por estar sendo nomeada para outra funcao, RITA DE CASSIA PEREIRA ALVES,
matricula no 42"
18,Exoneração, MARILU JOVENTINA DE JESUS,nan,nan,nan,nan,nan,nan,nan,nan,nan,nan,"EXONERAR, por estar sendo nomeada para outra funcao, MARILU JOVENTINA DE JESUS, matri-
cula no 32"
19,Exoneração, WALDEMI CARDOSO DE PAULA,no,nan,nan,nan,nan,nan,a pedido,nan,nan,nan,"EXONERAR, a pedido, WALDEMI CARDOSO DE PAULA, matricula no 30"
20,Exoneração, JOAO GONZAGA DA SILVA FILHO,no,nan,nan,nan,nan,nan,a pedido,nan,nan,nan,"EXONERAR, a pedido, JOAO GONZAGA DA SILVA FILHO, matricula no 29"
21,Exoneração, DORENI CARNEIRO ESCOBAR KEGLER,no,nan,nan,nan,nan,nan,a pedido,nan,nan,nan,"EXONERAR, a pedido, DORENI CARNEIRO ESCOBAR KEGLER, matricula no 30"
22,Exoneração, EULINA NERY DE ARAUJO,no,nan,nan,nan,nan,nan,a pedido,nan,nan,nan,"EXONERAR, a pedido, EULINA NERY DE ARAUJO, matricula no 32"
23,Exoneração, FRANCISCO CARLOS SOARES,nan,nan,nan,nan,nan,nan,nan,nan,nan,nan,"EXONERAR, por estar sendo nomeado para outra funcao, FRANCISCO CARLOS SOARES, matri-
cula no 32"
24,Exoneração, ROSIANE MARRA GOMES,no,nan,nan,nan,nan,nan,a pedido,nan,nan,nan,"EXONERAR, a pedido, ROSIANE MARRA GOMES, matricula no 56"
25,Exoneração," VALGDAMIR FERREIRA DA COSTA
THINASSI",no,nan,nan,nan,nan,nan,nan,nan,nan,nan,"EXONERAR, por estar sendo nomeado para outra funcao, VALGDAMIR FERREIRA DA COSTA
THINASSI, matricula no 34"
26,Exoneração, LUCIA FERNANDES DUTRA,no,nan,nan,nan,nan,nan,a pedido,nan,nan,nan,"EXONERAR, a pedido, LUCIA FERNANDES DUTRA, matricula no 201"
27,Exoneração, KALINE OLIVEIRA MOTTA,no,nan,nan,nan,nan,nan,nan,nan,nan,nan,"EXONERAR KALINE OLIVEIRA MOTTA, matricula no 71"
28,Exoneração, DANIELE ARAUJO DA SILVA,no,nan,nan,nan,nan,nan,a pedido,nan,nan,nan,"EXONERAR, a pedido, DANIELE ARAUJO DA SILVA, matricula no 30"
29,Exoneração, CRISTIANE MOREIRA ALMEIDA,no,nan,nan,nan,nan,nan,nan,nan,nan,nan,"EXONERAR, por estar sendo nomeada para outra funcao, CRISTIANE MOREIRA ALMEIDA,
matricula no 35"
