,Tipo,Nome,Cargo Efetivo,Matricula,Siape,Simbolo,Cargo Comissao,Lotacao,Orgao,text
0,Nomeação, ANTONIO ALENCAR ARARIPE NETO,para exercer o Cargo em Comissao,nan,nan,nan,nan,nan,nan,"NOMEAR ANTONIO ALENCAR ARARIPE NETO, para exercer o Cargo em Comissao, Simbo-
lo DFG-13, de Diretor do Hospital Sao Vicente de Paulo da Secretaria de Estado de Saude do
Distrito Federal"
1,Nomeação, EUNICE FALCAO DE ARAUJO,Carreira Medica (Pediatria),124.388-8,nan,DFG-05,nan,nan,nan,"NOMEAR EUNICE FALCAO DE ARAUJO, Carreira Medica (Pediatria), Matricula no 124.388-8,
para exercer o Cargo em Comissao, Simbolo DFG-05, de Chefe da Unidade de Pediatria da Gerencia
de Atencao Medica e Assistencial do Hospital Regional do Guara da Secretaria de Estado de Saude do
Distrito Federal"
2,Nomeação, MARIA ANGELA VELOSO MARTINS,Assistente Superior de Saude (Assistente Social),124.453-1,nan,DFG-05,nan,nan,nan,"NOMEAR MARIA ANGELA VELOSO MARTINS, Assistente Superior de Saude (Assistente Social),
Matricula no 124.453-1, para exercer o Cargo em Comissao, Simbolo DFG-05, de Chefe do Nucleo de
Servico Social da Gerencia de Diagnose e Terapia do Hospital Regional de Taguatinga da Secretaria de
Estado de Saude do Distrito Federal"
3,Nomeação, MARCIA MARIA CAIRES SILVA,para exercer o Cargo em Comissao,nan,nan,DFA-03,nan,nan,nan,"NOMEAR MARCIA MARIA CAIRES SILVA, para exercer o Cargo em Comissao, Simbolo DFA-03,
de Secretaria Administrativa do Gabinete da Secretaria de Estado de Saude do Distrito Federal"
4,Nomeação, MARCOS ANTONIO ANTUNES,nan,28.925-6,nan,FG-01,nan,nan,nan,"NOMEAR MARCOS ANTONIO ANTUNES, matricula no 28.925-6, para exercer a Funcao Gratifi-
cada, Simbolo FG-01, de Assistente da Escola Classe 106 Norte da Gerencia Regional de Ensino do
Plano Piloto e do Cruzeiro da Diretoria de Unidades Regionais da Subsecretaria de Suporte Educacio-
nal da Secretaria de Estado de Educacao do Distrito Federal"
5,Nomeação, MARIA SIMONE MAGALHAES COELHO,nan,65.492-2,nan,FG-04,nan,nan,nan,"NOMEAR MARIA SIMONE MAGALHAES COELHO, matricula no 65.492-2, para exercer a Fun-
cao Gratificada, Simbolo FG-04, de Diretor da Escola Classe 305 Sul da Gerencia Regional de Ensino
do Plano Piloto e do Cruzeiro da Diretoria de Unidades Regionais da Subsecretaria de Suporte Educa-
cional da Secretaria de Estado de Educacao do Distrito Federal"
6,Nomeação, JOSE DE ANCHIETA DE ALMEIDA REGO,nan,23.645-4,nan,FG-02,nan,nan,nan,"NOMEAR JOSE DE ANCHIETA DE ALMEIDA REGO, matricula no 23.645-4, para exercer a
Funcao Gratificada, Simbolo FG-02, de Vice-Diretor da Escola Classe 305 Sul da Gerencia Regional de
Ensino do Plano Piloto e do Cruzeiro da Diretoria de Unidades Regionais da Subsecretaria de Suporte
Educacional da Secretaria de Estado de Educacao do Distrito Federal"
7,Nomeação, MARIA TEREZA MONTEIRO DE CASTRO SOUZA,nan,74.974-5,nan,FG-04,nan,nan,nan,"NOMEAR MARIA TEREZA MONTEIRO DE CASTRO SOUZA, matricula no 74.974-5, para exer-
cer a Funcao Gratificada, Simbolo FG-04, de Diretor da Escola Classe 405 Norte da Gerencia Regional
de Ensino do Plano Piloto e do Cruzeiro da Diretoria de Unidades Regionais da Subsecretaria de
Suporte Educacional da Secretaria de Estado de Educacao do Distrito Federal"
8,Nomeação, PATRICIA DO VALLE MACHADO GOMES ARAUJO,nan,20.407-2,nan,FG-01,nan,nan,nan,"NOMEAR PATRICIA DO VALLE MACHADO GOMES ARAUJO, matricula no 20.407-2, para
exercer a Funcao Gratificada, Simbolo FG-01, de Assistente da Escola Classe 407 Norte da Gerencia
Regional de Ensino do Plano Piloto e do Cruzeiro da Diretoria de Unidades Regionais da Subsecretaria
de Suporte Educacional da Secretaria de Estado de Educacao do Distrito Federal"
9,Nomeação, EDIELZA FIGUEIREDO DOS SANTOS,nan,65.887-1,nan,FG-02,nan,nan,nan,"NOMEAR EDIELZA FIGUEIREDO DOS SANTOS, matricula no 65.887-1, para exercer a Funcao
Gratificada, Simbolo FG-02, de Assistente do Centro de Ensino Fundamental 01 do Planalto da
Gerencia Regional de Ensino do Plano Piloto e do Cruzeiro da Diretoria de Unidades Regionais da
Subsecretaria de Suporte Educacional da Secretaria de Estado de Educacao do Distrito Federal"
10,Nomeação, SEVERINO JORGE SOLINO AIRES,nan,79.017-6,nan,FG-04,nan,nan,nan,"NOMEAR SEVERINO JORGE SOLINO AIRES, matricula no 79.017-6, para exercer a Funcao Grati-
ficada, Simbolo FG-04, de Assistente do Centro de Ensino Medio Paulo Freire da Gerencia Regional
de Ensino do Plano Piloto e do Cruzeiro da Diretoria de Unidades Regionais da Subsecretaria de
Suporte Educacional da Secretaria de Estado de Educacao do Distrito Federal"
11,Nomeação, ANGELICA DE OLIVEIRA DIAS,nan,29.619-8,nan,FG-04,nan,nan,nan,"NOMEAR ANGELICA DE OLIVEIRA DIAS, matricula no 29.619-8, para exercer a Funcao Gratifi-
cada, Simbolo FG-04, de Vice-Diretor do Centro de Ensino Especial de Deficientes Visuais da Gerencia
Regional de Ensino do Plano Piloto e do Cruzeiro da Diretoria de Unidades Regionais da Subsecretaria
de Suporte Educacional da Secretaria de Estado de Educacao do Distrito Federal"
12,Nomeação, DAYSE MARILIA LEAL,nan,29.171-4,nan,DFG-06,nan,nan,nan,"NOMEAR DAYSE MARILIA LEAL, matricula no 29.171-4, para exercer o Cargo em Comissao,
Simbolo DFG-06, de Chefe de Secretaria Escolar do Centro Interescolar de Linguas 01 de Brasilia da
Gerencia Regional de Ensino do Plano Piloto e do Cruzeiro da Diretoria de Unidades Regionais da
Subsecretaria de Suporte Educacional da Secretaria de Estado de Educacao do Distrito Federal"
13,Nomeação, LUCIMAR DE SOUZA OLIVEIRA,nan,34.943-7,nan,FG-04,nan,nan,nan,"NOMEAR LUCIMAR DE SOUZA OLIVEIRA, matricula no 34.943-7, para exercer a Funcao Grati-
ficada, Simbolo FG-04, de Assistente da Escola Normal de Brazlandia da Gerencia Regional de Ensino de Brazlandia da Diretoria de Unidades Regionais da Subsecretaria de Suporte Educacional da Secreta-
ria de Estado de Educacao do Distrito Federal"
14,Nomeação, ANDRE RICARDO DE OLIVEIRA,nan,28.917-5,nan,FG-01,nan,nan,nan,"NOMEAR ANDRE RICARDO DE OLIVEIRA, matricula no 28.917-5, para exercer a Funcao Grati-
ficada, Simbolo FG-01, de Assistente da Escola Classe 02 de Ceilandia da Gerencia Regional de Ensino
de Ceilandia da Diretoria de Unidades Regionais da Subsecretaria de Suporte Educacional da Secretaria
de Estado de Educacao do Distrito Federal"
15,Nomeação, JAIR ROBERTO DA SILVA,nan,26.925-5,nan,FG-01,nan,nan,nan,"NOMEAR JAIR ROBERTO DA SILVA, matricula no 26.925-5, para exercer a Funcao Gratificada,
Simbolo FG-01, de Assistente da Escola Classe 12 de Ceilandia da Gerencia Regional de Ensino de
Ceilandia da Diretoria de Unidades Regionais da Subsecretaria de Suporte Educacional da Secretaria de
Estado de Educacao do Distrito Federal"
16,Nomeação, CELIA DE FATIMA MARIZ DE SOUZA,nan,68.747-2,nan,DFG-04,nan,nan,nan,"NOMEAR CELIA DE FATIMA MARIZ DE SOUZA, matricula no 68.747-2, para exercer o Cargo
em Comissao, Simbolo DFG-04, de Chefe de Secretaria Escolar do Centro de Ensino Fundamental 02
de Ceilandia da Gerencia Regional de Ensino de Ceilandia da Diretoria de Unidades Regionais da
Subsecretaria de Suporte Educacional da Secretaria de Estado de Educacao do Distrito Federal"
17,Nomeação, MARIA DO PERPETUO SOCORRO MARQUES DE SOUSA,nan,56.647-0,nan,FG-04,nan,nan,nan,"NOMEAR MARIA DO PERPETUO SOCORRO MARQUES DE SOUSA, matricula no 56.647-0,
para exercer a Funcao Gratificada, Simbolo FG-04, de Vice-Diretor do Centro de Ensino Fundamental
13 de Ceilandia da Gerencia Regional de Ensino de Ceilandia da Diretoria de Unidades Regionais da
Subsecretaria de Suporte Educacional da Secretaria de Estado de Educacao do Distrito Federal"
18,Nomeação, RITA DE CASSIA PEREIRA ALVES,nan,42.111-1,nan,FG-05,nan,nan,nan,"NOMEAR RITA DE CASSIA PEREIRA ALVES, matricula no 42.111-1, para exercer a Funcao
Gratificada, Simbolo FG-05, de Vice-Diretor do Centro Educacional 02 do Guara da Gerencia Regional
de Ensino do Guara da Diretoria de Unidades Regionais da Subsecretaria de Suporte Educacional da
Secretaria de Estado de Educacao do Distrito Federal"
19,Nomeação, SIMONE TEIXEIRA DE CARVALHO,nan,99.249-6,nan,FG-04,nan,nan,nan,"NOMEAR SIMONE TEIXEIRA DE CARVALHO, matricula no 99.249-6, para exercer a Funcao
Gratificada, Simbolo FG-04, de Assistente do Centro Educacional 02 do Guara da Gerencia Regional
de Ensino do Guara da Diretoria de Unidades Regionais da Subsecretaria de Suporte Educacional da
Secretaria de Estado de Educacao do Distrito Federal"
20,Nomeação, EDILENE BARBOSA DOS SANTOS,nan,31.677-6,nan,FG-02,nan,nan,nan,"NOMEAR EDILENE BARBOSA DOS SANTOS, matricula no 31.677-6, para exercer a Funcao
Gratificada, Simbolo FG-02, de Vice-Diretor da Escola Classe 09 de Planaltina da Gerencia Regional
de Ensino de Planaltina da Diretoria de Unidades Regionais da Subsecretaria de Suporte Educacional
da Secretaria de Estado de Educacao do Distrito Federal"
21,Nomeação, HUDSON NERY DE SOUZA,nan,201.962-0,nan,FG-02,nan,nan,nan,"NOMEAR HUDSON NERY DE SOUZA, matricula no 201.962-0, para exercer a Funcao Gratificada,
Simbolo FG-02, de Assistente do Centro de Ensino Fundamental  05 de Sobradinho da Gerencia
Regional de Ensino do Sobradinho da Diretoria de Unidades Regionais da Subsecretaria de Suporte
Educacional da Secretaria de Estado de Educacao do Distrito Federal"
22,Nomeação, CONSUELO CRISTINA MACEDO DA SILVA, matricula no 47.452-5,47.452-5,nan,FG-04,nan,nan,nan,"NOMEAR CONSUELO CRISTINA MACEDO DA SILVA,  matricula no 47.452-5, para exercer a
Funcao Gratificada, Simbolo FG-04, de Assistente do Centro de Ensino Medio 01 de Sobradinho da
Gerencia Regional de Ensino do Sobradinho da Diretoria de Unidades Regionais da Subsecretaria de
Suporte Educacional da Secretaria de Estado de Educacao do Distrito Federal"
23,Nomeação, FRANCISCO CARLOS SOARES,nan,32.217-2,nan,FG-02,nan,nan,nan,"NOMEAR FRANCISCO CARLOS SOARES, matricula no 32.217-2, para exercer a Funcao Gratifica-
da, Simbolo FG-02, de Assistente do Centro de Ensino Fundamental 16 de Taguatinga da Gerencia
Regional de Ensino de Taguatinga da Diretoria de Unidades Regionais da Subsecretaria de Suporte
Educacional da Secretaria de Estado de Educacao do Distrito Federal"
24,Nomeação, ALEX RANGEL FROTA ARAUJO,para exercer o Cargo em Comissao,nan,nan,DFG-02,nan,nan,nan,"NOMEAR ALEX RANGEL FROTA ARAUJO, para exercer o Cargo em Comissao, Simbolo DFG-02,
de Chefe de Secretaria Escolar da Escola Classe 317 de Samambaia da Gerencia Regional de Ensino de
Samambaia da Diretoria de Unidades Regionais da Subsecretaria de Suporte Educacional da Secretaria
de Estado de Educacao do Distrito Federal"
25,Nomeação, ADRIANA REZENDE VARGAS,nan,34.587-3,nan,FG-04,nan,nan,nan,"NOMEAR ADRIANA REZENDE VARGAS, matricula no 34.587-3, para exercer a Funcao Gratifica-
da, Simbolo FG-04, de Diretor da Escola Classe 510 de Samambaia da Gerencia Regional de Ensino de
Samambaia da Diretoria de Unidades Regionais da Subsecretaria de Suporte Educacional da Secretaria
de Estado de Educacao do Distrito Federal"
26,Nomeação, RENATA DE AVILA SILVA,nan,31.679-2,nan,FG-02,nan,nan,nan,"NOMEAR RENATA DE AVILA SILVA, matricula no 31.679-2, para exercer a Funcao Gratificada,
Simbolo FG-02, de Assistente do Centro de Ensino Fundamental  507 de Samambaia da Gerencia
Regional de Ensino de Samambaia da Diretoria de Unidades Regionais da Subsecretaria de Suporte
Educacional da Secretaria de Estado de Educacao do Distrito Federal"
27,Nomeação, CRISTIANE MOREIRA ALMEIDA,nan,35.843-6,nan,DFA-09,nan,nan,nan,"NOMEAR CRISTIANE MOREIRA ALMEIDA, matricula no 35.843-6, para exercer o Cargo em
Comissao, Funcao Gratificada, Simbolo DFA-09, de Assistente da Gerencia Regional de Ensino do
Paranoa da Diretoria de Unidades Regionais da Subsecretaria de Suporte Educacional da Secretaria de
Estado de Educacao do Distrito Federal"
28,Nomeação, ELIANE ROSA DE AMORIM,nan,200.644-8,nan,FG-04,nan,nan,nan,"NOMEAR ELIANE ROSA DE AMORIM, matricula no 200.644-8, para exercer a Funcao Gratificada,
Simbolo FG-04, de Vice-Diretor do Centro de Ensino Fundamental 01 do Paranoa da Gerencia
Regional de Ensino do Paranoa da Diretoria de Unidades Regionais da Subsecretaria de Suporte
Educacional da Secretaria de Estado de Educacao do Distrito Federal"
29,Nomeação, CICERO LOPES DE CARVALHO NETO,nan,39.271-5,nan,FG-02,nan,nan,nan,"NOMEAR CICERO LOPES DE CARVALHO NETO, matricula no 39.271-5, para exercer a Funcao
Gratificada, Simbolo FG-02, de Assistente do Centro de Ensino Fundamental 01 do Paranoa da
Gerencia Regional de Ensino do Paranoa da Diretoria de Unidades Regionais da Subsecretaria de
Suporte Educacional da Secretaria de Estado de Educacao do Distrito Federal"
30,Nomeação, JANIO DOMINGUES DOURADO,para exercer o Cargo em Comissao,nan,nan,DFG-07,nan,nan,nan,"NOMEAR JANIO DOMINGUES DOURADO, para exercer o Cargo em Comissao, Simbolo DFG-07,
de Chefe do Nucleo de Expediente da Gerencia Regional de Ensino de Santa Maria da Diretoria de
Unidades Regionais da Subsecretaria de Suporte Educacional da Secretaria de Estado de Educacao do
Distrito Federal"
31,Nomeação, PATRICIA CARLOS TRAJANO PEIXOTO,nan,33.355-7,nan,FG-02,nan,nan,nan,"NOMEAR PATRICIA CARLOS TRAJANO PEIXOTO, matricula no 33.355-7, para exercer a Fun-
cao Gratificada, Simbolo FG-02, de Vice-Diretor da Escola Classe 116 de Santa Maria da Gerencia
Regional de Ensino de Santa Maria da Diretoria de Unidades Regionais da Subsecretaria de Suporte
Educacional da Secretaria de Estado de Educacao do Distrito Federal"
32,Nomeação, JACIARA MARIA MIRANDA DE FREITAS,nan,38.272-8,nan,FG-02,nan,nan,nan,"NOMEAR JACIARA MARIA MIRANDA DE FREITAS, matricula no 38.272-8, para exercer a
Funcao Gratificada, Simbolo FG-02, de Vice-Diretor do Jardim de Infancia 114 Sul da Gerencia
Regional de Ensino do Plano Piloto e do Cruzeiro da Diretoria de Unidades Regionais da Subsecretaria
de Suporte Educacional da Secretaria de Estado de Educacao do Distrito Federal"
33,Nomeação, GABRIEL DE MORAIS ALLEMAND BORGES,para exercer o Cargo em Comissao,nan,nan,DFG-02,nan,nan,nan,"NOMEAR GABRIEL DE MORAIS ALLEMAND BORGES, para exercer o Cargo em Comissao,
Simbolo DFG-02, de Chefe de Secretaria Escolar do Jardim de Infancia 304 Norte da Gerencia
Regional de Ensino do Plano Piloto e do Cruzeiro da Diretoria de Unidades Regionais da Subsecretaria
de Suporte Educacional da Secretaria de Estado de Educacao do Distrito Federal"
34,Nomeação, VALDMYRA REZENDE DE LIMA MENDES,nan,41.883-8,nan,FG-04,nan,nan,nan,"NOMEAR VALDMYRA REZENDE DE LIMA MENDES, matricula no 41.883-8, para exercer a
Funcao Gratificada, Simbolo FG-04, de Diretor da Escola Classe 711 Norte da Gerencia Regional de
Ensino do Plano Piloto e do Cruzeiro da Diretoria de Unidades Regionais da Subsecretaria de Suporte
Educacional da Secretaria de Estado de Educacao do Distrito Federal"
35,Nomeação, SHEILA CRISTINE DE MENEZES COBELO,nan,23.820-1,nan,FG-02,nan,nan,nan,"NOMEAR SHEILA CRISTINE DE MENEZES COBELO, matricula no 23.820-1, para exercer a
Funcao Gratificada, Simbolo FG-02, de Vice-Diretor da Escola Classe 711 Norte da Gerencia Regional
de Ensino do Plano Piloto e do Cruzeiro da Diretoria de Unidades Regionais da Subsecretaria de
Suporte Educacional da Secretaria de Estado de Educacao do Distrito Federal"
36,Nomeação, MARCUSE GONCALVES DOS SANTOS,nan,27.604-9,nan,FG-04,nan,nan,nan,"NOMEAR MARCUSE GONCALVES DOS SANTOS, matricula no 27.604-9, para exercer a Funcao
Gratificada, Simbolo FG-04, de Vice-Diretor do Centro de Ensino Fundamental 01 do Planalto da
Gerencia Regional de Ensino do Plano Piloto e do Cruzeiro da Diretoria de Unidades Regionais da
Subsecretaria de Suporte Educacional da Secretaria de Estado de Educacao do Distrito Federal"
37,Nomeação, CELSO TAVARES,nan,46.862-2,nan,FG-,nan,nan,nan,"NOMEAR CELSO TAVARES, matricula no 46.862-2, para exercer a Funcao Gratificada, Simbolo FG-
02, de Assistente do Centro de Ensino Especial de Deficientes Visuais da Gerencia Regional de Ensino
do Plano Piloto e do Cruzeiro da Diretoria de Unidades Regionais da Subsecretaria de Suporte Educa-
cional da Secretaria de Estado de Educacao do Distrito Federal"
38,Nomeação, GILSA MARIA SOARES VARAO,nan,64.745-4,nan,FG-04,nan,nan,nan,"NOMEAR GILSA MARIA SOARES VARAO, matricula no 64.745-4, para exercer a Funcao Gratifi-
cada, Simbolo FG-04, de Diretor da Escola Classe da Acao Social do Planalto da Gerencia Regional de
Ensino do Plano Piloto e do Cruzeiro da Diretoria de Unidades Regionais da Subsecretaria de Suporte
Educacional da Secretaria de Estado de Educacao do Distrito Federal"
39,Nomeação, LUZIA ZELIA BRAZ,nan,66.901-6,nan,FG-02,nan,nan,nan,"NOMEAR LUZIA ZELIA BRAZ, matricula no 66.901-6, para exercer a Funcao Gratificada, Simbolo
FG-02, de Vice-Diretor da Escola Classe da Acao Social do Planalto da Gerencia Regional de Ensino
do Plano Piloto e do Cruzeiro da Diretoria de Unidades Regionais da Subsecretaria de Suporte Educa-
cional da Secretaria de Estado de Educacao do Distrito Federal"
40,Nomeação, CIRES LUCIA BATISTA DE SOUZA,nan,55.816-8,nan,DFG-04,nan,nan,nan,"NOMEAR CIRES LUCIA BATISTA DE SOUZA, matricula no 55.816-8, para exercer o Cargo em
Comissao, Simbolo DFG-04, de Chefe de Secretaria Escolar do Centro de Ensino Fundamental 21 de
Ceilandia da Gerencia Regional de Ensino de Ceilandia da Diretoria de Unidades Regionais da Subsecre-
taria de Suporte Educacional da Secretaria de Estado de Educacao do Distrito Federal"
41,Nomeação, HUMBERTO FRANCISCO DA SILVA,nan,63.948-6,nan,FG-04,nan,nan,nan,"NOMEAR HUMBERTO FRANCISCO DA SILVA, matricula no 63.948-6, para exercer a Funcao
Gratificada, Simbolo FG-04, de Assistente do Centro Interescolar de Linguas de Ceilandia da Gerencia
Regional de Ensino de Ceilandia da Diretoria de Unidades Regionais da Subsecretaria de Suporte
Educacional da Secretaria de Estado de Educacao do Distrito Federal"
42,Nomeação, CELMA LUIZA DA SILVA AGUIAR,nan,32.612-7,nan,FG-01,nan,nan,nan,"NOMEAR CELMA LUIZA DA SILVA AGUIAR, matricula no 32.612-7, para exercer a Funcao
Gratificada, Simbolo FG-01, de Assistente da Escola Classe 01 do Gama da Gerencia Regional de
Ensino do Gama da Diretoria de Unidades Regionais da Subsecretaria de Suporte Educacional da
Secretaria de Estado de Educacao do Distrito Federal"
43,Nomeação, MARILU JOVENTINA DE JESUS,nan,32.283-0,nan,FG-04,nan,nan,nan,"NOMEAR MARILU JOVENTINA DE JESUS, matricula no 32.283-0, para exercer a Funcao Gratifi-
cada, Simbolo FG-04, de Diretor da Escola Classe 09 de Planaltina da Gerencia Regional de Ensino de
Planaltina da Diretoria de Unidades Regionais da Subsecretaria de Suporte Educacional da Secretaria
de Estado de Educacao do Distrito Federal"
44,Nomeação, CLAUDIA DA CUNHA OLIVEIRA VASCONELOS,nan,65.172-9,nan,FG-02,nan,nan,nan,"NOMEAR CLAUDIA DA CUNHA OLIVEIRA VASCONELOS, matricula n 65.172-9, para exercer a
Funcao Gratificada, Simbolo FG-02, de Vice-Diretor da Escola Classe 18 de Taguatinga da Gerencia
Regional de Ensino de Taguatinga da Diretoria de Unidades Regionais da Subsecretaria de Suporte
Educacional da Secretaria de Estado de Educacao do Distrito Federal"
45,Nomeação, OTAVIO PEREIRA SANTOS,nan,200.299-X,nan,FG-02,nan,nan,nan,"NOMEAR OTAVIO PEREIRA SANTOS, matricula no 200.299-X, para exercer a Funcao Gratifica-
da, Simbolo FG-02, de Assistente do Centro de Ensino Fundamental 312 de Samambaia da Gerencia
Regional de Ensino de Samambaia da Diretoria de Unidades Regionais da Subsecretaria de Suporte
Educacional da Secretaria de Estado de Educacao do Distrito Federal"
46,Nomeação, VALGDAMIR FERREIRA DA COSTA THINASSI,nan,34.706-X,nan,FG-01,nan,nan,nan,"NOMEAR VALGDAMIR FERREIRA DA COSTA THINASSI, matricula no 34.706-X, para exercer a
Funcao Gratificada, Simbolo FG-01, de Assistente da Escola Classe 05 do Paranoa da Diretoria de
Unidades Regionais da Subsecretaria de Suporte Educacional da Secretaria de Estado de Educacao do
Distrito Federal"
47,Nomeação, HILDEBRANDO CERQUEIRA MEDEIROS,nan,28.947-7,nan,DFG-06,nan,nan,nan,"NOMEAR HILDEBRANDO CERQUEIRA MEDEIROS, matricula no 28.947-7, para exercer o Car-
go em Comissao, Simbolo DFG-06, de Chefe de Secretaria Escolar do Centro Educacional 417 de
Santa Maria da Gerencia Regional de Ensino de Santa Maria da Diretoria de Unidades Regionais da
Subsecretaria de Suporte Educacional da Secretaria de Estado de Educacao do Distrito Federal"
