,Tipo do Ato,SEI,Nome,Matrícula,Tipo de Aposentadoria,Cargo,Classe,Padrao,Quadro,Fundamento Legal,Orgao,Vigencia,Matricula SIAPE,text
0,Aposentadoria,030.012749/94,"a parte que concedeu aposentadoria a MAGDA TEREZA
FRANCISCHETTI",n.o,nan,nan,nan,nan,Quadro: Q,nan, Distrito Federal,nan,nan,"Conceder aposentadoria a servidora abaixo relacionada: DADOS DE IDENTIFICACAO  FUNDAMENTACAO LEGAL   
Nome: MAGDA TEREZA FRANCISCHETTI 
Matricula: 14.394-4 
Cargo: Especialista em Educacao 
Classe: Unica 
Padrao: XXV 
Quadro: Q.P.D.F. 
Processo: 030.012749/94 
   
Artigo 186, inciso III, alinea a, e 189, 
paragrafo unico, da Lei n.o 8.112, de 11 de 
dezembro de 1990, combinado com o artigo 41, 
inciso III, alinea a, e  4o, da Lei Organica do 
Distrito Federal, e artigo 3o, da Emenda 
Constitucional n.o 20, de 16 de dezembro de 
1998, com as vantagens previstas no artigo 3o 
da Lei n.o 8.911, de 11 de julho de 1994, 
combinado com o artigo 7o da Lei n.o 1.004, de 
11 de janeiro de 1996, regulamentada pelo 
Decreto n.o 17.182, de 06 de marco de 1996.    
Tornar sem efeito na Portaria n.o 169, de 15 de dezembro de 1994, publicada no Diario Oficial do
Distrito Federal, de 16 de dezembro de 1994, a parte que concedeu aposentadoria a MAGDA TEREZA
FRANCISCHETTI, matricula n.o 14.394-4, do Quadro de Pessoal do Distrito Federal. Processo
030.012749/94."
