,Tipo do Ato,Nome do Servidor Substituto,Matrícula do Servidor Substituto,Nome do Servidor a ser Substituido,Matrícula do Servidor a ser SubstituidoCargo,Símbolo do cargo do servidor substituto,Cargo comissionado objeto da substituição,Símbolo do cargo do objeto da substituição,Símbolo do cargo comissionado objeto da substituição,Hierarquia da Lotação,Órgão,Data Inicial da Vigência,Data Final de Vigência,Matrícula SIAPE,Motivo,text
0,Substituição de Funções, ISA MARIA GUIMARAES ELIAS,44.077-9,nan,nan,nan,DFG-14,nan,,nan,nan,nan,nan,nan,nan,"Designar ISA MARIA GUIMARAES ELIAS, matricula no 44.077-9, Diretora de Auditoria e Controle,
Simbolo DFG-14, para responder, cumulativa e interinamente, sem acumular vencimentos, pelo
cargo de natureza especial de Subsecretario de Auditoria, Simbolo CNE-06, da Secretaria de Fazenda
e Planejamento do Distrito Federal"
1,Substituição de Funções, o servidor LUIZ RODRIGUES DOS SANTOS,95.655-4,JOSE GONCALVES RIBEIRO NETO,106.086-4,do cargo em comissao de Diretor de Apoio Operacional,DFA-08,nan,nan,nan,nan,nan,nan,nan,nan,"Designar o servidor LUIZ RODRIGUES DOS SANTOS, matricula no 95.655-4, Assistente do Nucleo
de Apoio Material, Simbolo DFA-08, para substituir JOSE GONCALVES RIBEIRO NETO, matricula
no 106.086-4, do cargo em comissao de Diretor de Apoio Operacional, da Agencia de Desenvolvi-
mento do Turismo do Distrito Federal, por motivo do titular estar substituindo o Chefe de Gabinete,
no periodo de 01.11.2001  a  30.11.2001"
2,Substituição de Funções, a servidora IVA MARIA DE JESUS,95.990-1,LILIAN COUTO BEZERRA,nan,nan,DFG-02,nan,,nan,nan,nan,nan,nan,nan,"Designar a servidora IVA MARIA DE JESUS, matricula no 95.990-1, do Cargo em Comissao de
Encarregado do Nucleo de Capacitacao e Educacao para o Turismo, Simbolo DFG-02, da Agencia de
Desenvolvimento do Turismo do Distrito Federal,  para substituir LILIAN COUTO BEZERRA, do
cargo em comissao de Chefe do Nucleo de Criacao Publicitaria e Divulgacao Turistica, Simbolo DFG-
09, da Agencia de Desenvolvimento do Turismo do Distrito Federal, por motivo de ferias do titular,
no periodo de 06.11.2001 a 04.12.2001"
3,Substituição de Funções,  o servidor ELIAS TAVARES DA SILVA,no,"o Chefe
de Gabinete  do Vice",nan,nan,CNE,nan,nan,nan,nan,nan,nan,nan,nan,"DESIGNAR  o servidor ELIAS TAVARES DA SILVA, matricula  no 93.3783,  para substituir o Chefe
de Gabinete  do Vice-Governador, Simbolo CNE  05,  no periodo de 01/11 a 15/11/2001,  por
motivo de Ferias"
4,Substituição de Funções, os  servidores Roosevelt Costa Alves,30.883-1,nan,"97.929-5 e Cleusa Filomena
Ricardo",nan,nan,nan,nan,nan,nan,nan,nan,nan,nan,"DESIGNAR os  servidores Roosevelt Costa Alves, Tecnico Planejamento e Orcamento, matricula
no 30.883-1, Ronaldo Lucio dos Reis, Auxiliar Militar, matricula no 97.929-5 e Cleusa Filomena
Ricardo, Analista de Desenvolvimento Agropecuario, matricula no 100406-9, para sob a presidencia
do primeiro, comporem comissao para elaboracao de Inventario Fisico dos Bens Patrimoniais sob a
guarda do Gabinente do Vice-Governador, na forma do Dec"
5,Substituição de Funções, os servidores abaixo relacionados como executores dos contratos que menciona,nan,nan,nan,nan,nan,nan,nan,nan,nan,nan,nan,nan,nan,Designar os servidores abaixo relacionados como executores dos contratos que menciona:
6,Substituição de Funções, as servidoras abaixo relacionadas para comporem a Comissao ora instituida,n.o,nan,"n.o 68.408-2  Membro;
Luciana de Oliveira Bravo",nan,nan,nan,nan,nan,nan,nan,nan,nan,nan,"Designar as servidoras abaixo relacionadas para comporem a Comissao ora instituida: Raquel Cristina Barbosa Ferreira, matricula n.o 44.728-5  Presidente;
Lucy Arantes de Carvalho, matricula n.o 68.408-2  Membro;
Luciana de Oliveira Bravo, matricula n.o 26.147-5  Membro;
Lilian Beatriz de Bessa Fidelis,  matricula n.o 39.056-9  Membro;
Marli Esteves Fernandes Nunes, matricula n.o 39.595-1  Membro; e
Isabel Elena de Sousa Rabelo Marques, matricula n.o 37.230-7  Membro"
