,Tipo do Ato,Nome do Servidor Substituto,Matrícula do Servidor Substituto,Nome do Servidor a ser Substituido,Matrícula do Servidor a ser SubstituidoCargo,Símbolo do cargo do servidor substituto,Cargo comissionado objeto da substituição,Símbolo do cargo do objeto da substituição,Símbolo do cargo comissionado objeto da substituição,Hierarquia da Lotação,Órgão,Data Inicial da Vigência,Data Final de Vigência,Matrícula SIAPE,Motivo,text
0,Substituição de Funções," os profissionais medicos
abaixo relacionados",nan,nan,nan,nan,nan,nan,nan,nan,nan,nan,nan,nan,nan,"designar os profissionais medicos
abaixo relacionados, para participar da constituicao das Comissoes de Junta Medica Especial, pelo
periodo de 180 dias a partir da publicacao desta"
