,Tipo do Ato,SEI,Nome,Matrícula,Tipo de Aposentadoria,Cargo,Classe,Padrao,Quadro,Fundamento Legal,Orgao,Vigencia,Matricula SIAPE,text
0,Aposentadoria,082.008409/2000,a servidora ALMERINDA BISPO DE SOUZA,52.005-5,nan,nan,unica,XXIV,"Quadro de Pessoal do Distrito
Federal"," 186, inciso I, in fine, e 189, Paragrafo Unico, da Lei no 8.112,
de 11/12/1990, combinados com o artigo 41, inciso I, e  4o, da LEI ORGANICA DO DISTRITO
FEDERAL e com o artigo 40"," Distrito
Federal",nan,nan,"APOSENTAR, nos termos do artigo 186, inciso I, in fine, e 189, Paragrafo Unico, da Lei no 8.112,
de 11/12/1990, combinados com o artigo 41, inciso I, e  4o, da LEI ORGANICA DO DISTRITO
FEDERAL e com o artigo 40,  1o, inciso I, e  8o, da CONSTITUICAO DA REPUBLICA
FEDERATIVA DO BRASIL, alterado pelo artigo 1o da Emenda Constitucional no 20, de 16/12/
1998, a servidora ALMERINDA BISPO DE SOUZA, matricula no 52.005-5, Auxiliar de Educa-
cao/Conservacao e Limpeza, classe unica, padrao XXIV, do Quadro de Pessoal do Distrito
Federal. Processo no 080.009836/2002
CONCEDER, nos termos do artigo 186, inciso III, alinea a, e 189, Paragrafo Unico, da Lei no
8.112, de 11/12/1990, combinados com o artigo 41, inciso III, alinea a, e  4o, da LEI ORGANI-
CA DO DISTRITO FEDERAL e artigo 40,  1o, inciso IIIa e  8o, da CONSTITUICAO DA
REPUBLICA FEDERATIVA DO BRASIL, aposentadoria a servidora ANA MANOELA PON-
TES, matricula no 91.504-1, Agente de Educacao/Servicos de Cozinha, classe unica, padrao XXIV,
do Quadro de Pessoal do Distrito Federal. Processo no 080.005209/2002
CONCEDER, nos termos do artigo 186, inciso III, alinea d, e 189, Paragrafo Unico, da Lei no
8.112, de 11/12/1990, combinados com o artigo 41, inciso III, alinea d, e  4o, da LEI ORGA-
NICA DO DISTRITO FEDERAL e artigo 40,  1o, inciso IIIb, e  8o, da CONSTITUICAO DA
REPUBLICA FEDERATIVA DO BRASIL, aposentadoria a servidora ANTONIA SILVA NETO,
matricula no 40.982-0, Auxiliar de Educacao/Conservacao e Limpeza, classe unica, padrao XVII,
do Quadro de Pessoal do Distrito Federal. Processo no 080.010857/2002
CONCEDER, nos termos do artigo 186, inciso III, alinea c, e 189, Paragrafo Unico, da Lei no
8.112, de 11/12/1990, combinados com o artigo 41, inciso III, alinea c, e  4o, da LEI ORGANI-
CA DO DISTRITO FEDERAL e artigo 3o da Emenda Constitucional no 20, de 16/12/1998, com
as vantagens previstas no artigo 62 da Lei no 8.112, de 11/12/1990, combinado com o artigo 3o da
Lei no 8.911, de 12/07/1994 e artigo 7o da Lei no 1.004, de 11/01/1996, regulamentada pelo Decreto
no 17.182, de 06/03/1996, aposentadoria ao servidor ANTONIO GILMAR RIBEIRO, matricula
no 70.855-0, Professor, nivel 03, classe unica, padrao 21-3F, do Quadro de Pessoal do Distrito
Federal. Processo no 080.010584/2002
CONCEDER, nos termos do artigo 8o,  1o, incisos Ia, Ib e II, da Emenda Constitucional no 20, de
16/12/1998, e artigo 40,  8o, da CONSTITUICAO DA REPUBLICA FEDERATIVA DO BRA-
SIL, aposentadoria ao servidor ANTONIO LUCIO PEREIRA, matricula no 29.949-9, Especia-
lista de Assistencia a Educacao/Apoio Tecnico-Administrativo, classe 2, padrao II, do Quadro de
Pessoal do Distrito Federal. Processo no 080.012527/2002
APOSENTAR, nos termos do artigo 186, inciso I, in fine, e 189, Paragrafo Unico, da Lei no 8.112,
de 11/12/1990, combinados com o artigo 41, inciso I, e  4o, da LEI ORGANICA DO DISTRITO
FEDERAL e com o artigo 40,  1o, inciso I, e  8o, da CONSTITUICAO DA REPUBLICA
FEDERATIVA DO BRASIL, alterado pelo artigo 1o da Emenda Constitucional no 20, de 16/12/
1998, a servidora ARCANJA ALVES DE SOUZA, matricula no 75.852-3, Auxiliar de Educacao/
Conservacao e Limpeza, classe unica, padrao XXIV, do Quadro de Pessoal do Distrito Federal.
Processo no 080.010336/2002
CONCEDER, nos termos do artigo 186, inciso III, alinea c, e 189, Paragrafo Unico, da Lei no
8.112, de 11/12/1990, combinados com o artigo 41, inciso III, alinea c, e  4o, da LEI ORGANI-
CA DO DISTRITO FEDERAL e artigo 3o da Emenda Constitucional no 20, de 16/12/1998,
acrescidos aos proventos os Incentivos Funcionais de que trata o artigo 30 da Lei no 6.366, de 15/
10/1976, de acordo com o Paragrafo Unico do artigo 13 da Lei no 66, de 18/12/1989, aposentadoria
a servidora BERNADETE DE FATIMA AMARAL, matricula no 74.660-6, Professor, nivel 02,
classe B, padrao 25-2F, do Quadro de Pessoal do Distrito Federal. Processo no 080.009948/2002
CONCEDER, nos termos do artigo 186, inciso III, alinea c, e 189, Paragrafo Unico, da Lei no 8.112, de 11/12/1990, combinados com o artigo 41, inciso III, alinea c, e  4o, da LEI
ORGANICA DO DISTRITO FEDERAL e artigo 3o da Emenda Constitucional no 20, de 16/
12/1998, acrescidos aos proventos os Incentivos Funcionais de que trata o artigo 30 da Lei no
6.366, de 15/10/1976, de acordo com o Paragrafo Unico do artigo 13 da Lei no 66, de 18/12/
1989, aposentadoria a servidora CATARINA MONTEIRO HAKME, matricula no 76.220-
2, Professor, nivel 03, classe unica, padrao 25-3F, do Quadro de Pessoal do Distrito Federal.
Processo no 080.008605/2002
CONCEDER, nos termos do artigo 8o,  1o, incisos Ia, Ib e II, da Emenda Constitucional no
20, de 16/12/1998, e artigo 40,  8o, da CONSTITUICAO DA REPUBLICA FEDERATIVA
DO BRASIL,
aposentadoria a servidora CELIA DE CARVALHO, matricula no 45.540-7, Professor, nivel 02,
classe A, padrao 14-2E, do Quadro de Pessoal do Distrito Federal. Processo no 082.008409/2000."
1,Aposentadoria,082.012444/1998,a servidora CLAUDIA REGINA DA SILVA NUNES,59.720-1,nan,nan,unica,XVII,"Quadro de Pessoal do
Distrito Federal"," 186, inciso I, Molestia Profissional, e 189, Paragrafo Unico,
da Lei no 8.112, de 11/12/1990, combinados com o artigo 41, inciso I, e  4o, da LEI ORGANICA
DO DISTRITO FEDERAL e com o artigo 40","
Distrito Federal",nan,nan,"APOSENTAR, nos termos do artigo 186, inciso I, Molestia Profissional, e 189, Paragrafo Unico,
da Lei no 8.112, de 11/12/1990, combinados com o artigo 41, inciso I, e  4o, da LEI ORGANICA
DO DISTRITO FEDERAL e com o artigo 40,  1o, inciso I, e  8o, da CONSTITUICAO DA
REPUBLICA FEDERATIVA DO BRASIL, alterado pelo artigo 1o da Emenda Constitucional no
20, de 16/12/1998, a servidora CLAUDIA REGINA DA SILVA NUNES, matricula no 59.720-1,
Auxiliar de Educacao/Servicos Gerais, classe unica, padrao XVII, do Quadro de Pessoal do
Distrito Federal. Processo no 080.004757/2002
CONCEDER, nos termos do artigo 186, inciso III, alinea c, e 189, Paragrafo Unico, da Lei
no 8.112, de 11/12/1990, combinados com o artigo 41, inciso III, alinea c, e  4o, da LEI
ORGANICA DO DISTRITO FEDERAL e artigo 3o da Emenda Constitucional no 20, de 16/
12/1998, acrescidos aos proventos os Incentivos Funcionais de que trata o artigo 30 da Lei no
6.366, de 15/10/1976, de acordo com o Paragrafo Unico do artigo 13 da Lei no 66, de 18/12/
1989, aposentadoria a servidora DILMA SONIA LEAL BASSO, matricula no 74.426-3,
Professor, nivel 03, classe unica, padrao 25-3F, do Quadro de Pessoal do Distrito Federal.
Processo no 082.012444/1998."
2,Aposentadoria,082.005048/1998,"a servidora EDNA FRANCISCA PEREIRA DE NO-
VAIS",97.059-X,nan,nan,Especial,VI,Quadro de Pessoal do Distrito Federal," 186, inciso I, in fine, e 189, Paragrafo Unico, da Lei no 8.112,
de 11/12/1990, combinados com o artigo 41, inciso I, e  4o, da LEI ORGANICA DO DISTRITO
FEDERAL e com o artigo 40", Distrito Federal,nan,nan,"APOSENTAR, nos termos do artigo 186, inciso I, in fine, e 189, Paragrafo Unico, da Lei no 8.112,
de 11/12/1990, combinados com o artigo 41, inciso I, e  4o, da LEI ORGANICA DO DISTRITO
FEDERAL e com o artigo 40,  1o, inciso I, e  8o, da CONSTITUICAO DA REPUBLICA
FEDERATIVA DO BRASIL, alterado pelo artigo 1o da Emenda Constitucional no 20, de 16/12/
1998, com as vantagens previstas no artigo 62 da Lei no 8.112, de 11/12/1990, combinado com o
artigo 3o da Lei no 8.911, de 12/07/1994 e artigo 7o da Lei no 1.004, de 11/01/1996, regulamentada
pelo Decreto no 17.182, de 06/03/1996, a servidora EDNA FRANCISCA PEREIRA DE NO-
VAIS, matricula no 97.059-X, Especialista de Assistencia a Educacao/Apoio Tecnico-Adminis-
trativo, classe Especial, padrao VI, do Quadro de Pessoal do Distrito Federal. Processo no
080.009586/2002
CONCEDER, nos termos do artigo 8o, incisos I, II, IIIa e IIIb, e  4o, da Emenda Constitucional
no 20, de 16/12/1998, e artigo 40,  8o, da CONSTITUICAO DA REPUBLICA FEDERATIVA
DO BRASIL, aposentadoria a servidora ELIZABETH DA SILVA PRUDENTE, matricula no
74.226-0, Professor, nivel 02, classe A, padrao 25-2E, do Quadro de Pessoal do Distrito Federal.
Processo no 080.010458/2002
CONCEDER, nos termos do artigo 40,  1o, inciso IIIa, e  5o e 8o, da CONSTITUICAO DA
REPUBLICA FEDERATIVA DO BRASIL, aposentadoria a servidora ETELVINA GONCAL-
VES ROSA CANEDO, matricula no 62.276-1, Professor, nivel 02, classe B, padrao 25-2F, do
Quadro de Pessoal do Distrito Federal. Processo no 082.005048/1998."
3,Aposentadoria,082.005754/1998,aposentadoria a servidora JURACI GOMES DADA,79.041-9,nan,nan,unica,VII,"Quadro de Pessoal do
Distrito Federal"," 186, inciso I","
Distrito Federal",nan,nan,"APOSENTAR, nos termos do artigo 186, inciso I,  1o, e 189, Paragrafo Unico, da Lei no 8.112,
de 11/12/1990, combinados com o artigo 41, inciso I, e  4o, da LEI ORGANICA DO DISTRITO
FEDERAL e com o artigo 40,  1o, inciso I, e  8o, da CONSTITUICAO DA REPUBLICA
FEDERATIVA DO BRASIL, alterado pelo artigo 1o da Emenda Constitucional no 20, de 16/12/
1998, com as vantagens previstas no artigo 62 da Lei no 8.112, de 11/12/1990, combinado com o
artigo 3o da Lei no 8.911, de 12/07/1994 e artigo 7o da Lei no 1.004, de 11/01/1996, regulamentada
pelo Decreto no 17.182, de 06/03/1996, o servidor JOSE JAIR LUCINDO FERREIRA, matricu-
la no 30.175-2, Agente de Educacao/Vigilancia, classe unica, padrao VII, do Quadro de Pessoal do
Distrito Federal. Processo no 080.012234/2002
CONCEDER, nos termos do artigo 8o, incisos I, II, IIIa e IIIb, da Emenda Constitucional no 20,
de 16/12/1998, e artigo 40,  8o, da CONSTITUICAO DA REPUBLICA FEDERATIVA DO
BRASIL, aposentadoria a servidora JURACI GOMES DADA, matricula no 79.041-9, Agente de
Educacao/Portaria, classe unica, padrao XXIV, do Quadro de Pessoal do Distrito Federal. Proces-
so no 080.003308/2002
APOSENTAR, nos termos do artigo 186, inciso I,  1o, e 189, Paragrafo Unico, da Lei no 8.112,
de 11/12/1990, combinados com o artigo 41, inciso I, e  4o, da LEI ORGANICA DO DISTRITO
FEDERAL e com o artigo 40,  1o, inciso I, e  8o, da CONSTITUICAO DA REPUBLICA
FEDERATIVA DO BRASIL, alterado pelo artigo 1o da Emenda Constitucional no 20, de 16/12/
1998, a servidora LEDINEI DA SILVA BORGES GENEROSO, matricula 36.681-1, Professor,
nivel 03, classe unica, padrao 07-3F, do Quadro de Pessoal do Distrito Federal. Processo no
080.011218/2002
CONCEDER, nos termos do artigo 40,  1o, inciso IIIa, e  5o e 8o, da CONSTITUICAO
DA REPUBLICA FEDERATIVA DO BRASIL, acrescidos aos proventos os Incentivos
Funcionais de que trata o artigo 30 da Lei no 6.366, de 15/10/1976, de acordo com o
Paragrafo Unico do artigo 13 da Lei no 66, de 18/12/1989, com as vantagens previstas no artigo 62 da Lei no 8.112, de 11/12/1990, combinado com o artigo 3o da Lei no 8.911, de
12/07/1994 e artigo 7o da Lei no 1.004, de 11/01/1996, regulamentada pelo Decreto no
17.182, de 06/03/1996, aposentadoria a servidora LOURDES BARBOSA, matricula no
75.276-2, Professor, nivel 03, classe unica, padrao 25-3F, do Quadro de Pessoal do
Distrito Federal. Processo no 082.005754/1998."
4,Aposentadoria,082.020943/1998,a servidora MARIA CRISTINA ALVES GONDIM,35.449-X,nan,nan,A,05-1D,Quadro de Pessoal do Distrito Federal," 186, inciso I, in fine, e 189, Paragrafo Unico, da Lei no 8.112,
de 11/12/1990, combinados com o artigo 41, inciso I, e  4o, da LEI ORGANICA DO DISTRITO
FEDERAL e com o artigo 40", Distrito Federal,nan,nan,"APOSENTAR, nos termos do artigo 186, inciso I, in fine, e 189, Paragrafo Unico, da Lei no 8.112,
de 11/12/1990, combinados com o artigo 41, inciso I, e  4o, da LEI ORGANICA DO DISTRITO
FEDERAL e com o artigo 40,  1o, inciso I, e  8o, da CONSTITUICAO DA REPUBLICA
FEDERATIVA DO BRASIL, alterado pelo artigo 1o da Emenda Constitucional no 20, de 16/12/
1998, a servidora MARIA CRISTINA ALVES GONDIM, matricula no 35.449-X, Professor,
nivel 01, classe A, padrao 05-1D, do Quadro de Pessoal do Distrito Federal. Processo no
080.011748/2002
APOSENTAR, nos termos do artigo 186, inciso I, in fine, e 189, Paragrafo Unico, da Lei no
8.112, de 11/12/1990, combinados com o artigo 41, inciso I, e  4o, da LEI ORGANICA DO
DISTRITO FEDERAL e com o artigo 40,  1o, inciso I, e  8o, da CONSTITUICAO DA
REPUBLICA FEDERATIVA DO BRASIL, alterado pelo artigo 1o da Emenda Constitucio-
nal no 20, de 16/12/1998, acrescidos aos proventos os Incentivos Funcionais de que trata o
artigo 30 da Lei no 6.366, de 15/10/1976, de acordo com o Paragrafo Unico do artigo 13 da Lei
no 66, de 18/12/1989, a servidora MARIA DA CONCEICAO PINHEIRO MOREIRA,                                      Diario Oficial do Distrito Federal
PAGINA   14
No 216, segunda-feira, 11 de novembro de 2002 matricula no 99.043-4, Professor, nivel 03, classe Unica, padrao 25-3F, do Quadro de Pessoal
do Distrito Federal. Processo no 080.008655/2002
APOSENTAR, nos termos do artigo 186, inciso I, in fine, e 189, Paragrafo Unico, da Lei no
8.112, de 11/12/1990, combinados com o artigo 41, inciso I, e  4o, da LEI ORGANICA DO
DISTRITO FEDERAL e com o artigo 40,  1o, inciso I, e  8o, da CONSTITUICAO DA
REPUBLICA FEDERATIVA DO BRASIL, alterado pelo artigo 1o da Emenda Constitucio-
nal no 20, de 16/12/1998, a servidora MARIA DE FATIMA DE OLIVEIRA, matricula no
75.128-6, Professor, nivel 01, classe A, padrao 25-1D, do Quadro de Pessoal do Distrito
Federal. Processo no 080.008657/2002
CONCEDER, nos termos do artigo 40,  1o, inciso IIIa, e  5o e 8o, da CONSTITUICAO DA
REPUBLICA FEDERATIVA DO BRASIL, acrescidos aos proventos os Incentivos Funcionais
de que trata o artigo 30 da Lei no 6.366, de 15/10/1976, de acordo com o Paragrafo Unico do artigo
13 da Lei no 66, de 18/12/1989, aposentadoria a servidora MARIA DE JESUS FONSECA GOES,
matricula no 72.720-2, Professor, nivel 01, classe A, padrao 25-1D, do Quadro de Pessoal do
Distrito Federal. Processo no 080.008999/2002
CONCEDER, nos termos do artigo 40,  1o, inciso IIIa, e  5o e 8o, da CONSTITUICAO DA
REPUBLICA FEDERATIVA DO BRASIL, acrescidos aos proventos os Incentivos Funcionais
de que trata o artigo 30 da Lei no 6.366, de 15/10/1976, de acordo com o Paragrafo Unico do artigo
13 da Lei no 66, de 18/12/1989, aposentadoria a servidora MARIA DE LOURDES CAMPOS
NUNES, matricula no 73.335-0, Professor, nivel 02, classe B, padrao 25-2F, do Quadro de
Pessoal do Distrito Federal. Processo no 080.010142/2002
CONCEDER, nos termos do artigo 186, inciso III, alinea d, e 189, Paragrafo Unico, da Lei no
8.112, de 11/12/1990, combinados com o artigo 41, inciso III, alinea d, e  4o, da LEI ORGA-
NICA DO DISTRITO FEDERAL e artigo 3o da Emenda Constitucional no 20, de 16/12/1998,
aposentadoria a servidora MARIA FRANCISCA DE QUEIROZ, matricula no 72.994-9, Auxiliar
de Educacao/Conservacao e Limpeza, classe unica, padrao XXIV, do Quadro de Pessoal do
Distrito Federal. Processo no 080.009598/2002
APOSENTAR, nos termos do artigo 186, inciso I,  1o, e 189, Paragrafo Unico, da Lei no 8.112,
de 11/12/1990, combinados com o artigo 41, inciso I, e  4o, da LEI ORGANICA DO DISTRITO
FEDERAL e com o artigo 40,  1o, inciso I, e  8o, da CONSTITUICAO DA REPUBLICA
FEDERATIVA DO BRASIL, alterado pelo artigo 1o da Emenda Constitucional no 20, de 16/12/
1998, a servidora MARIA JOSE DO NASCIMENTO SANTOS, matricula no 52.144-2, Agente
de Educacao/Portaria, classe unica, padrao XXIV, do Quadro de Pessoal do Distrito Federal.
Processo no 080.011309/2002
CONCEDER, nos termos do artigo 8o, incisos I, II, IIIa e IIIb, e  4o, da Emenda Constitucional
no 20, de 16/12/1998, e artigo 40,  8o, da CONSTITUICAO DA REPUBLICA FEDERATIVA
DO BRASIL, acrescidos aos proventos os Incentivos Funcionais de que trata o artigo 30 da Lei
no 6.366, de 15/10/1976, de acordo com o Paragrafo Unico do artigo 13 da Lei no 66, de 18/12/
1989, aposentadoria a servidora MARIA LUCIA GONTIJO MARQUES, matricula no 95.918-
9, Professor, nivel 03, classe unica, padrao 25-3F, do Quadro de Pessoal do Distrito Federal.
Processo no 082.020943/1998."
5,Aposentadoria,082.006307/1998,a servidora MIRIAN SILVA TOLEDO,31.473-0,nan,nan,A,10-1D,Quadro de Pessoal do Distrito Federal," 186, inciso I, Acidente em Servico, e 189, Paragrafo Unico,
da Lei no 8.112, de 11/12/1990, combinados com o artigo 41, inciso I, e  4o, da LEI ORGANICA
DO DISTRITO FEDERAL e com o artigo 40", Distrito Federal,nan,nan,"APOSENTAR, nos termos do artigo 186, inciso I, Acidente em Servico, e 189, Paragrafo Unico,
da Lei no 8.112, de 11/12/1990, combinados com o artigo 41, inciso I, e  4o, da LEI ORGANICA
DO DISTRITO FEDERAL e com o artigo 40,  1o, inciso I, e  8o, da CONSTITUICAO DA
REPUBLICA FEDERATIVA DO BRASIL, alterado pelo artigo 1o da Emenda Constitucional no
20, de 16/12/1998, a servidora MIRIAN SILVA TOLEDO, matricula no 31.473-0, Professor,
nivel 01, classe A, padrao 10-1D, do Quadro de Pessoal do Distrito Federal. Processo no
080.010478/2002
CONCEDER, nos termos do artigo 8o, incisos I, II, IIIa e IIIb, da Emenda Constitucional no 20,
de 16/12/1998, e artigo 40,  8o, da CONSTITUICAO DA REPUBLICA FEDERATIVA DO
BRASIL, aposentadoria a servidora NAIMAN BARBOSA CHAGAS, matricula no 92.133-5,
Agente de Educacao/Portaria, classe unica, padrao XXIV, do Quadro de Pessoal do Distrito
Federal. Processo no 080.011524/2002
CONCEDER, nos termos do artigo 8o, incisos I, II, IIIa e IIIb, da Emenda Constitucional no 20,
de 16/12/1998, e artigo 40,  8o, da CONSTITUICAO DA REPUBLICA FEDERATIVA DO
BRASIL, aposentadoria a servidora NIDIA FERREIRA NOGUEIRA, matricula no 73.391-1,
Auxiliar de Educacao/Conservacao e Limpeza, classe unica, padrao XXIV, do Quadro de Pessoal
do Distrito Federal. Processo no 080.009975/2002
CONCEDER, nos termos do artigo 186, inciso III, alinea c, e 189, Paragrafo Unico, da Lei no
8.112, de 11/12/1990, combinados com o artigo 41, inciso III, alinea c, e  4o, da LEI ORGANI-
CA DO DISTRITO FEDERAL e artigo 3o da Emenda Constitucional no 20, de 16/12/1998, com
as vantagens previstas no artigo 62 da Lei no 8.112, de 11/12/1990, combinado com o artigo 3o da
Lei no 8.911, de 12/07/1994 e artigo 7o da Lei no 1.004, de 11/01/1996, regulamentada pelo Decreto
no 17.182, de 06/03/1996, aposentadoria ao servidor NILSON BOTARO DA SILVEIRA, matri-
cula no 58.817-2, Professor, nivel 03, classe unica, padrao 25-3F, do Quadro de Pessoal do
Distrito Federal. Processo no 080.005336/2002
CONCEDER, nos termos do artigo 186, inciso III, alinea d, e 189, Paragrafo Unico, da Lei no
8.112, de 11/12/1990, combinados com o artigo 41, inciso III, alinea d, e  4o, da LEI ORGA-
NICA DO DISTRITO FEDERAL e artigo 3o da Emenda Constitucional no 20, de 16/12/1998,
aposentadoria a servidora ONIRA DA LUZ BENTIM, matricula no 78.937-2, Auxiliar de Educa-
cao/Conservacao e Limpeza, classe unica, padrao XXIV, do Quadro de Pessoal do Distrito
Federal. Processo no 080.007561/2002
APOSENTAR, nos termos do artigo 186, inciso I,  1o, e 189, Paragrafo Unico, da Lei no 8.112,
de 11/12/1990, combinados com o artigo 41, inciso I, e  4o, da LEI ORGANICA DO DISTRITO
FEDERAL e com o artigo 40,  1o, inciso I, e  8o, da CONSTITUICAO DA REPUBLICA
FEDERATIVA DO BRASIL, alterado pelo artigo 1o da Emenda Constitucional no 20, de 16/12/
1998, com as vantagens previstas no artigo 1o da Lei no 1.004, de 11/01/1996, regulamentada pelo
Decreto no 17.182, de 06/03/1996 e artigo 4o da Lei no 1.141, de 11/07/1996, a servidora OSVAL-
DINA MIRANDA DE ARAUJO, matricula no 59.243-9, Professor, nivel 01, classe C, padrao
22-1F, do Quadro de Pessoal do Distrito Federal. Processo no 080.011307/2002
CONSIDERAR aposentado, a contar de 08/10/2002, nos termos do artigo 186, inciso II, e 189,
paragrafo unico, da Lei no 8.112, de 11/12/1990, combinados com o artigo 41, inciso II, e  4o, da
LEI ORGANICA DO DISTRITO FEDERAL e com o artigo 40,  1o, inciso II, e  8o, da
CONSTITUICAO DA REPUBLICA FEDERATIVA DO BRASIL, o servidor ORLANDO
BAPTISTA RIBEIRO, matricula no 78.643-8, Agente de Educacao/Vigilancia, Classe Unica,
XXIV, do Quadro de Pessoal do Distrito Federal. Processo no 080.013793/2002
APOSENTAR, nos termos do artigo 186, inciso I,  1o, e 189, Paragrafo Unico, da Lei no 8.112,
de 11/12/1990, combinados com o artigo 41, inciso I, e  4o, da LEI ORGANICA DO DISTRITO
FEDERAL e com o artigo 40,  1o, inciso I, e  8o, da CONSTITUICAO DA REPUBLICA
FEDERATIVA DO BRASIL, alterado pelo artigo 1o da Emenda Constitucional no 20, de 16/12/
1998, o servidor PAULO HENRIQUE MEDEIROS FERRO COSTA, matricula no 73.229-X,
Professor, nivel 03, classe unica, padrao 25-3F, do Quadro de Pessoal do Distrito Federal.
Processo no 080.008584/2002
CONCEDER, nos termos do artigo 8o,  1o, incisos Ia, Ib e II, da Emenda Constitucional no 20, de
16/12/1998, e artigo 40,  8o, da CONSTITUICAO DA REPUBLICA FEDERATIVA DO BRA-
SIL, aposentadoria ao servidor RAIMUNDO NONATO DE SOUZA, matricula no 79.530-5,
Agente de Educacao/Vigilancia, classe unica, padrao XXIV, do Quadro de Pessoal do Distrito
Federal. Processo no 080.003658/2002
APOSENTAR, nos termos do artigo 186, inciso I, in fine, e 189, Paragrafo Unico, da Lei no
8.112, de 11/12/1990, combinados com o artigo 41, inciso I, e  4o, da LEI ORGANICA DO
DISTRITO FEDERAL e com o artigo 40,  1o, inciso I, e  8o, da CONSTITUICAO DA
REPUBLICA FEDERATIVA DO BRASIL, alterado pelo artigo 1o da Emenda Constitucional                                                                       Diario Oficial do Distrito Federal
PAGINA   15
No 216, segunda-feira, 11 de novembro de 2002 no 20, de 16/12/1998, a servidora RUTE DIAS GONZAGA JESUS, matricula no 68.139-3,
Auxiliar de Educacao/Servicos Gerais, classe unica, padrao XVIII, do Quadro de Pessoal do
Distrito Federal. Processo no 080.012330/2002
CONCEDER, nos termos do artigo 8o,  1o, incisos Ia, Ib e II, da Emenda Constitucional no 20, de
16/12/1998, e artigo 40,  8o, da CONSTITUICAO DA REPUBLICA FEDERATIVA DO BRA-
SIL, com as vantagens previstas no artigo 62 da Lei no 8.112, de 11/12/1990, combinado com o
artigo 3o da Lei no 8.911, de 12/07/1994 e artigo 7o da Lei no 1.004, de 11/01/1996, regulamentada
pelo Decreto no 17.182, de 06/03/1996, aposentadoria a servidora SELENE MARIA DA COSTA
SOTERO, matricula no 25.097-X, Professor, nivel 03, classe unica, padrao 13-3F, do Quadro de
Pessoal do Distrito Federal. Processo no 082.006307/1998."
6,Aposentadoria,8.112/90,servidor JOSE VALERIANO FILHO,76.159-1,nan,nan,Especial,III do QP/BELACAP,nan,nan,nan,nan,nan,"CONCEDER APOSENTADORIA ao servidor JOSE VALERIANO FILHO, matricula no
76.159-1, Tecnico de Administracao Publica, Classe Especial, Padrao III do QP/BELACAP, com
fundamento legal no art. 40,  1o, inciso III, alinea b e  8o da Constituicao da Republica
Federativa do Brasil e art. 186, inciso III, alinea d e art. 189 da Lei no 8.112/90,"
7,Aposentadoria,8.112/90,servidor MAXIMIANO FRANCISCO MACIEL,72.447-5,nan,nan,Especial,"II do QP/
BELACAP",nan,nan,nan,nan,nan,"CONCEDER APOSENTADORIA ao servidor MAXIMIANO FRANCISCO MACIEL,
matricula no 72.447-5, Tecnico de Administracao Publica, Classe Especial, Padrao II do QP/
BELACAP, com fundamento legal no art. 40,  1o, inciso I, e  8o da Constituicao da Republica
Federativa do Brasil e art. 186, inciso I,  1o, e art. 189 da Lei no 8.112/90,"
8,Aposentadoria,8.112/90,servidor SILVINO GOMES DA MOTA,76.642-9,nan,nan,Especial,III do QP/BELACAP,nan,nan,nan,nan,nan,"CONCEDER APOSENTADORIA ao servidor SILVINO GOMES DA MOTA, matricula no
76.642-9, Auxiliar de Administracao Publica, Classe Especial, Padrao III do QP/BELACAP, com
fundamento legal no art. 40,  1o, inciso I e  8o da Constituicao da Republica Federativa do Brasil
e art. 186, inciso I,  1o, e art. 189 da Lei no 8.112/90,"
9,Aposentadoria,8.112/90,nan,nan,nan,nan,Especial,"I do QP/
BELACAP",nan,nan,nan,nan,nan,"CONCEDER APOSENTADORIA ao servidor CELSO DA SILVA DOMINGUES, matri-
cula no 82.402-X, Auxiliar de Administracao Publica, Classe Especial, Padrao I do QP/
BELACAP, com fundamento legal no art. 40,  1o, inciso I e  8o da Constituicao da Republica
Federativa do Brasil e art. 186, inciso I,  1o, e art. 189 da Lei no 8.112/90,"
10,Aposentadoria,8.112/90,nan,nan,nan,nan,Especial,"III do QP/BELA-
CAP",nan,nan,nan,nan,nan,"CONCEDER APOSENTADORIA ao servidor DOMINGOS DA COSTA MOREIRA, matri-
cula no 76.076-5, Auxiliar de Administracao Publica, Classe Especial, Padrao III do QP/BELA-
CAP, com fundamento legal no art. 40,  1o, inciso I, in fine e  8o da Constituicao da Republica
Federativa do Brasil e art. 186, inciso I, in fine e art. 189 da Lei no 8.112/90,"
11,Aposentadoria,8.112/90,servidor WALDEMAR MARTINS DOS SANTOS,78.305-6,nan,nan,Especial,"III do QP/
BELACAP",nan,nan,nan,nan,nan,"CONCEDER APOSENTADORIA ao servidor WALDEMAR MARTINS DOS SANTOS,
matricula no 78.305-6, Auxiliar de Administracao Publica, Classe Especial, Padrao III do QP/
BELACAP, com fundamento legal no art. 40,  1o, inciso III, alinea b e  8o da Constituicao da
Republica Federativa do Brasil e art. 186, inciso III, alinea d e art. 189 da Lei no 8.112/90,"
12,Aposentadoria,8.112/90,servidor JERONIMO VIEIRA DA SILVA,70.382-6,nan,nan,Especial,III do QP/BELACAP,nan,nan,nan,nan,nan,"CONCEDER APOSENTADORIA ao servidor JERONIMO VIEIRA DA SILVA, matricula no
70.382-6, Auxiliar de Administracao Publica, Classe Especial, Padrao III do QP/BELACAP, com
fundamento legal no art. 40,  1o, inciso III, alinea a e  8o da Constituicao da Republica
Federativa do Brasil e art. 186, inciso III, alinea a e art. 189 da Lei no 8.112/90,"
13,Aposentadoria,8.112/90,servidor JOSE LINO RIBEIRO,80.288-3,nan,nan,Especial,III do QP/BELACAP,nan,nan,nan,nan,nan,"CONCEDER APOSENTADORIA ao servidor JOSE LINO RIBEIRO, matricula no 80.288-3,
Auxiliar de Administracao Publica, Classe Especial, Padrao III do QP/BELACAP, com funda-
mento legal no art. 40,  1o, inciso II, e  8o da Constituicao da Republica Federativa do Brasil e art.
186, inciso II e art. 189 da Lei no 8.112/90,"
