,Tipo,Nome,Cargo Efetivo,Matricula,Siape,Simbolo,Cargo Comissao,Lotacao,Orgao,text
0,Nomeação, ONILMAR DE MORAES SOARES DIAS,nan,59.010-X,nan,DFA-12,nan,nan,nan,"NOMEAR ONILMAR DE MORAES SOARES DIAS, matricula no 59.010-X, para exercer o
Cargo em Comissao, Simbolo DFA-12, de Assessor do Gabinete do Secretario da Secretaria de
Estado de Educacao do Distrito Federal"
1,Nomeação, ADRIANA MARCELA BRASIL,nan,47.573-4,nan,DFA-09,nan,nan,nan,"NOMEAR ADRIANA MARCELA BRASIL, matricula no 47.573-4, para exercer o Cargo em
Comissao, Simbolo DFA-09, de Assistente do Gabinete do Secretario da Secretaria de Estado de
Educacao do Distrito Federal"
