,Tipo do Ato,Nome do Servidor Substituto,Matrícula do Servidor Substituto,Nome do Servidor a ser Substituido,Matrícula do Servidor a ser SubstituidoCargo,Símbolo do cargo do servidor substituto,Cargo comissionado objeto da substituição,Símbolo do cargo do objeto da substituição,Símbolo do cargo comissionado objeto da substituição,Hierarquia da Lotação,Órgão,Data Inicial da Vigência,Data Final de Vigência,Matrícula SIAPE,Motivo,text
0,Substituição de Funções,  a servidora ANA LUCIA FONSECA ALVES,106.491-6,"ALDO
COUTINHO MONTEIRO",94.200-6,do cargo em comissao,DFA-03,nan,,nan,"Agencia de Desenvolvimento do Turismo do Distrito
Federal, por motivo de licenca medica, no periodo de 27.05.2002 a  10.06.2002 CARLOS EDIL FORTES SECRETARIA DE GOVERNO DESPACHOS DO SECRETARIO
Em 4 de junho de 2002 PROCESSO No: 030.002.317/2002
INTERESSADO: Secretaria de Gestao Administrativa
ASSUNTO: Viagem a Servico
1",nan,nan,nan,nan,"Designar  a servidora ANA LUCIA FONSECA ALVES, matricula no 106.491-6, do cargo em
comissao, Simbolo DFA-03, de Secretario Administrativo do Gabinete, para substituir ALDO
COUTINHO MONTEIRO, matricula no 94.200-6, do cargo em comissao, Simbolo DFG-10, de
Chefe do Nucleo de Recursos Humanos, da Agencia de Desenvolvimento do Turismo do Distrito
Federal, por motivo de licenca medica, no periodo de 27.05.2002 a  10.06.2002 CARLOS EDIL FORTES SECRETARIA DE GOVERNO DESPACHOS DO SECRETARIO
Em 4 de junho de 2002 PROCESSO No: 030.002.317/2002
INTERESSADO: Secretaria de Gestao Administrativa
ASSUNTO: Viagem a Servico
1"
1,Substituição de Funções, LUIS CARLOS MARTINS LIMA,97.622-9,nan,32.175-3,nan,nan,nan,nan,nan,nan,nan,nan,nan,nan,"Designar LUIS CARLOS MARTINS LIMA, matricula no 97.622-9, em substituicao a REINAL-
DO PEREIRA PINTO, matricula no 32.175-3, como executor do Contrato no 058/2001-SEG,
referente a locacao da copiadora instalada no  Nucleo de Comunicacao e Documentacao Adminis-
trativa/DGA/SAO/SEG, firmado entre a Secretaria de Governo e a empresa TECNOLTA EQUI-
PAMENTOS ELETRONICOS LTDA"
2,Substituição de Funções, o servidor PAULO ROGERIO DE FREITAS,43.695-X,"o
servidor TALES ROBERTO DA SILVA",97.749-0,"Chefe do Nucleo de Abasteci-
mento de Veiculos",nan,nan,nan,nan,nan,nan,nan,nan,nan,"Designar o servidor PAULO ROGERIO DE FREITAS, matricula no 43.695-X, para substituir o
servidor TALES ROBERTO DA SILVA, matricula no 97.749-0, Chefe do Nucleo de Abasteci-
mento de Veiculos, da Diretoria de Transportes da Subsecretaria de Logistica e Modernizacao,
por motivo de ferias do titular no periodo de 03/06/2002 a 02/07/2002 MARIA CECILIA S"
3,Substituição de Funções, o servidor ELI DE OLIVEIRA,22.214-3,"o servidor
FRANCISCO AGOSTINHO DA SILVA",47.194-1,"Encarregado da Subsecre-
taria de Logistica e Modernizacao",DFG-02,nan,nan,nan,nan,nan,nan,nan,nan,"Designar o servidor ELI DE OLIVEIRA, matricula no 22.214-3, para substituir o servidor
FRANCISCO AGOSTINHO DA SILVA, matricula no 47.194-1, Encarregado da Subsecre-
taria de Logistica e Modernizacao, Simbolo DFG-02, da Secretaria de Estado de Gestao
Administrativa, por motivo de ferias regulamentares do titular, no periodo de 01/07/2002
a 30/07/2002 MARIA CECILIA S"
4,Substituição de Funções, o servidor Hercules dos Santos Soares,137.759-0,"a Diretora Regional de Saude do Recanto das Emas da Secretaria de
Estado de Saude do Distrito Federal",nan,nan,DFG-13,nan,nan,nan,nan,nan,nan,nan,nan,"Designar o servidor Hercules dos Santos Soares, Carreira Medica (Clinica Medica), Matricula no
137.759-0, para substituir a Diretora Regional de Saude do Recanto das Emas da Secretaria de
Estado de Saude do Distrito Federal, Simbolo DFG-13, no periodo de 15 a 29 de julho de 2002,
por motivo de ferias"
5,Substituição de Funções, a servidora Tilia Rumi Okahara,123.665-2,o servidor Marcelo Batista da Silva,nan,Chefe do Nucleo de Cadastro Funcional e Financeiro,DFG,nan,nan,nan,nan,nan,nan,nan,nan,"DESIGNAR a servidora Tilia Rumi Okahara, AIS-Agente Administrativo, Matricula:
130.525-5, para substituir o servidor Marcelo Batista da Silva, Matricula 123.665-2,
Chefe do Nucleo de Cadastro Funcional e Financeiro, da Gerencia de Pessoal, da Direcao
Regional de Saude da Asa Norte, simbolo DFG - 05, no periodo de 10 a 29 de junho de
2002, por motivo de ferias"
6,Substituição de Funções, o servidor Rubens Batista de Oliveira,131.250-2,o servidor Tercio Gomes Tonete,nan,Chefe do Nucleo de Manutencao e Reparos,DFG,nan,nan,nan,nan,nan,nan,nan,nan,"DESIGNAR o servidor Rubens Batista de Oliveira, Agente de Telecomunicacoes e Eletric.,
Matricula: 135.154-0, para substituir o servidor Tercio Gomes Tonete, Matricula 131.250-2,
Chefe do Nucleo de Manutencao e Reparos, da Gerencia de Apoio Operacional, da Direcao
Regional de Saude da Asa Norte, simbolo DFG - 04, no periodo de 20 a 31 de maio de 2002, por
motivo de Licenca Medica"
7,Substituição de Funções, o servidor MARIA CELENE PEREIRA VIRGEM,nan,nan,nan,nan,nan,nan,nan,nan,nan,nan,nan,nan,nan,"Designar o servidor MARIA CELENE PEREIRA VIRGEM , Agente Administrativo, mat"
8,Substituição de Funções, o servidor ADRIANA MORENO DA SILVA FLEURY,nan,nan,nan,nan,nan,nan,nan,nan,nan,nan,nan,nan,nan,"Designar o servidor ADRIANA MORENO DA SILVA FLEURY, Agente Administrativo, mat"
9,Substituição de Funções, o servidor VALDEREZ MARIA ALVES LUCAS LEITE,nan,nan,nan,nan,nan,nan,nan,nan,nan,nan,nan,nan,nan,"Designar o servidor VALDEREZ MARIA ALVES LUCAS LEITE, Enfermeiro, mat"
10,Substituição de Funções, o servidor EDUARDO PASSOS DOS SANTOS,nan,nan,nan,nan,nan,nan,nan,nan,nan,nan,nan,nan,nan,"Designar o servidor EDUARDO PASSOS DOS SANTOS, Agente Administrativo , mat"
11,Substituição de Funções, a servidora ADNA SOLANGE RODRIGUES MOTA,nan,nan,nan,nan,nan,nan,nan,nan,nan,nan,nan,nan,nan,"Designar a servidora ADNA SOLANGE RODRIGUES MOTA, mat.; 119.673-1, Aux"
12,Substituição de Funções, o servidor MARIA PAULA RAIOL DE MIRANDA,nan,nan,nan,nan,nan,nan,nan,nan,nan,nan,nan,nan,nan,"Designar o servidor MARIA PAULA RAIOL DE MIRANDA, mat: 128.534-3, Art"
13,Substituição de Funções, o servidor CLARICE DO CARMO FACHINELLO,nan,"Chefe do Nucleo de Nutricao e Dietetica da Gerencia de Diagnose e Terapia do
Hospital Regional da Asa Sul",nan,nan,DFG05,nan,nan,nan,nan,nan,nan,nan,nan,"Designar o servidor CLARICE DO CARMO FACHINELLO, mat: 124.458-2, Nutricionista,
para substituir Chefe do Nucleo de Nutricao e Dietetica da Gerencia de Diagnose e Terapia do
Hospital Regional da Asa Sul, simbolo DFG05, no periodo de 15.07.2002 a 29.07.2002, por
motivo de ferias da titular"
14,Substituição de Funções, o servidor LUDMILLA BEATRIZ DE PAULA LLIMA ROCHA,nan,Gerente de Pessoal do Hospital  Regional da Asa Sul,nan,nan,DFG08,nan,nan,nan,nan,nan,nan,nan,nan,"Designar o servidor LUDMILLA BEATRIZ DE PAULA LLIMA ROCHA, mat:139.295-6,
Agente |Administrativo, para substituir Gerente de Pessoal do Hospital  Regional da Asa Sul,
simbolo DFG08, no periodo de 01.08.2002 a 10.08.2002, por motivo de ferias da titular"
15,Substituição de Funções,  a servidora OLGA HENRIQUE DE MELO,127.914-,a Chefe do Nucleo de Vigilancia Epidemiologica do Hospital Regional do Gama,115.816-3,nan,nan,nan,nan,nan,nan,nan,nan,nan,nan,"DESIGNAR  a servidora OLGA HENRIQUE DE MELO, ASS (Enfermeira), matricula no 127.914-
9, para substituir a Chefe do Nucleo de Vigilancia Epidemiologica do Hospital Regional do Gama,
DFG-05, no  periodo de 22 a 31 de julho de 2002,  por motivo de ferias do Titular, conforme
Memorando no 61/2002-NVE de  13 de Maio/2002
DESIGNAR  a servidora MARIA APARECIDA AMELIA CORREA, AIS (Agente Administra-
tivo), matricula no 115.816-3, para substituir a Chefe do Nucleo de Apoio Operacional do Centro
de Saude no 06 da Direcao Regional do  Hospital  do Gama, DFG-05, no  periodo de 15 A 24 de
julho de 2002,  por motivo de ferias do Titular, conforme Memorando no 20/2002-NAO/CSG-06
de  13 de Maio/2002
DESIGNAR  o servidor JOSE RICARDO CALDEIRA BRANT, ASS (Enfermeiro), matri-
cula no 121.791-7, para substituir a Chefe do Nucleo de Enfermagem do Centro de Saude no
03  da Direcao  Regional do Hospital do Gama, DFG-05, no  periodo de 08 A 19 de Maio
de 2002,  por motivo de Licenca Medica do Titular, conforme Memorando no 42/2002-
NAO/CSG-03 de  14 de Maio/2002 MARIO SERGIO NUNES DIRETORIA REGIONAL DE SAUDE DE TAGUATINGA ORDENS DE SERVICO DE 23 DE MAIO DE 2002 O DIRETOR REGIONAL DE SAUDE DE TAGUATINGA, no uso das atribuicoes que lhe
confere a Portaria No 11 de 11 de setembro de 2000, resolve:
Conceder Licenca Gala a servidora ALEXANDRINA SILVA, CE - Enfermeiro, matricula 134.715-
2, no periodo de 17 a 24/06/2002, por motivo de casamento, de acordo com o Artigo 97, item III,
alinea a da Lei 8.112/90"
16,Substituição de Funções, o servidor FLORDUARDO BESERRA NETO,110.425-X,o Chefe do Nucleo de Apoio Operacional do Centro de Saude No,nan,nan,DFG-05,nan,nan,nan,nan,nan,nan,nan,nan,"Designar o servidor FLORDUARDO BESERRA NETO, AIS - Agente Administrativo, matricula
110.425-X, para substituir o Chefe do Nucleo de Apoio Operacional do Centro de Saude No 04
da Diretoria Regional de Saude de Taguatinga, do Quadro de Cargos em Comissao da Secretaria de
Estado de Saude do Distrito Federal, Simbolo DFG-05,  no periodo de 22 a 31/07/2002, em
virtude de ferias regulamentares do titular"
17,Substituição de Funções, a servidora MARIA DE FATIMA MARINHO BANDEIRA,110.681-3,a Gerente de Regulacao,nan,nan,DFG-08,nan,nan,nan,nan,nan,nan,nan,nan,"Designar a servidora MARIA DE FATIMA MARINHO BANDEIRA, AIS - Agente Adminis-
trativo, matricula 110.681-3, para substituir a Gerente de Regulacao, Controle e Avaliacao do
Hospital Regional de Taguatinga, do Quadro de Cargos em Comissao da Secretaria de Estado de
Saude do Distrito Federal, Simbolo DFG-08, no periodo de 01 a 15/07/2002, em virtude de ferias
regulamentares da titular"
18,Substituição de Funções, JUVANIRA DALVA PIEROBOM SILVEIRA DE AVILA,115.313-7,a Chefe do Nucleo de Enfermagem do Centro de Saude No,nan,nan,DFG-05,nan,nan,nan,nan,nan,nan,nan,nan,"Designar JUVANIRA DALVA PIEROBOM SILVEIRA DE AVILA, CE - Enfermeiro, matricula
115.313-7, para substituir a Chefe do Nucleo de Enfermagem do Centro de Saude No 05 da
Diretoria Regional de Saude de Taguatinga, do Quadro de Cargos em Comissao da Secretaria de
Estado de Saude do Distrito Federal, Simbolo DFG-05, no periodo de 17 a 31/07/2002, em
virtude de ferias regulamentares da titular"
19,Substituição de Funções, a servidora MARIA DO SOCORRO DE FARIAS,nan,"o Chefe do Nucleo de Apoio Operacional da Central de Radiologia
da Diretoria Regional de Saude de Taguatinga",nan,nan,DFG-05,nan,nan,nan,nan,nan,nan,nan,nan,"Designar a servidora MARIA DO SOCORRO DE FARIAS, AIS - Agente Administrativo, matri-
cula 116.173-3, para substituir o Chefe do Nucleo de Apoio Operacional da Central de Radiologia
da Diretoria Regional de Saude de Taguatinga, do Quadro de Cargos em Comissao da Secretaria de
Estado de Saude do Distrito Federal, Simbolo DFG-05, no periodo de 15/07 a 03/08/2002, em
virtude de  ferias regulamentares do titular"
20,Substituição de Funções, a servidora MARIA DE FATIMA GAMA DAS CHAGAS MOURA,118.087-8,"o Chefe do Nucleo de Apoio Operacional
do Centro de Saude No",nan,nan,DFG-05,nan,nan,nan,nan,nan,nan,nan,nan,"Designar a servidora MARIA DE FATIMA GAMA DAS CHAGAS MOURA, AIS - Agente
Administrativo, matricula 118.087-8, para substituir o Chefe do Nucleo de Apoio Operacional
do Centro de Saude No 05 da Diretoria Regional de Saude de Taguatinga, do Quadro de Cargos em
Comissao da Secretaria de Estado de Saude do Distrito Federal, Simbolo DFG-05, no periodo de
01 a 15/07/2002, em virtude de ferias regulamentares do titular"
21,Substituição de Funções, a servidora MARIA DO PERPETUO SOCORRO BEZERRA ANTUNES,126.203-3,"a Chefe do Nucleo de Enfermagem da Central de
Radiologia da Diretoria Regional de Saude de Taguatinga",nan,nan,DFG-05,nan,nan,nan,nan,nan,nan,nan,nan,"Designar a servidora MARIA DO PERPETUO SOCORRO BEZERRA ANTUNES, CE - Enfer-
meiro, matricula 126.203-3, para substituir a Chefe do Nucleo de Enfermagem da Central de
Radiologia da Diretoria Regional de Saude de Taguatinga, do Quadro de Cargos em Comissao da
Secretaria de Estado de Saude do Distrito Federal, Simbolo DFG-05, no periodo de 12 a 31/07/
2002, em virtude de ferias regulamentares da titular"
22,Substituição de Funções, o servidor JOAQUIM CARLOS DA SILVA DE B,nan,nan,nan,nan,nan,nan,nan,nan,nan,nan,nan,nan,nan,Designar o servidor JOAQUIM CARLOS DA SILVA DE B
23,Substituição de Funções, a servidora ANDREIA BETANEA VELOSO,138.354-X,o Gerente da Central de Radiologia da Diretoria Regional de Saude de Taguatinga,nan,nan,DFG-08,nan,nan,nan,nan,nan,nan,nan,nan,"Designar a servidora ANDREIA BETANEA VELOSO, CM - Radiologia, matricula 138.354-X,
para substituir o Gerente da Central de Radiologia da Diretoria Regional de Saude de Taguatinga,
do Quadro de Cargos em Comissao da Secretaria de Estado de Saude do Distrito Federal, Simbolo
DFG-08,  no periodo de 10/06 a 09/07/2002, em virtude de licenca premio do titular"
24,Substituição de Funções, a servidora MARIA EUGENIA MEIRELES,nan,nan,nan,nan,nan,nan,nan,nan,nan,nan,nan,nan,nan,"Designar a servidora MARIA EUGENIA MEIRELES, ASS - Farmaceutico Bioq"
25,Substituição de Funções, o servidor CHESSMAM GERALDO NOGUEIRA,139.607-2,"o Chefe do Nucleo de Apoio Operacional da
Central de Radiologia da Diretoria Regional de Saude de Taguatinga",nan,nan,DFG-05,nan,nan,nan,nan,nan,nan,nan,nan,"Designar o servidor CHESSMAM GERALDO NOGUEIRA, Secretario Administrativo da Re-
cepcao da CRT, matricula 139.607-2, para substituir o Chefe do Nucleo de Apoio Operacional da
Central de Radiologia da Diretoria Regional de Saude de Taguatinga, do Quadro de Cargos em
Comissao da Secretaria de Estado de Saude do Distrito Federal, Simbolo DFG-05,  no periodo de
15 a 19/04/2002, em virtude de licenca medica do titular"
26,Substituição de Funções,nan,nan,nan,"132.465-9;
ROMEU PINTO DE ALMEIDA",nan,nan,nan,nan,nan,nan,nan,nan,nan,nan,"designar, como membros da referida comissao, os seguintes servidores:
JULIO CESAR DE OLIVEIRA CARNEIRO, CM-Clinica Medica, matricula 116.401-5;
MARIANGELA OLIVEIRA LIMA, ASS - Nutricionista, matricula 132.465-9;
ROMEU PINTO DE ALMEIDA, ASS - Nutricionista, matricula 124.439-6;
CELIA MARIA ALVES DE ANDRADE, ASS - Assistente Social, matricula 131.917-5;
LEILA MARIA SALES SOUSA, CE - Enfermeiro, matricula 138.964-5;
WYLLIENE BARROS CAVALCANTE, CE - Enfermeiro, matricula 131.009-7; MARIA TEREZINHA MENDES GAMA, AIS - Auxiliar de Enfermagem, matricula 115.608-X;
Esta Ordem de Servico entrara em vigor na data de sua publicacao"
27,Substituição de Funções, a servidora Maria Jose Vieira Palmeira,140.245-5,a Chefe do Nucleo de Lavanderia e Rouparia,nan,nan,DFG-04,nan,nan,nan,nan,nan,nan,nan,nan,"Designar a servidora Maria Jose Vieira Palmeira, matricula 140.245-5, (AOSD-lavanderia), para
substituir a Chefe do Nucleo de Lavanderia e Rouparia, simbolo DFG-04,  no periodo de 10 de
julho a 08 de agosto de 2002,  por  motivo de ferias da titular"
28,Substituição de Funções, o servidor ACIOL PEREIRA DOS SANTOS,23.566-,nan,nan,nan,nan,nan,nan,nan,nan,nan,nan,nan,nan,"DESIGNAR o servidor ACIOL PEREIRA DOS SANTOS, Agente de Policia, matricula 23.566-
0, para desempenhar as funcoes de Executor do contrato celebrado entre o Distrito Federal, por
intermedio da Policia Civil, e a Imprensa Nacional, objeto do processo 052.000.333/2002, que
dispoe sobre a assinatura de periodicos para PCDF, cujas atribuicoes estao previstas na Instrucao
Normativa no.10/97, publicada no Diario Oficial do Distrito Federal no 88, de 12 de abril de 1997
e no Decreto no"
29,Substituição de Funções, o servidor NERCIZE GONCALVES DA MOTA,34.209-2,nan,43.677-1,nan,nan,nan,nan,nan,nan,nan,nan,nan,nan,"Designar o servidor NERCIZE GONCALVES DA MOTA, Agente de Policia, matricula no
34.209-2, para atuar como membro da Comissao de Avaliacao de Danos e Avarias em Veiculos -
CAD/DITRAN, em substituicao ao servidor EDNILTON PEREIRA DA SILVA, Auxiliar de
Apoio as Atividades Policiais Civis, matricula no 43.677-1, por motivo de ferias"
30,Substituição de Funções, RAQUEL CAVALCANTE,no28.873-X,nan,nan,nan,nan,nan,nan,nan,nan,nan,nan,nan,nan,"Designar RAQUEL CAVALCANTE, matricula no28.873-X, Analista de Planejamento e
Orcamento, como membro para compor a referida comissao, sem  prejuizos de suas atribui-
coes normais"
31,Substituição de Funções,  O Diretor da Divisao  Regional de Servicos Publicos,nan,nan,nan,nan,nan,nan,nan,nan,nan,nan,nan,nan,nan,"DESIGNAR  O Diretor da Divisao  Regional de Servicos Publicos, como executor do Contrato  no
02/2002-SUCAR x CEB, referente ao consumo de energia eletrica do Sistema de iluminacao
Publica do Distrito  Federal"
32,Substituição de Funções, o servidor MANOEL ASSUNCAO DE BRITO,nan,nan,nan,nan,nan,nan,nan,nan,nan,nan,nan,nan,nan,"DESIGNAR o servidor MANOEL ASSUNCAO DE BRITO, Diretor da Divisao Regional
de Servicos Publicos/DRSP,  matricula no"
33,Substituição de Funções, o servidor EULER JUNQUEIRA PEREIRA,94.098-4,nan,nan,nan,nan,nan,nan,nan,nan,nan,nan,nan,nan,"Designar o servidor EULER JUNQUEIRA PEREIRA, matricula no 94.098-4, como executor do
contrato no 02/2002-SUCAR X CEB, referente ao consumo de energia eletrica do sistema de
Iluminacao Publica do Distrito Federal"
34,Substituição de Funções, PAULO JOSE MACHADO CORREA,96.946-X,ETH CORDEIRO DE AGUIAR,96.932-X,nan,CNE-06,nan,nan,nan,nan,nan,nan,nan,nan,"Designar PAULO JOSE MACHADO CORREA, Procurador do Distrito Federal de 2a
Categoria, matricula no 96.946-X, para substituir ETH CORDEIRO DE AGUIAR, Procurador
do Distrito Federal de 2a Categoria, matricula no 96.932-X, Procurador-Coordenador, Simbolo
CNE-06, da Procuradoria-Geral do Distrito Federal, no periodo de 03.06.2002 a 02.07.2002, por
motivo de ferias do titular"
35,Substituição de Funções, RODRIGO ALVES CHAVES,96.958-3,FERNANDO CUNHA JUNIOR,38.034-2,nan,CNE-06,nan,nan,nan,nan,nan,nan,nan,nan,"Designar RODRIGO ALVES CHAVES, Procurador do Distrito Federal de 2a Categoria,
matricula no 96.958-3, para substituir FERNANDO CUNHA JUNIOR, Procurador do Distrito
Federal de 1a Categoria, matricula no 38.034-2, Procurador-Coordenador, Simbolo CNE-06, da
Procuradoria-Geral do Distrito Federal, no periodo de 17.06.2002 a 16.07.2002, por motivo de
ferias do titular"
36,Substituição de Funções, VALDINE FONSE,26.863-1,VALERIA PINHEIRO VIANA,37.907-7,nan,DFG-13,nan,nan,nan,nan,nan,nan,nan,nan,"Designar VALDINE FONSE-
CA COELHO DE SOUSA, Assistente de Apoio as Atividades Juridicas, matricula no 26.863-1,
para substituir VALERIA PINHEIRO VIANA, Assistente de Apoio as Atividades Juridicas,
matricula no 37.907-7, Gerente de Estudos, Pesquisas e Referencia Legislativa, Simbolo DFG-13,
do Centro de Estudos da Procuradoria-Geral do Distrito Federal, no periodo de 03.06 a 17.06.2002,
por motivo de ferias da titular"
37,Substituição de Funções," GABRIEL DE
BRITTO CAMPOS",96.935-4,MARCIA CARVALHO GAZETA,49.254-X,nan,CNE-06,nan,nan,nan,nan,nan,nan,nan,nan,"Designar GABRIEL DE
BRITTO CAMPOS, Procurador do Distrito Federal de 2a Categoria, matricula no 96.935-4, para
substituir MARCIA CARVALHO GAZETA, Procuradora do Distrito Federal de 2a Categoria,
matricula no 49.254-X, Procuradora-Coordenadora, Simbolo CNE-06, da Procuradoria-Geral do
Distrito Federal, no periodo de 03.06.2002 a 02.07.2002, por motivo de ferias da titular"
38,Substituição de Funções, JONATAS COELHO DE LIMA,34.357-7,nan,nan,nan,DFG-08,nan,nan,nan,nan,nan,nan,nan,nan,"Designar JONATAS COELHO DE LIMA, matricula no 34.357-7, a partir de 28.05.02,
para responder pela Chefia da Biblioteca, simbolo DFG-08, do Centro de Estudos da Procurado-
ria-Geral do Distrito Federal"
