,Tipo do Ato,SEI,Nome,Matrícula,Tipo de Aposentadoria,Cargo,Classe,Padrao,Quadro,Fundamento Legal,Orgao,Vigencia,Matricula SIAPE,text
0,Aposentadoria,080.009965/2001,"a servidora
ANTONIA PEREIRA BRAZ",98.216-4,nan,nan,unica,XXIV,Quadro de Pessoal do Distrito Federal," 186, inciso I, in fine, e 189, Paragrafo Unico, da Lei no 8.112, de
11/12/1990, combinados com o artigo 41, inciso I, e  4o, da LEI ORGANICA DO DISTRITO
FEDERAL e com o artigo 40", Distrito Federal,nan,nan,"APOSENTAR, nos termos do artigo 186, inciso I, in fine, e 189, Paragrafo Unico, da Lei no 8.112, de
11/12/1990, combinados com o artigo 41, inciso I, e  4o, da LEI ORGANICA DO DISTRITO
FEDERAL e com o artigo 40,  1o, inciso I, e  8o, da CONSTITUICAO DA REPUBLICA FEDERA-
TIVA DO BRASIL, alterado pelo artigo 1o da Emenda Constitucional no 20, de 16/12/1998, a servidora
ANTONIA PEREIRA BRAZ, matricula no 98.216-4, Auxiliar de Educacao/Conservacao e Limpeza,
classe unica, padrao XXIV, do Quadro de Pessoal do Distrito Federal. Processo no 080.012241/2002 APOSENTAR, nos termos do artigo 186, inciso I, e  1o, e 189, Paragrafo Unico, da Lei no 8.112,
de 11/12/1990, combinados com o artigo 41, inciso I, e  4o, da LEI ORGANICA DO DISTRITO
FEDERAL e com o artigo 40,  1o, inciso I, e  8o, da CONSTITUICAO DA REPUBLICA
FEDERATIVA DO BRASIL, alterado pelo artigo 1o da Emenda Constitucional no 20, de 16/12/
1998, a servidora DIVINA AUGUSTA DA SILVA, matricula no 56.672-1, Professor, nivel 01,
classe C, padrao 23-1F, do Quadro de Pessoal do Distrito Federal. Processo no 080.011747/2002
APOSENTAR, nos termos do artigo 186, inciso I, e  1o, e 189, Paragrafo Unico, da Lei no
8.112, de 11/12/1990, combinados com o artigo 41, inciso I, e  4o, da LEI ORGANICA
DO DISTRITO FEDERAL e com o artigo 40,  1o, inciso I, e  8o, da CONSTITUICAO
DA REPUBLICA FEDERATIVA DO BRASIL, alterado pelo artigo 1o da Emenda Consti-
tucional no 20, de 16/12/1998, a servidora DORA BUENO DOS SANTOS, matricula no
77.863-X, Auxiliar de Educacao/Conservacao e Limpeza, classe unica, padrao XXIV, do
Quadro de Pessoal do Distrito Federal. Processo no 080.012694/2002
APOSENTAR, nos termos do artigo 186, inciso I, in fine, e 189, Paragrafo Unico, da Lei no 8.112,
de 11/12/1990, combinados com o artigo 41, inciso I, e  4o, da LEI ORGANICA DO DISTRITO
FEDERAL e com o artigo 40,  1o, inciso I, e  8o, da CONSTITUICAO DA REPUBLICA
FEDERATIVA DO BRASIL, alterado pelo artigo 1o da Emenda Constitucional no 20, de 16/12/
1998, o servidor EDMUNDO ALVES DE VASCONCELLOS, matricula no 20.101-4, Especialis-
ta de Assistencia a Educacao/Apoio Tecnico-Administrativo, classe 2, padrao VI, do Quadro de
Pessoal do Distrito Federal. Processo no 080.011406/2002
CONCEDER, nos termos do artigo 40,  1o, inciso IIIa, e  5o e 8o, da CONSTITUICAO DA
REPUBLICA FEDERATIVA DO BRASIL, aposentadoria a servidora ELZA TERUKO KA-
WAKAMI CHAN, matricula no 59.253-6, Professor, nivel 03, classe unica, padrao 25-3F, do
Quadro de Pessoal do Distrito Federal. Processo no 080.010199/2002
CONCEDER, nos termos do artigo 8o, incisos I, II, IIIa e IIIb, da Emenda Constitucional no 20,
de 16/12/1998, e artigo 40,  8o, da CONSTITUICAO DA REPUBLICA FEDERATIVA DO
BRASIL, a servidora EFIGENIA MARIA DE JESUS SILVA, matricula no 90.712-X, Especialis-
ta de Assistencia a Educacao/Apoio Tecnico-Administrativo, classe Especial, padrao VI, do
Quadro de Pessoal do Distrito Federal. Processo no 080.010664/2002
APOSENTAR, nos termos do artigo 186, inciso I, in fine, e 189, Paragrafo Unico, da Lei
no 8.112, de 11/12/1990, combinados com o artigo 41, inciso I, e  4o, da LEI ORGANICA
DO DISTRITO FEDERAL e com o artigo 40,  1o, inciso I, e  8o, da CONSTITUICAO
DA REPUBLICA FEDERATIVA DO BRASIL, alterado pelo artigo 1o da Emenda Consti-
tucional no 20, de 16/12/1998, com as vantagens previstas no artigo 1o da Lei no 1.004 de
11/01/1996, regulamentada pelo Decreto no 17.182, de 06/03/1996 e artigo 4o da Lei no
1.141, de 11/07/1996, a servidora FRANCISCA ELIANEIDE ALVES DE SANTANA,
matricula no 62.472-1, Professor, nivel 01, classe C, padrao 20-1F, do Quadro de Pessoal
do Distrito Federal. Processo no 080.008650/2002
CONCEDER, nos termos do artigo 8o, incisos I, II, IIIa e IIIb, da Emenda Constitucional
no 20, de 16/12/1998, e artigo 40,  8o, da CONSTITUICAO DA REPUBLICA FEDERA-
TIVA DO BRASIL, ao servidor JOSE RIBAMAR DOS SANTOS, matricula no 67.493-1,
Agente de Educacao/Vigilancia, classe unica, padrao XIX, do Quadro de Pessoal do Distri-
to Federal. Processo no 080.011690/2002
APOSENTAR, nos termos do artigo 186, inciso I, in fine, e 189, Paragrafo Unico, da Lei no 8.112,
de 11/12/1990, combinados com o artigo 41, inciso I, e  4o, da LEI ORGANICA DO DISTRITO
FEDERAL e com o artigo 40,  1o, inciso I, e  8o, da CONSTITUICAO DA REPUBLICA
FEDERATIVA DO BRASIL, alterado pelo artigo 1o da Emenda Constitucional no 20, de 16/12/
1998, a servidora LEIA ALVES MORENO, matricula no 21.402-7, Professor, nivel 02, classe B,
padrao 11-2F, do Quadro de Pessoal do Distrito Federal. Processo no 080.010481/2002
APOSENTAR, nos termos do artigo 186, inciso I, in fine, e 189, Paragrafo Unico, da Lei
no 8.112, de 11/12/1990, combinados com o artigo 41, inciso I, e  4o, da LEI ORGANICA
DO DISTRITO FEDERAL e com o artigo 40,  1o, inciso I, e  8o, da CONSTITUICAO
DA REPUBLICA FEDERATIVA DO BRASIL, alterado pelo artigo 1o da Emenda Cons-
titucional no 20, de 16/12/1998, a servidora MARIA ANGELICA SILVA COUTO, matri-
cula no 22.434-0, Auxiliar de Educacao/Conservacao e Limpeza, classe unica, padrao X, do
Quadro de Pessoal do Distrito Federal. Processo no 080.012203/2002
CONCEDER, nos termos do artigo 8o, incisos I, II, IIIa e IIIb, e  4o, da Emenda Constitu-
cional no 20, de 16/12/1998, e artigo 40,  8o, da CONSTITUICAO DA REPUBLICA
FEDERATIVA DO BRASIL, a servidora MARIA DE FATIMA DA SILVEIRA PARA-
NHOS, matricula no 52.071-3, Professor, nivel 03, classe unica, padrao 25-3F, do Quadro
de Pessoal do Distrito Federal. Processo no 080.009965/2001."
1,Aposentadoria,080.016952/2001,"a servidora MARIA DE
LOURDES DA SILVA LUCENA",60.180-2,nan,nan,unica,XXI,Quadro de Pessoal do Distrito Federal," 186, inciso I, in fine, e 189, Paragrafo Unico, da Lei no 8.112, de 11/
12/1990, combinados com o artigo 41, inciso I, e  4o, da LEI ORGANICA DO DISTRITO FEDERAL
e com o artigo 40", Distrito Federal,nan,nan,"APOSENTAR, nos termos do artigo 186, inciso I, in fine, e 189, Paragrafo Unico, da Lei no 8.112, de 11/
12/1990, combinados com o artigo 41, inciso I, e  4o, da LEI ORGANICA DO DISTRITO FEDERAL
e com o artigo 40,  1o, inciso I, e  8o, da CONSTITUICAO DA REPUBLICA FEDERATIVA DO
BRASIL, alterado pelo artigo 1o da Emenda Constitucional no 20, de 16/12/1998, a servidora MARIA DE
LOURDES DA SILVA LUCENA, matricula no 60.180-2, Auxiliar de Educacao/Conservacao e Limpeza,
classe unica, padrao XXI, do Quadro de Pessoal do Distrito Federal. Processo no 080.012839/2002                                      Diario Oficial do Distrito Federal
PAGINA   80
No 229, quinta-feira, 28 de novembro de 2002 CONCEDER, nos termos do artigo 8o,  1o, incisos Ia, Ib e II, da Emenda Constitucional no 20, de
16/12/1998, e artigo 40,  8o, da CONSTITUICAO DA REPUBLICA FEDERATIVA DO BRA-
SIL, aposentadoria a servidora MARIA DOS SANTOS GONZAGA, matricula no 98.708-5,
Auxiliar de Educacao/Conservacao e Limpeza, classe unica, padrao XXIV, do Quadro de Pessoal
do Distrito Federal. Processo no 080.009873/2002
CONCEDER, nos termos do artigo 40,  1o, inciso IIIa, e  5o e 8o, da CONSTITUICAO DA
REPUBLICA FEDERATIVA DO BRASIL, aposentadoria a servidora MARIA GUEDES DE
SOUSA, matricula no 68.457-0, Professor, nivel 01, classe B, padrao 24-1E, do Quadro de
Pessoal do Distrito Federal. Processo no 080.012676/2002
CONCEDER, nos termos do artigo 186, inciso III, alinea d, e 189, Paragrafo Unico, da
Lei no 8.112, de 11/12/1990, combinados com o artigo 41, inciso III, alinea d, e  4o, da
LEI ORGANICA DO DISTRITO FEDERAL e artigo 40,  1o, inciso IIIb, e  8o, da
CONSTITUICAO DA REPUBLICA FEDERATIVA DO BRASIL, com as vantagens pre-
vistas no artigo 62 da Lei no 8.112, de 11/12/1990, combinado com o artigo 3o da Lei no
8.911, de 12/07/1994 e artigo 7o da Lei no 1.004, de 11/01/1996, regulamentada pelo Decre-
to no 17.182, de 06/03/1996, aposentadoria ao servidor MARIO EMILIO LEOPOLDINO,
matricula no 84.131-5, Professor, nivel 03, classe unica, padrao 20-3C, do Quadro de
Pessoal do Distrito Federal. Processo no 080.003773/2002
CONCEDER, nos termos do artigo 40,  1o, inciso IIIa, e  5o e 8o, da CONSTITUICAO DA
REPUBLICA FEDERATIVA DO BRASIL, aposentadoria a servidora NOEMIA POVOA
MONIZ, matricula no 63.769-6, Professor, nivel 01, classe C, padrao 25-1F, do Quadro de
Pessoal do Distrito Federal. Processo no 080.016952/2001."
