,tipo,nome,matricula,simbolo,cargo_comissao,lotacao,orgao,vigencia,pedido,cargo_efetivo,siape,motivo,text
0,Exoneração, ROBERTO DA CRUZ RODRIGUES,nan,DFG-05,nan,nan,nan,nan,nan,nan,nan,nan,"EXONERAR, ROBERTO DA CRUZ RODRIGUES, Matricula 721-8, do Cargo em Comissao,
Simbolo DFG-05, de Chefe do Deposito de Veiculos Apreendidos  DVA I, da Administracao dos
Orgaos Regionais de Transito, do Departamento de Transito do Distrito Federal"
1,Exoneração, ANTONIO DIAS DA SILVA FILHO,nan,DFG-12,nan,nan,nan,nan,nan,nan,nan,nan,"EXONERAR, ANTONIO DIAS DA SILVA FILHO, Matricula 654-8, do Cargo em Comissao,
Simbolo DFG-12, de Chefe da Divisao Regional de Transito de Taguatinga, da Administracao dos
Orgaos Regionais de Transito, do Departamento de Transito do Distrito Federal"
2,Exoneração, JOSE REIS DA SILVA,nan,DFG-,nan,nan,nan,nan,nan,nan,nan,nan,"EXONERAR, JOSE REIS DA SILVA, Matricula 208-9, do Cargo em Comissao, Simbolo DFG-
05, de Chefe do Deposito de Veiculos Apreendidos  DVA II, da Administracao dos Orgaos
Regionais de Transito, do Departamento de Transito do Distrito Federal"
3,Exoneração, ELISEU VIEIRA DA SILVA,nan,DFG-05,nan,nan,nan,nan,nan,nan,nan,nan,"EXONERAR, ELISEU VIEIRA DA SILVA, Matricula 803-6, do Cargo em Comissao, Simbolo
DFG-05, de Chefe da Secao de Cadastro e de Habilitacao de Condutores  SEHAB, da Divisao de
Regional de Transito de Taguatinga,
Da Administracao dos Orgaos Regionais de Transito, do Departamento de Transito do Distrito Federal"
4,Exoneração, SILDESIA MARIA CANDIDA,nan,nan,nan,nan,nan,nan,nan,nan,nan,nan,"EXONERAR, SILDESIA MARIA CANDIDA, Matricula 1"
5,Exoneração, LAURO SILVESTRE DE FREITAS,nan,nan,nan,nan,nan,nan,a pedido,nan,nan,nan,"EXONERAR, a pedido, LAURO SILVESTRE DE FREITAS, como Presidente da 2a Junta
Administrativa de Recurso de Infracao, do Departamento de Transito do Distrito Federal"
6,Exoneração, MARIA DO SOCORRO ARAUJO,nan,nan,nan,nan,nan,nan,a pedido,nan,nan,nan,"EXONERAR, a pedido, MARIA DO SOCORRO ARAUJO, Carreira Medica (Pediatria), Matri-
cula no 126"
7,Exoneração, ANDREA EMIKO OSHIRO,no,nan,nan,nan,nan,nan,nan,nan,nan,nan,"EXONERAR ANDREA EMIKO OSHIRO, matricula no 30"
8,Exoneração, CEL QOPM JOAO COELHO VITOLA,nan,nan,nan,nan,nan,nan,nan,nan,nan,nan,"EXONERAR, o CEL QOPM JOAO COELHO VITOLA, MAT"
