,Tipo do Ato,Nome do Servidor Substituto,Matrícula do Servidor Substituto,Nome do Servidor a ser Substituido,Matrícula do Servidor a ser SubstituidoCargo,Símbolo do cargo do servidor substituto,Cargo comissionado objeto da substituição,Símbolo do cargo do objeto da substituição,Símbolo do cargo comissionado objeto da substituição,Hierarquia da Lotação,Órgão,Data Inicial da Vigência,Data Final de Vigência,Matrícula SIAPE,Motivo,text
0,Substituição de Funções, JACEDY DA SILVA GOMES,42.745-4,JOAO FRANCISCO DE ARAUJO CU,nan,nan,DFG-05,nan,,nan,"acordo
com o artigo 4o do Decreto no 23.343 de 06 de novembro de 2002",nan,nan,nan,nan,"Designar JACEDY DA SILVA GOMES, matricula no 42.745-4, Encarregada de Registro
Financeiro, Simbolo DFG-05, para substituir JOAO FRANCISCO DE ARAUJO CU-
NHA, Chefe do Nucleo de Recursos Humanos, Simbolo DFG-11, da Diretoria Adminis-
trativo-Financeira da Subsecretaria de Apoio Operacional, por motivo de Abono Anual, de
que trata a Lei no 1.303, de 16 de dezembro de 1996, combinada com o Decreto no 21.911
de 17 de janeiro de 2001, no periodo de 25 a 29 de novembro de 2002, sem onus, de acordo
com o artigo 4o do Decreto no 23.343 de 06 de novembro de 2002"
1,Substituição de Funções, GERALDINA SOARES,103.384-0,JACEDY DA SILVA GOMES,42.745-4,Encarregada de Registro Financeiro,DFG-05,nan,nan,nan,nan,nan,nan,nan,nan,"Designar GERALDINA SOARES, Assistente Intermediario em Servicos Sociais do Distrito
Federal, matricula no 103.384-0, para substituir JACEDY DA SILVA GOMES, matricula no
42.745-4, Encarregada de Registro Financeiro, Simbolo DFG-05, do Nucleo de Recursos Huma-
nos da Diretoria Administrativo-Financeira da Subsecretaria de Apoio Operacional, por motivo
da titular estar substituindo o Chefe do Nucleo de Recursos Humanos da Diretoria Administra-
tivo-Financeira da Subsecretaria de Apoio Operacional, no periodo de 25 a 29 de novembro de
2002, sem onus, de acordo com o artigo 4o do Decreto no 23.343 de 06 de novembro de 2002"
2,Substituição de Funções, os servidores abaixo relacionados como executores dos contratos que menciona,nan,nan,nan,nan,nan,nan,nan,nan,nan,nan,nan,nan,nan,"Designar os servidores abaixo relacionados como executores dos contratos que menciona:
MAJ QOBM/Comb"
3,Substituição de Funções, os servidores LUCIMAR PINHEIRO DE DEUS,40.197-8,nan,96.969-9,nan,nan,nan,nan,nan,nan,nan,nan,nan,nan,"Designar os servidores LUCIMAR PINHEIRO DE DEUS, Tecnico de Adminis-
tracao Publica, matricula no 40.197-8, SIDNEI CASSIO NERES DE SOUZA, Secretario
Administrativo da Subsecretaria de Logistica e Modernizacao, matricula no 96.969-9,
ADRIENE LOBATO DE FARIA, Assessora do Gabinete da Secretaria de Gestao Admi-
nistrativa matricula no 109.234-0, ROSENILDA MARIA DE SOUSA SANTOS, Tecnico
de Administracao Publica, matricula no 31.054-9 e ELISANGELA DE LIMA RIBEIRO,
Assessora da Diretoria de Suporte Institucional, matricula no 95.945-6, para sob a presi-
dencia da primeira e secretariada pela ultima comporem a citada comissao"
4,Substituição de Funções, a servidora ADRIENE LOBATO DE FARIA,109.234-0,a presidente em seus afastamentos e impedimentos legais,nan,nan,nan,nan,nan,nan,nan,nan,nan,nan,nan,"Designar a servidora ADRIENE LOBATO DE FARIA, matricula no 109.234-0, para
substituir a presidente em seus afastamentos e impedimentos legais"
5,Substituição de Funções, HIROMI MIURA,63.629-0,nan,nan,nan,nan,nan,nan,nan,nan,nan,nan,nan,nan,"DESIGNAR HIROMI MIURA, matricula no 63.629-0, como executora do Convenio no 41/
2002, firmado entre o Distrito Federal, por intermedio da Secretaria de Estado de Educacao do
Distrito Federal, e a Imprensa Nacional"
6,Substituição de Funções, o servidor MARDEN DOS REIS E SILVA,98162-0,sem prejuizo de suas atribui,107.924-7,nan,DFG-12,nan,,nan,nan,nan,nan,nan,nan,"Designar o servidor MARDEN DOS REIS E SILVA, matricula no 98162-0, Diretor da Divisao de
Fiscalizacao de Obras e Posturas, Simbolo DFG-12, para substituir sem prejuizo de suas atribui-
coes e sem acumular vencimentos, a servidora MAUREN IARA NASCIMENTO DE ALMEI-
DA, matricula no 107.924-7, Diretora da Divisao de Exame, Aprovacao e Elaboracao de Projetos,
Simbolo DFG-12, da Administracao Regional de Sobradinho, da Secretaria de Estado de Coorde-
nacao das Administracoes Regionais do Distrito Federal, no periodo de 01 a 30 de dezembro de
2002, por motivo de ferias regulamentares da titular"
7,Substituição de Funções, o servidor ROBERTO AIRTON RODRIGUES BRAGA,107.864-X,"sem prejuizo de suas atribuicoes e sem
acumular salarios",107.041-x,nan,DFG-12,nan,nan,nan,nan,nan,nan,nan,nan,"Designar o servidor ROBERTO AIRTON RODRIGUES BRAGA, matricula no 107.864-X,
Diretor da Assessoria de Planejamento para substituir sem prejuizo de suas atribuicoes e sem
acumular salarios, o servidor PAULO SERGIO DE SA, matricula no 107.041-x, Diretor da Divisao de Aprovacao, Licenciamento e Fiscalizacao, Simbolo DFG-12, da Administracao Regi-
onal de do Lago Norte, da Secretaria de Estado de Coordenacao das Administracoes Regionais do
Distrito Federal, no periodo de 16 de novembro a a 30 de novembro de 2002, por motivo de ferias
regulamentares do titular"
8,Substituição de Funções, o servidor LUCIANA DUTRA DA SILVA,42.327-0,"sem prejuizo de suas atribuicoes e sem acumular
salarios",107.536-5,nan,nan,nan,nan,nan,nan,nan,nan,nan,nan,"Designar o servidor LUCIANA DUTRA DA SILVA, matricula no 42.327-0, Auxiliar de
Administracao Publica para substituir sem prejuizo de suas atribuicoes e sem acumular
salarios, a servidora ADRIANA DE SOUZA NACCOR, matricula no 107.536-5, Chefe da
Secao de Servicos Gerais, da Divisao de Administracao Geral, da Administracao Regional
do Lago Norte, da Secretaria de Estado de Coordenacao das Administracoes Regionais do
Distrito Federal, no periodo de 04 de novembro a 03 de dezembro de 2002, por motivo de
ferias regulamentares da titular"
9,Substituição de Funções, os membros abaixo relacionados,28.846-2,nan,91.560-2,nan,nan,nan,nan,nan,nan,nan,nan,nan,nan,"Designar os membros abaixo relacionados, para comporem a Comissao de Ocupacao de Area
Publica, para desenvolvimento da atividade economica por traillers, quiosques e similares:
ALCIDES DIVINO ROCHA CALDEIRA, matricula no 28.846-2, representante da Administra-
cao Regional para exercer a funcao de Presidente;
BRAZ JOSE DA SILVA, matricula no 91.560-2, representante da Administracao Regional para
exercer a funcao de Membro;
LAIRSON RODRIGUES BUENO, matricula no 109.983-3, representante da Administracao
Regional para exercer a funcao de membro;
RAIMUNDO MESSIAS SOARES, representando o quiosque, situado a QR1A, conjunto D,
em frente a casa 06, Praca do Bosque, para exercer a funcao de membro e,
RAIMUNDO JOSE DE CASTRO, representando o quiosque, situado a Entrequadra 05/07,
MU II, para exercer a funcao de membro;
II.Fixar o prazo de 90(noventa) dias a partir de sua publicacao, para a conclusao dos trabalhos;
III.Esta Ordem de Servico, entra em vigor a partir da data de sua publicacao"
