,Tipo do Ato,Nome do Servidor Substituto,Matrícula do Servidor Substituto,Nome do Servidor a ser Substituido,Matrícula do Servidor a ser SubstituidoCargo,Símbolo do cargo do servidor substituto,Cargo comissionado objeto da substituição,Símbolo do cargo do objeto da substituição,Símbolo do cargo comissionado objeto da substituição,Hierarquia da Lotação,Órgão,Data Inicial da Vigência,Data Final de Vigência,Matrícula SIAPE,Motivo,text
0,Substituição de Funções, o servidor LUIZ RODRIGUES DOS SANTOS,o,MARTA CLERIA LIMA,o 95.163-3,"Simbolo DFG-10  do cargo em comissao de Chefe do Nucleo de Apoio de
Material",DFG-08,nan,,nan,nan,nan,nan,nan,nan,"Designar o servidor LUIZ RODRIGUES DOS SANTOS, matricula n o 95.655-4, Assistente
do Nucleo de Cadastro e Producao de Eventos,  simbolo DFG-08, da Agencia de Desenvol-
vimento do Turismo do Distrito Federal, para substituir MARTA CLERIA LIMA, matricula
n o 95.163-3, Simbolo DFG-10  do cargo em comissao de Chefe do Nucleo de Apoio de
Material,  da Gerencia de Evento, da Diretoria de Infra-Estrutura, da Agencia de Desenvolvi-
mento do Turismo do Distrito Federal, por motivo de ferias do titular, no periodo de
02.01.2002 a 30.01.2002"
1,Substituição de Funções, JOAO FRANCISCO DE ARAUJO CUNHA,n.o,WAGNER JOSE DE SANTANNA,"n.o
30.804-8",Chefe da Divisao de Administracao Geral,DFG-09,nan,,nan,nan,nan,nan,nan,nan,"Designar JOAO FRANCISCO DE ARAUJO CUNHA, matricula n.o 21.360-8, Chefe do Servico
de Pessoal,  Simbolo DFG-09, para substituir WAGNER JOSE DE SANTANNA, matricula n.o
30.804-8, Chefe da Divisao de Administracao Geral, Simbolo DFG-12, do Departamento de
Assuntos Administrativos,  por motivo de ferias regulamentares do titular no periodo de 14 de
janeiro a 02 de fevereiro de 2002"
2,Substituição de Funções, VANIA LUCIA VIEIRA,103.975-X,JOAO FRANCISCO DE ARAUJO CUNHA,nan,nan,DFA-03,nan,,nan,nan,nan,nan,nan,nan,"Designar VANIA LUCIA VIEIRA, matricula no 103.975-X, Secretaria Administrativa, Simbolo
DFA-03, para Substituir JOAO FRANCISCO DE ARAUJO CUNHA, Chefe do Servico de
Pessoal, Simbolo DFG-09, da Divisao de Administracao Geral do Departamento de Assuntos
Administrativos, por motivo do titular estar substituindo o Chefe da Divisao de Administracao,
no periodo de 14 de janeiro a 02 de fevereiro de 2002"
3,Substituição de Funções, LUIZ CARLOS SOARES MONTEIRO,30.356-9,PAU,33.652-1,nan,DFG-11,nan,nan,nan,nan,nan,nan,nan,nan,"Designar LUIZ CARLOS SOARES MONTEIRO, matricula no 30.356-9, para substituir PAU-
LO LOPES, matricula no 33.652-1, Chefe de Agencia, Simbolo DFG-11, da Agencia de Atendi-
mento da Receita  Brazlandia, da Gerencia de Atendimento ao Contribuinte da Subsecretaria da
Receita da Secretaria de Fazenda e Planejamento do Distrito Federal, no periodo de 7 a 21 de
janeiro de 2002, por motivo de ferias regulamentares"
4,Substituição de Funções, ANDREA BENITES SAMPAIO COLOMBINI,43.059-5,CELESTE APARECIDA DE GUSMAO DOS REIS,43.192-3,"Encarregado de
Secretaria",DFG-02,nan,nan,nan,nan,nan,nan,nan,nan,"Designar ANDREA BENITES SAMPAIO COLOMBINI, matricula no 43.059-5, para substituir
CELESTE APARECIDA DE GUSMAO DOS REIS, matricula no 43.192-3, Encarregado de
Secretaria, Simbolo DFG-02, da Gerencia de Atendimento ao Contribuinte da Subsecretaria da
Receita da Secretaria de Fazenda e Planejamento do Distrito Federal, no periodo de 7 a 16 de
janeiro de 2002, por motivo de ferias regulamentares"
5,Substituição de Funções, HELENI FERNANDES PEREIRA GONCALVES,37.385-0,nan,40.539-6,nan,DFG-05,nan,nan,nan,nan,nan,nan,nan,nan,"Designar HELENI FERNANDES PEREIRA GONCALVES, matricula no 37.385-0, para substi-
tuir ZEDILIA COSTA PAULO, matricula no 40.539-6, Chefe do Nucleo de Apoio Administrati-
vo, Simbolo DFG-05, da Gerencia de Fiscalizacao Tributaria da Subsecretaria da Receita da
Secretaria de Fazenda e Planejamento do Distrito Federal, no periodo de 30 de janeiro a 8 de
fevereiro de 2002, por motivo de ferias regulamentares"
6,Substituição de Funções, ENEIDA APARECIDA MONTEIRO VIEIRA,46.336-1,EDUARDO DE BRITO LIMA,46.255-1,"Supervisor da Celula de Programacao e
Acompanhamento da Acao Fiscal",DFG-11,nan,nan,nan,nan,nan,nan,nan,nan,"Designar ENEIDA APARECIDA MONTEIRO VIEIRA, matricula no 46.336-1, para substituir
EDUARDO DE BRITO LIMA, matricula no 46.255-1, Supervisor da Celula de Programacao e
Acompanhamento da Acao Fiscal, Simbolo DFG-11, da Gerencia de Fiscalizacao Tributaria da
Subsecretaria da Receita da Secretaria de Fazenda e Planejamento do Distrito Federal, no periodo
de 1o a 15 de janeiro de 2002, por motivo de ferias regulamentares"
7,Substituição de Funções, MARISA BRASILIENSE DE ASSUNCAO,21.451-5,ELENE MARIA DE SOUSA LOPES MELLO,42.518-4,Gerente,DFG-,nan,nan,nan,nan,nan,nan,nan,nan,"Designar MARISA BRASILIENSE DE ASSUNCAO, matricula no 21.451-5, para substituir
ELENE MARIA DE SOUSA LOPES MELLO, matricula no 42.518-4, Gerente, Simbolo DFG-
11, da Gerencia de Aposentadorias e Pensoes da Diretoria de Auditoria e Controle da Subsecre-
taria de Auditoria da Secretaria de Fazenda e Planejamento do Distrito Federal, no periodo de 2 a
21 de janeiro de 2002, por motivo de ferias regulamentares"
8,Substituição de Funções, IVAN NEVES DE CASTRO,35.198-9,OLAVO GON,21.488-4,nan,DFG-,nan,nan,nan,nan,nan,nan,nan,nan,"Designar IVAN NEVES DE CASTRO, matricula no 35.198-9, para substituir OLAVO GON-
CALVES DE FARIAS, matricula no 21.488-4, Chefe do Nucleo de Transportes, Simbolo DFG-
08, da Gerencia de Apoio Logistico da Subsecretaria de Apoio Operacional da Secretaria de
Fazenda e Planejamento do Distrito Federal, no periodo de 4 de fevereiro a 5 de marco de 2002,
por motivo de ferias regulamentares"
9,Substituição de Funções, NEURACY MARIA DOS SANTOS CARTAXO,42.838-8,nan,35.236-5,nan,nan,nan,nan,nan,nan,nan,nan,nan,nan,"Designar NEURACY MARIA DOS SANTOS CARTAXO, matricula no 42.838-8, para substi-
tuir JOSUE EVANGELISTA ALVES, matricula no 35.236-5, Encarregado do Expediente, Simbo-
lo DFG-02, da Diretoria de Orcamento da Subsecretaria de Planejamento da Secretaria de Fazen-
da e Planejamento do Distrito Federal, no periodo de 7 de janeiro a 5 de fevereiro de 2002, por
motivo de ferias regulamentares"
10,Substituição de Funções, HERCULES BONIFACIO FERREIRA FILHO,44.110-4,nan,24.515-1,nan,DFG-10,nan,nan,nan,nan,nan,nan,nan,nan,"Designar HERCULES BONIFACIO FERREIRA FILHO, matricula no 44.110-4, para substi-
tuir RAIMUNDO NONATO DOS SANTOS SILVA, matricula no 24.515-1, Chefe do Nucleo
de Elaboracao do Orcamento, Simbolo DFG-10, da Gerencia de Elaboracao e Acompanhamen-
to do Orcamento da Diretoria de Orcamento da Subsecretaria de Planejamento da Secretaria de
Fazenda e Planejamento do Distrito Federal, no periodo de 7 a 26 de janeiro de 2002, por
motivo de ferias regulamentares"
11,Substituição de Funções, VALERIA ABDALA MENDONCA RIBEIRO,30.207-4,nan,25.235-2,nan,DFA-11,nan,,nan,nan,nan,nan,nan,nan,"Designar VALERIA ABDALA MENDONCA RIBEIRO, matricula no 30.207-4, Assessor,
Simbolo DFA-11, da Subsecretaria da Receita, para substituir, interina e cumulativamente, sem
acumular vencimentos, EDUARDO ALVES DE ALMEIDA NETO, matricula no 25.235-2,
Subsecretario da Receita, Simbolo CNE-06, da Subsecretaria da Receita da Secretaria de Fazen-
da e Planejamento do Distrito Federal, no periodo de 2 a 11 de janeiro de 2002, por motivo de
ferias regulamentares"
12,Substituição de Funções, JACKELINE DOMINGUES DE AGUIAR,39.488-2,o titular do Cargo em Comissao,nan,nan,DFG-07,nan,nan,nan,nan,nan,nan,nan,nan,"DESIGNAR JACKELINE DOMINGUES DE AGUIAR, matricula no 39.488-2, para substituir
o titular do Cargo em Comissao, Simbolo DFG-07, de Chefe do Nucleo de Apoio a Selecao, da                                                                       Diario Oficial do Distrito Federal
PAGINA   47
No 6, quarta-feira, 9 de janeiro de 2002 Gerencia de Recrutamento, Selecao e Movimentacao da Diretoria de Administracao de Recursos
Humanos da Subsecretaria de Apoio Operacional da Secretaria de Estado de Educacao do Distrito
Federal, no periodo de 07/01/2002 a 05/02/2002, por motivo de ferias"
13,Substituição de Funções, EDIANGELA ALVES DA SILVA,n.o,nan,nan,nan,nan,nan,nan,nan,nan,nan,nan,nan,nan,"Designar EDIANGELA ALVES DA SILVA, matricula n.o 201644-3, para atuar como executora
do Contrato no 28/2000, firmado entre a Secretaria de Estado de Educacao do Distrito Federal e a
FINASA SEGURADORA S/A"
14,Substituição de Funções, CECILIA MARIA SA DE OLIVEIRA,65.005-6,nan,nan,nan,nan,nan,nan,nan,nan,nan,nan,nan,nan,"Designar CECILIA MARIA SA DE OLIVEIRA, matricula no 65.005-6, como executora
do Convenio no 83/2001, firmado entre a Secretaria de Estado de Educacao do Distrito
Federal e o Instituto Cultural e Profissionalizante de Pessoas Portadoras de Deficiencias
do Distrito Federal - ICP"
15,Substituição de Funções, VANESCA MARIA DA SILVA MATOS,25.098-8,nan,nan,nan,nan,nan,nan,nan,nan,nan,nan,nan,nan,"Designar VANESCA MARIA DA SILVA MATOS, matricula no 25.098-8, como executora do
Convenio no 76/2001, firmado entre a Secretaria de Estado de Educacao do Distrito Federal e a
Radiobras  Empresa Brasileira de Comunicacao S/A"
16,Substituição de Funções, os servidores,41.909-5,nan,nan,nan,nan,nan,nan,nan,nan,nan,nan,nan,nan,"Designar os servidores, abaixo relacionados, para substituirem titulares de cargos em comissao,
por motivos de ferias regulamentares, conforme especificacoes abaixo: Gilsa Gisele Melo de Santana, matricula no 41.909-5, Chefe do Nucleo de Informatica Educativa,
DFG-07, no periodo de 07/01 a 05/02/2002"
17,Substituição de Funções, SUZY PACITA RAMOS F,nan,nan,nan,nan,nan,nan,nan,nan,nan,nan,nan,nan,nan,Designar SUZY PACITA RAMOS F
18,Substituição de Funções, o servidor JOSE LOPES GOMES FILHO,118.643-,o Chefe do Nucleo de Apoio Operacional do Centro de Saude no,nan,nan,DFG,nan,nan,nan,nan,nan,nan,nan,nan,"Designar o servidor JOSE LOPES GOMES FILHO, Agente Administrativo, matricula  118.643-
4, para substituir o Chefe do Nucleo de Apoio Operacional do Centro de Saude no 08  do Hospital
Regional da Asa Sul,  simbolo DFG 05, no periodo de 07.01.2002 a 26.01.2002 e 14.02.2002 a
23.02.2002 por motivo de Ferias do Titular"
19,Substituição de Funções, a servidora RITA HELENA LEAL DA SILVA MATOS,nan,o Chefe do Nucleo de Regulacao,nan,nan,DFG,nan,nan,nan,nan,nan,nan,nan,nan,"Designar a servidora RITA HELENA LEAL DA SILVA MATOS, Agente Administrativo, matri-
cula  115.490-7, para substituir o Chefe do Nucleo de Regulacao, Controle e Avaliacao da
Unidade Mista de Saude  da Diretoria Regional de Saude da Asa Sul, simbolo DFG 04, no periodo
de 14.02.2002 a 15.03.2002, por motivo de ferias da titular"
20,Substituição de Funções, a servidora MARGARIDA  PACHECO DE OLIVEIRA,133418-2,"a Chefe  do Nucleo de Nutricao e Dietetica da Gerencia  de Atencao
Medica e Assistencial do Hospital Regional de Brazlandia da Secretaria de Estado de Saude do
Distrito Federal",nan,nan,nan,nan,nan,nan,nan,nan,nan,nan,nan,"Designar a servidora MARGARIDA  PACHECO DE OLIVEIRA, Matricula 133418-2, ASS -
Nutricionista para substituir a Chefe  do Nucleo de Nutricao e Dietetica da Gerencia  de Atencao
Medica e Assistencial do Hospital Regional de Brazlandia da Secretaria de Estado de Saude do
Distrito Federal , DFG-05, nos periodos de 11 a 30 de janeiro de 2002 e 01 de fevereiro de 2002
a 02 de marco de 2002 por motivo de ferias e Licenca Premio  da titular, respectivamente"
21,Substituição de Funções, a servidora ROSA MARIA MACEDO VALOIS,127975-0," o Chefe do Nucleo de Pessoal da Gerencia de Apoio  Operacional
do Hospital Regional de Brazlandia da Secretaria de Estado de Saude do Distrito Federal",nan,nan,nan,nan,nan,nan,nan,nan,nan,nan,nan,"Designar a servidora ROSA MARIA MACEDO VALOIS, Matricula 127975-0, AIS-II-Agente
Administrativo, para substituir  o Chefe do Nucleo de Pessoal da Gerencia de Apoio  Operacional
do Hospital Regional de Brazlandia da Secretaria de Estado de Saude do Distrito Federal, DFG-
05, no periodo de 17 a 31 de janeiro de 2002 por motivo de ferias do titular"
22,Substituição de Funções, a servidora DEBORA CRISTINA NOGUEIRA NERY,140835-6,nan,nan,nan,nan,nan,nan,nan,nan,nan,nan,nan,nan,"Designar a servidora DEBORA CRISTINA NOGUEIRA NERY, Matricula 140835-6, Chefe do
Nucleo de Regulacao Controle e Avaliacao do Centro de Saude no"
23,Substituição de Funções, os membros permanentes da Comissao  de Sindicancia ELZA MARIA AZEVEDO,132807-7,nan,108512-3,nan,nan,nan,nan,nan,nan,nan,nan,nan,nan,"Designar os membros permanentes da Comissao  de Sindicancia ELZA MARIA AZEVEDO,
Matricula 132807-7, ASS- Assistente Social, MARIA DA PENHA SILVEIRA MELO, Matricu-
la 113856-1 AIS-Agente Administrativo e JOAO DE ARANI ALVES DE SOUZA, Matricula
108512-3, AIS-Agente Administrativo para sob a presidencia do primeiro, constituir a Comissao
de Sindicancia para apurar os fatos constantes no processo no"
24,Substituição de Funções, os servidores GISELA RIBEIRO BARBOSA,137424-9,nan,129276-5,nan,nan,nan,nan,nan,nan,nan,nan,nan,nan,"Designar os servidores GISELA RIBEIRO BARBOSA, Matricula 137424-9, CE-Enfermeira,
LUIZ CARLOS BELMONTE DE BARROS, Matricula 129276-5, CM-Medico  Ginecologia/
Obstetricia, Gerente da Gerencia de Atencao Medica e Assitencial/DRS/HRBz, CLAUDIA SI-
MONE CAMARGO GOUVEIA SCHNEIDER, Matricula 134374-2, CM-Medica Pediatra,
chefe da Unidade de Pediatria/GAMA/HRBz, JOSENICE DE ARAUJO SILVA GOMES, Ma-
tricula 132447-0, CM-Medica Ginecologia/Obstetricia, Chefe da Unidadede Ginecologia/Obste-
tricia/GAMA/HRBz,  NATERCIO DE SOUZA FREITAS, Matricula 115795-7, CM-Medico
Clinica Medica, Coordenador Unidade de Clinica Medica/GAMA/HRBz, SEISSIRO UTSUMI,
Matricula 120073-9, CM-Medico Cirurgia Geral, Coordenador da Unidade de Cirurgia/GAMA/
HRBz, WALTER COUTINHO MAGALHAES, Matricula 121958-8, CM-Medico Anestesio-
logista,  Coordenador da Unidade de Anestesiologia/GAMA/HRBz,  SERGIO RAMOS DE
FREITAS, Matricula 132423-3, ASS-Farmaceutico Bioquimico-Laboratorio, Chefe do Nucleo
de Farmacia/GAMA/HRBz,  EUNICE MANITO, Matricula 130891-2, ASS-Farmaceutica Bio-
quimico-Laboratorio, Chefe do Nucleo de Patologia Clinica/GAMA/HRBz, ANA MARIA CAL-
VACANTE SALES, Matricula 125746-3, CE-Enfermeira Gerente de Gerencia de Enfermagem/
HRBz,  LEA MARIA DO AMARAL NOGUEIRA, Matricula 131017-8, CE-Enfermeira, Su-
pervisor de Enfermagem/GAMA/HRBz, SILVYA CHRISTINA OLIVEIRA DE MENEZES,
Matricula 139230-1, CE-Enfermeira, Supervisor de Enfermagem/GAMA/HRBz, VILCA CAR-
DOSO DE OLIVEIRA ESTEVES, Matricula 124575-9, AIS-Agente Administrativo, Superviso-
ra  de Emergencia/GAMA/HRBz, e CELIA MARIA MESQUITA, Matricula 111859-5, AIS-
Auxiliar de Enfermagem para sob a coordenacao do primeiro, constituir a Comissao de Controle
de Infeccao Hospitalar  do Hospital Regional de Brazlandia"
25,Substituição de Funções,nan,nan,nan,nan,nan,nan,nan,nan,nan,nan,nan,nan,nan,nan,"Designar, DEBORA CRISTINA NOGUEIRA NERY, Matricula 140835-6, chefe do Nucleo de
Regulacao, Controle e Avaliacao, DFG-04 do Centro de Saude ne"
26,Substituição de Funções, a servidora  ROSA MARIA MACEDO VALOIS,127975-0,"o chefe do Nucleo de Pessoal da Gerencia de Apoio Operacional
do Hospital Regional de Brazlandia  da Secretaria de Saude do Distrito Federal",nan,nan,nan,nan,nan,nan,nan,nan,nan,nan,nan,"Designar a servidora  ROSA MARIA MACEDO VALOIS, Matricula 127975-0, AIS-Agente
Administrativo para substituir o chefe do Nucleo de Pessoal da Gerencia de Apoio Operacional
do Hospital Regional de Brazlandia  da Secretaria de Saude do Distrito Federal, DFG-05, no
periodo de 16 a 30 de novembro de 2001 por motivo de ferias do titular"
27,Substituição de Funções, o servidor FRANCISCO PAIVA DE LIMA,126453-2,"o chefe do Nucleo de Processamento de Contas do SAI e SIH da
Gerencia de Apoio Operacional  do Hospital Regional de  Brazlandia da Secretaria de
Saude do Distrito Federal",nan,nan,nan,nan,nan,nan,nan,nan,nan,nan,nan,"Designar o servidor FRANCISCO PAIVA DE LIMA, Matricula 126453-2 AIS-AOSD/
DLC para substituir o chefe do Nucleo de Processamento de Contas do SAI e SIH da
Gerencia de Apoio Operacional  do Hospital Regional de  Brazlandia da Secretaria de
Saude do Distrito Federal, DFG-05 no periodo de 16 a 30 de novembro de 2001 por
motivo de ferias do titular"
28,Substituição de Funções,  MARIA DAS GRACAS MOTA,141102-0,"a chefe do Nucleo de Educacao e Treinamento em Saude da Gerencia de Atencao
Medica e Assistencial do Hospital Regional de Brazlandia da Secretaria de Estado de Saude do
Distrito Federal",nan,nan,nan,nan,nan,nan,nan,nan,nan,nan,nan,"Designar  MARIA DAS GRACAS MOTA, Matricula 141102-0, ASC-Area de Nutricao para
substituir a chefe do Nucleo de Educacao e Treinamento em Saude da Gerencia de Atencao
Medica e Assistencial do Hospital Regional de Brazlandia da Secretaria de Estado de Saude do
Distrito Federal, DFG-05, no periodo de 03 de dezembro de 2001 a 01 de abril de 2002  por
motivo de Licenca Maternidade da titular"
29,Substituição de Funções, a servidora ALESSANDRA DE MOURA LIMA,n.o,o Gerente de Emergencia do Hospital Regional do Gama,nan,nan,DFG-09,nan,nan,nan,nan,nan,nan,nan,nan,"DESIGNAR a servidora ALESSANDRA DE MOURA LIMA, ASS (Medica  Clinica Medica),
matricula n.o 140.416-4, para substituir o Gerente de Emergencia do Hospital Regional do Gama,
Simbolo DFG-09, no  periodo de 07/01/02 a 06/02/02,  por motivo de ferias do Titular, conforme
Memorando n.o 34/2001- G"
30,Substituição de Funções, a servidora GENIVAN SILVA MORAES,nan,"o Chefe do Nucleo de Promocao e Assistencia a Saude do
Hospital Regional do Gama",nan,nan,DFG-05,nan,nan,nan,nan,nan,nan,nan,nan,"DESIGNAR a servidora GENIVAN SILVA MORAES, AIS (Agente Administrativo), matri-
cula n.o 132.731-3, para substituir o Chefe do Nucleo de Promocao e Assistencia a Saude do
Hospital Regional do Gama, Simbolo DFG-05, no  periodo de 07 a 26 de janeiro de 2001,  por
motivo de ferias do Titular, conforme Memorando n.o 30/2001- GSC/DRSG,  de 06 de
dezembro  de 2001"
31,Substituição de Funções, o servidor DECIO JOSE DE LIMA FILHO,n.o,"a Chefe do Nucleo de Apoio
Operacional do Centro de Saude no",nan,nan,DFG-05,nan,nan,nan,nan,nan,nan,nan,nan,"DESIGNAR o servidor DECIO JOSE DE LIMA FILHO, AIS (Agente de Servicos Complemen-
tares  Servico Social), matricula n.o 134.221-5, para substituir a Chefe do Nucleo de Apoio
Operacional do Centro de Saude no 03 da Diretoria Regional de Saude do Gama, Simbolo DFG-05,
no  periodo de 02 a 16 de janeiro de 2002,  por motivo de ferias do Titular, conforme Memorando
n.o 079/2001 do NAO/CSG-03,  de 20 de Novembro de 2001"
32,Substituição de Funções, o servidor EVERALDO PEREIRA FRANCA,nan,a Chefe do Nucleo de Processamento de Contas,nan,nan,DFG-05,nan,nan,nan,nan,nan,nan,nan,nan,"DESIGNAR o servidor EVERALDO PEREIRA FRANCA, AIS (Agente Administrativo), ma-
tricula n.o 133.708-4, para substituir a Chefe do Nucleo de Processamento de Contas/SIA e SIH
da Diretoria Regional de Saude do Gama, Simbolo DFG-05, no  periodo de 02 a 31 de janeiro de
2002,  por motivo de ferias do Titular, conforme Memorando n.o 075/2001 do NPC do SIA e SIH,
de 13 de Dezembro de 2001"
33,Substituição de Funções, a servidora IRANI FRANCO RIELLA DA FONSECA,n.o,ALTINA RODRIGUES COSTA DURAES,"n.o
104.526-1",ocupante do Cargo em Comissao,DFG,nan,nan,nan,nan,nan,nan,nan,nan,"Designar a servidora IRANI FRANCO RIELLA DA FONSECA, matricula n.o 101.656-3,
Assistente Social, para substituir ALTINA RODRIGUES COSTA DURAES, matricula n.o
104.526-1, ocupante do Cargo em Comissao, Simbolo DFG 11, de Gerente de Acompanha-
mento e Controle da Diretoria de Contratos e Convenios , da Secretaria de Estado de Acao
Social do Distrito Federal, no periodo de 02 a 21.01..2002, por motivo de ferias regulamen-
tares do Titular"
34,Substituição de Funções, a servidora FATIMA BATISTA DOS SANTOS,n.o,RUBENITA RODRIGUES DA SILVA,n.o 103.342-5,"ocupante do
Cargo em Comissao",DFG,nan,nan,nan,nan,nan,nan,nan,nan,"Designar a servidora FATIMA BATISTA DOS SANTOS, matricula n.o 32.944-4, Assistente,
para substituir RUBENITA RODRIGUES DA SILVA, matricula n.o 103.342-5, ocupante do
Cargo em Comissao, Simbolo DFG 09, de Chefe do Nucleo de Patrimonio da Diretoria de Apoio
Operacional , da Secretaria de Estado de Acao Social do Distrito Federal, no periodo de 02 a
16.01.2002, por motivo de ferias regulamentares do Titular"
35,Substituição de Funções, a servidora VIVIANE APARECIDA CAMARGO,n.o,"RACIB
ELIAS TICLY",n.o 98.392-6,ocupante do Cargo em Comissao,CNE,nan,nan,nan,nan,nan,nan,nan,nan,"Designar a servidora VIVIANE APARECIDA CAMARGO, matricula n.o 95.419-5, Secreta-
ria Executiva do Conselho dos Direitos da Crianca e do Adolescente, para substituir RACIB
ELIAS TICLY, matricula n.o 98.392-6, ocupante do Cargo em Comissao, Simbolo CNE 06, de
Coordenador Administrativo dos Conselhos Tutelares, da Secretaria de Estado de Acao
Social do Distrito Federal, no periodo de 07 01.a 05.02.2002, por motivo de ferias regula-
mentares do Titular"
36,Substituição de Funções, o inspetor de atividades urbanas FRANCISCO LUIZ SILVA FILHO,0108.574-3,nan,nan,nan,nan,nan,nan,nan,nan,nan,nan,nan,nan,"Designar o inspetor de atividades urbanas FRANCISCO LUIZ SILVA FILHO, matricula no
0108.574-3, EXECUTOR do Contrato no  196/2001-SO,  nos  Termos  do  Padrao no 11/96,
firmado entre o Distrito Federal, por meio da Secretaria de Infra-Estrutura e Obras e a Companhia
Urbanizadora da Nova Capital do Brasil  NOVACAP, objetivando o plantio de 360 mudas de
arvores para compensacao ambiental no Canteiro  Central  e  Lateral  da  Avenida  L4  Norte,  em
Brasilia/DF"
37,Substituição de Funções, o inspetor de atividades urbanas SANDRO JARDIM DE OLIVEIRA,nan,nan,nan,nan,nan,nan,nan,nan,nan,nan,nan,nan,nan,"Designar o inspetor de atividades urbanas SANDRO JARDIM DE OLIVEIRA,  matri-
cula no 0108.568-9, EXECUTOR do Contrato no  195/2001-SO,  nos  Termos  do  Padrao
no 11/96, firmado entre o Distrito Federal, por meio da Secretaria de Infra-Estrutura e
Obras e a Companhia Urbanizadora da Nova Capital do Brasil  NOVACAP, objetivan-
do o plantio de grama nos canteiros centrais da 1a e 2a Avenidas Norte  Via de acesso as
Quadras 601/602, 401/402, 201/202 e Centro Urbano  Via de acesso as Quadras 611/
609, 411/409, 111/119  Via de acesso as Quadras 127, em Samambaia/DF"
38,Substituição de Funções, o inspetor de atividades urbanas FALB DA SILVA CRISTINO,0108.572-,nan,nan,nan,nan,nan,nan,nan,nan,nan,nan,nan,nan,"Designar o inspetor de atividades urbanas FALB DA SILVA CRISTINO,  matricula no 0108.572-
7, EXECUTOR do Contrato no  194/2001-SO,  nos  Termos  do  Padrao no 11/96, firmado entre
o Distrito Federal, por meio da Secretaria de Infra-Estrutura e Obras  e a Companhia Urbaniza-
dora da Nova Capital do Brasil  NOVACAP, objetivando a abertura e o encascalhamento de vias,
pavimentacao asfaltica e meios-fios na QI 416 e encascalhamento de vias nas Quadras 203 a 225,
em Samambaia/DF"
39,Substituição de Funções, o inspetor de atividades urbanas ISLEAMER ABDEL KADER DOS SAN,0108.569-7,nan,nan,nan,nan,nan,nan,nan,nan,nan,nan,nan,nan,"Designar o inspetor de atividades urbanas ISLEAMER ABDEL KADER DOS SAN-
TOS, matricula no 0108.569-7, EXECUTOR do Contrato no  179/2001-SO,  nos  Termos
do  Padrao no 11/96, firmado entre o Distrito Federal, por meio da Secretaria de Infra-
Estrutura e Obras  e a Companhia Urbanizadora da Nova Capital do Brasil  NOVACAP,
objetivando a implantacao de passeios em concreto nas 1a e 2a Avenidas Norte, 1a  e  2a
Avenidas  Sul   e   ligacoes   internas,   em   Samambaia/DF"
40,Substituição de Funções, o servidor Izaias da Silva Rocha,nan,nan,nan,nan,nan,nan,nan,nan,nan,nan,nan,nan,nan,"Designar o servidor Izaias da Silva Rocha, Mat"
41,Substituição de Funções, os servidores Nadia Luciana da Silva Ternes,nan,nan,nan,nan,nan,nan,nan,nan,nan,nan,nan,nan,nan,"Designar os servidores Nadia Luciana da Silva Ternes, Mat"
42,Substituição de Funções, os servidores Misael Cavalcanti Guerra,nan,nan,nan,nan,nan,nan,nan,nan,nan,nan,nan,nan,nan,"Designar os servidores Misael Cavalcanti Guerra, Mat"
43,Substituição de Funções, o servidor Thome Luiz Freire Guth,nan,nan,nan,nan,nan,nan,nan,nan,nan,nan,nan,nan,nan,"Designar o servidor Thome Luiz Freire Guth, Mat"
44,Substituição de Funções, o servidor Paulo Roberto de Andrade,nan,nan,nan,nan,nan,nan,nan,nan,nan,nan,nan,nan,nan,"Designar o servidor Paulo Roberto de Andrade, Mat"
45,Substituição de Funções, o servidor HELENO GILBERTO BARCELOS,nan,nan,nan,nan,nan,nan,nan,nan,nan,nan,nan,nan,nan,"Designar o servidor HELENO GILBERTO BARCELOS, Matricula"
46,Substituição de Funções, o servidor ROBERTO LEITE SEIBERT POZZATTI,nan,nan,nan,nan,nan,nan,nan,nan,nan,nan,nan,nan,nan,"Designar o servidor ROBERTO LEITE SEIBERT POZZATTI, Matricula"
47,Substituição de Funções, o servidor MARCO TULIO ROCHA TORRES,57.679-4,nan,nan,nan,nan,nan,nan,nan,nan,nan,nan,nan,nan,"DESIGNAR o servidor MARCO TULIO ROCHA TORRES, Agente de Policia, matricula
57.679-4, para desempenhar as funcoes de Executor do contrato celebrado entre o Distrito
Federal, por intermedio da Policia Civil, e a empresa Ericsson Enterprise Systems do
Brasil S/A, objeto do processo 052.000.097/2000, que dispoe sobre despesas com mao-                                                                       Diario Oficial do Distrito Federal
PAGINA   57
No 6, quarta-feira, 9 de janeiro de 2002 de-obra habilitada e especializada para instalacao do equipamento de ampliacao do CP-
TCT PABX para a PCDF, cujas atribuicoes estao previstas na Instrucao Normativa no.10/
97, publicada no Diario Oficial do Distrito Federal no 88, de 12 de abril de 1997 e no
Decreto no"
48,Substituição de Funções, o servidor PETRONAH DE CASTRO E SILVA,nan,nan,nan,nan,nan,nan,nan,nan,nan,nan,nan,nan,nan,"DESIGNAR o servidor PETRONAH DE CASTRO E SILVA, Agente de Policia, matri-
cula 25.525-4, para desempenhar as funcoes de executor dos contratos celebrados entre
o Distrito Federal, por intermedio da Policia Civil, e a empresa DIMENSAO Comercio
e Representacoes Ltda., objeto do processo 052.000.506/2000, que dispoe sobre aquisi-
cao de sinalizadores visuais rotativo para fixacao no teto do veiculo para a PCDF, cujas
atribuicoes estao previstas na Instrucao Normativa no.10/97, publicada no Diario Oficial
do Distrito Federal No 88, de 12 de abril de 1997 e no Decreto No"
49,Substituição de Funções, o servidor SERGIO DA SILVA MELLO,31.669-5,nan,nan,nan,nan,nan,nan,nan,nan,nan,nan,nan,nan,"DESIGNAR o servidor SERGIO DA SILVA MELLO, Agente de Policia, matricula 31.669-5,
para desempenhar as funcoes de Executor do Contrato de Concessao de Direito Real de Uso
sobre Imovel do Distrito Federal celebrado entre o Distrito Federal por intermedio da Policia
Civil, e BRB Banco de Brasilia S/A, objeto do processo 052.001.468/2001, que dispoe a
concessao do direito real de uso do imovel situado no Complexo da Policia Civil do Distrito
Federal, Bloco C, destinado unica e exclusivamente para funcionamento de Posto de Atendi-
mento Bancario ou Agencia do BRB, cujas atribuicoes estao previstas na Instrucao Norma-
tiva No"
50,Substituição de Funções, o servidor ROBERTO NAPOLEAO DE ARAUJO,n.o,nan,nan,nan,DFG-12,nan,nan,nan,"Secretaria de Meio Ambiente e Recursos Hidricos do Distrito
Federal, ate a designacao de seu titular",nan,nan,nan,nan,"Designar o servidor ROBERTO NAPOLEAO DE ARAUJO, matricula n.o 105.155-5,
Chefe do Nucleo de Implantacao e Acompanhamento, para responder interinamente, sem
acumulacao de remuneracao, pelo Cargo em Comissao Simbolo DFG-12, de Gerente da
Gerencia de Preservacao do Patrimonio Ecologico das Unidades de Conservacao e Parques
Ecologicos, da Diretoria de Preservacao, Conservacao e Educacao Ambiental, da Subsecre-
taria do Meio Ambiente, da Secretaria de Meio Ambiente e Recursos Hidricos do Distrito
Federal, ate a designacao de seu titular"
51,Substituição de Funções, o servidor ISMAEL PEREIRA DA COSTA JUNIOR,96.195-7,LEISA SARMENTO BARBOSA,"39.866-
7","Diretora da Divisao
de Registro e Controle de Processos",DFA-03,nan,,nan,nan,nan,nan,nan,nan,"DESIGNAR o servidor ISMAEL PEREIRA DA COSTA JUNIOR, matricula 96.195-7, Chefe da
Secao de Transportes, Executor  do Contrato celebrado entre o Distrito Federal por meio da
Administracao Regional do Cruzeiro e a Empresa Chaves e Rodrigues Ltda (Processo no
139.000.471/1999) FRANCISCO PIRES PROCURADORIA GERAL DO DISTRITO FEDERAL PORTARIA No 3, DE 8 DE JANEIRO DE 2002 O Procurador-Geral do Distrito Federal, no uso das atribuicoes que lhe confere o artigo 6o, inciso
XIV, da Lei Complementar no 395, de 31 de julho de 2001, resolve: Designar CRISTINA SANTOS FERREIRA, Assistente, Simbolo DFA-03, matricula no 39.866-
7, para substituir LEISA SARMENTO BARBOSA, matricula no 34.503-2, Diretora da Divisao
de Registro e Controle de Processos, Simbolo DFG-10, da Procuradoria do Meio Ambiente,
Patrimonio Urbanistico e Imobiliario, da Procuradoria-Geral do Distrito Federal, no periodo de
21.01.2002 a 09.02.2002, por motivo de ferias da titular"
