,Tipo,Nome,Cargo Efetivo,Matricula,Siape,Simbolo,Cargo Comissao,Lotacao,Orgao,text
0,Nomeação, ONEIDA MARTINS RODRIGUES,para exercer o Cargo em Comissao,nan,nan,nan,nan,nan,nan,"NOMEAR ONEIDA MARTINS RODRIGUES, para exercer o Cargo em Comissao, Sim-
bolo DFG-03, de Encarregado de Atendimento Judiciario, do Nucleo de Assistencia Juridi-
ca de Planaltina, do Centro de Assistencia Judiciaria do Distrito Federal, da Governadoria
do Distrito Federal"
1,Nomeação, FABIANA DE MELO GOUVEA,para exercer o Cargo em Comissao,107.805-4,nan,DFA-03, Secretario Administrativo,"Nucleo de Assistencia Juridica da Infancia e da
Juventude, do Centro de Assistencia Judiciaria do Distrito Federal, da Governadoria do
Distrito Federal
EXONERAR, a pedido, JOAO LUIS ROCHA GOMES, matricula no 107.805-4, do Cargo em
Comissao, Simbolo DFG-03, de Encarregado de Atendimento Judiciario, do Nucleo de Assis-
tencia Juridica de Ceilandia, do Centro de Assistencia Judiciaria do Distrito Federal","Gover-
nadoria do Distrito Federal","NOMEAR FABIANA DE MELO GOUVEA, para exercer o Cargo em Comissao, Simbolo
DFA-03, de Secretario Administrativo, do Nucleo de Assistencia Juridica da Infancia e da
Juventude, do Centro de Assistencia Judiciaria do Distrito Federal, da Governadoria do
Distrito Federal
EXONERAR, a pedido, JOAO LUIS ROCHA GOMES, matricula no 107.805-4, do Cargo em
Comissao, Simbolo DFG-03, de Encarregado de Atendimento Judiciario, do Nucleo de Assis-
tencia Juridica de Ceilandia, do Centro de Assistencia Judiciaria do Distrito Federal, da Gover-
nadoria do Distrito Federal"
2,Nomeação, TATIANA AFONSO CRUVINEL PRADO,para exercer o Cargo em Ccomissao,nan,nan,DFG-03, Encarregado de Atendimento Judiciario,"Nucleo de Assistencia Juridi-
ca de Ceilandia, do Centro de Assistencia Judiciaria do Distrito Federal","Governadoria do
Distrito Federal","NOMEAR TATIANA AFONSO CRUVINEL PRADO, para exercer o Cargo em Ccomissao,
Simbolo DFG-03, de Encarregado de Atendimento Judiciario, do Nucleo de Assistencia Juridi-
ca de Ceilandia, do Centro de Assistencia Judiciaria do Distrito Federal, da Governadoria do
Distrito Federal"
3,Nomeação, MARCOS DOUGLAS JANUARIO,nan,31.938-4,nan,DFG-12, Diretor da Divisao Regional de Licenciamento,"Admi-
nistracao Regional de Samambaia","Secretaria de Estado de Coordenacao das Administracoes
Regionais do Distrito Federal","NOMEAR MARCOS DOUGLAS JANUARIO, matricula no 31.938-4, para exercer o Cargo
em Comissao, Simbolo DFG-12, de Diretor da Divisao Regional de Licenciamento, da Admi-
nistracao Regional de Samambaia, da Secretaria de Estado de Coordenacao das Administracoes
Regionais do Distrito Federal"
4,Nomeação, CLESIO JOAQUIM PEREIRA,Engenheiro Civil,nan,nan,DFG-11, Chefe do Nucleo de Ordenamento Territorial,"Gerencia de Planeja-
mento, da Administracao Regional de Santa Maria","Secretaria de Estado de Coordenacao das
Administracoes Regionais do Distrito Federal","NOMEAR CLESIO JOAQUIM PEREIRA, Engenheiro Civil, para exercer o Cargo em Comis-
sao, Simbolo DFG-11, de Chefe do Nucleo de Ordenamento Territorial, da Gerencia de Planeja-
mento, da Administracao Regional de Santa Maria, da Secretaria de Estado de Coordenacao das
Administracoes Regionais do Distrito Federal"
