,Tipo do Ato,Nome do Servidor Substituto,Matrícula do Servidor Substituto,Nome do Servidor a ser Substituido,Matrícula do Servidor a ser SubstituidoCargo,Símbolo do cargo do servidor substituto,Cargo comissionado objeto da substituição,Símbolo do cargo do objeto da substituição,Símbolo do cargo comissionado objeto da substituição,Hierarquia da Lotação,Órgão,Data Inicial da Vigência,Data Final de Vigência,Matrícula SIAPE,Motivo,text
0,Substituição de Funções, PEDRINHA NONATO DELGADO,53.122-7,"o titular do
Cargo em Comissao",nan,nan,nan,nan,nan,nan,nan,nan,nan,nan,nan,"Designar PEDRINHA NONATO DELGADO, matricula no 53.122-7, para substituir o titular do
Cargo em Comissao, Simbolo, DFG-07, de Chefe do Nucleo de Pericia de Taguatinga, da Gerencia
de Pericia Medico-Odontologica, da Diretoria de Administracao de Recursos Humanos da Subse-
cretaria de Apoio Operacional da Secretaria de Estado de Educacao do Distrito Federal, nos
periodos de 28/12/01 a 30/12/01 e 31/12/01 a 28/02/02, por motivos de licenca para tratamento de
saude e ferias, respectivamente, da titular"
1,Substituição de Funções, substitutos eventuais dos ocupantes dos cargos comissionados,nan,nan,nan,nan,nan,nan,nan,nan,nan,nan,nan,nan,nan,"Designar substitutos eventuais dos ocupantes dos cargos comissionados; 1.10 Designar membros do Comite de Etica em Pesquisa; 1.11 Designar membros para a Comissao de Residencia Medica e Preceptores de Residencia
Medica; 1.12 Autorizar aos servidores cedidos concessao de: a) Licenca Paternidade;
b) Licenca Premio por Assiduidade;
c) Auxilio Natalidade;
d) Auxilio Creche;
e) Salario Familia; e
f) Adicional Noturno"
2,Substituição de Funções, Oficial para coordenar o isolamento da area,nan,nan,nan,nan,nan,nan,nan,nan,nan,nan,nan,nan,nan,"Designar Oficial para coordenar o isolamento da area, o controle  do transito e o  vascu-
lhamento do local, visando a deteccao de algum artefato explosivo e/ou incendiario, segundo
avaliacao propria"
3,Substituição de Funções, grupo especial do Batalhao de Operacoes Especiais  para vistoria da area,nan,nan,nan,nan,nan,nan,nan,nan,nan,nan,nan,nan,nan,"Designar grupo especial do Batalhao de Operacoes Especiais  para vistoria da area,
objetivando a localizacao de objetos ou modificacoes suspeitas no ambiente, observando que, em
sendo viavel a continuidade das atividades desenvolvidas no predio ou mesmo em parte dele, a Chefia de pessoal da reparticao/empresa deve ser orientada no sentido de os servidores/funciona-
rios/alunos devem  permanecer proximo ao local, em condicoes de retornar a suas atividades, tao
logo seja concluida  a varredura, haja vista que a liberacao dos mesmos constituir-se-ia em
incentivo a novos trotes, atingindo, consequentemente o objetivo do meliante"
4,Substituição de Funções, Oficial para coordenar a evacuacao da area objeto de denuncia e ainda,nan,nan,nan,nan,nan,nan,nan,nan,nan,nan,nan,nan,nan,"Designar Oficial para coordenar a evacuacao da area objeto de denuncia e ainda, a seu
juizo, de areas com potencial de risco"
5,Substituição de Funções, a Autoridade Policial da Circunscricional da area para comparecer ao local,nan,nan,nan,nan,nan,nan,nan,nan,nan,nan,nan,nan,nan,"Designar a Autoridade Policial da Circunscricional da area para comparecer ao local,
promovendo-se  o registro de ocorrencia policial e o imediato  desencadeamento do processo de
investigacao para  identificar e localizar a autoria da denuncia"
6,Substituição de Funções," equipes especializadas  para comparecer aos locais onde eventualmente tiver sido
detonado artefato explosivo",nan,nan,nan,nan,nan,nan,nan,nan,nan,nan,nan,nan,nan,"Designar equipes especializadas  para comparecer aos locais onde eventualmente tiver sido
detonado artefato explosivo, providenciando a avaliacao das condicoes estruturais das instala-
coes e, quando a situacao  exigir, acionar outros recursos que se fizerem necessarios e que nao
estejam disponiveis no sistema de seguranca publica"
