,Tipo,Nome,Cargo Efetivo,Matricula,Siape,Simbolo,Cargo Comissao,Lotacao,Orgao,text
0,Nomeação, ALYSSON VIDAL MATOS,Engenheiro Civil,nan,nan,DFG-13, Gerente de Planejamento,Administracao Regional do Recanto das Emas,Secretaria de Estado de Coordenacao das Administracoes Regionais do Distrito Federal,"NOMEAR ALYSSON VIDAL MATOS, Engenheiro Civil, para exercer o Cargo em Comissao,
Simbolo DFG-13, de Gerente de Planejamento, da Administracao Regional do Recanto das Emas,
da Secretaria de Estado de Coordenacao das Administracoes Regionais do Distrito Federal"
1,Nomeação, CHELIDA ALVES DE AMORIM,para exercer o Cargo em Comissao,nan,nan,DFA-10, Assistente do Secretario,nan,nan,"NOMEAR CHELIDA ALVES DE AMORIM, para exercer o Cargo em Comissao, Simbolo
DFA-10, de Assistente do Secretario, da Secretaria de Estado de Coordenacao das Administra-
coes Regionais do Distrito Federal"
2,Nomeação, GIOCONDA SOUTO GONCALVES,nan,nan,nan,DFA-10, Assistente,"Gerencia do Setor de Industria e Abastecimento  SIA, da Adminis-
tracao Regional do Guara","Secretaria de Coordenacao das Administracoes Regionais do Dis-
trito Federal","NOMEAR GIOCONDA SOUTO GONCALVES para exercer o Cargo em Comissao, simbolo
DFA-10, de Assistente, da Gerencia do Setor de Industria e Abastecimento  SIA, da Adminis-
tracao Regional do Guara, da Secretaria de Coordenacao das Administracoes Regionais do Dis-
trito Federal"
