,Tipo do Ato,SEI,Nome,Matrícula,Tipo de Aposentadoria,Cargo,Classe,Padrao,Quadro,Fundamento Legal,Orgao,Vigencia,Matricula SIAPE,text
0,Aposentadoria,031.000.340/1992,"ao aposentado abaixo relacionado:
Nome: ODILON FLORENCIO BIDU",50.005-4,nan,nan,nan,nan,nan,nan,nan,nan,nan,"APOSENTARIAS E PENSOES ORDEM DE SERVICO DE 11 DE SETEMBRO DE 2002
A GERENTE DE APOSENTADORIAS E PENSOES, no uso das atribuicoes que lhe sao confe-
ridas pelo Decreto no 21.599, de 05 de outubro de 2000, resolve:
Conceder o adicional de QUINTOS, previsto no artigo 62, da Lei no 8.112, de 11 de dezembro
de 1990, regulamentada pela Lei no 8.911, de 11.07.94, transformados em DECIMOS de acordo
com o art. no 7o da Lei no 1.004 de 11 de janeiro de 1996, regulamentada pelo Decreto no 17.182,
de 06 de marco de 1996, ao aposentado abaixo relacionado:
Nome: ODILON FLORENCIO BIDU, matricula no 50.005-4, processo no 031.000.340/1992."
