,Tipo,Nome,Cargo Efetivo,Matricula,Siape,Simbolo,Cargo Comissao,Lotacao,Orgao,text
0,Nomeação,nan,nan,nan,nan,DFA-10, Secretario-Executivo,Gabinete do Secretario de Estado de Agricultura,nan,"NOMEAR, SANDRA REGINA DE OLIVEIRA DAVID, para exercer o Cargo em Comissao
Simbolo DFA-10, de Secretario-Executivo, do Gabinete do Secretario de Estado de Agricultura,
Pecuaria e Abastecimento do Distrito Federal"
1,Nomeação, ANA CLARA DAMASIO,"Assistente Intermediario de Saude II (Auxiliar de Enfer-
magem)",113.075-7,nan,DFA-09,nan,nan,nan,"NOMEAR ANA CLARA DAMASIO, Assistente Intermediario de Saude II (Auxiliar de Enfer-
magem), Matricula no 113.075-7, para exercer o Cargo em Comissao, Simbolo DFA-09, de
Assistente da Diretoria Regional de Saude de Samambaia da Secretaria de Estado de Saude do
Distrito Federal"
2,Nomeação, PAULO PONTES DE LIMA,"Assistente Intermediario de Saude II (Tecnico de La-
boratorio  Patologia Clinica)",132.396-2,nan,DFA-04,nan,nan,nan,"NOMEAR PAULO PONTES DE LIMA, Assistente Intermediario de Saude II (Tecnico de La-
boratorio  Patologia Clinica), Matricula no 132.396-2, para exercer o Cargo em Comissao,
Simbolo DFA-04, de Assistente da Diretoria Regional de Saude de Samambaia da Secretaria de
Estado de Saude do Distrito Federal"
3,Nomeação, JOAQUIM RIBEIRO,para exercer o Cargo em Comissao,nan,nan,DFA-04,nan,nan,nan,"NOMEAR JOAQUIM RIBEIRO, para exercer o Cargo em Comissao, Simbolo DFA-04, de
Assistente da Diretoria Regional de Saude de Samambaia da Secretaria de Estado de Saude do
Distrito Federal"
4,Nomeação, MERCIA MARIA DA SILVA,para exercer o Cargo em Comissao,nan,nan,DFA-,nan,nan,nan,"NOMEAR MERCIA MARIA DA SILVA, para exercer o Cargo em Comissao, Simbolo DFA-
03, de Secretaria Administrativa da Diretoria Regional de Saude de Samambaia da Secretaria de
Estado de Saude do Distrito Federal"
5,Nomeação, BRUNO FERNANDO SEIXAS,para exercer o Cargo em Comissao,nan,nan,DFA-,nan,nan,nan,"NOMEAR BRUNO FERNANDO SEIXAS, para exercer o Cargo em Comissao, Simbolo DFA-
03, de Secretario Administrativo da Diretoria Regional de Saude de Samambaia da Secretaria de
Estado de Saude do Distrito Federal"
6,Nomeação, MARINALVA DIAS DOS REIS,Carreira de Enfermeiro,119.631-6,nan,DFG-05,nan,nan,nan,"NOMEAR MARINALVA DIAS DOS REIS, Carreira de Enfermeiro, Matricula no 119.631-6,
para exercer o Cargo em Comissao, Simbolo DFG-05, de Chefe do Nucleo de Controle de
Infeccao Hospitalar e Vigilancia Epidemiologica da Gerencia de Atencao Medica e Assistencial
do Hospital Regional de Samambaia da Secretaria de Estado de Saude do Distrito Federal"
7,Nomeação, LINDOIA CAMPOS DA SILVA,Assistente Superior de Saude (Nutricionista),129.933-6,nan,DFG-05,nan,nan,nan,"NOMEAR LINDOIA CAMPOS DA SILVA, Assistente Superior de Saude (Nutricionista),
Matricula no 129.933-6, para exercer o Cargo em Comissao, Simbolo DFG-05, de Chefe do
Nucleo de Nutricao e Dietetica da Gerencia de Atencao Medica e Assistencial do Hospital Regi-
onal de Samambaia da Secretaria de Estado de Saude do Distrito Federal"
8,Nomeação, MARIA DE FATIMA FERNANDES DE OLIVEIRA,Carreira de Enfermeiro,136.490-1,nan,DFG-07,nan,nan,nan,"NOMEAR MARIA DE FATIMA FERNANDES DE OLIVEIRA, Carreira de Enfermeiro,
Matricula no 136.490-1, para exercer o Cargo em Comissao, Simbolo DFG-07, de Gerente
de Enfermagem do Hospital Regional de Samambaia da Secretaria de Estado de Saude do
Distrito Federal"
9,Nomeação, REGINA MARTA DE MELO BEZERRA,Carreira de Enfermeiro,118.459-8,nan,DFA-03,nan,nan,nan,"NOMEAR REGINA MARTA DE MELO BEZERRA, Carreira de Enfermeiro, Matricula no
118.459-8, para exercer o Cargo em Comissao, Simbolo DFA-03, de Supervisora de Enferma-
gem da Gerencia de Enfermagem do Hospital Regional de Samambaia da Secretaria de Estado
de Saude do Distrito Federal"
10,Nomeação, FATIMA APARECIDA LEMES,Carreira de Enfermeiro,127.883-5,nan,DFA-03,nan,nan,nan,"NOMEAR FATIMA APARECIDA LEMES, Carreira de Enfermeiro, Matricula no 127.883-5,
para exercer o Cargo em Comissao, Simbolo DFA-03, de Supervisora de Enfermagem da Ge-
rencia de Enfermagem do Hospital Regional de Samambaia da Secretaria de Estado de Saude
do Distrito Federal"
11,Nomeação, SELMA MARIA BRITO LIMA,nan,136.943-1,nan,DFG-04,nan,nan,nan,"NOMEAR SELMA MARIA BRITO LIMA, Matricula no 136.943-1, para exercer o Cargo em
Comissao, Simbolo DFG-04, de Chefe do Nucleo de Material e Patrimonio da Gerencia de
Apoio Operacional do Hospital Regional de Samambaia da Secretaria de Estado de Saude do
Distrito Federal"
12,Nomeação, MILTON ALVES DE MACEDO,para exercer o Cargo em Comissao,nan,nan,DFG-,nan,nan,nan,"NOMEAR MILTON ALVES DE MACEDO, para exercer o Cargo em Comissao, Simbolo DFG-
04, de Chefe do Nucleo de Manutencao e Transporte da Gerencia de Apoio Operacional do
Hospital Regional de Samambaia da Secretaria de Estado de Saude do Distrito Federal"
13,Nomeação, MARIA ANITA DE ALMEIDA CORTEZ,para exercer o Cargo em Comissao,nan,nan,nan,nan,nan,nan,"NOMEAR MARIA ANITA DE ALMEIDA CORTEZ, para exercer o Cargo em Comissao, Simbo-
lo DFG-04, de Chefe do Nucleo de Lavanderia e Rouparia da Gerencia de Apoio Operacional
do Hospital Regional de Samambaia da Secretaria de Estado de Saude do Distrito Federal"
14,Nomeação, NELSON JOAQUIM DE ARAUJO,"Assistente Basico de Saude (Agente de Porta-
ria)",122.960-5,nan,DFG-04,nan,nan,nan,"NOMEAR NELSON JOAQUIM DE ARAUJO, Assistente Basico de Saude (Agente de Porta-
ria), Matricula no 122.960-5, para exercer o Cargo em Comissao, Simbolo DFG-04, de Chefe do
Nucleo de Material e Atividades Gerais da Gerencia de Apoio Operacional do Hospital Regio-
nal de Samambaia da Secretaria de Estado de Saude do Distrito Federal"
15,Nomeação, CINTHIA DE ARAUJO LIMA,para exercer o Cargo em Comissao,nan,nan,DFA-,nan,nan,nan,"NOMEAR CINTHIA DE ARAUJO LIMA, para exercer o Cargo em Comissao, Simbolo DFA-
03, de Secretaria Administrativa para Clinicas de Internacao da Gerencia de Apoio Operacional
do Hospital Regional de Samambaia da Secretaria de Estado de Saude do Distrito Federal"
16,Nomeação, HELIDA GONCALVES LEMES DO NASCIMENTO,"para exercer o Cargo em
Comissao",nan,nan,DFA-03,nan,nan,nan,"NOMEAR HELIDA GONCALVES LEMES DO NASCIMENTO, para exercer o Cargo em
Comissao, Simbolo DFA-03, de Secretaria Administrativa para Clinicas de Internacao da Ge- rencia de Apoio Operacional do Hospital Regional de Samambaia da Secretaria de Estado de
Saude do Distrito Federal"
17,Nomeação, WELLINGTON DOS SANTOS SILVEIRA,"para exercer o Cargo em Comis-
sao",nan,nan,DFA-03,nan,nan,nan,"NOMEAR WELLINGTON DOS SANTOS SILVEIRA, para exercer o Cargo em Comis-
sao, Simbolo DFA-03, de Secretaria Administrativa para Clinicas de Internacao da Geren-
cia de Apoio Operacional do Hospital Regional de Samambaia da Secretaria de Estado de
Saude do Distrito Federal"
18,Nomeação, MARISE TEIXEIRA DA SILVA,para exercer o Cargo em Comissao,nan,nan,DFG-05,nan,nan,nan,"NOMEAR MARISE TEIXEIRA DA SILVA, para exercer o Cargo em Comissao, Simbolo
DFG-05, de Chefe do Nucleo de Processamento de Contas do SIA e SIH da Gerencia de
Apoio Operacional do Hospital Regional de Samambaia da Secretaria de Estado de Saude
do Distrito Federal"
19,Nomeação, MARGARETH DA SILVA DINIZ,Carreira de Enfermeiro,141.032-6,nan,DFG-05,nan,nan,nan,"NOMEAR MARGARETH DA SILVA DINIZ, Carreira de Enfermeiro, Matricula no 141.032-6,
para exercer o Cargo em Comissao, Simbolo DFG-05, de Chefe do Nucleo de Enfermagem do
Centro de Saude no 02 da Diretoria Regional de Saude de Samambaia da Secretaria de Estado de
Saude do Distrito Federal"
20,Nomeação, ROSALVA DE ARAUJO SOARES,Carreira de Enfermeiro,137.324-,nan,DFG-05,nan,nan,nan,"NOMEAR ROSALVA DE ARAUJO SOARES, Carreira de Enfermeiro, Matricula no 137.324-
2, para exercer o Cargo em Comissao, Simbolo DFG-05, de Chefe do Nucleo de Enfermagem
do Centro de Saude no 04 da Diretoria Regional de Saude de Samambaia da Secretaria de Estado
de Saude do Distrito Federal"
21,Nomeação, FRANCISCA DA SILVA CAMELO,"Assistente Intermediario de Saude II (Agente
Administrativo)",124.266-0,nan,DFG-05,nan,nan,nan,"NOMEAR FRANCISCA DA SILVA CAMELO, Assistente Intermediario de Saude II (Agente
Administrativo), Matricula no 124.266-0, para exercer o Cargo em Comissao, Simbolo DFG-05,
de Chefe do Nucleo de Apoio Operacional do Centro de Saude no 04 da Diretoria Regional de
Saude de Samambaia da Secretaria de Estado de Saude do Distrito Federal"
22,Nomeação, TEREZA CRISTINA DOS R,nan,nan,nan,nan,nan,nan,nan,NOMEAR TEREZA CRISTINA DOS R
23,Nomeação, LUCIA DA CONCEICAO BARREIRAS MANSO,nan,000.060-4,nan,DFG-12,nan,nan,nan,"NOMEAR LUCIA DA CONCEICAO BARREIRAS MANSO, Matricula no 000.060-4, para
exercer o Cargo em Comissao, Simbolo DFG-12, de Gerente de Desenvolvimento de Projetos
da Coordenacao de Desenvolvimento de Recursos Humanos da Fundacao de Ensino e Pesquisa
em Ciencias da Saude da Secretaria de Estado de Saude do Distrito Federal"
24,Nomeação, LUCIO LUCAS PEREIRA,Carreira Medica (Cirurgia Geral),137.406-,nan,DFG-11,nan,nan,nan,"NOMEAR LUCIO LUCAS PEREIRA, Carreira Medica (Cirurgia Geral), Matricula no 137.406-
3, para exercer o Cargo em Comissao, Simbolo DFG-11, de Chefe da Coordenadoria de Capaci-
tacao de Orgaos e Tecidos Humanos da Secretaria de Estado de Saude do Distrito Federal"
25,Nomeação, LUCIANA DELGADO DE OLIVEIRA SILVA,para exercer o Cargo em Comissao,nan,nan,DFA-04,nan,nan,nan,"NOMEAR LUCIANA DELGADO DE OLIVEIRA SILVA, para exercer o Cargo em Comissao,
Simbolo DFA-04, de Secretaria Administrativa da Subsecretaria de Vigilancia a Saude da Se-
cretaria de Estado de Saude do Distrito Federal"
26,Nomeação, MARIA BEGONA URUENA TOBIO,para exercer o Cargo em Comissao,nan,nan,DFG-10,nan,nan,nan,"NOMEAR MARIA BEGONA URUENA TOBIO, para exercer o Cargo em Comissao, Simbolo
DFG-10, de Secretaria de Assuntos Academicos da Escola Superior de Ciencias da Saude da
Fundacao de Ensino e Pesquisas em Ciencias da Saude da Secretaria de Estado de Saude do
Distrito Federal"
27,Nomeação, IOLANDA MARIA VIEIRA,para exercer o Cargo em Comissao,nan,nan,DFA-03,nan,nan,nan,"NOMEAR IOLANDA MARIA VIEIRA, para exercer o Cargo em Comissao, Simbolo DFA-03,
de Secretaria Administrativa do Setor de Recepcao do Nucleo de Patologia Clinica da Gerencia
de Diagnose e Terapia do Hospital Regional da Asa Norte da Secretaria de Estado de Saude do
Distrito Federal"
28,Nomeação, LAURA JANE SANTOS FREITAS,para exercer o Cargo em Comissao,nan,nan,DFA-03,nan,nan,nan,"NOMEAR LAURA JANE SANTOS FREITAS, para exercer o Cargo em Comissao, Simbolo
DFA-03, de Secretaria Administrativa da Subsecretaria de Vigilancia a Saude da Secretaria de
Estado de Saude do Distrito Federal"
29,Nomeação, SANDRA REGINA BRASIL,Auxiliar de Administracao Publica,41.664-9,nan,DFA-03,nan,nan,nan,"NOMEAR SANDRA REGINA BRASIL, Auxiliar de Administracao Publica, Matricula no
41.664-9, para exercer o Cargo em Comissao, Simbolo DFA-03, de Secretaria Administrativa
da Diretoria de Contabilidade e Financas da Subsecretaria de Apoio Operacional da Secretaria
de Estado de Saude do Distrito Federal"
30,Nomeação, LAZARO EUSTAQUIO DA SILVA,para exercer o Cargo em Comissao,nan,nan,DFG-07,nan,nan,nan,"NOMEAR LAZARO EUSTAQUIO DA SILVA, para exercer o Cargo em Comissao, Simbolo
DFG-07, de Chefe do Nucleo de Atendimento e Manutencao a Internet da Gerencia de Suporte
Tecnico da Diretoria de Gestao de Tecnologia da Informacao da Subsecretaria de Planejamento
e Politicas de Saude da Secretaria de Estado de Saude do Distrito Federal"
31,Nomeação, ROBERTA COSTA CARNEIRO DE NOVAES,para exercer o Cargo em Comissao,nan,nan,DFG-07,nan,nan,nan,"NOMEAR ROBERTA COSTA CARNEIRO DE NOVAES, para exercer o Cargo em Comissao,
Simbolo DFG-07, de Chefe do Nucleo de Regulacao dos Servicos de Saude da Gerencia de
Regulacao e Controle dos Servicos de Saude da Diretoria de Controle e Avaliacao dos Servicos
de Saude da Subsecretaria de Planejamento e Politica de Saude da Secretaria de Estado de
Saude do Distrito Federal"
32,Nomeação, MILENA F,nan,nan,nan,nan,nan,nan,nan,NOMEAR MILENA F
33,Nomeação, SOLMIRAR CAMPOS LIMA,nan,nan,nan,nan,nan,nan,nan,"NOMEAR SOLMIRAR CAMPOS LIMA (deficiente), para o cargo de Auxiliar de Enferma-
gem (Assistente Intermediario de Saude II) da Carreira de Assistencia Publica a Saude do Qua-
dro de Pessoal da Secretaria de Estado de Saude do Distrito Federal, para lotacao em qualquer
das Unidades de Saude da referida Secretaria, por terem sido aprovada em Concurso Publico,
conforme Edital Normativo no 067/01-SES, publicado no DODF no 207 de 26 de outubro de
2001 e Edital de Resultado Final no 22/02-SES, publicado no DODF no 46 de 08 de marco de
2002, em cumprimento de decisao judicial, conforme autos do Mandado de Seguranca no
200200.2002573-3 - TJDFT"
