,Tipo do Ato,Nome do Servidor Substituto,Matrícula do Servidor Substituto,Nome do Servidor a ser Substituido,Matrícula do Servidor a ser SubstituidoCargo,Símbolo do cargo do servidor substituto,Cargo comissionado objeto da substituição,Símbolo do cargo do objeto da substituição,Símbolo do cargo comissionado objeto da substituição,Hierarquia da Lotação,Órgão,Data Inicial da Vigência,Data Final de Vigência,Matrícula SIAPE,Motivo,text
0,Substituição de Funções, a servidora RAQUEL CARDOSO MACHADO,nan,nan,nan,nan,nan,nan,nan,nan,nan,nan,nan,nan,nan,"Designar a servidora RAQUEL CARDOSO MACHADO, Diretora de Infra-Estrutura, da Agencia de
Desenvolvimento do Turismo do Distrito Federal, para executora do contrato de prestacao de
servicos n o 02/2001, celebrado entre a  Agencia de Desenvolvimento do Turismo do Distrito Federal/
ADETUR/DF e a empresa TORRE PALACE HOTEL LTDA., conforme elementos constantes do
processo no 0030.007.216/2000"
1,Substituição de Funções, a servidora DISNEY FABIOLA ARTEZANA URQUIDI,133.310-1,nan,nan,nan,nan,nan,nan,nan,nan,nan,nan,nan,nan,"DESIGNAR a servidora DISNEY FABIOLA ARTEZANA URQUIDI, Matricula no 133.310-1, EXE-
CUTORA dos Convenios nos 220/99, 397/99, 515/99 e 519/99, celebrados entre esta Secretaria e a
Fundacao Nacional de Saude"
2,Substituição de Funções, a servidora MARIA JOSENILDA GONCALVES DA SILVA,125.420-0,nan,nan,nan,nan,nan,nan,nan,nan,nan,nan,nan,nan,"DESIGNAR a servidora MARIA JOSENILDA GONCALVES DA SILVA, Matricula no 125.420-0,
EXECUTORA do Convenio no 148/99, celebrados entre esta Secretaria e o Ministerio da Saude"
3,Substituição de Funções, o servidor SEBASTIAO FELIPE DA SILVA,81.210-2,nan,nan,nan,nan,nan,nan,nan,nan,nan,nan,nan,nan,"DESIGNAR o servidor SEBASTIAO FELIPE DA SILVA, matricula no 81.210-2, Auxiliar
de Administracao Publica do QP/BELACAP, para exercer atividades de fiscalizacao da lim-
peza urbana do Distrito Federal; II- ESTABELECER que o servidor seja vinculado tecnica e administrativamente a Divisao de
Fiscalizacao-DIFIS; III- CONCEDER ao aludido servidor Indenizacao de Transporte, nos termos do Decreto no
13.447, de 17.09.91, alterado pelo Decreto no 16.956, de 22.11.95; IV Esta Instrucao de Servico entra em vigor na data de sua publicacao"
4,Substituição de Funções,nan,nan,nan,81.319-2,nan,nan,nan,nan,nan,nan,nan,nan,nan,nan,"Designar, MANOEL INACIO SOARES FILHO, matricula no 79.853-3, para Substituir, FRAN-
CISCO CONRADO BARROSO, matricula 81.319-2, Encarregado de Varricao Noturna, Sim-
bolo DFG-03, do Distrito de Limpeza de Taguatinga,  da Diretoria de Operacoes, do Servico
de Ajardinamento e Limpeza Urbana do Distrito Federal, por motivo de ferias regulamenta-
res, no periodo  de 03/09/2001 a 02/10/2001"
5,Substituição de Funções,nan,nan,nan,80.414-2 Encarregado de Varricao  e Operacoes Especiais,nan,DFG-03,nan,nan,nan,nan,nan,nan,nan,nan,"Designar, CARLOS DO NASCIMENTO ALVES, matricula no 76.973-8, para Substituir, JOAO
FERREIRA PONTES, matricula 80.414-2 Encarregado de Varricao  e Operacoes Especiais,
Simbolo DFG-03, do Distrito de Limpeza de Samambaia, da Diretoria de Operacoes, do
Servico de Ajardinamento e Limpeza Urbana do Distrito Federal, por motivo de  ferias
regulamentares, no periodo de  01/10/2001  a  30/10/2001"
6,Substituição de Funções,nan,nan,nan,nan,nan,nan,nan,nan,nan,nan,nan,nan,nan,nan,"Designar, PAULO SERGIO RIBEIRO, matricula no 80.105-4 para Substituir"
7,Substituição de Funções,nan,nan,nan,84.222-2,nan,DFG-03,nan,nan,nan,nan,nan,nan,nan,nan,"Designar, GISELIA ARAUJO DOS SANTOS, matricula no 83.719-9, para substituir, EU-
RIPEDES DE OLIVEIRA REIS, matricula 84.222-2, Encarregado de Veiculos Leves,
Simbolo DFG-03,da Diretoria de Manutencao, do Servico de Ajardinamento e Limpeza
Urbana do Distrito Federal, por motivo de ferias regulamentares no periodo de 03/09/
2001a 02/10/2001"
8,Substituição de Funções,nan,nan,nan,84.223-0 Encarregado de Veiculos Pesados,nan,DFG-03,nan,nan,nan,nan,nan,nan,nan,nan,"Designar, EDLEUZA DOS SANTOS FREITAS, matricula no 83.471-8, para substituir, EDVAL
CORREIA BORGES, matricula 84.223-0 Encarregado de Veiculos Pesados, Simbolo DFG-03,
da Diretoria de Manutencao, do Servico de Ajardinamento e Limpeza Urbana do Distrito
Federal, por motivo de ferias regulamentares no periodo de 03/09/2001 a 02/10/2001"
9,Substituição de Funções,nan,nan,nan,84.197-8 Chefe da Assessoria de Informatica,nan,DFG-13,nan,nan,nan,nan,nan,nan,nan,nan,"Designar, JUVENILDO CARVALHO VIERIA, matricula no 84.235-4,para substituir, SILAS
ALVES DE OLIVEIRA, matricula 84.197-8 Chefe da Assessoria de Informatica,  Simbolo
DFG-13,da Diretoria Geral, do Servico de Ajardinamento e Limpeza Urbana do Distrito
Federal, por motivo de ferias regulamentares no periodo de 03/09/2001a 02/10/2001"
10,Substituição de Funções,nan,nan,nan,81.004-5,nan,DFG-07,nan,nan,nan,nan,nan,nan,nan,nan,"Designar, VALDEMIR INACIO ATAIDE, matricula no 82.804-5, para substituir, JOSE AL-
BERTO VITOR DE OLIVEIRA, matricula 81.004-5, Chefe da Secao de Coleta, Simbolo
DFG-07, do Distrito de Limpeza Norte, da Diretoria de Operacoes, do Servico de Ajardina-
mento e Limpeza Urbana do Distrito Federal, por motivo de ferias regulamentares no perio-
do de 17/09/2001  a  16/10/2001"
11,Substituição de Funções,nan,nan,nan,71.371-6,nan,DFG-03,nan,nan,nan,nan,nan,nan,nan,nan,"Designar, EDSON SILVA RIOS, matricula no 84.033-5, para substituir, DIVINO MELLO
FRANCO, matricula 71.371-6, Encarregado de Coleta , Simbolo DFG-03, do Distrito de
Limpeza de Santa Maria, da Diretoria de Operacoes, do Servico de Ajardinamento e Limpeza
Urbana do Distrito Federal, por motivo de ferias regulamentares no periodo de 03/09/2001
a 02/10/2001"
12,Substituição de Funções,nan,nan,nan,83.898-5,nan,DFG-03,nan,nan,nan,nan,nan,nan,nan,nan,"Designar, SERGIO HENRIQUE DE LIMA E SILVA, matricula no 81.299-4, para substituir,
PAULO DE SOUZA FERRAZ, matricula 83.898-5, Encarregado da Divisao de Fiscalizacao ,
Simbolo DFG-03, da Divisao de Fiscalizacao, da Diretoria de Operacoes, do Servico de
Ajardinamento e Limpeza Urbana do Distrito Federal, por motivo de ferias regulamentares
no periodo de 16/08/2001 a 14/09/2001"
13,Substituição de Funções,nan,nan,nan,84.306-0,nan,nan,nan,nan,nan,nan,nan,nan,nan,nan,"Designar, IZABEL FERREIRA DA SILVA, matricula no 82.918-8, para substituir, FATIMA
ROZANI SANGUITAO NIKELE, matricula 84.306-0, Encarregada de Coleta  Diurna, Sim-
bolo DFG-03, do Distrito de Limpeza Norte, da Diretoria de Operacoes, do Servico de
Ajardinamento e Limpeza Urbana do Distrito Federal, por motivo de ferias regulamentares
no periodo de 01/10/2001 a 30/10/2001"
14,Substituição de Funções,nan,nan,nan,82.827-0,nan,DFG-03,nan,nan,nan,"Servico de Ajardinamento e Limpeza Urbana do Distrito Federal, por motivo de ferias
regulamentares no periodo de 01/10/2001 a 30/10/2001",nan,nan,nan,nan,"Designar, BELCHIOR LEOPOLDINO DE ASSIS, matricula no 76.698-4, para substituir,
MARIA DE NAZARE GAMA DE OLIVEIRA, matricula 82.827-0, Encarregada de Coleta
Diurna, Simbolo DFG-03, do Distrito de Limpeza  de Taguatinga, da Diretoria de Operacoes,
do Servico de Ajardinamento e Limpeza Urbana do Distrito Federal, por motivo de ferias
regulamentares no periodo de 01/10/2001 a 30/10/2001"
15,Substituição de Funções,nan,nan,nan,37.773-2,nan,DFG-09,nan,nan,nan,nan,nan,nan,nan,nan,"Designar, VALDELI SILVA DOS SANTOS, matricula no 79.185-7, para substituir, WILSON
GOMES DA COSTA, matricula 37.773-2, Chefe do Servico de Manutencao da Usina de
Incineracao de Lixo Especial, Simbolo DFG-09, da Diretoria de Manutencao,  do Servico de Ajardinamento e Limpeza Urbana do Distrito Federal, por motivo de licenca para tratamen-
to de saude no periodo de 20/10/2001 a 13/12/2001"
16,Substituição de Funções, para comporem a Comissao ora instituida,97.711-X;,nan,108.136-7; RAQUEL FURTADO DE ASSUNCAO,nan,nan,nan,nan,nan,nan,nan,nan,nan,nan,"Designar para comporem a Comissao ora instituida, sob a presidencia do primeiro,
os servidores HEBERTH GUALBERTO DE SOUZA, Matricula No 97.711-X; GILBERTO
NAVES BARCELOS, Matricula No 108.136-7; RAQUEL FURTADO DE ASSUNCAO, Ma-
tricula No 95.433-0; WILSON JOSE BRANDAO JUNIOR, Matricula No 107.879-8; GUI-
LHERME AMANCIO LOULY CAMPOS, Matricula No 108.142-X; SANDRA REGINA DE
OLIVEIRA, Matricula No 107.679-5, todos da Secretaria de Agricultura, Pecuaria e Abas-
tecimento do Distrito Federal; LUCIO TAVEIRA VALADAO, Matricula No 00317-4;
MARCONI MOREIRA BORGES, Matricula No 00502-9 e EMIRTON DE A.CARVALHO,
Matricula No 00383-2, da Empresa de Assistencia Tecnica e Extensao Rural do Distrito
Federal-EMATER/DF"
17,Substituição de Funções, a servidora LUCILA PEREIRA FARIA FALCAO,55.785-4,nan,nan,nan,nan,nan,nan,nan,nan,nan,nan,nan,nan,"Designar a servidora LUCILA PEREIRA FARIA FALCAO, matricula no 55.785-4, para se-
cretariar o referido Grupo de Trabalho"
18,Substituição de Funções, os servidores Jose Messias Alves,95.736-4,nan,42.481-1,nan,nan,nan,nan,nan,nan,nan,nan,nan,nan,"Designar os servidores Jose Messias Alves, matricula 95.736-4, Diretor da Divisao Regional de
Obras, Beatrice Arruda Eller Gonzaga, matricula 42.481-1, Inspetora de Atividades Urbanas e Maria
Rosangela Cavalcante Barroso, matricula no"
