,Tipo,Nome,Cargo Efetivo,Matricula,Siape,Simbolo,Cargo Comissao,Lotacao,Orgao,text
0,Nomeação,nan,nan,nan,nan,nan,nan,nan,nan,"NOMEAR para fazerem parte da COMDEMA - Comissao de Defesa do meio Ambiente, na Regiao
Administrativa Gama, conforme quadro abaixo: EUZEBIO PIRES DE ARAUJO ADMINISTRACAO REGIONAL DO NUCLEO BANDEIRANTE ORDEM DE SERVICO No 93, DE 28 DE SETEMBRO DE 2001 O ADMINISTRADOR REGIONAL DO NUCLEO BANDEIRANTE, no uso de suas atribuicoes
regimentais, que lhe confere o Decreto no 16.247, de 29 de dezembro de 1994, combinado com o
artigo 179  7o da Lei no 2.105, de 08 de outubro de 1998, resolve: publicar relacao de bens apreen-
didos por esta Administracao Regional, e tendo em vista os mesmos nao terem sidos retirados no
prazo legal previsto, bem como nao apresentarem documentacao fiscal, considera-los abandonados
conforme TERMO DE APREENSAO No 000373, do processo No 136000796/2001 - ARNB; 1 (um)
vaso sanitario branco usado, 1 (uma) metade de um barril azul plastico, 1 (um) balcao expositor self-
service de 180x50 cm (9 cubas), 1 (uma) caixa de descarga branca de vasos usado, 700 (setecentos )
telhas colonial (usadas)"
