,Tipo,Nome,Cargo Efetivo,Matricula,Siape,Simbolo,Cargo Comissao,Lotacao,Orgao,text
0,Nomeação, CLOVIS ROBERTO RIZZO ESSELIN,"como Conselheiro Suplente do Conse-
lho de Habitacao do Distrito Federal",nan,nan,nan,nan,nan,nan,"NOMEAR CLOVIS ROBERTO RIZZO ESSELIN, como Conselheiro Suplente do Conse-
lho de Habitacao do Distrito Federal, -CONHAB, na qualidade de representante da Secre-
taria de Estado de Assuntos Fundiarios  SEAF"
1,Nomeação, MARIO ROBERTO LEITE PEREIRA,"para a funcao de Membro Efetivo do
Conselho de Habitacao do Distrito Federal  CONHAB",nan,nan,nan,nan,nan,nan,"NOMEAR MARIO ROBERTO LEITE PEREIRA, para a funcao de Membro Efetivo do
Conselho de Habitacao do Distrito Federal  CONHAB, como Conselheiro Titular, e
CLAUS ALCIDES HOMAR, como Conselheiro Suplente, representantes da Companhia
Imobiliaria de Brasilia  TERRACAP"
2,Nomeação,nan,nan,nan,nan,CNE-05, Chefe da Assessoria Tecnica,"Secretaria de Estado de Assuntos
Fundiarios do Distrito Federal",nan,"NOMEAR, DANILO PEREIRA AUCELIO, para exercer o Cargo de Natureza Especial,
Simbolo CNE-05, de Chefe da Assessoria Tecnica, da Secretaria de Estado de Assuntos
Fundiarios do Distrito Federal, a contar de 31 de outubro de 2002"
