,Tipo do Ato,Nome do Servidor Substituto,Matrícula do Servidor Substituto,Nome do Servidor a ser Substituido,Matrícula do Servidor a ser SubstituidoCargo,Símbolo do cargo do servidor substituto,Cargo comissionado objeto da substituição,Símbolo do cargo do objeto da substituição,Símbolo do cargo comissionado objeto da substituição,Hierarquia da Lotação,Órgão,Data Inicial da Vigência,Data Final de Vigência,Matrícula SIAPE,Motivo,text
0,Substituição de Funções,nan,nan,nan,nan,nan,nan,nan,nan,nan,nan,nan,nan,nan,nan,"DESIGNAR, como Membros Efetivos do Conselho de Planejamento Territorial e Urbano
do Distrito Federal  CONPLAN, pelo periodo de dois anos, os seguintes Conselheiros
Suplentes:
MARLY YOSHIDA CAVALCANTE, como representante da Secretaria de Estado de Fa-
zenda e Planejamento;
DANILO PEREIRA AUCELIO, como representante da Secretaria de Estado de Assuntos
Fundiarios"
1,Substituição de Funções, ALUISIO TOSCANO FRANCA,nan,nan,nan,nan,nan,nan,nan,nan,nan,nan,nan,nan,nan,"DESIGNAR ALUISIO TOSCANO FRANCA, para exercer a funcao de Membro Suplente
do Secretario de Estado de Saude do Distrito Federal, junto ao Conselho de Politica de
Recursos Humanos  CPRH, da Secretaria de Gestao Administrativa do Distrito Federal"
2,Substituição de Funções, MARCO POLO DE OLIVEIRA ANTUNES,nan,nan,nan,nan,nan,nan,nan,nan,nan,nan,nan,nan,nan,"DESIGNAR MARCO POLO DE OLIVEIRA ANTUNES, para exercer a funcao de Membro
Efetivo do Conselho Administrativo do Fundo de Melhoria de Gestao Publica  PRO-
GESTAO, da Secretaria de Gestao Administrativa do Distrito Federal, representante dos
servidores publicos da Administracao Direta, Autarquica e Fundacional do Distrito Federal"
3,Substituição de Funções, os servidores Valdeci Pereira Damasceno,30.472/7,nan,"30.833-1 e Cleusa
Filomena Ricardo",nan,nan,nan,nan,nan,nan,nan,nan,nan,nan,"Designar os servidores Valdeci Pereira Damasceno, Chefe da Divisao de Pessoal, matricula
no 30.472/7, Roosevelt Costa Alves, Tecnico de Orcamento, matricula no 30.833-1 e Cleusa
Filomena Ricardo, Analista de Desenvolvimento Agropecuario, matricula no 100.406-9, para sob
a coordenacao do primeiro, comporem a comissao ora instituida"
4,Substituição de Funções," os servidores abaixo relacionados para prestarem com dedicacao exclusiva as
funcoes efetivas inerentes a UCE",25.214-X,nan,96.323-2,nan,nan,nan,nan,nan,nan,nan,nan,nan,nan,"Designar os servidores abaixo relacionados para prestarem com dedicacao exclusiva as
funcoes efetivas inerentes a UCE/DF  PROMOTEC:
I  Rosemeire Tavares Lima, matricula no 25.214-X, para exercer a Coordenacao Geral;
II  Adriane Luiza de Carvalho Lorentino, matricula no 96.323-2, para exercer a Subcoordenacao
Tecnica;
III  Rosangela Collares Lameira, matricula no 92.366-4, para exercer a Subcoordenacao Adminis-
trativo-Financeira;
IV  Andre Luiz Aguiar Dupin, matricula no 110.544-2, para exercer a funcao de Componente
Organizacao e Gestao;
 V  Alessandra Cuoco Portugal, matricula no 109.537-4, para exercer a funcao de Especializacao
Tecnica;
VI  Telma Belarmino dos Santos, matricula no 31.698-9, e Maria Marciano da Silva, matricula no
31.962-7, para exercerem a funcao de Apoio Administrativo"
5,Substituição de Funções, os servidores abaixo relacionados para,nan,nan,nan,nan,nan,nan,nan,nan,nan,nan,nan,nan,nan,"Designar os servidores abaixo relacionados para, sob a coordenacao do primeiro, compo-
rem Comissao Especial objetivando o levantamento de dados, preenchimento de formularios,
analise e acompanhamento do Pacto de Indicadores de Atencao Basica"
6,Substituição de Funções, a servidora MARIANA DE FATIMA PEREIRA LEMOS,102.808-1,nan,nan,nan,nan,nan,nan,nan,nan,nan,nan,nan,nan,"Designar a servidora MARIANA DE FATIMA PEREIRA LEMOS, matricula no 102.808-1,
Executora do Convenio no"
7,Substituição de Funções, a servidora ANA ALICE MIANA CATER,109.617-6,nan,nan,nan,nan,nan,nan,nan,nan,nan,nan,nan,nan,"Designar a servidora ANA ALICE MIANA CATER, matricula no 109.617-6, Executora do
Convenio no"
8,Substituição de Funções, a servidora ARILDA EDNA PEREIRA DA SILVA,104.865-1,nan,nan,nan,nan,nan,nan,nan,nan,nan,nan,nan,nan,"Designar a servidora ARILDA EDNA PEREIRA DA SILVA, matricula no 104.865-1,  Execu-
tora do Convenio   no"
9,Substituição de Funções, GABRIELA REGINA COELHO DOS SANTOS,95.487-X,nan,nan,nan,nan,nan,nan,nan,nan,nan,nan,nan,nan,"Designar GABRIELA REGINA COELHO DOS SANTOS, matricula no 95.487-X , Chefe da
Secao de Servicos Gerais, como EXECUTORA do Contrato no 004/2002, referente ao Processo
no 146.000.648/2001  Locacao de Maquina Fotocopiadora modelo 6060, Marca Canon"
10,Substituição de Funções, HAMILTON SANTOS,109.410-6,nan,nan,nan,nan,nan,nan,nan,nan,nan,nan,nan,nan,"Designar HAMILTON SANTOS, matricula no 109.410-6, Gerente da Gerencia de Condominios
do Lago Sul, como EXECUTOR do Contrato no 005/2002, referente ao Processo no 146.000.277/
2002  Locacao de 02 (duas) salas comerciais, para uso da Sede da Gerencia"
