,Tipo do Ato,SEI,Nome,Matrícula,Tipo de Aposentadoria,Cargo,Classe,Padrao,Quadro,Fundamento Legal,Orgao,Vigencia,Matricula SIAPE,text
0,Aposentadoria,1.836/98,nan,nan,nan,nan,nan,nan,Quadro de Pessoal da Companhia Urbanizadora da Nova Capital do Brasil,nan, Companhia Urbanizadora da Nova Capital do Brasil,nan,nan,"aposentar-se,
de acordo com a Decisao no 3395/99, atentando para o fato de que a parcela de decimos da Lei
no 1.004/96 foi calculada com base no valor da representacao mensal de DF- 11, quando o
correto seria considerar-se o da retribuicao do cargo comissionado (representacao mensal +
vencimento percebido); d) torne sem efeito os documentos substituidos. PROCESSO No 5166/93 - Permissoes Remuneradas de Uso nos 005 e 006/92 celebradas entre a
Sociedade de Abastecimento de Brasilia S.A. e terceiros. - DECISAO No 8152/01.- O Tribunal, de
acordo com o voto do Relator, tendo em conta a instrucao, decidiu: a) tomar conhecimento dos
Oficios n.os 497/98-PRESI e 258/01-SAB e dos documentos que os acompanham, considerando
atendida a diligencia constante da Decisao n.o 9274/96, reiterada pela Decisao n.o 5588/98; b)
autorizar o arquivamento dos autos. PROCESSO No 5682/93 (apensos os de nos 4806/95, 637/97 e 2 volumes) - Representacao do
Ministerio Publico junto ao TCDF, para verificar possivel inobservancia de necessidade de
realizacao de concurso publico pela Camara Legislativa do DF, em razao do estabelecimento da
denominada estrutura provisoria. - DECISAO No 8153/01.- O Tribunal, por maioria, de acordo
com o voto do Relator, decidiu: a) sobrestar, excepcionalmente, a apreciacao de merito do recurso
interposto em face da Decisao n.o 2278/2001 deste Tribunal de Contas, por estar sub judice a
materia de que trata tal deliberacao plenaria; b) devolver os autos a 4a Inspetoria de Controle
Externo, determinando-lhe que, oportunamente, informe a esta Corte a respeito da aludida de-
manda judicial. Vencido o Conselheiro JORGE CAETANO que votou pelo acolhimento da
instrucao e do parecer do Ministerio Publico desta Corte. PROCESSO No 2566/96 (apenso o de no 111.000.081/89) - Tomada de contas especial instaurada
pela Companhia Imobiliaria de Brasilia  Terracap para apurar possivel prejuizo decorrente de
irregularidades na repactuacao dos precos quando dos aditamentos do Contrato n.o 04/94, firmado
entre a Terracap e a Brasal  Brasilia Servicos Automotores S.A. - DECISAO No 8154/01.- O
Tribunal, de acordo com o voto do Relator, tendo em conta a instrucao, decidiu: I- tomar conheci-
mento do resultado da Tomada de Contas Especial de que cuidam os autos do processo n.o 030.004.048,
considerando-a encerrada com fulcro no inciso III do art. 13 da Resolucao  TCDF n.o 102/98 c/c as                                      Diario Oficial do Distrito Federal
PAGINA   22
No 235, terca-feira, 11 de dezembro de 2001 disposicoes do  7o do art. 2o da Emenda Regimental n.o 01/98; II- considerar cumprida a determina-
cao contida na alinea b da Decisao n.o 1457/96; III- devolver os autos a Inspetoria, autorizando-
a a proceder ao seu arquivamento e a devolver a origem aqueles que se acham em apenso. PROCESSO No 6396/96 - Acompanhamento, mediante o Sistema Informatizado de Controle
Externo - SISCOEX, de despesas realizadas pela Secretaria de Educacao do Distrito Federal no
exercicio de 1996. - DECISAO No 8155/01.- O Tribunal, de acordo com o voto do Relator,
decidiu conhecer das razoes de justificativas juntadas as fls. 482/483 e, preliminarmente,
autorizar a 2a Inspetoria de Controle Externo a promover a audiencia das pessoas indicadas no
paragrafo 9o da instrucao de fls. 492/496, para que, querendo, apresentem, no prazo de 30
(trinta) dias, razoes de justificativas quanto ao fracionamento de despesa verificado por Unida-
de Tecnica deste Tribunal de Contas na realizacao, pela Fundacao Educacional do Distrito
Federal, dos Convites nos 048, 053, 054, 011, 013, 014, 016, 017, 020, 023, 024, 010, 015,
044, 046, todos do exercicio de 1996, falha que pode conduzir a aplicacao da penalidade
prevista no art. 57, inciso II, da Lei Complementar n.o 01/94. PROCESSO No 6690/96 - Concurso publico para provimento de cargos de nivel basico, do
Quadro de Pessoal da Companhia Urbanizadora da Nova Capital do Brasil, aberto pelo Edital no
1-C/96. - DECISAO No 8156/01.- O Tribunal, de acordo com o voto do Relator, tendo em conta,
em parte, a instrucao e o parecer do Ministerio Publico, decidiu: a) tomar conhecimento da
documentacao constante de fls. 322/352, encaminhada pela NOVACAP, em cumprimento ao art.
5.o da Resolucao n.o 100/98-TCDF; b) considerar legais, para fins de registro, os atos de admissao
dos candidatos abaixo relacionados, lotados no Quadro Permanente da Companhia Urbanizadora
da Nova Capital do Brasil  NOVACAP, aprovados no Concurso Publico decorrente do Edital
Normativo n.o 1-C/96, publicado no DODF de 05.09.96, em cumprimento ao prescrito no inciso
III do art. 78 da Lei Organica do Distrito Federal: Emprego: Auxiliar de Medicao: Ailton Dias dos
Santos: Emprego: Guarda Fitossanitario: Andreia Gil Santiago; Emprego: Marceneiro: Joao Ri-
beiro Guedes; Joao Rodrigues Machado e Jossenilson Alves Albano; Emprego: Laboratorista:
Patricia Avelar Borborema; Emprego: Motorista: Servulo Batista Pereira; c) em carater excepcio-
nal e tendo em conta que o mesmo ja se encontra desligado do quadro permanente, considerar
legal, para fins de registro, a admissao do candidato Valter de Souza Santos, alertando a NOVA-
CAP no sentido de que a inobservancia do disposto no art. 1.o c/c o art. 3.o, ambos da Lei distrital
n.o 1.836/98,"
