,Tipo,Nome,Cargo Efetivo,Matricula,Siape,Simbolo,Cargo Comissao,Lotacao,Orgao,text
0,Nomeação, MILENA F,nan,nan,nan,nan,nan,nan,nan,NOMEAR MILENA F
1,Nomeação, LEONORA E SILVA MAZAO,para exercer o Cargo em Comissao,nan,nan,DFA-,nan,nan,nan,"NOMEAR LEONORA E SILVA MAZAO, para exercer o Cargo em Comissao, Simbolo DFA-
12, de Assessora da Coordenacao Tecnico-Legislativa da Secretaria de Estado de Saude do Distri-
to Federal"
2,Nomeação, ALVARO JOSE ALCOFORADO DE MELO,nan,144.235-9,nan,DFG-13,nan,nan,nan,"NOMEAR ALVARO JOSE ALCOFORADO DE MELO, Matricula no 144.235-9, para exercer
o Cargo em Comissao, Simbolo DFG-13, de Chefe da Assessoria Parlamentar da Secretaria de
Estado de Saude do Distrito Federal"
3,Nomeação, JOEL JOSE COSTA DA SILVA,nan,26.306-0,nan,DFG-07,nan,nan,nan,"NOMEAR JOEL JOSE COSTA DA SILVA, matricula no 26.306-0, para exercer o Cargo em
Comissao, Simbolo DFG-07, de Chefe do Nucleo de Integracao Comunitaria da Gerencia de
Desporto Escolar da Diretoria de Apoio Pedagogico da Subsecretaria de Educacao Publica da
Secretaria de Estado de Educacao do Distrito Federal"
4,Nomeação, ADALTO LOURENTINO GOUVEIA,nan,64.131-6,nan,FG-05,nan,nan,nan,"NOMEAR ADALTO LOURENTINO GOUVEIA, matricula no 64.131-6, para exercer a Funcao
Gratificada, Simbolo FG-05, de Vice-Diretor do Centro Interescolar de Educacao Fisica da
Subsecretaria de Educacao Publica da Secretaria de Estado de Educacao do Distrito Federal"
5,Nomeação, WALTERCY ALMEIDA DE LIMA,nan,46.421-X,nan,DFA-09,nan,nan,nan,"NOMEAR WALTERCY ALMEIDA DE LIMA, matricula no 46.421-X, para exercer o Cargo em
Comissao, Simbolo DFA-09, de Assistente da Subsecretaria de Educacao Publica da Secretaria de
Estado de Educacao do Distrito Federal"
6,Nomeação, MARLENE GONCALVES TRINDADE,nan,77.204-6,nan,DFA-08,nan,nan,nan,"NOMEAR MARLENE GONCALVES TRINDADE, matricula no 77.204-6, para exercer o
Cargo em Comissao, Simbolo DFA-08, de Assistente da Escola de Aperfeicoamento dos Profissionais da Educacao da Subsecretaria de Educacao Publica da Secretaria de Estado de
Educacao do Distrito Federal"
7,Nomeação, GEORGE LUIS VIEIRA BALDUINO,nan,67.741-8,nan,DFA-08,nan,nan,nan,"NOMEAR GEORGE LUIS VIEIRA BALDUINO, matricula no 67.741-8, para exercer o Cargo
em Comissao, Simbolo DFA-08, de Assistente da Diretoria de Educacao Infantil e Ensino Funda-
mental da Subsecretaria de Educacao Publica da Secretaria de Estado de Educacao do Distrito
Federal"
8,Nomeação, LUIZ CARLOS ALIMANDRO JUNIOR,para exercer o Cargo em Comissao,nan,nan,nan,nan,nan,nan,"NOMEAR LUIZ CARLOS ALIMANDRO JUNIOR, para exercer o Cargo em Comissao, Sim-
bolo DFG-07, de Chefe do Nucleo de Apoio Escolar da Gerencia Regional de Ensino de Sao
Sebastiao da Diretoria de Unidades Regionais da Subsecretaria de Suporte Educacional da Secre-
taria de Estado de Educacao do Distrito Federal"
9,Nomeação, NEIDE SANTOS DE ASSUNCAO,nan,63.410-7,nan,DFG-11,nan,nan,nan,"NOMEAR NEIDE SANTOS DE ASSUNCAO, matricula no 63.410-7, para exercer o Cargo em
Comissao Simbolo DFG-11, de Gerente da Gerencia de Contratos e Convenios da Diretoria
Financeira da Subsecretaria de Apoio Operacional da Secretaria de Estado de Educacao do Distri-
to Federal"
10,Nomeação, JAIRO PEREIRA MARTINS,nan,25.446-0,nan,DFG-07,nan,nan,nan,"NOMEAR JAIRO PEREIRA MARTINS, matricula no 25.446-0, para exercer o Cargo em Co-
missao, Simbolo DFG-07, de Chefe do Nucleo de Programacao e Controle de Compras da
Gerencia de Materiais da Diretoria de Apoio Logistico e Material da Subsecretaria de Apoio
Operacional da Secretaria de Estado de Educacao do Distrito Federal"
11,Nomeação, REGINALDO NUNES CORDEIRO,nan,71.775-4,nan,DFA-08,nan,nan,nan,"NOMEAR REGINALDO NUNES CORDEIRO, matricula no 71.775-4, para exercer o Cargo em
Comissao Simbolo DFA-08, de Assistente da Diretoria de Apoio Logistico e Material da Subse-
cretaria de Apoio Operacional da Secretaria de Estado de Educacao do Distrito Federal"
