,Tipo do Ato,Nome do Servidor Substituto,Matrícula do Servidor Substituto,Nome do Servidor a ser Substituido,Matrícula do Servidor a ser SubstituidoCargo,Símbolo do cargo do servidor substituto,Cargo comissionado objeto da substituição,Símbolo do cargo do objeto da substituição,Símbolo do cargo comissionado objeto da substituição,Hierarquia da Lotação,Órgão,Data Inicial da Vigência,Data Final de Vigência,Matrícula SIAPE,Motivo,text
0,Substituição de Funções, o servidor LOURINALDO NUNES DE SIQUEIRA,n.o,"o Chefe do Nucleo de Material e Patrimonio da Gerencia
de Apoio Operacional do HRAS",nan,nan,DFG,nan,nan,nan,nan,nan,nan,nan,nan,"Designar o servidor LOURINALDO NUNES DE SIQUEIRA, AIS  Agente Administrativo,
matricula n.o 113.883-9, para substituir o Chefe do Nucleo de Material e Patrimonio da Gerencia
de Apoio Operacional do HRAS, simbolo DFG 04, no periodo de 02.01.2002 a 31.01.2002, por
motivo de ferias do titular"
1,Substituição de Funções, a servidora LUDMILLA BEATRIZ DE PAULA LIMA ROCHA,n.o,"a Chefe do Nucleo de Cadastro Funcional e
Financeiro da Gerencia de Pessoal do HRAS",nan,nan,DFG,nan,nan,nan,nan,nan,nan,nan,nan,"Designar a servidora LUDMILLA BEATRIZ DE PAULA LIMA ROCHA, AIS  Agente Admi-
nistrativo, matricula n.o 139.295-6, para substituir a Chefe do Nucleo de Cadastro Funcional e
Financeiro da Gerencia de Pessoal do HRAS, simbolo DFG 05, no periodo de 14.02.2002 a
28.02.2002, por motivo de ferias do titular"
2,Substituição de Funções, a servidora ROSALIA MARIA RODRIGUES NASCIMENTO SILVA,114.690-4,nan,nan,nan,nan,nan,nan,nan,nan,nan,nan,nan,nan,"DESIGNAR a servidora ROSALIA MARIA RODRIGUES NASCIMENTO SILVA, Assistente
Superior de Saude, Classe Especial, Padrao V (Enfermeira), matricula no 114.690-4, para substi-
tuir a Chefe do Nucleo de Enfermagem da Gerencia de Atencao a Saude do Centro de Saude no 02/
N"
3,Substituição de Funções, a servidora DIVINA MARIA RIBEIRO,134.519-2,a Chefe do Nucleo de Regulacao,nan,nan,DFG-04,nan,nan,nan,nan,nan,nan,nan,nan,"DESIGNAR a servidora DIVINA MARIA RIBEIRO, Assistente Intermediario de Saude
II, 3a Classe, Padrao VII (Agente Administrativo), matricula no 134.519-2, para substituir
a Chefe do Nucleo de Regulacao, Controle e Avaliacao do Centro de Saude no 01/Candango-
landia da Diretoria Regional de Saude da Candangolandia, Nucleo Bandeirante e Riacho
Fundo, Simbolo DFG-04, nos periodos de 13 de fevereiro a 14 de marco e de 22 a 31 de
julho de 2002, por motivo de ferias da titular, conforme Memorando no 01/02- Gerencia do
CS 01 Cand"
4,Substituição de Funções, a servidora GENILDA ALVES DOS SANTOS BARROSO,n.o,no periodo de,101.591-5,nan,nan,nan,nan,nan,nan,nan,nan,nan,nan,"Designar a servidora GENILDA ALVES DOS SANTOS BARROSO, matricula n.o 103.614-9,
para substituir no periodo de 02/01/2002 a 31/01/2002, a servidora LUCIA MARIA FIGUEIRE-
DO DA ROCHA, matricula 101.591-5, Executora do Contrato de Locacao  no 22/97, celebrado
entre o Distrito Federal, por intermedio da Secretaria de Estado de Acao Social e o Senhor JOSE
MARIA VIEIRA, cabendo a designada as atribuicoes previstas no  artigo 13, inciso II, do Decreto
n.o 16.098, de 29/11/94, publicado no Diario Oficial do Distrito Federal de 30/11/94, e demais
normas inerentes ao assunto"
5,Substituição de Funções, a servidora MARIA MADALENA GALVAO,n.o,JORGE LOPES DE SOUZA,"n.o
102.499-X",ocupante do Cargo em Comissao,DFG,nan,nan,nan,"Secretaria
de Estado de Acao Social do Distrito Federal, no periodo de 31.01 a 14.02.2002, por motivo de
ferias regulamentares do Titular",nan,nan,nan,nan,"Designar a servidora MARIA MADALENA GALVAO, matricula n.o 101.1742-X, Assistente
Intermediario em Servicos Sociais, para substituir JORGE LOPES DE SOUZA, matricula n.o
102.499-X, ocupante do Cargo em Comissao, Simbolo DFG 09, de Chefe do Nucleo de Analise
e Apuracao de Custos, da Gerencia Financeira, da Diretoria de Apoio Operacional, da Secretaria
de Estado de Acao Social do Distrito Federal, no periodo de 31.01 a 14.02.2002, por motivo de
ferias regulamentares do Titular"
6,Substituição de Funções, a servidora MARISTELA RODUVALHO DE SOUZA SANTOS,n.o,MANOEL LUIZ CAMILO DE MORAIS ANTUNES,n.o 44.150-3,ocupante do Cargo em Comissao,DFG,nan,nan,nan,nan,nan,nan,nan,nan,"Designar a servidora MARISTELA RODUVALHO DE SOUZA SANTOS, matricula n.o 31.076-
X, Assessor, para substituir MANOEL LUIZ CAMILO DE MORAIS ANTUNES, matricula
n.o 44.150-3, ocupante do Cargo em Comissao, Simbolo DFG 14, de Diretor da Diretoria de
Contratos e Convenios, da Secretaria de Estado de Acao Social do Distrito Federal, no periodo de
25.01 a 08.02.2002, por motivo de ferias regulamentares do Titular"
7,Substituição de Funções, o Sr,nan,nan,nan,nan,nan,nan,nan,nan,nan,nan,nan,nan,nan,Designar o Sr
8,Substituição de Funções, AFONSO EMILIO ALVARES DOURADO,58.412-6,MANOEL DE SOUZA DOURADO,23.506-7,"Chefe da Secao de Vigilancia Interna I
da Divisao de Vigilancia do Centro de Internamento e Reeducacao da Coordenacao de Sistema
Penitenciario da Secretaria de Estado de Seguranca Publica do Distrito Federal",nan,nan,nan,nan,nan,nan,nan,nan,nan,"Designar AFONSO EMILIO ALVARES DOURADO, matricula no 58.412-6, para substituir
MANOEL DE SOUZA DOURADO, matricula 23.506-7, Chefe da Secao de Vigilancia Interna I
da Divisao de Vigilancia do Centro de Internamento e Reeducacao da Coordenacao de Sistema
Penitenciario da Secretaria de Estado de Seguranca Publica do Distrito Federal, Codigo DFG-02,
no periodo de 10.01.2002 a 08.02.2002, em virtude de ferias regulamentares"
9,Substituição de Funções, VERA LUCIA DE SOUZA BRANDAO DE NOVAIS,108.725-8,SALOMAO GOMES DE VASCONCELOS,27.826-2,nan,nan,nan,nan,nan,nan,nan,nan,nan,nan,"Designar VERA LUCIA DE SOUZA BRANDAO DE NOVAIS, matricula no 108.725-8, para
substituir SALOMAO GOMES DE VASCONCELOS,  matricula 27.826-2, Chefe da Secao de
Patrimonio da  Divisao de Material do Departamento de Administracao Geral da Secretaria de
Estado de Seguranca Publica, Codigo DFG-02,  no periodo de 13 a 22.02.2002,  em virtude de
ferias regulamentares"
10,Substituição de Funções, JOSUE GONZAGA OLIVEIRA,35.947-5,PEDRO RE,27.640-5,nan,nan,nan,nan,nan,nan,nan,nan,nan,nan,"Designar JOSUE GONZAGA OLIVEIRA, matricula no 35.947-5, para substituir PEDRO RE-
CKZIEGEL, matricula 27.640-5, Chefe da Secao de Operacoes de Radio III do Centro Integrado
de Telecomunicacoes da  Secretaria de Estado de Seguranca Publica  do Distrito Federal, Codigo
DFG-02,  no periodo de 10.01.2002 a 08.02.2002, em virtude de ferias regulamentares"
11,Substituição de Funções, MARCO TULIO SILVA OLIVEIRA,34.270-X,"JOAO
BATISTA PEREIRA DA SILVA",23.653-5,"Diretor do Centro de Inteligencia da Secre-
taria de Estado de Seguranca Publica do Distrito Federal",nan,nan,nan,nan,nan,nan,nan,nan,nan,"Designar MARCO TULIO SILVA OLIVEIRA, matricula no 34.270-X para substituir JOAO
BATISTA PEREIRA DA SILVA, matricula 23.653-5, Diretor do Centro de Inteligencia da Secre-
taria de Estado de Seguranca Publica do Distrito Federal, Codigo DFG-11, no periodo de 07.01.2002
a 06.04.2002,  em virtude de Licenca Premio por Assiduidade"
12,Substituição de Funções, DELFIN LOPES HOTT,58.624-2,GUILHERME HEN,58.353-7,nan,nan,nan,nan,nan,nan,nan,nan,nan,nan,"Designar DELFIN LOPES HOTT, matricula no 58.624-2, para substituir GUILHERME HEN-
RIQUE NOGUEIRA,  matricula 58.353-7, Diretor da Divisao de Administracao Penitenciaria do
Nucleo de Custodia de Brasilia da Coordenacao do Sistema Penitenciario da Secretaria de Estado
de Seguranca Publica do Distrito Federal, Codigo DFG-10, no periodo de 13 a 22.02.2002,  em
virtude de ferias regulamentares"
13,Substituição de Funções, ROBSON MACHADO,36.847-4,"JOSE AUCY DE
ARAUJO",23.616-0,nan,nan,nan,nan,nan,nan,nan,nan,nan,nan,"Designar ROBSON MACHADO, matricula no 36.847-4, para substituir JOSE AUCY DE
ARAUJO,  matricula 23.616-0, Diretor da Divisao de Vigilancia do Nucleo de Custodia de
Brasilia da Coordenacao do Sistema Penitenciario da Secretaria de Estado de Seguranca
Publica do Distrito Federal, Codigo DFG-10, no periodo de 13.02  a 14.03.2002,  em virtude
de ferias regulamentares"
14,Substituição de Funções, GETULIO SEIXAS CIROLINI,33.373-5,"JOAO ALVES
MARIANO",20.963-5,"Chefe da Secao de Conservacao e Reparos do Nucleo de Cus-
todia de Brasilia da Coordenacao do Sistema Penitenciario da Secretaria de Estado de Seguranca
Publica do Distrito Federal",nan,nan,nan,nan,nan,nan,nan,nan,nan,"Designar GETULIO SEIXAS CIROLINI, matricula no 33.373-5, para substituir JOAO ALVES
MARIANO, matricula 20.963-5, Chefe da Secao de Conservacao e Reparos do Nucleo de Cus-
todia de Brasilia da Coordenacao do Sistema Penitenciario da Secretaria de Estado de Seguranca
Publica do Distrito Federal, Codigo DFG-02, no periodo de 13.02  a 14.03.2002,  em virtude de
ferias regulamentares"
15,Substituição de Funções, JESINALDO MACENA DE MENEZES,31.036-0,ADRIA,98.567-8,nan,nan,nan,nan,nan,nan,nan,nan,nan,nan,"Designar JESINALDO MACENA DE MENEZES, matricula 31.036-0, para substituir ADRIA-
NA CABRAL FERREIRA, matricula 98.567-8, Chefe da Secao de Expediente da Divisao Peni-
tenciaria de Operacoes Especiais da Coordenacao do Sistema Penitenciario da Secretaria de
Estado de Seguranca Publica do Distrito Federal, Codigo DFG-02, no periodo de 13.02 a
14.03.2002,  em virtude de ferias regulamentares"
16,Substituição de Funções, JOSE FILHO SOARES ROCHA,39.489-0,"JOSE ALVES
DE SOUSA",22.757-9,"Diretor da Divisao Financeira do Departamento de Administra-
cao Geral  da Secretaria de Estado de Seguranca Publica do Distrito Federal",nan,nan,nan,nan,nan,nan,nan,nan,nan,"Designar JOSE FILHO SOARES ROCHA, matricula no 39.489-0, para substituir JOSE ALVES
DE SOUSA, matricula 22.757-9, Diretor da Divisao Financeira do Departamento de Administra-
cao Geral  da Secretaria de Estado de Seguranca Publica do Distrito Federal, Codigo DFG-11, no
periodo de 13.02 a 27.02.2002, em virtude de ferias regulamentares"
17,Substituição de Funções, NILVANA MARIA PEREIRA SANTOS,23.800-7,"JOSE
FILHO SOARES ROCHA",39.489-0,"Chefe da Secao de Contabilidade da Divisao
Financeira do Departamento de Administracao Geral  da Secretaria de Estado de Seguranca
Publica do Distrito Federal",nan,nan,nan,nan,nan,nan,nan,nan,nan,"Designar NILVANA MARIA PEREIRA SANTOS, matricula no 23.800-7, para substituir JOSE
FILHO SOARES ROCHA, matricula 39.489-0, Chefe da Secao de Contabilidade da Divisao
Financeira do Departamento de Administracao Geral  da Secretaria de Estado de Seguranca
Publica do Distrito Federal, Codigo DFG-05, no  periodo de 10.01 a 08.02.2002, em virtude de
ferias regulamentares, e no periodo de 13 a 27.02.2002, no impedimento do titular que estara
substituindo o Diretor da Divisao Financeira, em virtude de ferias regulamentares"
18,Substituição de Funções, JAIME DINIZ SOARES,58.402-9,"JOSE MANUEL
DE FREITAS SILVA",58.402-9,"Chefe da Secao de Vigilancia Interna II da Divi-
sao de Vigilancia do Nucleo de Custodia de Brasilia da Coordenacao do Sistema Penitenci-
ario  do Distrito Federal",nan,nan,nan,nan,nan,nan,nan,nan,nan,"Designar JAIME DINIZ SOARES, matricula no 58.402-9 para substituir JOSE MANUEL
DE FREITAS SILVA, matricula 58.402-9, Chefe da Secao de Vigilancia Interna II da Divi-
sao de Vigilancia do Nucleo de Custodia de Brasilia da Coordenacao do Sistema Penitenci-
ario  do Distrito Federal, Codigo DFG-02,  no periodo de 13 a 27.02.2002 em virtude de
ferias regulamentares"
19,Substituição de Funções, ANTONIO INACIO DE JESUS,25.175-5,LEONAR,25.255-7,nan,nan,nan,nan,nan,nan,nan,nan,nan,nan,"Designar ANTONIO INACIO DE JESUS, matricula no 25.175-5 para substituir LEONAR-
DO DA COSTA MELO, matricula 25.255-7, Encarregado Administrativo do Servico de
Manutencao de Veiculos do Departamento de Administracao Geral da Secretaria de Estado
Seguranca Publica do Distrito Federal, Codigo DFG-01, no periodo de 13.02 a 14.03.2002
em virtude de ferias regulamentares"
20,Substituição de Funções, LEILA VIEIRA GOMES,01.147-9,"FERNANDA
BRAGA DE OLIVEIRA ARAUJO",01.419-2,"Chefe do Servico de Recursos
Humanos",nan,nan,nan,nan,nan,nan,nan,nan,nan,"Designar LEILA VIEIRA GOMES, matricula no 01.147-9, para substituir FERNANDA
BRAGA DE OLIVEIRA ARAUJO, matricula no 01.419-2, Chefe do Servico de Recursos
Humanos, DFG-9, do Departamento de Transito do Distrito Federal pelos periodos de 27/
12/2001 a 09/01/2002 por motivo de licenca medica  e de 10/01 a 09/05/2002, por motivo de
licenca gestante da titular"
21,Substituição de Funções, SANDRA CRISTINA LOPES BRITO,00.943-1,"MARIA
ALDEIDE JALES CIRINO",01.055-3,Chefe do Servico de Material,nan,nan,nan,nan,nan,nan,nan,nan,nan,"Designar SANDRA CRISTINA LOPES BRITO, matricula no 00.943-1, para substituir MARIA
ALDEIDE JALES CIRINO, matricula no 01.055-3, Chefe do Servico de Material, DFG-9, do
Departamento de Transito do Distrito Federal, no periodo de 14/01 a 02/02/2002, por motivo de
ferias da titular"
22,Substituição de Funções, MARIA IRES DINIZ SANTOS,01.271-8,ALCEU POLE,01.476-1,nan,nan,nan,nan,nan,nan,nan,nan,nan,nan,"Designar MARIA IRES DINIZ SANTOS, matricula no 01.271-8, para substituir ALCEU POLE-
TO, matricula no 01.476-1, Encarregado da Divisao Regional de Transito de Taguatinga, DFG-3,
do Departamento de Transito do Distrito Federal, no periodo de 21/01 a 09/02/2002, por  motivo
de ferias do titular"
23,Substituição de Funções, UELSON SOUSA PRASERES,01.148-7,"DELTIMO
EVANGELISTA DA SILVA",01.234-3,"Chefe do Servico de Atendimento as Entida-
des Publicas e Credenciadas",nan,nan,nan,nan,nan,nan,nan,nan,nan,"Designar UELSON SOUSA PRASERES, matricula no 01.148-7, para substituir DELTIMO
EVANGELISTA DA SILVA, matricula no 01.234-3, Chefe do Servico de Atendimento as Entida-
des Publicas e Credenciadas, DFG-9, do Departamento de Transito do Distrito Federal, no
periodo de 21/01 a 09/02/2002, por motivo de ferias do titular"
24,Substituição de Funções, CARLOS ALBERTO VASCONCELOS DE ARAUJO,01.168-1,SILVAIN BARBOSA FONSECA FILHO,00.857-5,"Chefe da Divisao de
Policiamento e Fiscalizacao de Transito",nan,nan,nan,nan,nan,nan,nan,nan,nan,"Designar CARLOS ALBERTO VASCONCELOS DE ARAUJO, matricula no 01.168-1, para
substituir SILVAIN BARBOSA FONSECA FILHO, matricula no 00.857-5, Chefe da Divisao de
Policiamento e Fiscalizacao de Transito, DFG-12, do Departamento de Transito do Distrito
Federal no periodo de 21/01 a 09/02/2002, por motivo de ferias do titular"
25,Substituição de Funções, o servidor SERGIO SIMAO FIDALGO,1650.637-1,nan,nan,nan,nan,nan,nan,nan,nan,nan,nan,nan,nan,"Designar o servidor SERGIO SIMAO FIDALGO, matricula 1650.637-1, para, na qualidade de
Executor e sem prejuizo de suas atribuicoes normais, acompanhar o cumprimento do Termo de
Contrato de Concurso no004/2002, celebrado entre o Distrito Federal atraves da Secretaria de
Estado de Cultura e a empresa INSTITUTO DE PRODUCAO CULTURAL BRASILEIRA"
26,Substituição de Funções, os servidores JOSE EUSTAQUIO ALVES MOREIRA,n.o,nan,n.o 94.929-9,nan,nan,nan,nan,nan,nan,nan,nan,nan,nan,"Designar os servidores JOSE EUSTAQUIO ALVES MOREIRA,  matricula n.o  93.890-4,
Assessor de Gabinete, IVA ONORIO PEREIRA SILVA, matricula n.o 94.929-9, Assistente da
Divisao de Administracao Geral, CLEIDE CELESTE DE CARVALHO, matricula n.o 1650638-4,
Tecnica de Administracao Publica e JOSE MAURO LINHARES VITAL, matricula n.o 04.060-
6, Assessor de Planejamento/DAG, para,  sob a presidencia do primeiro,  e secretariado pelo
ultimo comporem a Comissao Permanente de Licitacao e na qualidade de suplentes, os servidores
MIGUEL VIEIRA DE MELO FILHO,  matricula n.o 94.917-5,  Assessor de Gabinete e JOAO
SOARES JUNIOR, matricula n.o 22.720-X, Diretor da Divisao Regional de Exame, Aprovacao e
Elaboracao de Projetos"
27,Substituição de Funções, EDVALDO FERNANDES DA SILVA,33.672-6,FELIPE TEIXEIRA RIBEIRO,106.524-6,Chefe do Servico de Patrimonio,DFG-08,nan,nan,nan,nan,nan,nan,nan,nan,"Designar EDVALDO FERNANDES DA SILVA, Auxiliar de Apoio as Atividades Juridicas,
matricula no 33.672-6, para substituir FELIPE TEIXEIRA RIBEIRO, matricula no 106.524-6,
Chefe do Servico de Patrimonio, Simbolo DFG-08, do Departamento de Administracao Geral, no
periodo de 04.02.2002 a 23.04.2002, por motivo de ferias do titular"
28,Substituição de Funções, o Procurador do Distrito Federal Dr,nan,nan,nan,nan,nan,nan,nan,nan,nan,nan,nan,nan,nan,Designar o Procurador do Distrito Federal Dr
