,Tipo do Ato,Nome do Servidor Substituto,Matrícula do Servidor Substituto,Nome do Servidor a ser Substituido,Matrícula do Servidor a ser SubstituidoCargo,Símbolo do cargo do servidor substituto,Cargo comissionado objeto da substituição,Símbolo do cargo do objeto da substituição,Símbolo do cargo comissionado objeto da substituição,Hierarquia da Lotação,Órgão,Data Inicial da Vigência,Data Final de Vigência,Matrícula SIAPE,Motivo,text
0,Substituição de Funções, os Assistentes Juridicos,nan,nan,nan,nan,nan,nan,nan,nan,nan,nan,nan,nan,nan,"designar os Assistentes Juridicos, servidores e estagiarios para ter o exercicio nas unida-
des organicas do  CEAJUR, de acordo com a necessidade do servico;
VII- homologar os concursos realizados para o preenchimento das vagas existentes;
VIII- delegar competencias e atribuicoes;
IX- designar Assistentes Juridicos para o encargo de Curador, na forma da Lei;
X- fixar o horario de funcionamento do Orgao;
XI- aplicar penas disciplinares e instaurar sindicancia, processo administrativo e tomada de
contas;
XII- praticar atos de administracao relativos ao Regime Juridico de Pessoal, nos termos da
legislacao especifica;
XIII- normatizar estagio de Direito e a prestacao de servico voluntario;
XIV- fixar normas gerais de acao;
XV- expedir ordens de servicos;
XVI- propor a criacao, extincao e transformacao de cargos, funcoes e servicos auxiliares;
XVII- praticar atos proprios de gestao; XVIII- representar o CEAJUR junto aos Poderes Executivo, Legislativo e Judiciario;
XIX- convocar os Assistentes Juridicos para eleicao do Conselho Superior;
XX- exercer outras atribuicoes"
1,Substituição de Funções, os represen,nan,nan,nan,nan,nan,nan,nan,nan,nan,nan,nan,nan,nan,"designar os represen-
tantes do  CEAJUR que integrarao a Comissao de Concurso;
XII- indicar integrantes das bancas examinadoras dos concursos para provimento dos cargos
da Carreira de Assistencia Judiciaria e os seus respectivos regulamentos;
XIII- recomendar correicoes extraordinarias;
XIV- indicar os seis nomes dos membros da classe mais elevada da Carreira para que o Gover-
nador nomeie, dentre estes, o Corregedor-Geral"
