,Tipo do Ato,Nome do Servidor Substituto,Matrícula do Servidor Substituto,Nome do Servidor a ser Substituido,Matrícula do Servidor a ser SubstituidoCargo,Símbolo do cargo do servidor substituto,Cargo comissionado objeto da substituição,Símbolo do cargo do objeto da substituição,Símbolo do cargo comissionado objeto da substituição,Hierarquia da Lotação,Órgão,Data Inicial da Vigência,Data Final de Vigência,Matrícula SIAPE,Motivo,text
0,Substituição de Funções, o Coronel QOPM JESU ANTONIO FERREIRA REIS,nan,nan,nan,nan,nan,nan,nan,nan,nan,nan,nan,nan,nan,"Designar o Coronel QOPM JESU ANTONIO FERREIRA REIS - Chefe da Divisao Administrativa,
para instruir o recurso de queixa interposto pelo Segundo-Tenente QOPM JOAO LOPES DOS
SANTOS  Matricula 50.537-4"
1,Substituição de Funções, RIVAIL DAVI DE OLIVEIRA,75.240-1,"o titular do Cargo em
Comissao",nan,nan,DFG-13,nan,nan,nan,nan,nan,nan,nan,nan,"Designar RIVAIL DAVI DE OLIVEIRA, matricula no 75.240-1, para substituir o titular do Cargo em
Comissao, Simbolo DFG-13, de Diretor da Diretoria de Administracao de Recursos Humanos da
Subsecretaria de Apoio Operacional da Secretaria de Estado de Educacao do Distrito Federal, no
periodo de 22/10/2001 a 20/11/2001, por motivo de ferias"
2,Substituição de Funções, KATIA CILENE BITENCOURT,69.230-1,nan,33.579-7 e JESUINO DE JESUS PEREIRA LEMES,nan,nan,nan,nan,nan,nan,nan,nan,nan,nan,"Designar KATIA CILENE BITENCOURT, matricula no 69.230-1, VANI CANDIDA DE SIQUEI-
RA, matricula no 33.579-7 e JESUINO DE JESUS PEREIRA LEMES, matricula no 23.633-0, como
executores do Convenio no 55/2001, firmado entre a Secretaria de Estado de Educacao do Distrito
Federal e o Servico Social da Industria - SESI"
3,Substituição de Funções, MARIA DE LOURDES RORIZ,48.738-4,nan,nan,nan,nan,nan,nan,nan,nan,nan,nan,nan,nan,"Designar MARIA DE LOURDES RORIZ, matricula no 48.738-4, como executora do Convenio,
firmado entre a Secretaria de Estado de Educacao do Distrito Federal e a Marinha do Brasil"
4,Substituição de Funções, o servidor AROLDO AMORIM ODORICO,n.o,nan,nan,nan,nan,nan,nan,nan,nan,nan,nan,nan,nan,"Designar o servidor AROLDO AMORIM ODORICO, matricula n.o 37.209-9, para atuar como
executor do Termo de Cessao de Uso n.o 07/2001, firmado entre a Secretaria de Estado de Educacao
e o  COLEGIO MILITAR DOM PEDRO II"
5,Substituição de Funções, a servidora MARIA DE FATIMA FREITAS,71.674-X,"o Titular
do Cargo em Comissao de Chefe do Nucleo de Abastecimento da Gerencia de Materiais da Diretoria
de Apoio Logistico e Material",nan,nan,DFG-07,nan,nan,nan,nan,nan,nan,nan,nan,"Designar a servidora MARIA DE FATIMA FREITAS,  matricula 71.674-X, Para substituir o Titular
do Cargo em Comissao de Chefe do Nucleo de Abastecimento da Gerencia de Materiais da Diretoria
de Apoio Logistico e Material, simbolo DFG-07, no periodo de 15/10/2001 a 03/11/2001, por
motivo de ferias do Titular"
6,Substituição de Funções, o servidor ROSEMIRO BANDEIRA BARROS,96.423-9,"o Titular do Cargo em Comissao de Diretor da Diretoria
Financeira da Subsecretaria de Apoio Operacional",29.181-1,nan,DFG,nan,,nan,nan,nan,nan,nan,nan,"Designar o servidor ROSEMIRO BANDEIRA BARROS,  matricula 96.423-9, Gerente de Execucao
Orcamentaria e Financeira, para substituir o Titular do Cargo em Comissao de Diretor da Diretoria
Financeira da Subsecretaria de Apoio Operacional, simbolo DFG 13, no periodo de 22/10 a 03/11/
2001, por motivo de ferias do titular e indicar a servidora SONIA MARIA DE LOYOLA PEREIRA
ABREU, matricula 29.181-1, para substituir o Cargo em Comissao de Gerente de Execucao Orcamen-
taria e Financeira, simbolo DFG 11, no periodo supra mencionado"
7,Substituição de Funções, JOAO CARMO ATHAIDE MANGABEIRA,45.950-X,nan,nan,nan,nan,nan,nan,nan,nan,nan,nan,nan,nan,"Designar JOAO CARMO ATHAIDE MANGABEIRA, matricula n 45.950-X, Especialista de Assis-
tencia a Educacao/Apoio Tecnico Administrativo, servidor desta Secretaria de Estado de Educacao,
como defensor dativo, para atuar no Processo Administrativo Disciplinar  n 080.008677/2001, a
que responde SILVANA RIBEIRO PALHANO,  mat"
8,Substituição de Funções, o servidor Jose Antonio Correa,nan,a servidora Vania Maria da Cruz Franco,nan,nan,DFA-04,nan,nan,nan,nan,nan,nan,nan,nan,"DESIGNAR o servidor Jose Antonio Correa, AIS-Artifice-Eletr.Comunic., Matricula: 131.262-6,
para substituir a servidora Vania Maria da Cruz Franco, Matricula: 133.438-7, Assistente, da Direcao
Regional de Saude da Asa Norte, simbolo DFA-04, no periodo de 01 a 31 de outubro de 2001, por
motivo de Licenca Premio, conforme MEMO n.o 235/2001-GDT/HRAN"
9,Substituição de Funções, a servidora Francisca Elena Lopes de Sousa Goncalves,nan,a servidora  Maria de Fatima Araujo,nan,nan,DFG-,nan,nan,nan,nan,nan,nan,nan,nan,"DESIGNAR a servidora Francisca Elena Lopes de Sousa Goncalves, AIS-Agente Administrativo,
Matricula: 118.324-9, para substituir a servidora  Maria de Fatima Araujo, Matricula: 116.162-8,
Chefe do Nucleo de Apoio Operacional do CSB-12 da Regional de Saude da Asa Norte, simbolo DFG-
05, no periodo de 18 a 27 de setembro de 2001 e de 28 de setembro a 02 de outubro de 2001 por
motivo de Licenca Medica, conforme MEMO n.o 25/2001-CSB-12"
10,Substituição de Funções, a servidora Sonia Inacio dos Santos,nan,a servidora Lisete Cerqueira,nan,nan,DFG-05,nan,nan,nan,nan,nan,nan,nan,nan,"DESIGNAR a servidora Sonia Inacio dos Santos, AIS-Auxiliar de Enfermagem., Matricula: 138.226-
8, para substituir a servidora Lisete Cerqueira, Matricula: 124.710-7, Chefe do Nucleo de Creche do
Hospital Regional da Asa Norte, simbolo DFG-05, no periodo de 05 a 19 de novembro de 2001, por
motivo de Ferias, conforme MEMO n.o 040/2001-Nucleo de Creche/HRAN"
11,Substituição de Funções,nan,nan,nan,"n.o 127.191-1 MEMBROS
Argecilio Alves Santiago",nan,nan,nan,nan,nan,nan,nan,nan,nan,nan,"DESIGNAR, os servidores  abaixo relacionados para comporem a COMISSAO DE CONTROLE DE
INFECCAO HOSPITALAR  DO HOSPITAL REGIONAL DO GAMA: PRESIDENTE
Sergio Hitoshi Miyazaki, ASS (Medico Cirurgia Geral), matricula n.o124.403-5 SECRETARIO EXECUTIVO
Junio  Mario Pereira Gama,  ASS (Medico  Clinica Medica), matricula n.o 127.191-1 MEMBROS
Argecilio Alves Santiago, AIS (Agente Administrativo), matricula n.o 113.829-4
Esmeralda Gomes Fleury Leao, ASS (Enfermeiro), 120.973-6
Maria Jose de Castro, ASS (Farmaceutico), matricula n.o 360.692-9
Mauro Sergio Rego, ASS (Farmaceutico), matricula n.o 200.872-6
Esta Ordem de Servico entra em vigor na data de sua publicacao, revogando a O.S"
12,Substituição de Funções,nan,nan,nan,nan,nan,nan,nan,nan,nan,nan,nan,nan,nan,nan,"DESIGNAR, na forma do  2.o do Art"
13,Substituição de Funções,  o Delegado de Policia TULIO RORIZ FERNANDES,23.472-, o Secretario Adjunto desta Pasta,nan,nan,nan,nan,nan,nan,nan,nan,nan,nan,nan,"Designar  o Delegado de Policia TULIO RORIZ FERNANDES, Chefe de Gabinete, matricula 23.472-
9,  para substituir  o Secretario Adjunto desta Pasta, em seu afastamento  legal no periodo de 21.10 a
03.11.2001"
14,Substituição de Funções,  o Delegado de Policia JOAO BATISTA PEREIRA DA SILVA,nan, o Chefe de Gabinete desta Pasta,nan,nan,nan,nan,nan,nan,nan,nan,nan,nan,nan,"Designar  o Delegado de Policia JOAO BATISTA PEREIRA DA SILVA,  Chefe do Centro de Inteligen-
cia,  para substituir  o Chefe de Gabinete desta Pasta, em seu impedimento legal no periodo de 21.10
a 03.11.2001"
15,Substituição de Funções,   o Agente de Policia CARLOS MAGNO COSTA FORTES,25.533-5,o Chefe do Centro de Inteligencia  desta Pasta,nan,nan,nan,nan,nan,nan,nan,nan,nan,nan,nan,"Designar   o Agente de Policia CARLOS MAGNO COSTA FORTES ,  Chefe da Secao de Contra
Informacoes, matricula 25.533-5,  para substituir o Chefe do Centro de Inteligencia  desta Pasta, em
seu impedimento legal no periodo de 21.10 a 03.11.2001"
16,Substituição de Funções, EDSON DE CAMPOS JUNIOR,01.203-3,"MARIA
SELMA PEREIRA FONSECA",nan,nan,nan,nan,nan,nan,nan,nan,nan,nan,nan,"Designar EDSON DE CAMPOS JUNIOR, matricula no 01.203-3, para substituir MARIA
SELMA PEREIRA FONSECA, matricula no 01.479-6.."
17,Substituição de Funções, EDSON DE CAMPOS JUNIOR,01.203-3,"MARIA
SELMA PEREIRA FONSECA",nan,nan,nan,nan,nan,nan,nan,nan,nan,nan,nan,"Designar EDSON DE CAMPOS JUNIOR, matricula no 01.203-3, para substituir MARIA
SELMA PEREIRA FONSECA, matricula no 01.479-6.."
18,Substituição de Funções, JULIO ROCHA GOMES GUERRA,00.701-3,FATIMA EMERENCIANA PIRES COELHO,00.966-0...,"no dia 05/10 e no periodo de
08 a 11/10/2001...; Leia-se: Designar JULIO ROCHA GOMES GUERRA",nan,nan,nan,nan,nan,nan,nan,nan,nan,"Designar JULIO ROCHA GOMES GUERRA, matricula no 00.701-3, para substituir
FATIMA EMERENCIANA PIRES COELHO, matricula no 00.966-0..., no dia 05/10 e no periodo de
08 a 11/10/2001...; Leia-se: Designar JULIO ROCHA GOMES GUERRA, matricula no 00.701-3, para substituir FATIMA
EMERENCIANA PIRES COELHO, matricula no 00.966-0..., no periodo de 08 a 12/10/2001...; ALMIR MAIA RIBEIRO CORPO DE BOMBEIROS MILITAR
DO DISTRITO FEDERAL PORTARIA DE 16 DE OUTUBRO DE 2001 O COMANDANTE - GERAL DO CORPO DE BOMBEIROS MILITAR DO DISTRITO FEDE-
RAL, no uso das atribuicoes que lhe foi delegada pelo artigo 1o, inciso I, alinea c, do Decreto n.o
l5.740, de 23 Jun 94, c/c os artigos 80 e 82 do Estatuto do CBMDF, aprovado pela Lei no 7.479, de
02 de Jun 86, resolve: 1"
19,Substituição de Funções, as servidoras MARIA LUCIA DA SILVA,n.o,nan,n.o 32.947-9 e ANTONIA MARTINS FEITOSA,nan,nan,nan,nan,nan,nan,nan,nan,nan,nan,"Designar as servidoras MARIA LUCIA DA SILVA, matricula n.o 24.654-9, SANDRA MOREIRA
FONSECA, matricula n.o 32.947-9 e ANTONIA MARTINS FEITOSA, matricula n.o 205.068-0, para
que, sob a presidencia da primeira e secretariada pela ultima, componham Comissao de Tomada de
Contas Especial, objetivando apurar o desaparecimento de bens da biblioteca da Secretaria de Meio
Ambiente e Recursos Hidricos do Distrito Federal"
20,Substituição de Funções, a servidora Hermi Pires,nan,nan,nan,nan,nan,nan,nan,nan,nan,nan,nan,nan,nan,"DESIGNAR a servidora Hermi Pires, Inspetora de Obras, da Administracao de Brasilia, como EXE-
CUTORA do  Contrato de Concessao de Uso  no 014/2001, sobre imovel do Distrito Federal, area
contigua ao Lote no 7-A, da Quadra 2, do SAU /SUL referente  ao Processo de  no 141..000333/99,
firmado entre o Distrito Federal e IRMAOS HAJJAR Ltda"
21,Substituição de Funções, o Servidor Roberto Goncalves de Araujo matricula no,91.447-9Inspetor,nan,nan,nan,nan,nan,nan,nan,nan,nan,nan,nan,nan,"DESIGNAR o Servidor Roberto Goncalves de Araujo matricula no 91.447-9Inspetor de Obras, da
Administracao de Brasilia, como EXECUTOR do  Contrato de Concessao de Uso  no 007/2001, sobre
imovel do Distrito Federal, area contigua ao Lote no 01, Bloco 07, EC-4 QUADRA 716 SCR/NORTE,
referente  ao Processo de  no 141..001.446/98, firmado entre o Distrito Federal e Sergio Jose de
Andrade"
22,Substituição de Funções, o Servidor Marcio Carvalho de Oliveira matricula no,91.501-7,nan,nan,nan,nan,nan,nan,nan,nan,nan,nan,nan,nan,"DESIGNAR o Servidor Marcio Carvalho de Oliveira matricula no 91.501-7, Inspetor de Obras, da
Administracao de Brasilia, como EXECUTOR do Contrato, de Concessao de Direito Real de Uso de
no 002/2001, sobre imovel do Distrito Federal, area contigua ao Lote no 12, do SHCGN CRN 706/707
Bloco 04, referente  ao Processo de no 141.006028/98, firmado entre o Distrito Federal e Helio
Santos Oliveira"
23,Substituição de Funções, os servidores desta Administracao Regional,nan,nan,nan,nan,nan,nan,nan,nan,nan,nan,nan,nan,nan,"Designar os servidores desta Administracao Regional, a Comporem o Grupo Tarefa para adequar
meios-fios e calcadas na Regiao Administrativa de Brazlandia, tendo  a seguinte composicao: COOR-
DENADOR  RAUF VIEIRA DA CONCEICAO ,matr"
24,Substituição de Funções, os servidores EULER JUNQUEIRA PEREIRA,no94.098-4,nan,no36.479-7,nan,nan,nan,nan,nan,nan,nan,nan,nan,nan,"Designar os servidores EULER JUNQUEIRA PEREIRA , matricula no94.098-4, Diretor da Divisao
Regional de Obras e Servicos Publicos , MONICA LOBO BURLE , matricula no36.479-7, Inspetora
de Obras, MANOEL ALMEIDA MIRANDA FILHO,  matricula no91.363-4,Tecnico de Administra-
cao Publica, BRAZ JOSE DA SILVA, matricula no91.560-2, Inspetor de Obras, HELCIO SILVA,
matricula  no53.196-0, Auxiliar de Educacao, para comporem o Grupo Tarefa visando  permitir a
acessibilidade de pessoas com dificuldades de locomocao aos logradouros publicos"
