,Tipo,Nome,Cargo Efetivo,Matricula,Siape,Simbolo,Cargo Comissao,Lotacao,Orgao,text
0,Nomeação, SIRLANE ALVES DA SILVA,nan,n.o,nan,DFA-04,nan,nan,nan,"NOMEAR SIRLANE ALVES DA SILVA, matricula n.o 83.295-2 para exercer o Cargo em Comis-
sao de Secretario Administrativo, Simbolo DFA-04 da Diretoria Geral do Servico de Ajardina-
mento e Limpeza Urbana do Distrito Federal"
1,Nomeação, PAULO LEONARDO MONTEIRO,"para exercer o Cargo em Comissao de Encar-
regado de Equipamentos",nan,nan,DFG-03,nan,nan,nan,"NOMEAR PAULO LEONARDO MONTEIRO, para exercer o Cargo em Comissao de Encar-
regado de Equipamentos, Simbolo DFG-03 do Servico de Oficina Mecanica da Diretoria de
Manutencao do Servico de Ajardinamento e Limpeza Urbana do Distrito Federal"
