,Tipo do Ato,Nome do Servidor Substituto,Matrícula do Servidor Substituto,Nome do Servidor a ser Substituido,Matrícula do Servidor a ser SubstituidoCargo,Símbolo do cargo do servidor substituto,Cargo comissionado objeto da substituição,Símbolo do cargo do objeto da substituição,Símbolo do cargo comissionado objeto da substituição,Hierarquia da Lotação,Órgão,Data Inicial da Vigência,Data Final de Vigência,Matrícula SIAPE,Motivo,text
0,Substituição de Funções, CECILIA GUEDES ESTRELA,45.754-X,"a Titular do
Cargo em Comissao",nan,nan,DFG-07,nan,nan,nan,nan,nan,nan,nan,nan,"Designar CECILIA GUEDES ESTRELA, matricula no 45.754-X, para substituir a Titular do
Cargo em Comissao, Simbolo DFG-07, de Chefe do Nucleo de Provimento e Vacancia, da Geren-
cia de Recrutamento, Selecao e Movimentacao da Diretoria de Administracao de Recursos Huma-
nos da Subsecretaria de Apoio Operacional da Secretaria de Estado de Educacao do Distrito
Federal, no periodo de 17/12/2001 a 05/01/2002,  por motivo de ferias da titular"
1,Substituição de Funções, ADEMAR CAMPOS ARANHA,60.891-2,nan,nan,nan,nan,nan,nan,nan,nan,nan,nan,nan,nan,"Designar ADEMAR CAMPOS ARANHA, matricula no 60.891-2, como executor do Contra-
to no 80/2001, firmado entre a Secretaria de Estado de Educacao do Distrito Federal e a Empresa
Engemaxi Engenharia Ltda"
2,Substituição de Funções, CLAUDIA POMPEU DE MIRANDA,49.574-3,nan,nan,nan,nan,nan,nan,nan,nan,nan,nan,nan,nan,"Designar CLAUDIA POMPEU DE MIRANDA, matricula no 49.574-3, como executora do
Convenio no 91/2001, firmado entre a Secretaria de Estado de Educacao do Distrito Federal e a
Companhia do Desenvolvimento do Planalto Central  CODEPLAN"
3,Substituição de Funções, LUCIENE DE FATIMA TELES BARBOSA,45.272-6,nan,nan,nan,nan,nan,nan,nan,nan,nan,nan,nan,nan,"Designar LUCIENE DE FATIMA TELES BARBOSA, matricula no 45.272-6, como executora
do Convenio no 78/2001, firmado entre a Secretaria de Estado de Educacao do Distrito Federal e
o Centro Espirita Fraternidade Jeronimo Candinho"
4,Substituição de Funções, os servidores abaixo relacionados para,nan,nan,nan,nan,nan,nan,nan,nan,nan,nan,nan,nan,nan,"Designar os servidores abaixo relacionados para, sob a presidencia do primeiro,
comporem a Comissao Permanente de Vestibular da Escola Superior de Ciencias da Saude-ESCS/
FEPECS"
5,Substituição de Funções, a servidora Conceicao de Maria Barbosa Kawano,117.199-2,"o Diretor Regional de Saude da Asa Sul da Secretaria de
Estado de Saude do Distrito Federal",nan,nan,DFG-13,nan,nan,nan,nan,nan,nan,nan,nan,"DESIGNAR a servidora Conceicao de Maria Barbosa Kawano, Carreira Medica (Pediatria),
Matricula no 117.199-2, para substituir o Diretor Regional de Saude da Asa Sul da Secretaria de
Estado de Saude do Distrito Federal, Simbolo DFG-13, no periodo de 14 de fevereiro a 05 de
marco de 2002, por motivo de ferias"
6,Substituição de Funções, a servidora Cleine de Freitas Brito Rego,129.804-6,"a Diretora Regional de Saude da Candandolandia Nucleo Bandeirante
e Riacho Fundo da Secretaria de Estado de Saude do Distrito Federal",nan,nan,DFG-13,nan,nan,nan,nan,nan,nan,nan,nan,"DESIGNAR a servidora Cleine de Freitas Brito Rego, Carreira Medica (Pediatria), Matricula no
129.804-6, para substituir a Diretora Regional de Saude da Candandolandia Nucleo Bandeirante
e Riacho Fundo da Secretaria de Estado de Saude do Distrito Federal, Simbolo DFG-13, no
periodo de 31 de dezembro de 2001 a 19 de janeiro de 2002"
7,Substituição de Funções,  KAZUMI KURODA SETTE SILVA,129.649-3,nan,nan,nan,nan,nan,nan,nan,nan,nan,nan,nan,nan,"Designar  KAZUMI KURODA SETTE SILVA, matricula no 129.649-3, EXECUTORA do
Contrato no 081/2001-SES/DF, celebrado entre o Distrito Federal, por intermedio da Secretaria de
Estado de Saude a firma METALURGICA BRASIL CENTRAL LTDA, em 04.12.2001"
8,Substituição de Funções, os servidores GILVAN FERREIRA LIMA,127.600-0,nan,nan,nan,nan,nan,nan,nan,nan,nan,nan,nan,nan,"Designar os servidores GILVAN FERREIRA LIMA, matricula no 127.600-0, DERIVALDO
DIAS V"
9,Substituição de Funções, os servidores SIMONE FERREIRA DE BRITO,127.729-4,nan,134.171-5 e MARIA LUCIA DA SILVA,nan,nan,nan,nan,nan,nan,nan,nan,nan,nan,"Designar os servidores SIMONE FERREIRA DE BRITO, matricula no 127.729-4, MAURO
LOPES HUGO DE JESUS, matricula no 134.171-5 e MARIA LUCIA DA SILVA, matricula no
134.789-6 para, sob a presidencia do primeiro, comporem Comissao de Processo Administrativo
Disciplinar, incumbida de apurar os fatos constantes do processo no 060.012.646/2001"
10,Substituição de Funções, Simone Ferreira de Brito,127.729-4,nan,134.789-6 e Mauro Lopes Hugo de Jesus,nan,nan,nan,nan,nan,nan,nan,nan,nan,nan,"Designar Simone Ferreira de Brito, matricula no 127.729-4, Maria Lucia da Silva, matricula no
134.789-6 e Mauro Lopes Hugo de Jesus, matricula no 134.171-5 para, sob a presidencia do
primeiro, comporem Comissao de Processo Administrativo Disciplinar, objetivando apurar os
fatos constantes do Processo no 060.012.393/2001"
11,Substituição de Funções, os servidores Jose Adilson Barboza,126.809-0,nan,126.849-X e Maria Irani da Silva Dias,nan,nan,nan,nan,nan,nan,nan,nan,nan,nan,"Designar os servidores Jose Adilson Barboza, matricula no 126.809-0, Edna Maria Alves de
Oliveira, matricula no 126.849-X e Maria Irani da Silva Dias, matricula no121.801-8 para, sob a
presidencia do primeiro, comporem Comissao de Processo Administrativo Disciplinar, incumbi-
da de apurar os fatos relatados no Processo no 275.000.541/2001"
12,Substituição de Funções, ANGEL ANTONIO PARRAS E PARRAS,0108771-1,nan,nan,nan,nan,nan,nan,nan,nan,nan,nan,nan,nan,"Designar ANGEL ANTONIO PARRAS E PARRAS, matricula no 0108771-1, EXECUTOR do
CONVENIO no 343/2001, celebrado entre o Distrito Federal, por intermedio da Secretaria de
Estado de Saude e a Uniao Federal, atraves do Ministerio da Saude"
13,Substituição de Funções, os servidores JOSE ADILSON BARBOSA,126.809-1,nan,126.849-0 e MARIA IRANI DA SILVA DIAS,nan,nan,nan,nan,nan,nan,nan,nan,nan,nan,"Designar os servidores JOSE ADILSON BARBOSA, matricula no 126.809-1, EDNA MARIA
ALVES DE OLIVEIRA, matricula no 126.849-0 e MARIA IRANI DA SILVA DIAS, matricula no
121.801-8 para, sob a presidencia do primeiro, comporem Comissao de Processo Administrativo
Disciplinar, incumbida de apurar os fatos constantes do processo no 275.000.116/2001"
14,Substituição de Funções, AVELAR DE HOLANDA BARBOSA,137.013-,nan,nan,nan,nan,nan,nan,nan,nan,nan,nan,nan,nan,"Designar AVELAR DE HOLANDA BARBOSA - Chefe da UGO/HRAS - matricula no 137.013-
8, EXECUTOR do CONVENIO no 341/2001, celebrado entre a Uniao, por intermedio do Minis-
terio da Saude e o Distrito Federal, por intermedio da Secretaria de Estado de Saude"
15,Substituição de Funções, ARI SILVIO FERNANDES DOS SANTOS,129.281-1,nan,123.469-2,nan,nan,nan,nan,nan,nan,nan,nan,nan,nan,"Designar ARI SILVIO FERNANDES DOS SANTOS, matricula no 129.281-1 e NORIMASSA
YOSHIDA, matricula no 123.469-2, EXECUTORES do CONVENIO no 571/2001, celebrado
entre o Distrito Federal, por intermedio da Secretaria de Estado de Saude e a Uniao, por interme-
dio do Ministerio da Saude"
16,Substituição de Funções, a servidora Luzia Rosa de Freitas,41.821-8,"o Gerente de Supervisao da Estrategia de Saude da Familia  da Diretoria
de Estrategia de Saude da Familia da Subsecretaria de Atencao a Saude da Secretaria de Estado de
Saude do Distrito Federal",nan,nan,DFG-11,nan,nan,nan,nan,nan,nan,nan,nan,"Designar a servidora Luzia Rosa de Freitas, Auxiliar de Administracao Publica, Matricula no
41.821-8, para substituir o Gerente de Supervisao da Estrategia de Saude da Familia  da Diretoria
de Estrategia de Saude da Familia da Subsecretaria de Atencao a Saude da Secretaria de Estado de
Saude do Distrito Federal, Simbolo DFG-11, no periodo de 1o a 30 de novembro de 2001, por
motivo de licenca especial"
17,Substituição de Funções, a servidora Virginia de Magalhaes Coutinho,110.790-9,"o Gerente de Supervisao da Estrategia
de Saude da Familia da Diretoria de Estrategia de Saude da Familia da Subsecretaria de Atencao a
Saude da Secretaria de Estado de Saude do Distrito Federal",nan,nan,DFG-11,nan,nan,nan,nan,nan,nan,nan,nan,"Designar a servidora Virginia de Magalhaes Coutinho, Assistente Intermediario de Saude II (Agente
Administrativo), Matricula no 110.790-9, para substituir o Gerente de Supervisao da Estrategia
de Saude da Familia da Diretoria de Estrategia de Saude da Familia da Subsecretaria de Atencao a
Saude da Secretaria de Estado de Saude do Distrito Federal, Simbolo DFG-11, no periodo de 1o a
31 de dezembro de 2001, por motivo de licenca especial"
18,Substituição de Funções, a servidora Maria Vera Lucia Pimentel de Araujo,91.092-9,"a Chefe do Nucleo de Pessoal Cedido da Gerencia de
Pessoal Ativo da Diretoria de Recursos Humanos da Subsecretaria de Apoio Operacional da
Secretaria de Estado de Saude do Distrito Federal",nan,nan,DFG-07,nan,nan,nan,nan,nan,nan,nan,nan,"Designar a servidora Maria Vera Lucia Pimentel de Araujo, Tecnico de Administracao Publica,
Matricula no 91.092-9, para substituir a Chefe do Nucleo de Pessoal Cedido da Gerencia de
Pessoal Ativo da Diretoria de Recursos Humanos da Subsecretaria de Apoio Operacional da
Secretaria de Estado de Saude do Distrito Federal, Simbolo DFG-07, no periodo de 07 de janeiro
a 05 de fevereiro de 2002, por motivo de ferias"
19,Substituição de Funções, a servidora Sebastiana Castro Monteiro,43.694-1,"a Chefe do Nucleo Supervisao das Acoes da Gerencia de Supervisao
da Estrategia de Saude da Familia da Subsecretaria de Atencao a Saude da Secretaria de Estado de
Saude do Distrito Federal",nan,nan,DFG-07,nan,nan,nan,nan,nan,nan,nan,nan,"Designar a servidora Sebastiana Castro Monteiro, Tecnico de Administracao Publica, Matricula
no 43.694-1, para substituir a Chefe do Nucleo Supervisao das Acoes da Gerencia de Supervisao
da Estrategia de Saude da Familia da Subsecretaria de Atencao a Saude da Secretaria de Estado de
Saude do Distrito Federal, Simbolo DFG-07, no periodo de 10 a 24 de dezembro de 2001, por
motivo de ferias"
20,Substituição de Funções, a servidora Eliane de Miranda Rodrigues,133.706-8,"o Chefe do Nucleo de Contagem de
Tempo de Servico da Gerencia de Pessoal Inativo da Diretoria de Recursos Humanos da Subse",nan,nan,DFG-07,nan,nan,nan,nan,nan,nan,nan,nan,"Designar a servidora Eliane de Miranda Rodrigues, Assistente Intermediario de Saude II (Agente
Administrativo), Matricula no 133.706-8, para substituir o Chefe do Nucleo de Contagem de
Tempo de Servico da Gerencia de Pessoal Inativo da Diretoria de Recursos Humanos da Subse-
cretaria de Apoio Operacional da Secretaria de Estado de Saude do Distrito Federal, Simbolo
DFG-07, no periodo de 14 a 28 de janeiro de 2002, por motivo de ferias"
21,Substituição de Funções, o servidor Rogerio Malaquias Braga,133.371-2,a Gerente de Pessoal Inativo da Direto,nan,nan,DFG-11,nan,nan,nan,nan,nan,nan,nan,nan,"Designar o servidor Rogerio Malaquias Braga, Assistente Intermediario de Saude II (Agente
Administrativo), Matricula no 133.371-2, para substituir a Gerente de Pessoal Inativo da Direto-
ria de Recursos Humanos da Subsecretaria de Apoio Operacional da Secretaria de Estado de
Saude do Distrito Federal, Simbolo DFG-11, no periodo de 10 a 24 de dezembro de 2001 e no
periodo de 20 de janeiro a 09 de fevereiro de 2002, por motivo de ferias"
22,Substituição de Funções, o servidor Mauricio da Silva Junior,119.458-5,"o Chefe do Nucleo de Orcamento de
Obras da Gerencia de Projetos da Diretoria de Engenharia e Tecnologia da Subsecretaria de Apoio
Operacional da Secretaria de Estado de Saude do Distrito Federal",nan,nan,DFG-07,nan,nan,nan,nan,nan,nan,nan,nan,"Designar o servidor Mauricio da Silva Junior, Assistente Intermediario de Saude II (Agente
Administrativo), Matricula no 119.458-5, para substituir o Chefe do Nucleo de Orcamento de
Obras da Gerencia de Projetos da Diretoria de Engenharia e Tecnologia da Subsecretaria de Apoio
Operacional da Secretaria de Estado de Saude do Distrito Federal, Simbolo DFG-07, no periodo
de 02 a 21 de janeiro de 2002, por motivo de ferias"
23,Substituição de Funções, a servidora MARIA DO ROZARIO PINHO DE ARAUJO,113.943-6,"a Chefe do Nucleo de Apoio Operacional do
Centro de Saude N",nan,nan,DFG-05,nan,nan,nan,nan,nan,nan,nan,nan,"Designar a servidora MARIA DO ROZARIO PINHO DE ARAUJO, ASC - Servico Social,
matricula 113.943-6, para substituir a Chefe do Nucleo de Apoio Operacional do
Centro de Saude N.o 02 da Diretoria Regional de Saude de Taguatinga, do Quadro de Cargos em
Comissao da Secretaria de Estado de Saude do Distrito Federal, Simbolo DFG-05,  no periodo de
02 a 31/01/2002 , em virtude de ferias regulamentares da titular"
24,Substituição de Funções, o servidor SOLON TEOBALDO DE ASSIS,114.944-0,o Diretor da Regional de Saude de Taguatinga,nan,nan,DFG-13,nan,nan,nan,nan,nan,nan,nan,nan,"Designar o servidor SOLON TEOBALDO DE ASSIS, CM - Pediatria, matricula 114.944-0, para
substituir o Diretor da Regional de Saude de Taguatinga, do Quadro de Cargos em Comissao da
Secretaria de Estado de Saude do Distrito Federal, Simbolo DFG-13, no periodo de 20/12/2001 a
08/01/2002, em virtude de ferias regulamentares do titular"
25,Substituição de Funções, a servidora JUVANIRA DALVA PIEROBOM SILVEIRA DE AVILA,115.313-7,"a Chefe do Nucleo de Enfermagem do Centro de Saude
N",nan,nan,DFG-05,nan,nan,nan,nan,nan,nan,nan,nan,"Designar a servidora JUVANIRA DALVA PIEROBOM SILVEIRA DE AVILA, CE - Enfermei-
ra, matricula 115.313-7, para substituir a Chefe do Nucleo de Enfermagem do Centro de Saude
N.o05 da Diretoria Regional de Saude de Taguatinga, do Quadro de Cargos em Comissao da
Secretaria de Estado de Saude do Distrito Federal, Simbolo DFG-05, no periodo de 17 a 31/01/
2002, em virtude de ferias regulamentares da  titular"
26,Substituição de Funções, a servidora MARIA DE FATIMA GAMA DAS CHAGAS MOURA,118.087-8,"o Chefe do Nucleo de Apoio Operacional
do Centro de Saude N",nan,nan,DFG-05,nan,nan,nan,nan,nan,nan,nan,nan,"Designar a servidora MARIA DE FATIMA GAMA DAS CHAGAS MOURA, AIS - Agente
Administrativo, matricula 118.087-8, para substituir o Chefe do Nucleo de Apoio Operacional
do Centro de Saude N.o 05 da Diretoria Regional de Saude de Taguatinga, do Quadro de Cargos em
Comissao da Secretaria de Estado de Saude do Distrito Federal, Simbolo DFG-05, no periodo de
02 a 16/01/2002, em virtude de ferias regulamentares do titular"
27,Substituição de Funções, a servidora BEATRIZ CALDAS BARCELLAR,nan,o Gerente de Pessoal do Hospital Regional de Taguatinga,nan,nan,DFG-08,nan,nan,nan,nan,nan,nan,nan,nan,"Designar a servidora BEATRIZ CALDAS BARCELLAR, AIS - Agente Administrativo, matri-
cula 123.709-8, para substituir o Gerente de Pessoal do Hospital Regional de Taguatinga, do
Quadro de Cargos em Comissao da Secretaria de Estado de Saude do Distrito Federal, Simbolo
DFG-08,  no periodo de 21/01 a 04/02/2002, em virtude de ferias regulamentares do titular"
28,Substituição de Funções, a servidora CONCEICAO DE MARIA CARDOSO MACEDO,nan,nan,nan,nan,nan,nan,nan,nan,nan,nan,nan,nan,nan,"Designar a servidora CONCEICAO DE MARIA CARDOSO MACEDO, Art"
29,Substituição de Funções, a servidora MARTA HELENA NUNES MARTINS DOS REIS,133.038-1,"a Chefe do Nucleo de Educacao e Treinamento em
Saude da Gerencia de Saude da Comunidade do Hospital Regional de Taguatinga",nan,nan,DFG-05,nan,nan,nan,nan,nan,nan,nan,nan,"Designar a servidora MARTA HELENA NUNES MARTINS DOS REIS, ASS - Assistente
Social, matricula 133.038-1, para substituir a Chefe do Nucleo de Educacao e Treinamento em
Saude da Gerencia de Saude da Comunidade do Hospital Regional de Taguatinga, do Quadro de
Cargos em Comissao da Secretaria de Estado de Saude do Distrito Federal, Simbolo DFG-05, no
periodo de 10 a 19/12/2001, em virtude de ferias regulamentares da titular"
30,Substituição de Funções, a servidora ACACIA PERPETUA LEMES,118.142-4,a Gerente de Saude da Comunidade do Hospital Regional de Taguatinga,nan,nan,DFG-09,nan,nan,nan,nan,nan,nan,nan,nan,"Designar a servidora ACACIA PERPETUA LEMES, CE - Enfermeira, matricula 118.142-4, para
substituir a Gerente de Saude da Comunidade do Hospital Regional de Taguatinga, do Quadro de
Cargos em Comissao da Secretaria de Estado de Saude do Distrito Federal, Simbolo DFG-09, no
periodo de 07 a 26/01/2002, em virtude de ferias regulamentares da  titular"
31,Substituição de Funções, o servidor CARLOS ALBERTO COELHO KAVAMOTO,nan,nan,nan,nan,nan,nan,nan,nan,nan,nan,nan,nan,nan,"Designar o servidor CARLOS ALBERTO COELHO KAVAMOTO, medico (Anestesiologia),
matricula n"
32,Substituição de Funções, a servidora ALDA MARQUES DE OLIVEIRA,nan,nan,nan,nan,nan,nan,nan,nan,nan,nan,nan,nan,nan,"Designar a servidora ALDA MARQUES DE OLIVEIRA, AIS (Agente Administrativo), matricu-
la n"
33,Substituição de Funções, a servidora EDNA SOARES DE ARAUJO,nan,nan,nan,nan,nan,nan,nan,nan,nan,nan,nan,nan,nan,"Designar a servidora EDNA SOARES DE ARAUJO, AIS (Agente Administrativo), matricula n"
34,Substituição de Funções, o servidor ANTONIO GIMENEZ GIGLIO,n.o,a Gerente de Terapia do Centro de Orientacao Medico Psicopeda,nan,nan,DFG,nan,nan,nan,nan,nan,nan,nan,nan,"DESIGNAR o servidor ANTONIO GIMENEZ GIGLIO, ASS  Psicologo, matricula n.o
117.629-3, para substituir a Gerente de Terapia do Centro de Orientacao Medico Psicopeda-
gogica  COMPP/SES, Simbolo DFG  07, no periodo de 02/01/2002 a 31/01/2002, por motivo
de ferias da titular"
35,Substituição de Funções, a servidora GLAUCIA MARIA RODRIGUES DOS SANTOS,nan,nan,nan,nan,nan,nan,nan,nan,nan,nan,nan,nan,nan,"Designar a servidora GLAUCIA MARIA RODRIGUES DOS SANTOS, Matricula"
36,Substituição de Funções, o servidor MANOEL FERRAZ DE OLIVEIRA,101.273-8,nan,101.629-X,nan,nan,nan,nan,nan,nan,nan,nan,nan,nan,"Designar o servidor MANOEL FERRAZ DE OLIVEIRA, Matricula No 101.273-8, para,
em substituicao ao servidor ALEX FABIANO DE OLIVEIRA, Matricula No 101.629-X, coor-
denar os trabalhos objeto da Comissao instituida pela Portaria No 141/SEAPA-DF, de 13 novem-
bro de 2001, publicada no DODF No 219, de 14 de novembro de 2001, pag.28"
37,Substituição de Funções, o servidor ANTONIO FRANCISCO DE AGUIAR PONTES,nan,nan,nan,nan,nan,nan,nan,nan,nan,nan,nan,nan,nan,"Designar o servidor ANTONIO FRANCISCO DE AGUIAR PONTES, Matricula"
38,Substituição de Funções, o servidor WELLINGTON MAGALHAES LOPES,nan,nan,nan,nan,nan,nan,nan,nan,nan,nan,nan,nan,nan,"Designar o servidor WELLINGTON MAGALHAES LOPES, Matricula"
39,Substituição de Funções, ANTONIA CARMEM NASCIMENTO,41.697-5,RO,27.601-4,nan,nan,nan,nan,nan,nan,nan,nan,nan,nan,"Designar ANTONIA CARMEM NASCIMENTO, matricula no 41.697-5, para substituir RO-
GELIA BORGES MENEZES,  matricula 27.601-4, Chefe da Secao de Orcamento da Divisao
Financeira do Departamento de Administracao Geral da Secretaria de Estado de Seguranca Publi-
ca, Codigo DFG-05, no periodo de 17 a 31.12.2001,  em virtude de ferias regulamentares"
40,Substituição de Funções, WATSON WARMLING,47.159-3,RAIMUNDO MAR,nan,nan,nan,nan,nan,nan,nan,nan,nan,nan,nan,"Designar WATSON WARMLING, matricula no 47.159-3, para substituir RAIMUNDO MAR-
CONDES B"
41,Substituição de Funções, JOSE MIGUEL DA COSTA,23.527-X,"FERNANDO
CESAR SANTOS DE SOUZA",26.344-3,nan,nan,nan,nan,nan,nan,nan,nan,nan,nan,"Designar JOSE MIGUEL DA COSTA, matricula no 23.527-X, para substituir FERNANDO
CESAR SANTOS DE SOUZA,  matricula 26.344-3, Chefe da Secao de Operacoes de Radio IV
do Centro Integrado de Telecomunicacoes da Secretaria de Estado de Seguranca Publica, Codigo
DFG-02, no periodo de 10.01 a 08.02.2001,  em virtude de ferias regulamentares"
42,Substituição de Funções, o servidor JOAO BOSCO FRANCO CANCADO,1650626-5,nan,nan,nan,nan,nan,nan,nan,nan,nan,nan,nan,nan,"Designar o servidor JOAO BOSCO FRANCO CANCADO, Matricula 1650626-5, Tecnico de
Administracao Publica, para, na qualidade de Executor e sem prejuizo de suas atribuicoes nor-
mais, acompanhar o cumprimento do Termo de Contrato no018/2001, celebrado entre o Distrito
Federal atraves da Secretaria de Estado de Cultura e a SEDE INTERNET LTDA"
43,Substituição de Funções, os servidores EFREM MARQUES MOREIRA,n.o,nan,n.o 105.094-X e ANTONIA MARTINS FEITOSA,nan,nan,nan,nan,nan,nan,nan,nan,nan,nan,"Designar os servidores EFREM MARQUES MOREIRA, matricula n.o 108.745-2, e CARLOS
ALBERTO MAIA RIBEIRO, matricula n.o 105.094-X e ANTONIA MARTINS FEITOSA, ma-
tricula n.o 105.068-0, para que, sob a presidencia do primeiro e secretariado pela ultima, compo-
nham Comissao de Tomada de Contas Especial, objetivando concluir os trabalhos apuratorios
relativos ao desaparecimento de uma filmadora, de propriedade do extinto Instituto de Ecologia e
Meio Ambiente do Distrito Federal, fatos estes em apuracao no Processo n.o191.000.447/98"
44,Substituição de Funções, o servidor AGNUS MODESTO DE SOUSA,nan,nan,nan,nan,nan,nan,nan,nan,nan,nan,nan,nan,nan,"DESIGNAR o servidor AGNUS MODESTO DE SOUSA, Fiscal de Atividades Urbanas, matri-
cula n 24.946-7s, da Administracao de Brasilia, como EXECUTOR do Contrato de Concessao de
Uso  no 009/2001, sobre o imovel do Distrito Federal, area contigua ao Lote no 02 do Bloco 05,
Tipo EC 01 da SCLR/Norte 711/712  espaco aereo - referente  ao Processo de  no 141..000657/
94, firmado entre o Distrito Federal e  Andre Lincoln Nunes Ribeiro e Ana Paula Nunes Ribeiro,
na qualidade de proprietarios"
45,Substituição de Funções, a servidora VERA LUCIA EUFLOSINA DE FARIA LIRA,34.117-7,nan,nan,nan,nan,nan,nan,nan,nan,nan,nan,nan,nan,"Designar a servidora VERA LUCIA EUFLOSINA DE FARIA LIRA, matricula no 34.117-7 como
executora da prestacao de servico de Bandas e Grupos Musicais, referente ao 45o aniversario da
Candangolandia, conforme processo no 030.004.632/2001"
46,Substituição de Funções, JOSE RAIMUNDO DAS VIRGENS FERREIRA,23.674-8,ETH CORDEIRO DE AGUIAR,96.932-X,nan,CNE-06,nan,nan,nan,nan,nan,nan,nan,nan,"Designar JOSE RAIMUNDO DAS VIRGENS FERREIRA, Subprocurador-Geral do Distrito
Federal, matricula no 23.674-8, para substituir ETH CORDEIRO DE AGUIAR, Procurador do
Distrito Federal de 2a Categoria, matricula no 96.932-X, Coordenador, Simbolo CNE-06, da
Procuradoria de Pessoal, da Procuradoria-Geral do Distrito Federal, no periodo de 17.12.2001 a
13.01.2002, por motivo de ferias do titular"
