,Tipo do Ato,Nome do Servidor Substituto,Matrícula do Servidor Substituto,Nome do Servidor a ser Substituido,Matrícula do Servidor a ser SubstituidoCargo,Símbolo do cargo do servidor substituto,Cargo comissionado objeto da substituição,Símbolo do cargo do objeto da substituição,Símbolo do cargo comissionado objeto da substituição,Hierarquia da Lotação,Órgão,Data Inicial da Vigência,Data Final de Vigência,Matrícula SIAPE,Motivo,text
0,Substituição de Funções, areas,nan,nan,nan,nan,nan,nan,nan,nan,nan,nan,nan,nan,nan,"designar areas, lotes ou projecoes de apartamentos, e
que nao podem ser solucionados porque ainda nao foram feitos contratos, por nao haver um
respaldo legal"
1,Substituição de Funções,"a substituto para o Fiscal responsavel pelo
trecho de atuacao",nan,nan,nan,nan,nan,nan,nan,nan,nan,nan,nan,nan,nan,"designara substituto para o Fiscal responsavel pelo
trecho de atuacao"
