,Tipo do Ato,Nome do Servidor Substituto,Matrícula do Servidor Substituto,Nome do Servidor a ser Substituido,Matrícula do Servidor a ser SubstituidoCargo,Símbolo do cargo do servidor substituto,Cargo comissionado objeto da substituição,Símbolo do cargo do objeto da substituição,Símbolo do cargo comissionado objeto da substituição,Hierarquia da Lotação,Órgão,Data Inicial da Vigência,Data Final de Vigência,Matrícula SIAPE,Motivo,text
0,Substituição de Funções, sub,nan,nan,nan,nan,nan,nan,nan,nan,nan,nan,nan,nan,nan,"designar sub-comissoes e/ou relatores para proferir pareceres e apresentar estudos sobre materias
de competencia do CONDETUR/DF;
X - delegar poderes a Secretaria-Executiva e aos 1o e 2o Secretarios;
XI - nomear o Secretario(a) Executivo( a ) do CONDETUR/DF"
1,Substituição de Funções, os relatores das sub,nan,nan,nan,nan,nan,nan,nan,nan,nan,nan,nan,nan,nan,"Designar os relatores das sub-comissoes para proferir pareceres e apresentar estudos de materias
a serem encaminhadas a Presidencia;
III - Outras atribuicoes que lhe forem cometidas pelo Presidente do Conselho"
2,Substituição de Funções,"a novo
relator ou constituira Subcomissoes para estudo da materia",nan,nan,nan,nan,nan,nan,nan,nan,nan,nan,nan,nan,nan,"designara novo
relator ou constituira Subcomissoes para estudo da materia"
