,Tipo do Ato,SEI,Nome,Matrícula,Tipo de Aposentadoria,Cargo,Classe,Padrao,Quadro,Fundamento Legal,Orgao,Vigencia,Matricula SIAPE,text
0,Aposentadoria,1.343/96           352,nan,nan,nan,nan,nan,nan,"quadro
de servidores constante",nan,nan,nan,nan,"aposentaram ou faleceram, quando do ingresso no quadro
de servidores constante. Assim, podemos afirmar que ao longo de 50 (cinquenta) anos a massa
mantera com a mesma quantidade de servidores ativos.
Com esta divisao dos Ativos teremos, por exemplo, aposentados do grupo Atuais Ativos e apo-
sentados oriundos do grupo dos Futuros Ativos, que no momento trata-se de uma massa virtual.
Os Futuros Aposentados, exceto por invalidez, serao oriundos do grupo dos Atuais Ativos e
oriundos do grupo dos Futuros Ativos. Estes dois grupos serao identificados em funcao das
regras para aposentadorias existentes atualmente.
Ja os Futuros Aposentados por invalidez provenientes dos grupos dos Atuais Ativos e dos
Futuros Ativos serao identificados atuarialmente atraves de aplicacao do fator Px ai.
Por sua vez, o grupo dos Futuros Pensionistas, oriundos dos Ativos Atuais e Futuros Ati-
vos (morte em atividade) sera identificado atraves de aplicacao do fator qx aa.
Os Pensionistas resultantes dos Futuros Aposentados e dos Futuros Aposentados por Invali-
dez, por sua vez oriundos dos Atuais Ativos e Futuros Ativos: este grupo sera identificado
atrves da aplicacao dos fatores qx e do Qx i, respectivamente.
Os Futuros Pensionistas tambem sofrerao a influencia do qx, com a consequente extincao da massa.
5  RESULTADOS
Adotando-se os Metodos e Bases Tecnicas descritos neste trabalho efetuamos as seguintes simulacoes:
SIMULACAO 01
O Plano de Custeio preve contribuicoes de 11% sobre os respectivos vencimentos dos Servido-
res Ativos a partir da implantacao do Regime de Previdencia dos Servidores, excluindo todos
aqueles que prestam servicos vinculados a Seguranca.
O Plano de Custeio preve, ainda, contribuicoes do GDF, de 22% sobre a Folha de Vencimentos
dos Servidores Ativos, referenciados, no paragrafo anterior.
Para garantir o equilibrio do Plano nos proximos 50 (cinquenta) anos, alem de um aporte inicial
de R$ 250.000.000,00, o GDF devera efetuar uma contribuicao especial anual, consecutiva e                                      Diario Oficial do Distrito Federal
PAGINA   18
No 168, terca-feira, 3 de setembro de 2002 antecipada, por 35 (trinta e cinco) anos a contar da implantacao do Regime de Previdencia, de
R$ 350.000.000,00 (VER ANEXOS, Quadro 01), sendo que para o equilibrio definitivo este
valor deve ser majorado em 35%.
SIMULACAO 02
O Plano de Custeio preve contribuicoes de 11% sobre os respectivos vencimentos, dos Servido-
res Ativos, bem como dos Inativos (aposentados e pensionistas) que irao entrar nessas condi-
coes a partir da implantacao do Regime de Previdencia dos Servidores, excluindo todos aqueles
que prestam servicos vinculados a Seguranca.
O Plano de Custeio preve, ainda, contribuicoes do GDF, de 22% sobre a Folha de Vencimentos
dos Servidores Ativos e Inativos, referenciados, no paragrafo anterior.
Para garantir o equilibrio do Plano nos proximos 50 (cinquenta) anos, alem de um aporte inicial
de 250.000.000,00, o GDF devera efetuar uma contribuicao especial anual, consecutiva e ante-
cipada, por 35 (trinta e cinco) anos a contar da implantacao do Regime de Previdencia,  de R$
60.000.000,00 (VER ANEXOS, Quadro 02), sendo que para o equilibrio definitivo este valor
deve ser majorado em 148%
SIMULACAO 03
O Plano de Custeio preve contribuicoes de 11% sobre os respectivos vencimentos, dos Servido-
res Ativos, bem como dos Servidores Aposentados (nao incluindo pensionistas) que irao entrar
nessas condicoes a partir da implantacao do Regime de Previdencia dos Servidores, excluindo
todos aqueles que prestam servicos vinculados a Seguranca.
O Plano de Custeio preve, ainda, contribuicoes do GDF, de 22% sobre a Folha de Vencimentos
dos Servidores Ativos e Aposentados, referenciados, no paragrafo anterior.
Para garantir o equilibrio do Plano nos proximos 50 (cinquenta) anos, alem de um aporte inicial
de 250.000.000,00, o GDF devera aportar uma contribuicao especial anual, consecutiva e ante-
cipada, por 35 (trinta e cinco) anos a contar da implantacao do Regime de Previdencia,  de R$
80.000.000,00 (VER ANEXOS, Quadro 03), sendo que para o equilibrio definitivo este valor
deve ser majorado em 133%.
SIMULACAO 04
O Plano de Custeio preve contribuicoes de 11% sobre os respectivos vencimentos, dos Servido-
res Ativos, bem como dos Servidores Inativos (aposentados e pensionistas) que irao entrar nes-
sas condicoes a partir da implantacao do Regime de Previdencia dos Servidores, excluindo
todos aqueles que prestam servicos vinculados a Seguranca.
O Plano de Custeio preve, ainda, contribuicoes do GDF, de 22% sobre a Folha de Vencimentos
dos Servidores Ativos e Inativos, referenciados, no paragrafo anterior.
Foi considerado nesta simulacao que o sistema de Previdencia ira abosrver o pagamento dos
Aposentados e Pensionistas Atuais, ou seja, aqueles que se encontram em gozo de beneficios
antes da implantacao do Regime de Previdencia, assim, o fluxo de despesas esta majorado em
funcao do pagamento desses Beneficios Atuais.
Para garantir o equilibrio do Plano nos proximos 50 (cinquenta) anos, alem de um aporte inicial
de 1.000.000.000,00, o GDF devera aportar uma contribuicao especial anual, consecutiva e
antecipada, por 35 (trinta e cinco) anos a contar da implantacao do Regime de Previdencia,  de
R$ 980.000.000,00 (VER ANEXOS, Quadro 04), sendo que para o equilibrio definitivo este
valor deve ser majorado em 8%.
SIMULACAO 05
O Plano de Custeio preve contribuicoes de 11% sobre os respectivos vencimentos, dos Servido-
res Ativos, bem como dos Servidores Inativos (aposentados e pensionistas) que irao entrar nes-
sas condicoes a partir da implantacao do Regime de Previdencia dos Servidores, incluindo todos
aqueles que prestam servicos vinculados a Seguranca.
O Plano de Custeio preve, ainda, contribuicoes do GDF, de 22% sobre a Folha de Vencimentos
dos Servidores Ativos e Inativos, referenciados, no paragrafo anterior.
Foi considerado nesta simulacao que o Sistema de Previdencia ira abosrver o pagamento dos
Aposentados e Pensionistas Atuais, ou seja, aqueles que se encontram em gozo de beneficios
antes da implantacao do Regime de Previdencia, assim, o fluxo de despesas esta majorado em
funcao do pagamento desses Beneficios Atuais.
Para garantir o equilibrio do Plano nos proximos 50 (cinquenta) anos, alem de um aporte inicial
de 1.000.000.000,00, o GDF devera efetuar uma contribuicao especial anual, consecutiva e
antecipada, por 35 (trinta e cinco) anos a contar da implantacao do Regime de Previdencia,  de
R$ 1.050.000.000,00 (VER ANEXOS, Quadro 05), sendo que para o equilibrio definitivo
este valor deve ser majorado em 10%. ANEXO
Quadro 01  Simulacao 01
Rentabilidade: 6% a.a.
____________________________________________________________________________
 FLUXOS DE DOTACOES
____________________________________________________________________________
Ano     Dotacoes  Saldo de Caixa
2.000 250.000.000  607.905.187
2.001 350.000.000 1.358.120.946
2.002 350.000.000 2.128.419.029
2.003 350.000.000 2.923.076.354
2.004 350.000.000 3.735.981.894
2.005 350.000.000 4.564.411.177
2.006 350.000.000 5.411.923.526
2.007 350.000.000 6.253.840.878
2.008 350.000.000 7.090.943.620 Quadro 02  Simulacao 02
Rentabilidade: 6% a.a.
____________________________________________________________________________
FLUXOS DE DOTACOES
____________________________________________________________________________
 Ano Dotacoes Saldo de Caixa
2.000 250.000.000    607.905.187
2.001 60.000.000 1.068.540.872
2.002 60.000.000 1.542.366.125
2.003 60.000.000 2.032.243.194
2.004 60.000.000 2.533.982.293
2.005 60.000.000 3.045.697.555
2.006 60.000.000 3.569.685.530
2.007 60.000.000 4.089.079.560
2.008 60.000.000 4.604.220.848 Quadro 03  Simulacao 03
Rentabilidade: 6% a.a.
____________________________________________________________________________
FLUXOS DE DOTACOES
____________________________________________________________________________
Ano    Dotacoes Saldo de Caixa
2.000 250.000.000    607.905.187
2.001 80.000.000 1.088.294.929
2.002 80.000.000 1.582.791.309
2.003 80.000.000 2.094.282.484
2.004 80.000.000 2.618.603.204
2.005 80.000.000 3.153.889.588
2.006 80.000.000 3.702.456.154
2.007 80.000.000 4.247.453.541
2.008 80.000.000 4.789.231.016 Quadro 04  Simulacao 04
Rentabilidade: 6% a.a.
____________________________________________________________________________
FLUXOS DE DOTACOES
____________________________________________________________________________
Ano Dotacoes Saldo de Caixa
2.000 1.000.000.000    332.909.463
2.001 980.000.000    675.856.949
2.002 980.000.000 1.029.406.781
2.003 980.000.000 1.397.043.878
2.004 980.000.000 1.775.235.375
2.005 980.000.000 2.162.833.308
2.006 980.000.000 2.562.960.963
2.007 980.000.000 2.959.670.288
2.008 980.000.000 3.354.348.383 Quadro 05  Simulacao 05
Rentabilidade: 6% a.a.
____________________________________________________________________________
FLUXOS DE DOTACOES
____________________________________________________________________________
 Ano   Dotacoes Saldo de Caixa
2.000 1.000.000.000     251.967.705
2.001 1.050.000.000     583.800.979
2.002 1.050.000.000    930.014.882
2.003 1.050.000.000 1.294.094.085
2.004 1.050.000.000 1.672.192.359
2.005 1.050.000.000 2.063.358.506
2.006 1.050.000.000 2.471.548.735
2.007 1.050.000.000 2.880.536.366
2.008 1.050.000.000 3.290.815.662 CUSTOS POR REGIME DE CAPITALIZACAO
Categoria de Servidores Aposentadorias e 
Provaveis 
Aposentadoria 
por Invalidez 
Pensoes  Totais  Assistidos Atuais  
Beneficios Atuais * 
33,59%  1,14%  2,55%  37,28%  Assistidos Atuais  
Beneficios Futuros 
-  -  1,37%  1,37%  Ativos Atuais  20,10%  0,24%  2,98%  23,33%  Ativos Futuros  14,65%  0,15%  1,58%  16,38%  Totais  68,34%  1,53%  8,48%  78,35%   Custos dos Servidores Inativos Atuais:     38,65%
Custos dos Servidores Inativos Futuros:   39,70%
Custo Total:                                               78,35%
Custo dos Servidores Inativos Atuais considerando regime de Capitalizacao                                                                       Diario Oficial do Distrito Federal
PAGINA   19
No 168, terca-feira, 3 de setembro de 2002 RESUMO DE CUSTOS Capitalizacao Puro  Orcamento Puro  Orcamentario *(B. A.) e Capitalizacao **(B. F.)   
Ano 
Beneficios  Inativos A.  Beneficios  Inativos F.  Total  Beneficios Inativos A.  Beneficios Inativos  F.  Total  Beneficios Inativos A.  Beneficios  Inativos F.  Total  2000 38,65%  39,70%  78,35%  94,51%  0,00%  94,51%  94,51%  39,70%  134,21%  2010 38,65%  39,70%  78,35%  56,45%  24,66%  81,11%  56,45%  39,70%  96,15%  2020 38,65%  39,70%  78,35%  30,68%  46,18%  76,85%  30,68%  39,70%  70,38%  2030 38,65%  39,70%  78,35%  14,95%  56,77%  71,72%  14,95%  39,70%  54,65%  2040 38,65%  39,70%  78,35%  5,49%  61,45%  66,94%  5,49%  39,70%  45,20%  2050 38,65%  39,70%  78,35%  1,49%  65,69%  67,19%  1,49%  39,70%  41,20%  Beneficios Atuais - ** Beneficios Futuros  Demonstrativo dos Custos por Ano - Servidores Inativos 0,00% 10,00% 20,00% 30,00% 40,00% 50,00% 60,00% 70,00% 80,00% 90,00% 100,00% 2000 2010 2020 2030 2040 2050 Reparticao Simples - Custo dos Inativos Atuais Reparticao Simples - Custo Total dos Inativos Capitalizacao - Custo dos Inativos Futuros Capitalizacao - Custo Total dos Inativos                                      Diario Oficial do Distrito Federal
PAGINA   20
No 168, terca-feira, 3 de setembro de 2002 ANEXO DE RISCOS FISCAIS
LEI DE DIRETRIZES ORCAMENTARIAS  2003
(Art. 4o,  3o, da Lei Complementar n.o 101, de maio de 2000)
Apos dois anos da edicao da Lei Complementar n.o 101, de maio de 2000, o entendimento
corrente acerca dos riscos fiscais e o de que devem ser classificados em basicamente duas cate-
gorias distintas: os riscos orcamentarios e os riscos de divida. Os primeiros sao atinentes a
possibilidade de que, por contingencia de fatores que fujam ao controle dos policy makers, as
projecoes de receitas, despesas ou de ambas nao se confirmem. Ou seja, sao riscos decorrentes
da tendencia imprevisivel de variaveis macroeconomicas diante da ocorrencia de fatos desco-
nhecidos a epoca da programacao.
O crescimento real da economia, medido pela variacao positiva do Produto Interno Bruto 
PIB, e seguramente a mais importante variavel utilizada na metodologia de estimacao dos agre-
gados orcamentarios. Contudo, devido a limitacoes metodologicas observadas na verificacao de
seu comportamento local, optou-se por utilizar as previsoes adotadas pela Uniao para todo o
pais. Evidentemente, a economia do Distrito Federal sofre forte influencia do desempenho da
economia nacional, razao pela qual a arrecadacao dos impostos distritais que dependem do nivel
da atividade economica fica, em grande medida, condicionada a conducao da politica economi-
ca nacional. Tambem as transferencias constitucionais relativas aos fundos de participacao dos
estados e dos municipios (FPE e FPM) tem seu comportamento influenciado pela performance
economica, uma vez que formados pelos impostos de renda e de produtos industrializados. Para
o exercicio de 2003 foi utilizado um crescimento real de PIB de 3,5%, identico, como ja frisado,
aquele adotado no projeto de lei de diretrizes orcamentarias do Governo Federal.
Nao menos importante, para fins de projecoes orcamentarias, e o efeito da variacao de precos.
Do lado da receita, a inflacao ira determinar tanto o patamar em que a demanda por produtos e
servicos ira se situar, quanto os precos finais ao consumidor a serem praticados pelo mercado.
Impostos sobre a producao, a circulacao e a renda sao, por conseguinte, diretamente afetados. Ja
do lado da despesa, alem de os custos governamentais sofrerem majoracao inesperada, tambem
o servico da divida interna e sensivel a precos efetivos superiores a media projetada, ja que
encargos e amortizacao sao corrigidos pelo Indice Geral de Precos  IGP/DI. Para o exercicio
de 2003 foi utilizada uma variacao de precos de 4,8%, tambem aqui identica aquela adotada
pelo Ministerio do Planejamento.
A estimativa de desembolso com os pagamentos referentes ao servico da divida externa, por seu turno,
tem o calculo vinculado a variacao cambial. Ora, o pais tem vivido recentemente experiencias algo
traumaticas resultantes de seu estreito atrelamento a economia mundial. Um desequilibrio conjuntural
no balanco de pagamentos, determinado por fatores internos ou externos, pode implicar na necessidade
de ajustes cambiais inesperados. Um maior desembolso em reais para saldar compromissos assumidos
em moeda estrangeira certamente corresponde a um risco ao alcance das metas fixadas.
Outro aspecto fundamental a ser considerado trata da revisao da remuneracao dos servidores
publicos vis a vis os indices a serem adotados e os limites impostos pela LC 101/2000. A Lei n.o
10.331, de 18 de dezembro de 2001, que regulamenta o inciso X do art. 37 da Constituicao,
fixou, em seu art.5o, o indice de revisao geral de 3,5% para os servidores da Uniao no exercicio
em curso. Para o proximo ano, entretanto, o percentual a ser aplicado no Distrito Federal ainda
nao se encontra definido, sendo esta a mais expressiva incerteza no que concerne a programacao
orcamentaria. Isto porque a despesa com pessoal e encargos sociais alcancara em 2002 aproxi-
madamente R$ 4,66 bilhoes, sendo cerca de 62% deste montante de responsabilidade do Gover-
no Federal. Se considerado apenas o crescimento vegetativo da folha de pagamento, a despesa com pessoal em 2003 crescera quase 100 milhoes de reais. Estimando-se, adicionalmente, uma
reposicao salarial linear de 3% (tres por cento), a folha de pagamento saltara para R$ 4,95
bilhoes. Dados preliminares apontam que constara do projeto de lei do Orcamento Geral da
Uniao a dotacao de R$ 3,33 bilhoes para o pagamento de servidores das areas de seguranca
publica, saude e educacao do Distrito Federal, de modo que tal reajuste implicara em despesa a
ser custeada pelo tesouro local da ordem de R$ 1,62 bilhao. Por conseguinte, cada ponto percen-
tual, a maior ou a menor que o projetado, representara um impacto global de quase R$ 50
milhoes, sendo que a parcela entendida como sendo de responsabilidade dos cofres distritais
importara em significativos R$ 16,2 milhoes.
Ademais, e em que pese o Supremo Tribunal Federal estar acenando com a possibilidade de
reexaminar o art. 20 da Lei de Responsabilidade Fiscal, o qual estabelece, entre outros disposi-
tivos, que o Poder Legislativo distrital pode dedicar 3% da Receita Corrente Liquida  RCL
para o pagamento de servidores, o fato e que, pelos criterios ora vigentes, a diferenca estimada
entre o limite legal e o efetivo dispendio com as folhas de pagamento da Camara Legislativa e
do Tribunal de Contas do Distrito Federal alcancara R$ 70 milhoes. O risco, pois, e nao apenas
de manutencao da explicitada divergencia mas, eventualmente, ate mesmo de nao haver reparti-
cao de limites entre os Poderes, a depender do entendimento dos ministros do STF.
A segunda categoria de riscos compreende aqueles relacionados a divida, isto e, os que afetam a
relacao entre divida e PIB, podendo mesmo gerar despesas primarias imprevisiveis. No caso do
Distrito Federal, como ja evidenciado na lei de diretrizes orcamentarias vigente, nao ha risco de
insolvencia em virtude de eventual incapacidade de pagamento de compromissos contraidos, ja que
nao ocorre emissao de titulos publicos e que o perfil da divida fundada e compativel com a saude
financeira distrital. Portanto, os riscos da divida referem-se aos chamados passivos contingentes.
Embora de dificil mensuracao e inferencia quanto a probabilidade de ocorrencia, cumpre alertar
para a existencia de processos judiciais que envolvem o Distrito Federal, os quais podem rever-
berar sobre as contas distritais. Trata-se de controversias sobre a indexacao de salarios por oca-
siao da edicao dos planos de estabilizacao economica. E certo que foram impetradas acoes que
reclamam a correcao dos vencimentos e demais vantagens de servidores pertencentes a diversas
categorias funcionais, por conta de alegados prejuizos decorrentes do rompimento das regras
pactuadas de reposicao de perdas salariais, entao em vigor. Todavia, o Estado nao tem como
avaliar o impacto fiscal, caso o Distrito Federal venha a perder esses julgamentos.
Tem natureza e consequencia semelhantes as acoes que reivindicam o pagamento atrasado do
beneficio alimentacao instituido pela Lei n.o 786, de 07 de novembro de 1994, cujos efeitos
foram suspensos pela aplicacao do Decreto n.o 16.990, de 07 de dezembro de 1995.
Por fim, cabe esclarecer que o passivo decorrente de precatorios judiciais encontra-se escritura-
do na divida publica consolidada do Distrito Federal. O grupo de trabalho criado pelo Decreto
n.o 22.034, de 29 de marco de 2001, concluiu que o Distrito Federal tinha acumulado, aquela
epoca, valor superior a R$ 1.000.000.000,00 (hum bilhao de reais) a titulo de dividas judiciais.
Constatou, ainda, que a maioria absoluta desses precatorios e de natureza alimentar e, desta
forma, nao passivel de parcelamento. Reconheceu a impossibilidade de a atual gestao, per se,
equacionar o problema de maneira imediata, dado o elevado valor acumulado. E foi unanime
quanto ao entendimento de que sua solucao passa por uma ampla discussao, sobretudo buscan-
do-se o envolvimento da Uniao que, em principio, deveria responder por expressivo percentual
deste valor, haja vista sua responsabilidade constitucional sobre as areas de seguranca publica,
educacao e saude. Por fim, recomendou que seja negociado um cronograma de pagamentos, de
forma a tornar a relacao entre credores e devedores absolutamente clara e transparente.               (R$ 1.000)   Discriminacao                                         2000                                              2001    2002                         LOA                                          Realizado   LOA   Realizado   LOA                    I. RECEITA TOTAL   6.563.484  5.661.614  6.170.520  6.094.259  7.410.309                  II. DESPESA TOTAL   6.572.361  5.553.362  6.152.588  5.844.158  7.436.256                  III. RESULTADO PRIMARIO (I-II)   -8.877  108.252  17.932  250.101  -25.947                  IV. RESULTADO NOMINAL   -238.856  -115.606  -225.320  36.605  -260.819                  V. DIVIDA CONTRATUAL (*)     1.274.318    1.308.805     (*) A precos de dezembro de cada exercicio              ANEXO DE METAS FISCAIS
LEI DE DIRETRIZES ORCAMENTARIAS
Metas e Resultados Fiscais
(Art. 4o,  2o, Inciso II, da Lei Complementar no 101, de 2000)                                                                       Diario Oficial do Distrito Federal
PAGINA   21
No 168, terca-feira, 3 de setembro de 2002 ANEXO DE METAS FISCAIS  LEI DE DIRETRIZES ORCAMENTARIAS 
Metodologia de calculo das METAS E RESULTADOS FISCAIS 
(Art. 4o,  2o, inciso II, da Lei Complementar no 101, de 2000) 
           
          (R$ 1.000)  DISCRIMINACAO  2000    2001    2002    LOA  realizado  LOA  realizado  LOA              I - RECEITAS FISCAIS                I.1 - Receitas Correntes + Capital                         6.802.340                                    5.709.219                                       6.395.839                6.145.836                           7.671.128      I.2 - Deducoes (Receitas Financeiras)                            238.856                                         47.604                                          225.320                     51.577                                260.819            I.2.1 - Aplicacoes Financeiras                                5.897                                        22.124                                              1.961                     20.594  50            I.2.2 - Alienacao de Bens                                      -                                                 
-                                                     
-                               -    0            I.2.3 - Operacoes de Credito                            227.409                                        23.462                                          218.959                     30.197                                                253.804            I.2.4 - Amortizacoes                                5.550       2.018                                              4.400                          786                                                    6.965  Total das Receitas Fiscais (I.1 - I.2) (A)                         6.563.484    5.661.614                                       6.170.520                6.094.259                                             7.410.309              II - DESPESAS FISCAIS                II.1 - Despesas Correntes + Capital                         6.802.340                                    5.777.220                                       6.395.839                6.057.655                                             7.671.128      II.2 - Deducoes (Despesas Financeiras)                            229.979                                       223.858                                          243.252                   213.496                                                 234.872             II.2.1 - Juros e Encargos da Divida                            117.920                                      111.039                                          108.354                     99.294                                                117.379             II.2.2 - Amortizacao da Divida                            101.620                                        89.457                                          112.290                     92.045                                                  96.527             II.2.3 - Concessao de Emprestimos                              10.433                                        23.362                                            22.601                     22.158                                                  20.964             II.2.4 - Aquis.de Titulo de Capital ja Integr.                                        6                                               
-                                                       7                             -    2  Total das Despesas Fiscais (II.1 - II.2) (B)                         6.572.361                                    5.553.362                                        6.152.588                5.844.158                                              7.436.256              III - RESULTADO PRIMARIO (A - B)  (8.877)  108.252  17.932  250.101  (25.947)              IV - RESULTADO NOMINAL (III - II.2)   (238.856)  (115.606)  (225.320)  36.605  (260.819)              V - DIVIDA CONTRATUAL                                     1.274.318                  1.308.805    nota:                os dados relativos ao ""realizado 2001"" foram extraidos do ""Comparativo da Receita Orcada com a Arrecadada"" e       do ""Demonstrativo da Execucao da Despesa por Natureza"" do ""Balanco Geral 2001"" - volume II, deduzidas as duplicidades apresentadas na pagina 63 (""Balanco Geral - volume I""),       excetuando-se a divida contratual cujo valor foi informado pela SUFIN atraves do Memo no 124, datado de 26/04/02. 
  ANEXO DE METAS FISCAIS  LEI DE DIRETRIZES ORCAMENTARIAS 
Metas e Projecoes Fiscais 
(Art. 4o,  1o, da Lei Complementar no 101, de 2000) 
           
 
    Valores Correntes              (R$ 1.000)   Discriminacao      2003    2004    2005          Valor    Valor      Valor   I.     RECEITA FISCAL TOTAL   7.532.591  8.171.936  8.891.253               II.     DESPESA FISCAL TOTAL   7.503.730  8.115.557  8.746.216               III.     RESULTADO PRIMARIO (I-II)   28.861  56.379  145.037               IV.     RESULTADO NOMINAL   -40.782  -68.796  -169.033   
           V.     DIVIDA CONTRATUAL    1.411.434  1.395.363  1.369.613  notas:             (1) Valores expressos a precos de dezembro 
de cada exercicio;         (2) Excluida a Reserva de Contingencia da 
despesa total.         
    Valores constantes              (R$ 1.000)                                       Diario Oficial do Distrito Federal
PAGINA   22
No 168, terca-feira, 3 de setembro de 2002  Discriminacao      2003    2004    2005          Valor    Valor                I.     RECEITA FISCAL TOTAL   6.780.742  7.073.339  7.435.705               II.     DESPESA FISCAL TOTAL   6.754.762  7.024.539  7.314.411               III.     RESULTADO PRIMARIO (I-II)   25.980   48.800  121.294               IV.     RESULTADO NOMINAL   -36.711   -59.547  -141.361   
           V.     DIVIDA CONTRATUAL    1.270.555  1.207.777  1.145.400  notas:             (1) Valores expressos a precos de dezembro 
de 2001;         (2) Excluida a Reserva de Contingencia da 
despesa total.                 
ANEXO DE METAS FISCAIS 
LEI DE DIRETRIZES ORCAMENTARIAS 
Metodologia de calculo das METAS E PROJECOES FISCAIS 
(Art. 4o,  2o, inciso II, da Lei Complementar no 101, de 2000)                                      DISCRIMINACAO  2002    2003    2004    2005     PIB real   (P1)  1,024 PIB real   (P2)  1,035 PIB real    (P3)  1,04 PIB real    (P4)  1,040   IGP-DI      (I1)  1,060 IGP-DI      (I2)  1,048 IGP-DI       (I3)  1,04 IGP-DI       (I4)  1,035    PREVISAO  PREVISAO  PREVISAO  PREVISAO     constante                       
(A) 
Corrente                                      
(B) =  A * I1 
Constante              
(C) =  A * P2  corrente                                     (D) = B * P2 * I2  constante          (E) = C 
* P3  corrente            (F) = D * P3 *  I3  constante       (G) = E * P4 corrente              (H) = F * 
P4 * I4                    I - RECEITAS FISCAIS                      I.1 - Receitas Correntes + Capital (C)     7.236.913             7.671.128     6.976.173   7.749.691     7.276.587   8.406.752            7.647.083  9.144.008       I.1.1 - Receitas de Origem Tributaria             3.183.078     2.900.616   3.222.236     3.038.007   3.509.856            3.238.960  3.872.990       I.1.2 - Transferencias da Uniao             2.735.000     3.000.324   3.333.000     3.120.337   3.604.973           3.245.151  3.880.393       I.1.3 - Demais      1.653.821             1.753.050     1.075.233   1.194.455     1.118.243   1.291.923           1.162.972  1.390.626      I.2 - Deducoes (Receitas Financeiras)        195.431      217.100        203.248      234.815               211.378     252.755            I.2.1 - Aplicacoes Financeiras                 47                         50                 -                  -                   -                  -                         -                 -              I.2.2 - Alienacao de Bens                 -                            -            27.096        30.100          28.179        32.556                29.307       35.043            I.2.3 - Operacoes de Credito        239.438                253.804        162.034      180.000        168.515      194.688              175.256     209.562            I.2.4 - Amortizacoes            6.571                    6.965            6.301          7.000            6.553          7.571                  6.815         8.150  Total das Receitas Fiscais (I.1 - I.2) (A)     6.990.858             7.410.309     6.780.742   7.532.591     7.073.339   8.171.936           7.435.705  8.891.253                     II - DESPESAS FISCAIS 
                    II.1 - Despesas Correntes + Capital (D)     7.236.913             7.671.128     6.939.462   7.708.909     7.217.040   8.337.956            7.505.722  8.974.976      II.2 - Deducoes (Despesas Financeiras)                234.872        184.700      205.179        192.501      222.399               191.310     228.760             II.2.1 - Juros e Encargos da Divida        110.735                117.379          97.494      108.304          99.115      114.509                94.995     113.590             II.2.2 - Amortizacao da Divida          91.063                  96.527          55.699        61.875          60.619        70.034                62.238       74.421             II.2.3 - Concessao de Emprestimos          19.777                  20.964          31.507        35.000          32.767        37.856                34.077       40.748             II.2.4 - Aquis.de Titulo de Capital ja Integr.                   2                           2                 -                  -                   -                  -                         -                 -    Total das Despesas Fiscais (II.1 - II.2) (B)     7.015.336             7.436.256     6.754.762   7.503.730     7.024.539   8.115.557           7.314.411  8.746.216                    III - RESULTADO PRIMARIO (A- B)  (24.479)  (25.947)  25.980  28.861  48.800  56.379  121.294  145.037                    IV - RESULTADO NOMINAL (C - D)   0  0  (36.711)  (40.782)  (59.547)  (68.796)  (141.361)  (169.033)                    V - DIVIDA CONTRATUAL     1.328.868             1.408.600     1.270.555   1.411.434     1.207.777   1.395.363           1.145.400  1.369.613                    Notas:                     1) os valores correntes relativos ao exercicio de 2002 foram extraidos da LOA 2002;                       2) As projecoes fiscais das receitas de origem tributaria, relativas ao exercicio de 2002, foram preservadas para efeito de projecao para 2003, visto que as expectativas de mercado apontam  para 
esse cenario,  a excecao do Imposto sobre renda e proventos, cuja metodologia de calculo considerou aumentos na folha de pagamento previstos para o periodo de 2003 a 2005; 
   3)   As estimativa da receita de origem tributaria (excluido o Imposto sobre renda e proventos) para o periodo 2004 e 2005 foi informada pela SUREC, bem como os indicadores economicos 
(expectativas de mercado).                        4)  Os valores ""constantes"" referentes a divida 2002/05 (encargos, amortizacao e estoque) foram informados pelo DGAF, sendo que os valores ""correntes"" foram corrigidos apenas pela variacao 
de precos.                        5) Os valores referentes as transferencias da Uniao para 2003  foram obtidos da analise do ""Termo de referencia para o protocolo de entendimentos entre o Governo Federal e o Governo do 
Distrito Federal"" firmado em 03 de abril de 2002,    os valores ""correntes"" referentes aos exercicios posteriores foram corrigidos pela variacao do PIB e do IGP-DI;                                  6) para o calculo do resultado nominal adotou-se a formula do ""Termo de referencia para o protocolo de entendimentos entre o Governo Federal e o Governo do Distrito Federal"". 
                                                                        Diario Oficial do Distrito Federal
PAGINA   23
No 168, terca-feira, 3 de setembro de 2002         LEI DE DIRETRIZES 
ORCAMENTARIAS 
      ORIGEM E APLICACAO DOS RECURSOS OBTIDOS COM ALIENACAO DE ATIVOS      (Art. 4o,  2o, III, LRF)                        E X E R C I C I O     D E     1 9 9 9                RECEITA  VALORES INGRESSADOS  DESPESAS REALIZADAS  ORGAO QUE EXECUTOU A DESPESA   Alienacao de bens                                                                                                                                         1.156.756,57                                                                                                                                                                         
-                               E X E R C I C I O     D E     2 0 0 0                 RECEITA  VALORES INGRESSADOS  DESPESAS REALIZADAS  ORGAO QUE EXECUTOU A DESPESA   Alienacao de bens                                                                                                                                           778.279,13                                                                                                        
-                              E X E R C I C I O     D E     2 0 0 1                RECEITA  VALORES INGRESSADOS  DESPESAS REALIZADAS  ORGAO QUE EXECUTOU A DESPESA   Alienacao de bens                            28.420.117,99                                                                                                                                          7.345.409,37  SECRETARIA DE INFRA-ESTRUTURA E 
OBRAS   
LEI DE DIRETRIZES ORCAMENTARIAS   EVOLUCAO DO PARTRIMONIO LIQUIDO  (Art. 4.0,  2.o, III, LRF) 
             
                   1 9 9 9  2 0 0 0  2 0 0 1 
 PASSIVOS CONTINGENTES   VALOR  %  VALOR  %  VALOR  %                          PATRIMONIO LIQUIDO                         1.398.089.282,40           100,00                        1.043.488.635,88           100,00                        2.651.006.545,56             100,00                                Patrimonio/Capital                         1.434.009.671,28           102,57                        1.079.860.482,35           103,49                        1.093.459.570,60               41,25                Patrimonio                         1.393.604.163,00             99,68                        1.039.425.497,95             99,61                        1.053.024.586,20               39,72               Capital Realizado                              40.405.508,28               2,89                             40.434.984,40               3,87                             40.434.984,40                 1,53                                Reservas                              13.157.395,67               0,94                             13.103.818,27               1,26                        1.665.179.157,60               62,81               Reservas de Capital                              13.028.409,51               0,93                             13.010.648,99               1,25                        1.665.121.805,20               62,81               Reserva de Reavaliacao                                     16.173,82               0,00                                    16.173,82               0,00                                    16.173,82                 0,00               Reserva de Lucros                                   112.812,34               0,01                                    76.995,46               0,01                                    41.178,58                 0,00                                Resultado Acumulado                            (49.077.784,55)            (3,51)                           (49.475.664,74)            (4,74)                           (62.475.093,84)              (2,36)                               Ajustes do Patrimonio/Capital                                                  -                    -                                                   -                    -                              (45.157.088,80)              (1,70)                        
ANEXO  
LEI DE DIRETRIZES ORCAMENTARIAS 
DESPESAS OBRIGATORIAS DE CARATER CONSTITUCIONAL OU LEGAL 
      (    Art. 17 - LRF - Art.61 LDO 2003   )   
          ITEM UNIDADE ORCAMENTARIA  CODIGO ACAO  ACAO  LEGISLACAO  1 
Fundo de Assitencia Social do DF  2789  Apoio Socio Educativo a Criancas e Adolescentes em Meio Aberto  
(LOAS - Lei no 8.742, de 07/12/93);  2 
Fundo de Assitencia Social do DF  2796  Promocao de Protecao Especial a Criancas e Adolescentes (PROTES) 
(LOAS - Lei no 8.742, de 07/12/93);  3 
Fundo de Assitencia Social do DF  2853  Execucao de Medidas Socio Educativas a Adolescentes (EMESE) 
(LOAS - Lei no 8.742, de 07/12/93);  4 
Fundo de Assitencia Social do DF  2854  Promocao da Protecao Social a Individuos e Familias (PROSOC) 
(LOAS - Lei no 8.742, de 07/12/93);  5 
Secretaria de Estado de Educacao  2232  Desenvolvimento do Sistema Educacional  
(Art.212, da CF/88);                                         Diario Oficial do Distrito Federal
PAGINA   24
No 168, terca-feira, 3 de setembro de 2002 6  Secretaria de Estado de Educacao  2823  Manutencao e Desenvolvimento do Ensino Fundamental e de Valorizacao do 
Magisterio - FUNDEF  (Art.60 ADCT CF/88 e Lei 9.424, de 
24.12.96)  7 Secretaria de Estado de Educacao 
2856  Programa Renda Minha 
(Lei no 2.759, de 31/07/2001);  8 Secretaria de Estado de Educacao 
2389  Manutencao do Ensino Fundamental 
(Art. 60 ADCT CF/88);  9  Secretaria de Estado de Fazenda e Planejamento  9999  Servico da Divida     10 
Secretaria de Estado de Fazenda e Planejamento  9033 
Contribuicao do Fundo de Formacao do Patrimonio do Servidor Publico -
PASEP 
   11 Fundo de Saude do Distrito Federal 
2155  Prevencao e Combate as Doencas Transmissiveis 
(Lei no 8.142, de 28/12/1990);  12 Fundo de Saude do Distrito Federal 
2335  Saude em Familia 
(Lei no 8.142, de 28/12/1990);  13 
Fundo de Saude do Distrito Federal  2153  Programas de Saude e Prestacao de Assitencia Medico-Hospitalar 
(Lei no 8.142, de 28/12/1990);  14  Secretaria de Estado de Solidariedade  2629  Cestas Basicas da Solidariedade  (Lei no 2.303, 21/01/1999 e Decreto no 
21.466, de 25/08/2000);  15 Secretaria de Estado de Solidariedade 
2630  Leite da Solidariedade 
(Lei no 8.142, de 28/12/1990);  16 Secretaria de Estado de Solidariedade 
2631  Pao da Solidariedade 
(Lei no 8.142, de 28/12/1990);  17  Secretaria de Estado de Solidariedade  2884  Automacao do Programa   Pro-Familia  (Lei no 2.303, 21/01/1999 e Decreto no 
21.466, de 25/08/2000);  18 99999 
9999  Pessoal e Encargos Sociais 
   19 99999 
9999  Sentencas Judiciais 
     DISTRITO FEDERAL - RENUNCIA DE RECEITA DO EXERCICIO DE 2003 - CONSOLIDACAO                   R$ correntes 
    Tributo                DESCRICAO  LEGISLACAO  ITCD  ITBI  IPTU  TLP  IPVA  ICMS  ISS  TOTAL  Isencao do IPTU para Lojas Maconicas1 
LC 15/96                           -                            -                    8.297,51                          -                              
-                              -                              
-                      8.297,51  Isencao do ITCD para transmissao unico imovel1 
Lei no 1.343/96           352."
