,Tipo,Nome,Cargo Efetivo,Matricula,Siape,Simbolo,Cargo Comissao,Lotacao,Orgao,text
0,Nomeação, BERNARDO JOSE DE SALES,Professor/SEEDF,52.002-5,nan,DFG-14, Chefe de Gabinete,Administracao Regional do Gama,Secretaria de Estado de Coordenacao das Administracoes Regionais do Distrito Federal,"NOMEAR BERNARDO JOSE DE SALES, Professor/SEEDF, matricula no 52.002-5, para exercer o
Cargo em Comissao, Simbolo DFG-14, de Chefe de Gabinete, da Administracao Regional do Gama, da
Secretaria de Estado de Coordenacao das Administracoes Regionais do Distrito Federal"
1,Nomeação, ANDREA GASPARINI GALLERANI,Assistente Social,nan,nan,DFG-12, Diretor da Divisao Regional de Desenvolvimento Social,"Administracao Regional
de Taguatinga",Secretaria de Estado de Coordenacao das Administracoes Regionais do Distrito Federal,"NOMEAR ANDREA GASPARINI GALLERANI, Assistente Social, para exercer o Cargo em Comissao,
Simbolo DFG-12, de Diretor da Divisao Regional de Desenvolvimento Social, da Administracao Regional
de Taguatinga, da Secretaria de Estado de Coordenacao das Administracoes Regionais do Distrito Federal"
2,Nomeação, RAQUEL OTILIA DE CARVALHO,para exercer o Cargo em Comissao,nan,nan,DFA-, Assessor,Assessoria Especial,Secretaria de Governo do Distrito Federal,"NOMEAR RAQUEL OTILIA DE CARVALHO, para exercer o Cargo em Comissao, Simbolo DFA-
11, de Assessor, da Assessoria Especial, da Secretaria de Governo do Distrito Federal"
3,Nomeação, KARLA BEATRIZ MALAQUIAS CAMPOS,nan,107.091-6,nan,DFA-05, Assistente,Administracao Regional de Santa Maria,Secretaria de Estado de Coordenacao das Administracoes Regionais do Distrito Federal,"NOMEAR KARLA BEATRIZ MALAQUIAS CAMPOS, matricula no 107.091-6, para exercer o
Cargo em Comissao, Simbolo DFA-05, de Assistente, da Administracao Regional de Santa Maria, da
Secretaria de Estado de Coordenacao das Administracoes Regionais do Distrito Federal"
4,Nomeação, JOAO LUCAS DA SILVA,Agente de Educacao e Vigilancia,45.885-6/SEEDF,nan,DFA-03," Secretario Administrativo da Divisao
Regional de Obras e Servicos Publicos",Administracao Regional do Lago Norte,"Secretaria de
Estado de Coordenacao das Administracoes Regionais do Distrito Federal","NOMEAR JOAO LUCAS DA SILVA, Agente de Educacao e Vigilancia, matricula no 45.885-6/SEEDF,
para exercer o Cargo em Comissao, Simbolo DFA-03, de Secretario Administrativo da Divisao
Regional de Obras e Servicos Publicos, da Administracao Regional do Lago Norte, da Secretaria de
Estado de Coordenacao das Administracoes Regionais do Distrito Federal"
5,Nomeação, JOSE VALDER OLIVEIRA BIZERRA,para exercer o Cargo em Comissao,nan,nan,DFG-, Diretor da Divisao Regional de Desporto,"Administracao Regional do Nucleo
Bandeirante",Secretaria de Estado de Coordenacao das Administracoes Regionais do Distrito Federal,"NOMEAR JOSE VALDER OLIVEIRA BIZERRA, para exercer o Cargo em Comissao, Simbolo DFG-
12, de Diretor da Divisao Regional de Desporto, Lazer e Turismo, da Administracao Regional do Nucleo
Bandeirante, da Secretaria de Estado de Coordenacao das Administracoes Regionais do Distrito Federal"
6,Nomeação, ANA PAULA RODRIGUES STARLING TAVARES, para exercer o  Cargo em Comissao,nan,nan,DFA-03, Secretario Administrativo,"Assessoria de Comunicacao Social, da Administra-
cao Regional do Lago Sul","Secretaria de Estado de Coordenacao das Administracoes Regionais do
Distrito Federal","NOMEAR ANA PAULA RODRIGUES STARLING TAVARES,  para exercer o  Cargo em Comissao,
Simbolo DFA-03, de Secretario Administrativo, da Assessoria de Comunicacao Social, da Administra-
cao Regional do Lago Sul, da Secretaria de Estado de Coordenacao das Administracoes Regionais do
Distrito Federal"
7,Nomeação, MARIA LUCIA DE CARVALHO,nan,75.558-3,nan,FG-01,nan,nan,nan,"NOMEAR MARIA LUCIA DE CARVALHO, matricula no 75.558-3, para exercer a Funcao Gratifica-
da, Simbolo FG-01, de Assistente da Escola Classe Corrego do Arrozal da Gerencia Regional de Ensino
de Sobradinho da Diretoria de Unidades Regionais da Subsecretaria de Suporte Educacional da Secre-
taria de Estado de Educacao do Distrito Federal"
8,Nomeação, GESSE RODRIGUES CAVALCANTE,para exercer o Cargo em Comissao,nan,nan,DFG-,nan,nan,nan,"NOMEAR GESSE RODRIGUES CAVALCANTE, para exercer o Cargo em Comissao, Simbolo DFG-
02, de Chefe da Secretaria Escolar da Escola Classe Boqueirao da Gerencia Regional de Ensino de
Sobradinho da Diretoria de Unidades Regionais da Subsecretaria de Suporte Educacional da Secretaria
de Estado de Educacao do Distrito Federal"
9,Nomeação,nan,nan,nan,nan,nan,nan,nan,nan,"NOMEAR o SD QPPME ROBERTO ALEXANDRE FERREIRA, MAT"
10,Nomeação,nan,nan,nan,nan,nan,nan,nan,nan,"NOMEAR o SD QPPME MARCOS ROBERTO ALEXANDRE FERREIRA, MAT"
