,Tipo do Ato,Nome do Servidor Substituto,Matrícula do Servidor Substituto,Nome do Servidor a ser Substituido,Matrícula do Servidor a ser SubstituidoCargo,Símbolo do cargo do servidor substituto,Cargo comissionado objeto da substituição,Símbolo do cargo do objeto da substituição,Símbolo do cargo comissionado objeto da substituição,Hierarquia da Lotação,Órgão,Data Inicial da Vigência,Data Final de Vigência,Matrícula SIAPE,Motivo,text
0,Substituição de Funções, o servidor ROBERT MAGRINI DE ANDRADE,nan,nan,nan,nan,nan,nan,nan,nan,nan,nan,nan,nan,nan,"Designar o servidor ROBERT MAGRINI DE ANDRADE, Chefe do Nucleo de Informatica Aplicada,
da Agencia de Desenvolvimento do Turismo do Distrito Federal, para executor do contrato de
prestacao de servicos n o 17/2001, celebrado entre a  Agencia de Desenvolvimento do Turismo do
Distrito Federal/ADETUR/DF e a empresa POLISERVICE INFORMATICA LTDA., conforme ele-
mentos constantes do processo no 016.000.004/2001"
1,Substituição de Funções, o servidor ANTONIO AMORIM CRUZ,47.090-2,FABIO RABELO DA SILVA,46.501-1,nan,DFA-02,nan,nan,nan,nan,nan,nan,nan,nan,"Designar o servidor ANTONIO AMORIM CRUZ, matricula no 47.090-2, Auxiliar de Administracao
Publica, para substituir FABIO RABELO DA SILVA , matricula no 46.501-1, Encarregado da Diretoria
de Apoio Operacional da Secretaria de Estado de Gestao Administrativa do Distrito Federal, Simbolo
DFA-02, por motivo de ferias regulamentares do titular, no periodo de 1o/10/2001 a 30/10/2001"
2,Substituição de Funções, os servidores SANDRA MARIA DA SILVA,n.o,nan,n.o 40.078-5,nan,nan,nan,nan,nan,nan,nan,nan,nan,nan,"Designar os servidores SANDRA MARIA DA SILVA, matricula n.o 102998-3, Agente Social; JOAO
CESAR NOVAES CABRAL, matricula n.o 40.078-5, Tecnico de Administracao Publica; EDUARDO
COSTA CARVALHO, matricula n.o  34860-0, Auxiliar de Administracao Publica; todos do Quadro de
Pessoal do Distrito Federal, para sob a presidencia da primeira, comporem a Comissao acima citada"
3,Substituição de Funções,  os  servidores  UDSON SOARES DE SOUSA,106.277-8,nan,117.567-X e GUILHERMINA PEREIRA LIMA,nan,nan,nan,nan,nan,nan,nan,nan,nan,nan,"designar  os  servidores  UDSON SOARES DE SOUSA, matricula no 106.277-8, CLEUSA DA
SILVA OLIVEIRA, matricula no 117.567-X e GUILHERMINA PEREIRA LIMA, matricula no 022.566-
9 para, sob a  presidencia do primeiro, comporem Comissao de Processo Administrativo Disciplinar,
objetivando a apuracao dos fatos constantes do processo no 060.004.501/2000, apenso aos de nos"
4,Substituição de Funções, a servidora Sandra Maria Aquino e Silva  matricula,134.422-6,a servidora Ana Maria da Silva  matricula,134.422-6,nan,nan,nan,nan,nan,nan,nan,nan,nan,nan,"DESIGNAR a servidora Sandra Maria Aquino e Silva  matricula 122.595-2, Enfermeira, CE-02 para
substituir a servidora Ana Maria da Silva  matricula 134.422-6, Enfermeira, CE-37, Chefe do Nucleo
de Enfermagem do Centro de Saude No01 da Direcao Regional de Saude do Paranoa-DFG-05, no
periodo de 01 a 30 de Novembro de 2001, por motivo de Licenca Premio, conforme Memorando No
451/2001-DRS/Paranoa"
5,Substituição de Funções, a servidora LUCIMAR ALVES MARTINS,n.o,nan,nan,nan,nan,nan,nan,nan,nan,nan,nan,nan,nan,"Designar a servidora LUCIMAR ALVES MARTINS, matricula n.o 092.688-4, Executora dos Convenios
nos 15/2000 e 16/2000, celebrados entre o Distrito Federal, por intermedio da Secretaria de Estado de
Acao Social e a entidade FENACOES  INTEGRACAO SOCIAL, cabendo a designada as atribuicoes
previstas no  artigo 13, inciso II, do Decreto  n.o 16.098, de 29/11/94, publicado no Diario Oficial do
Distrito Federal de 30/11/94, na Portaria no 140, de 17/11/99, e demais normas inerentes ao assunto"
6,Substituição de Funções, a servidora LUCIMAR ALVES MARTINS,n.o,nan,nan,nan,nan,nan,nan,nan,nan,nan,nan,nan,nan,"Designar a servidora LUCIMAR ALVES MARTINS, matricula n.o 092.688-4, Executora do Conve-
nio no 04/2000, celebrado entre o Distrito Federal, por intermedio da Secretaria de Estado de Acao
Social e a entidade FENACOES  INTEGRACAO SOCIAL, cabendo a designada as atribuicoes
previstas no  artigo 13, inciso II, do Decreto  n.o 16.098, de 29/11/94, publicado no Diario Oficial do
Distrito Federal de 30/11/94, na Portaria no 140, de 17/11/99, e demais normas inerentes ao assunto"
7,Substituição de Funções, o servidor JOSE CARLOS DA CUNHA,93.856-4,o servidor VICENTE MOREIRA DE ASSIS,93.819-X,"Tecnico de
Atividades Rodoviarias",DFG-02,nan,nan,nan,nan,nan,nan,nan,nan,"Designar o servidor JOSE CARLOS DA CUNHA, matricula 93.856-4, Auxiliar de Atividades Ro-
doviarias, para substituir o servidor VICENTE MOREIRA DE ASSIS, matricula 93.819-X, Tecnico de
Atividades Rodoviarias, Encarregado de Maquinas Pesadas I/DM/DIMPI, simbolo DFG-02, no peri-
odo de 01/10/2001 a 30/10/2001, por motivo de ferias regulamentares do titular"
8,Substituição de Funções, JOSE HILIDIO VIEIRA DE SOUSA,23.530-X,DAVID FAGUN,93.299-X,nan,nan,nan,nan,nan,nan,nan,nan,nan,nan,"Designar JOSE HILIDIO VIEIRA DE SOUSA, matricula no 23.530-X para substituir DAVID FAGUN-
DES CORDEIRO,  matricula 93.299-X, Diretor do Centro Integrado de Telecomunicacoes da  Secre-
taria de Estado de Seguranca Publica  do Distrito Federal, Codigo DFG-11,  no periodo de 10.07 a
24.07.2001,  em virtude de ferias regulamentares"
9,Substituição de Funções, os servidores CARLOS ALBERTO MAIA RIBEIRO,n.o,os servidores LEANDRA GUERRA CHAVES,n.o 105.161-X,nan,nan,nan,nan,nan,nan,nan,nan,nan,nan,"Designar os servidores CARLOS ALBERTO MAIA RIBEIRO, matricula n.o 105.094-X, e FRANCO
SELANI, matricula n.o 105.161-X, para substituir os servidores LEANDRA GUERRA CHAVES, matri-
cula n.o 43.268-7, e JOAO ALBERTO ZANINA LIMA, matricula n.o 30.463-8, na qualidade de membro
e presidente, respectivamente, da Comissao de Sindicancia instituida atraves da Portaria de 16 de abril
de 1999, publicada no Diario Oficial do Distrito Federal n.o 75, de 20 de abril de 1999, alterada
posteriormente pela Portaria de 08 de junho de 1999, publicada no Diario Oficial do Distrito Federal n.o
111, de 11 de junho de 1999, com o objetivo de apurar responsabilidades pela nao localizacao de bens
patrimoniais da entao Secretaria do Meio Ambiente, Ciencia e Tecnologia, atualmente denominada
Secretaria de Meio Ambiente e Recursos Hidricos, constantes do inventario de 1998"
