,Tipo,Nome,Cargo Efetivo,Matricula,Siape,Simbolo,Cargo Comissao,Lotacao,Orgao,text
0,Nomeação, EMILIO CARLOS VITALI,nan,no,nan,DFA-09,nan,nan,nan,"NOMEAR EMILIO CARLOS VITALI, matricula  no 95.036-X, para exercer o Cargo em Comissao,
Simbolo DFA-09, de Assistente da Gerencia Regional de Ensino de Sao Sebastiao da Diretoria de
Unidades Regionais da Subsecretaria de Suporte Educacional da Secretaria de Estado de Educacao do
Distrito Federal"
1,Nomeação, SILVIO DE MORAIS VIEIRA,nan,42.193-6,nan,DFA-11,nan,nan,nan,"NOMEAR SILVIO DE MORAIS VIEIRA, matricula no 42.193-6, para exercer o Cargo em Comissao,
Simbolo DFA-11, de Assessor da Subsecretaria de Suporte Educacional da Secretaria de Estado de
Educacao do Distrito Federal"
2,Nomeação, LUCIO CARLOS DE OLIVEIRA,para exercer o Cargo em Comissao,nan,nan,DFA-05,nan,nan,nan,"NOMEAR LUCIO CARLOS DE OLIVEIRA, para exercer o Cargo em Comissao, Simbolo DFA-05,
de Assistente de Camaras do Conselho de Educacao do Distrito Federal"
