,Tipo do Ato,Nome do Servidor Substituto,Matrícula do Servidor Substituto,Nome do Servidor a ser Substituido,Matrícula do Servidor a ser SubstituidoCargo,Símbolo do cargo do servidor substituto,Cargo comissionado objeto da substituição,Símbolo do cargo do objeto da substituição,Símbolo do cargo comissionado objeto da substituição,Hierarquia da Lotação,Órgão,Data Inicial da Vigência,Data Final de Vigência,Matrícula SIAPE,Motivo,text
0,Substituição de Funções," HELIETE DE ALMEIDA RIBEIRO BASTOS para a funcao de membro efetivo do
Conselho Tecnico de Preservacao de Brasilia como Patrimonio Cultural da Humanidade",nan,nan,nan,nan,nan,nan,nan,nan,nan,nan,nan,nan,nan,"DESIGNAR HELIETE DE ALMEIDA RIBEIRO BASTOS para a funcao de membro efetivo do
Conselho Tecnico de Preservacao de Brasilia como Patrimonio Cultural da Humanidade"
1,Substituição de Funções," EMILIA HONORINA FERNANDES FERREIRA para a funcao de membro efetivo do
Conselho Tecnico de Preservacao de Brasilia como Patrimonio Cultural da Humanidade",nan,nan,nan,nan,nan,nan,nan,nan,nan,nan,nan,nan,nan,"DESIGNAR EMILIA HONORINA FERNANDES FERREIRA para a funcao de membro efetivo do
Conselho Tecnico de Preservacao de Brasilia como Patrimonio Cultural da Humanidade"
2,Substituição de Funções,a o secretario das comis,nan,nan,nan,nan,nan,nan,nan,nan,nan,nan,nan,nan,nan,"designara o secretario das comis-
soes, em cada caso"
3,Substituição de Funções, MARIA JOSE DA COSTA,31.338-6,"VERA LUCIA GOMES
CHAVES",31.247-9,Chefe do Servico de Orcamento e Financas,nan,nan,nan,nan,nan,nan,nan,nan,nan,"Designar MARIA JOSE DA COSTA, matricula no 31.338-6, para substituir VERA LUCIA GOMES
CHAVES, matricula no 31.247-9, Chefe do Servico de Orcamento e Financas, da Divisao de Adminis-
tracao Geral, da Secretaria de Transportes, no periodo de 08 a 22 de outubro de 2001, por motivo da
complementacao do periodo de ferias regulamentares daquela titular"
4,Substituição de Funções, os servidores WITER CAMPOS LIMA,104.876-7,nan,nan,nan,nan,nan,nan,nan,nan,nan,nan,nan,nan,"Designar os servidores WITER CAMPOS LIMA, matricula no 104.876-7, da  Secretaria de Meio
Ambiente e Recursos Hidricos - SEMARH, LUIZALICE BARBARO G"
5,Substituição de Funções, o  Chefe do Nucleo de  Servicos Gerais e Transporte,nan,nan,nan,nan,nan,nan,nan,nan,nan,nan,nan,nan,nan,"Designar o  Chefe do Nucleo de  Servicos Gerais e Transporte, sem prejuizo de suas atribuicoes,
como executor do Contrato  n.o  010/2001,  firmado  entre   a  Secretaria de Meio Ambiente e
Recursos Hidricos  SEMARH e a empresa  TECNOLTA  EQUIPAMENTOS ELETRONICOS
LTDA  competindo-lhe, as seguintes atribuicoes:
a) acompanhar a execucao do contrato, em todas as suas fases, conforme paragrafos 1o e 2o do Art"
6,Substituição de Funções, nos termos do Decreto,n.o,nan,n.o 38.027-X,nan,DFA-05,nan,,nan,nan,nan,nan,nan,nan,"Designar nos termos do Decreto 21.816 de 12.12.2000, a servidora SANDRA MOREIRA FONSECA,
matricula n.o 32.947-9, Assistente da Diretoria de Apoio Operacional, Simbolo DFA-05, para substi-
tuir IZABEL LAURINDA DA SILVA, matricula n.o 38.027-X, Chefe do Nucleo de Material e Patri-
monio, Simbolo DFG-09, da Gerencia Administrativa, da Diretoria de Apoio Operacional, da Secre-
taria de Meio Ambiente e Recursos Hidricos, no periodo de 05.11.2001 a 04.12.2001,  por motivo de
ferias regulamentares da titular"
7,Substituição de Funções, o servidor Manoel Araujo Pinto,24.378-7,nan,nan,nan,nan,nan,nan,nan,nan,nan,nan,nan,nan,"DESIGNAR o servidor Manoel Araujo Pinto - Matricula no 24.378-7, Inspetor
de Obras, da Administracao de Brasilia, como EXECUTOR do Contrato  de Concessao de Direito Real
de Uso n 010/2000, area contigua a projecao 09 da SQN 303 ( Numeracao Predial: SHC//Norte SQ
303 Bloco H )processo 141.000802/96, firmado entre o Distrito Federal e a Paulo Octavio Investi-
mentos Imobiliarios na qualidade de concessionaria"
