,Tipo do Ato,Nome do Servidor Substituto,Matrícula do Servidor Substituto,Nome do Servidor a ser Substituido,Matrícula do Servidor a ser SubstituidoCargo,Símbolo do cargo do servidor substituto,Cargo comissionado objeto da substituição,Símbolo do cargo do objeto da substituição,Símbolo do cargo comissionado objeto da substituição,Hierarquia da Lotação,Órgão,Data Inicial da Vigência,Data Final de Vigência,Matrícula SIAPE,Motivo,text
0,Substituição de Funções,"  MARIA DE FATIMA FERREIRA DA SILVA a funcao de Membro Efetivo  do Conselho
Fiscal  da Fundacao Polo Ecologico  de Brasilia",nan,nan,nan,nan,nan,nan,nan,nan,nan,nan,nan,nan,nan,"DESIGNAR  MARIA DE FATIMA FERREIRA DA SILVA a funcao de Membro Efetivo  do Conselho
Fiscal  da Fundacao Polo Ecologico  de Brasilia"
1,Substituição de Funções,nan,nan,nan,nan,nan,nan,nan,nan,nan,nan,nan,nan,nan,nan,"DESIGNAR, JOSE OSTOM DAMASCENO para exercer a funcao de Membro Suplente do Ouvidor do
Distrito Federal, junto ao Conselho de Melhoria da Gestao Publica  CMGP, da Secretaria  de Gestao
Administrativa do Distrito Federal"
2,Substituição de Funções,nan,nan,nan,nan,nan,nan,nan,nan,nan,nan,nan,nan,nan,nan,"DESIGNAR, MARISTELA DE MELO NEVES para exercer a funcao de Membro Suplente da Secre-
taria de Estado de Educacao do Distrito Federal, junto ao Conselho de Melhoria da Gestao Publica 
CMGP, da Secretaria de Gestao Administrativa do Distrito Federal"
3,Substituição de Funções, CARLOS ALBERTO ALTINO,nan,nan,nan,nan,nan,nan,nan,nan,nan,nan,nan,nan,nan,"DESIGNAR CARLOS ALBERTO ALTINO, representante da Social Democracia Sindical  SDS/DF,
para exercer a funcao de membro titular junto ao Conselho do Trabalho do Distrito Federal e para
suplente JOANA DARC GONCALVES RODRIGUES"
4,Substituição de Funções, VERA LEDA FERREIRA DE MORAIS,nan,nan,nan,nan,nan,nan,nan,nan,nan,nan,nan,nan,nan,"DESIGNAR VERA LEDA FERREIRA DE MORAIS, representante da Social Democracia Sindical 
SDS/DF, da funcao  de membro titular junto ao Conselho do Trabalho do Distrito Federal e seu a
suplente AFONSO LUCAS RODRIGUES O GOVERNADOR DO DISTRITO FEDERAL, no uso das atribuicoes que lhe confere o art"
5,Substituição de Funções, os servidores LUCIMAR PINHEIRO DE DEUS,40.197-8,nan,96.725-4,nan,nan,nan,nan,nan,nan,nan,nan,nan,nan,"Designar os servidores LUCIMAR PINHEIRO DE DEUS, Tecnico de Administracao
Publica, matricula no 40.197-8, ALEXANDRE DA SILVA SANTIAGO, Chefe do Nucleo de Registro
de Veiculos, matricula no 96.725-4, JOSE MARIA DE CASTRO, Encarregado do Nucleo de Manuten-
cao de Veiculos, matricula no 33.035-3, para sob a presidencia do primeiro comporem a citada
comissao"
6,Substituição de Funções, o servidor ALEXANDRE DA SILVA SANTIAGO,96.725-4,o presidente em seus afastamentos e impedimentos legais,nan,nan,nan,nan,nan,nan,nan,nan,nan,nan,nan,"Designar o servidor ALEXANDRE DA SILVA SANTIAGO, matricula no 96.725-4, para
substituir o presidente em seus afastamentos e impedimentos legais"
7,Substituição de Funções, o servidor FLAVIANO PAULO DE  A,nan,nan,nan,nan,nan,nan,nan,nan,nan,nan,nan,nan,nan,Designar o servidor FLAVIANO PAULO DE  A
8,Substituição de Funções, o servidor VENCESLAU MOURA LOPES,30.872-2,nan,nan,nan,nan,nan,nan,nan,nan,nan,nan,nan,nan,"Designar o servidor VENCESLAU MOURA LOPES, matricula 30.872-2, Tecnico de Orcamento,
Encarregado da Gerencia de Suporte Operacional desta  Diretoria,  para atuar como Executor e
Supervisor do Contrato no 18/2001-SGA, Start Telecomunicacoes e Comercio Ltda ME, referente a
prestacao de servicos de manutencao preventiva e corretiva em maquinas de escrever e de calcular
desta Secretaria"
9,Substituição de Funções, a servidora MARIA DAS DORES SOUSA,42.497-8,nan,nan,nan,nan,nan,nan,nan,nan,nan,nan,nan,nan,"Designar a servidora MARIA DAS DORES SOUSA, matricula no 42.497-8, Auxiliar de Administra-
cao Publica, lotada na Gerencia de Suporte Operacional desta  Diretoria,  para atuar como Executora
e Supervisora do Contrato no 19/2001-SGA, Microfax Assistencia Ltda, referente a prestacao de
servicos de manutencao preventiva e corretiva em aparelhos de fac-similes desta Secretaria"
10,Substituição de Funções, MARIZA EUSTAQUIO DE ASSIS,26.405-9,"MARIA DE
FATIMA MOREIRA COSTA",44.152-X,Chefe do Nucleo de Conciliacao Bancaria,DFG-10,nan,nan,nan,nan,nan,nan,nan,nan,"Designar MARIZA EUSTAQUIO DE ASSIS, matricula no 26.405-9, para substituir MARIA DE
FATIMA MOREIRA COSTA, matricula no 44.152-X, Chefe do Nucleo de Conciliacao Bancaria,
Simbolo DFG-10, da Gerencia Financeira da Subsecretaria de Financas da Secretaria de Fazenda e
Planejamento do Distrito Federal, no periodo de 01 a 30 de outubro de 2001, por motivo de ferias
regulamentares"
11,Substituição de Funções, LUCINEIDE SILVA DE SOUZA MAGALHAES,30.900-1,IVANILDA SOUZA PEREIRA DE MESQUITA,25.810-5,"Chefe do Nucleo de Secreta-
rias de Estado",DFG-10,nan,nan,nan,nan,nan,nan,nan,nan,"Designar LUCINEIDE SILVA DE SOUZA MAGALHAES, matricula no 30.900-1, para substituir
IVANILDA SOUZA PEREIRA DE MESQUITA, matricula no 25.810-5, Chefe do Nucleo de Secreta-
rias de Estado, Simbolo DFG-10, da Gerencia de Controle e Analise Contabil, da Diretoria Geral de
Contabilidade da Subsecretaria de Financas da Secretaria de Fazenda e Planejamento, no periodo de 08
a 27 de outubro de 2001, por motivo de ferias regulamentares"
12,Substituição de Funções, HELIA GONCALVES DO NASCIMENTO,43.481-7,"ARDSON
CARTAXO GOMES",44.087-6,Chefe do Nucleo de Fundacoes e Autarquias,DFG-10,nan,nan,nan,nan,nan,nan,nan,nan,"Designar HELIA GONCALVES DO NASCIMENTO, matricula no 43.481-7, para substituir ARDSON
CARTAXO GOMES, matricula no 44.087-6, Chefe do Nucleo de Fundacoes e Autarquias, Simbolo
DFG-10, da Gerencia de Controle e Analise Contabil, da Diretoria Geral de Contabilidade da Subsecre-
taria de Financas da Secretaria de Fazenda e Planejamento, no periodo de 15 a 24 de outubro de 2001,
por motivo de ferias regulamentares"
13,Substituição de Funções, ROBERTO MARTINS DE MELO,25.856-3,IREUNICE CAR,25.014-7,nan,nan,nan,nan,nan,nan,nan,nan,nan,nan,"Designar ROBERTO MARTINS DE MELO, matricula no 25.856-3, para substituir IREUNICE CAR-
DOSO DA SILVA, matricula no 25.014-7, Gerente de Controle e Analise Contabil, DFG-12, da
Diretoria Geral de Contabilidade da Subsecretaria de Financas da Secretaria de Fazenda e Planejamen-
to, no periodo de 15 a 24 de outubro de 2001, por motivo de ferias regulamentares"
14,Substituição de Funções, CIENE APARECIDA DE BRITO TRINDADE,93.307-4,"LUIZ
ANTONIO DA SILVA",93.279-5,Subsecretario de Apoio Operacional,CNE-,nan,nan,nan,nan,nan,nan,nan,nan,"Designar CIENE APARECIDA DE BRITO TRINDADE, matricula no 93.307-4, para substituir LUIZ
ANTONIO DA SILVA, matricula no 93.279-5, Subsecretario de Apoio Operacional, Simbolo CNE-
06, da Secretaria de Fazenda e Planejamento do Distrito Federal, nos periodos de 28 de maio a 6 de
junho e de 15 de outubro a 3 de novembro de 2001, por motivo de ferias regulamentares"
15,Substituição de Funções, ANDRESSA AUGUSTA QUEIROZ AZEVEDO,35.058-3,nan,nan,nan,nan,nan,nan,nan,nan,nan,nan,nan,nan,"Designar ANDRESSA AUGUSTA QUEIROZ AZEVEDO, matricula no 35.058-3, como executora
do Termo de Cooperacao Tecnica no 03/2001, firmado entre a Secretaria de Estado de Educacao do
Distrito Federal e a Administracao Regional de Samambaia"
16,Substituição de Funções, JANETE MARIA LEITE DE ATAIDE matricula no,25.541-6,o titular do Cargo em Comissao,nan,nan,DFG-07,nan,nan,nan,nan,nan,nan,nan,nan,"Designar JANETE MARIA LEITE DE ATAIDE matricula no 25.541-6, para substituir o titular do Cargo em Comissao, Simbolo DFG-07, de Chefe do Nucleo de Contagem de Tempo de Servico da
Diretoria de Administracao de Recursos Humanos da Subsecretaria de Apoio Operacional da Secretaria
de Estado de Educacao, no periodo de 21/9/2001 a 30/9/2001, por motivo de licenca medica"
17,Substituição de Funções, PATRICIA NEVES RAPOSO,70.953-0,nan,23.791-4 e MARIA GORETE GONTIJO RIBEIRO,nan,nan,nan,nan,nan,nan,nan,nan,nan,nan,"Designar PATRICIA NEVES RAPOSO, matricula no 70.953-0, PATRICIA DANTAS TRAJANO,
matricula no 23.791-4 e MARIA GORETE GONTIJO RIBEIRO, matricula no 48.686-8, como exe-
cutoras do Convenio de Cooperacao, firmado entre a Secretaria de Estado de Educacao do Distrito
Federal e o Ministerio Publico do Distrito Federal e Territorios"
18,Substituição de Funções, comissoes,nan,nan,nan,nan,nan,nan,nan,nan,nan,nan,nan,nan,nan,"DESIGNAR comissoes, compostas pelos membros abaixo, para avaliar aptidao do professor interes-
sado em concorrer a carencias para os Concursos de Remocao e de Remanejamento Interno da
Carreira Magisterio Publico do DF para o ano de 2002, para as seguintes unidades escolares: UNIDADE ESCOLAR  COMISSAO 
Katia Novais de Mello  56.957-1 
Mirtala Carvalho Delmondez  56.068-5 
Escola Normal de Brasilia 
Walkiria Teresa Firmino Lobato  25.798-2 
Lucimar de Souza Oliveira  34.943-7 
Marileusa Alves Borges Bezerra  66.321-4 
Escola Normal de Brazlandia 
Silvani Nogueira  31.994-5 
Alcineide da Silva Mota  64.903-7  
Elaine Cristina Montes  27.399-6 
Conceicao Helena Amorim  62.515-9 
Marinez Martins  42.130-8  Escola Normal de Ceilandia  Rosilene Batista Neto  56.017-0 
Alaides Goncalves de Oliveira Martins  31.584-2 
Maria Cleonice Ramos  63.281-3 
Mayre Antunes Damasceno  42.920-1 
Nanci Maria Brito Santos  65.857-X  Escola Normal do Gama  Vanessa Valeria Martins  43.318-7 
Alexandrina Maria Tupinamba  64.395-5 
Edileusa Fernandes da Silva  62.402-2 
Francisca Vania Barros Araujo  75.043-3 
Maria das Gracas de Carvalho  50.952-3 
Sueli Arraes Jardim Ramos  73.729-2  Escola Normal de Taguatinga  Sueli Santos Pessoa  59.993-6 
Ana Maria Lima Porto  56.667-5"
19,Substituição de Funções," os servidores abaixo relacionados para comporem nova Comissao com
a mesma finalidade",LUIZ,nan,69.904-6,nan,nan,nan,nan,nan,nan,nan,nan,nan,nan,"designar os servidores abaixo relacionados para comporem nova Comissao com
a mesma finalidade, conforme dispoem os artigos 179 e 180 da Lei no 8.112/90: NOME MATRICULA
LUIZ HENRIQUE ELIAS 43.799-9
IRANILDE GOMES LIMA 25.247-6
ETEVALDO MOREIRA DA SILVA 34.693-4 A DIRETORA DE ADMINISTRACAO DE RECURSOS HUMANOS DA SECRETARIA DE
ESTADO DE EDUCACAO DO DISTRITO FEDERAL, no uso de suas atribuicoes regimentais,
tendo em vista o que consta no Parecer no 041/2001-ATL/SE, de 13/7/2001, devidamente
aprovado pelo Chefe da Assessoria Tecnico-Legislativa da SEE, exarado no processo no
082.002069/99, resolve: TORNAR SEM EFEITO o despacho da entao Diretora Executiva da extinta Fundacao Educa-
cional do Distrito Federal, publicada no Diario Oficial do Distrito Federal no 97, de 25/5/200,
que aplicou ao servidor WAGNER MARTINS COSTA, matricula no 69.904-6, a pena de Adver-
tencia"
20,Substituição de Funções, os servidores abaixo relacionados para,116.401-5,nan,"131.009-7
Heloisa dos Santos Vieira",nan,nan,nan,nan,nan,nan,nan,nan,nan,nan,"Designar os servidores abaixo relacionados para, sob a coordenacao do primeiro, comporem
a referida equipe: Julio Cesar Oliveira Carneiro, matricula no 116.401-5
Wylliene Barros Cavalcante, matricula no 131.009-7
Heloisa dos Santos Vieira, matricula no 117.511-4
Jacqueline Carla de Moura Carvalho, matricula no 121.726-7
Jose Aldo Gomes Alves, matricula no 131.473-4 Art"
21,Substituição de Funções, nos termos do Decreto,n.o,nan,n.o 98.461-2,nan,DFA-02,nan,,nan,nan,nan,nan,nan,nan,"Designar nos termos do Decreto 21.816 de 12.12.2000, o servidor JOSELUCIO MANOEL NUNES,
matricula n.o 38.968-4, Encarregado, simbolo DFA-02, da Diretoria de Apoio Operacional, para
substituir, GEOVANE BATISTA DOS SANTOS, matricula n.o 98.461-2, Chefe do Nucleo de Servicos
Gerais e Transporte, simbolo DFG-09,  da Gerencia Administrativa da Diretoria de Apoio Operacio-
nal, da Secretaria de Meio Ambiente e Recursos Hidricos, no periodo de 01.10.2001 a 15.10.2001,
por motivo de ferias regulamentares do titular"
22,Substituição de Funções," para comporem a Comissao Permanente de Licitacao da
Secretaria de Esporte e Lazer",nan,nan,nan,nan,nan,nan,nan,nan,nan,nan,nan,nan,nan,"designar para comporem a Comissao Permanente de Licitacao da
Secretaria de Esporte e Lazer , de conformidade com o artigo 51, paragrafo IV da Lei 8.666/93, pelo
prazo de 1 (um) ano, a partir da data de sua publicacao"
23,Substituição de Funções, a servidora ANA CRISTINA TINOCO VERCOSA MAGALHAES,41.012-8,nan,96.474-3,nan,DFG-12,nan,nan,nan,nan,nan,nan,nan,nan,"Designar a servidora ANA CRISTINA TINOCO VERCOSA MAGALHAES, matricula no 41.012-8,
Chefe da Secao de Servicos Publicos, para substituir, sem prejuizo de suas atribuicoes, a servidora ZOE
SILVA GONZAGA, matricula no 96.474-3, Simbolo DFG-12, Subadministrador Regional do Varjao, da
Administracao Regional do Lago Norte, da Secretaria de Estado de Coordenacao das Administracoes
Regionais do Distrito Federal, no periodo de 02 a 16 de julho de 2001, por motivo de ferias regula-
mentares do titular"
24,Substituição de Funções, a servidora SONIA MARIA DE OLIVEIRA,41.573-1,nan,39.223-5,nan,DFG-08,nan,nan,nan,nan,nan,nan,nan,nan,"Designar a servidora SONIA MARIA DE OLIVEIRA, matricula no 41.573-1, Tecnico de Administra-
cao Publica, para substituir, sem prejuizo de suas atribuicoes, o servidor DOMINGOS FERREIRA DE
LIMA matricula no 39.223-5, Simbolo DFG-08, Chefe da Secao de Orcamento e Financas, da Divisao
de Administracao Geral, da Administracao Regional do Riacho Fundo, da Secretaria de Estado de
Coordenacao das Administracoes Regionais do Distrito Federal, no periodo de 17,18,19,20 e 21  de
setembro de 2001, em virtude do  gozo de abono anual  do titular"
25,Substituição de Funções, o servidor WILLIAM VIEIRA PEREIRA,95.628-7,nan,46.070-2,nan,DFG-12,nan,nan,nan,nan,nan,nan,nan,nan,"Designar o servidor WILLIAM VIEIRA PEREIRA, matricula no 95.628-7, Chefe do Servico de
Calculos, da Divisao Regional de Exame, Aprovacao e Elaboracao de Projetos, para substituir, sem
prejuizo de suas atribuicoes, o servidor MARCO ANTONIO FERREIRA DE SANTANA, matricula no
46.070-2, Simbolo DFG-12, Diretor da Divisao Regional de Exame, Aprovacao e Elaboracao de
Projetos, da Administracao Regional de Samambaia, da Secretaria de Estado de Coordenacao das
Administracoes Regionais do Distrito Federal, no periodo de 10 a 19 de setembro de 2001, por
motivo de ferias regulamentares do titular"
26,Substituição de Funções, a servidora LEDA LUCIA SILVA BENTO,96.709-2,nan,94.773-3,nan,DFG-10,nan,nan,nan,nan,nan,nan,nan,nan,"Designar a servidora LEDA LUCIA SILVA BENTO, matricula no 96.709-2, Secretario Administrati-
vo, para substituir, sem prejuizo de suas atribuicoes, a servidora SILVIA CRISTINA TAVARES DA
SILVA, matricula no 94.773-3, Simbolo DFG-10, Chefe do Servico de Licenciamento de Obras, da
Divisao Regional de Licenciamento, da Administracao Regional de Samambaia, da Secretaria de
Estado de Coordenacao das Administracoes Regionais do Distrito Federal, no periodo de 17 de
setembro a 16 de outubro de 2001, por motivo de ferias regulamentares do titular"
27,Substituição de Funções, o servidor ENEAS DE ANDRADE BARBALHO,98.288-1,nan,94.798-9,nan,DFG-12,nan,nan,nan,nan,nan,nan,nan,nan,"Designar o servidor ENEAS DE ANDRADE BARBALHO, matricula no 98.288-1, Diretor da Divisao
Regional de Licenciamento, para substituir, sem prejuizo de suas atribuicoes, a servidora MARGARE-
TH BARBOSA GOMES, matricula no 94.798-9, Simbolo DFG-12, Diretor da Divisao Regional de
Fiscalizacao de Obras e Posturas, da Administracao Regional de Samambaia, da Secretaria de Estado de
Coordenacao das Administracoes Regionais do Distrito Federal, no periodo de 10 a 19 de setembro de
2001, por motivo de ferias regulamentares do titular"
28,Substituição de Funções, a servidora RUTE MORAES MACENA ARAUJO,97.315-7,nan,95.021-1,nan,DFG-05,nan,nan,nan,nan,nan,nan,nan,nan,"Designar a servidora RUTE MORAES MACENA ARAUJO, matricula no 97.315-7, Encarregado da
Secao de Administracao de Terminais Rodoviarios, da Divisao Regional de Servicos Publicos, para
substituir, sem prejuizo de suas atribuicoes, o servidor MANOEL MARQUES DA SILVA, matricula no
95.021-1, Simbolo DFG-05, Chefe da Secao de Administracao de Terminais Rodoviarios, da Divisao
Regional de Servicos Publicos, da Administracao Regional de Samambaia, da Secretaria de Estado de
Coordenacao das Administracoes Regionais do Distrito Federal, no periodo de 03 a 17 de setembro de
2001, por motivo de ferias regulamentares do titular"
29,Substituição de Funções, o servidor SILVIO FRED COELHO,23.207-,nan,43.468-X,nan,DFG-08,nan,nan,nan,nan,nan,nan,nan,nan,"Designar o servidor SILVIO FRED COELHO, Tecnico de Administracao Publica, matricula no 23.207-
6, para substituir, sem prejuizo de suas atribuicoes, a servidora JAILITA RIBEIRO DE SOUZA
RODRIGUES, matricula no 43.468-X, Simbolo DFG-08, Chefe da Secao de Material e Patrimonio, da
Divisao de Administracao Geral, da Administracao Regional do Nucleo Bandeirante, da Secretaria de
Coordenacao das Administracoes Regionais do Distrito Federal, no periodo de 30 e 31 de julho e 01,
02 e 03 de agosto de 2001, em virtude do gozo do abono anual do titular"
30,Substituição de Funções, o servidor ULISSES MARQUES DOURADO,42.407-2,nan,95.812-3,nan,DFG-05,nan,nan,nan,nan,nan,nan,nan,nan,"Designar o servidor ULISSES MARQUES DOURADO, Auxiliar de Administracao Publica, matricula
no 42.407-2, para substituir, sem prejuizo de suas atribuicoes, a servidora MARLENE APARECIDA
GOMES BARBOSA, matricula no 95.812-3, Simbolo DFG-05, Chefe da Secao de Conservacao de
Logradouros Publicos, da Divisao Regional de Obras, da Administracao Regional de Taguatinga, da
Secretaria de Coordenacao das Administracoes Regionais do Distrito Federal, no periodo de 01 a 30
de outubro de 2001, por motivo de ferias regulamentares do titular"
31,Substituição de Funções, o servidor GERALDO ILTAMAR MADUREIRA,94.419-X,nan,94.735-0,nan,DFG-14,nan,nan,nan,nan,nan,nan,nan,nan,"Designar o servidor GERALDO ILTAMAR MADUREIRA, Diretor da Divisao Regional de Agricultu-
ra, matricula no 94.419-X, para substituir, sem prejuizo de suas atribuicoes, o servidor WILIAM
JORGE PELES, matricula no 94.735-0, Simbolo DFG-14, Chefe de Gabinete, da Administracao
Regional de Taguatinga, da Secretaria de Coordenacao das Administracoes Regionais do Distrito
Federal, no periodo de 01 a 30 de outubro de 2001, por motivo de ferias regulamentares do titular"
32,Substituição de Funções, a servidora FRANCISCA AGUIAR PONTES,44.146-5,nan,41.677-0,nan,DFG-08,nan,nan,nan,nan,nan,nan,nan,nan,"Designar a servidora FRANCISCA AGUIAR PONTES, Auxiliar de Administracao Publica, matricula
no 44.146-5, para substituir, sem prejuizo de suas atribuicoes, o servidor ALESSANDRO DE ALMEI-
DA SANTOS CARVALHO, matricula no 41.677-0, Simbolo DFG-08, Chefe da Secao de Orcamento
e Financas, da Divisao de Administracao Geral, da Administracao Regional do Nucleo Bandeirante, da
Secretaria de Coordenacao das Administracoes Regionais do Distrito Federal, no periodo de 01 a 15
de outubro de 2001, por motivo de ferias regulamentares do titular"
33,Substituição de Funções, a servidora MARIA PEREIRA DOS REIS,38.655-3,nan,95.092-0,nan,DFG-05,nan,nan,nan,nan,nan,nan,nan,nan,"Designar a servidora MARIA PEREIRA DOS REIS, Auxiliar de Administracao Publica, matricula no
38.655-3, para substituir, sem prejuizo de suas atribuicoes, o servidor JUAREZ ROZENDO DA SILVA, matricula no 95.092-0, Simbolo DFG-05, Chefe da Secao de Administracao de Parques, da
Divisao Regional de Servicos Publicos, da Administracao Regional do Nucleo Bandeirante, da Secreta-
ria de Coordenacao das Administracoes Regionais do Distrito Federal, no periodo de 01 a 10 de
outubro de 2001, por motivo de ferias regulamentares do titular"
34,Substituição de Funções, a servidora MARIA APARECIDA QUEIROGA DE SOUSA,96.014-4,nan,95.312-1,nan,DFG-12,nan,nan,nan,nan,nan,nan,nan,nan,"Designar a servidora MARIA APARECIDA QUEIROGA DE SOUSA, Assessor da Assessoria Tecnica,
matricula no 96.014-4, para substituir, sem prejuizo de suas atribuicoes, o servidor DOMINGOS
CARLOS DE SABOIA, matricula no 95.312-1, Simbolo DFG-12, Chefe da Assessoria Tecnica,  da
Administracao Regional do Guara, da Secretaria de Coordenacao das Administracoes Regionais do
Distrito Federal, no periodo de 01 a 30 de outubro de 2001, por motivo de ferias regulamentares do
titular"
35,Substituição de Funções, a servidora GILCELY DE OLIVEIRA VITOR,40.534-5,nan,94.009-7,nan,DFG-12,nan,nan,nan,nan,nan,nan,nan,nan,"Designar a servidora GILCELY DE OLIVEIRA VITOR, Assistente da Divisao de Administracao
Geral, matricula no 40.534-5, para substituir, sem prejuizo de suas atribuicoes, o servidor NELSON
RABELO JUNIOR, matricula no 94.009-7, Simbolo DFG-12, Chefe do Nucleo de Circunscricao
Administrativa do Setor de Industria e Abastecimento, da Administracao Regional do Guara, da
Secretaria de Coordenacao das Administracoes Regionais do Distrito Federal, no periodo de 15 a 29
de outubro de 2001, por motivo de ferias regulamentares do titular"
36,Substituição de Funções, o servidor ANDRE TORRES CORDEIRO,95.613-9,nan,nan,nan,DFG-12,nan,nan,nan,nan,nan,nan,nan,nan,"Designar o servidor ANDRE TORRES CORDEIRO, Inspetor de Obras e Atividades Urbanas, matricu-
la no 90.909-2, para substituir, sem prejuizo de suas atribuicoes, o servidor NEWTON JOSE DINIZ,
matricula no 95.613-9, Simbolo DFG-12, Diretor da Divisao Regional de Obras e Servicos Publicos, da
Administracao Regional do Lago Norte, da Secretaria de Coordenacao das Administracoes Regionais
do Distrito Federal, no periodo de 15 a 29 de outubro de 2001, por motivo de ferias regulamentares
do titular"
37,Substituição de Funções, o servidor JULIO CESAR DE MARTINS E PINHEIRO,108.453-4,nan,97.535-4,nan,DFG-12,nan,nan,nan,nan,nan,nan,nan,nan,"Designar o servidor JULIO CESAR DE MARTINS E PINHEIRO, Chefe do Nucleo de Modernizacao
e Informatica, matricula no 108.453-4, para substituir, sem prejuizo de suas atribuicoes, o servidor
VALDIR ANDRE DA SILVEIRA, matricula no 97.535-4, Simbolo DFG-12, Diretor da Divisao de
Administracao Geral, da Administracao Regional do Riacho Fundo, da Secretaria de Coordenacao das
Administracoes Regionais do Distrito Federal, no periodo de 15 de outubro  a 14 de novembro de
2001, por motivo de ferias regulamentares do titular"
38,Substituição de Funções, o servidor LUIZ ANTONIO DA COSTA E SILVA,105.445-7,nan,94.964-7,nan,DFG-12,nan,nan,nan,nan,nan,nan,nan,nan,"Designar o servidor LUIZ ANTONIO DA COSTA E SILVA, Assistente da Divisao Regional de Obras,
matricula no 105.445-7, para substituir, sem prejuizo de suas atribuicoes, o servidor JOSE RICARDO
FIUZA LIMA, matricula no 94.964-7, Simbolo DFG-12, Diretor da Divisao de Regional de Exame,
Aprovacao e Elaboracao de Projetos, da Administracao Regional do Riacho Fundo, da Secretaria de
Coordenacao das Administracoes Regionais do Distrito Federal, no periodo de 01 a 30 de outubro de
2001, por motivo de ferias regulamentares do titular"
39,Substituição de Funções, os servidores,41.185-X,nan,92.462-8,nan,nan,nan,nan,nan,nan,nan,nan,nan,nan,"DESIGNAR os servidores, FLAVIO DE ANDRADE MONTEIRO, matricula no 41.185-X, Fiscal
de Posturas, ANTONIO SOARES FEITOSA, matricula 92.462-8, Auxiliar de Administracao Publica
e DOUGLAS CEZARIO CURY, Fiscal de Posturas, matricula 42.043-3, ficando presidido pelo pri-
meiro e secretariado pelo segundo para comporem uma Comissao de apuracao do Furto de bomba para
poco Semi Artesiano, ocorrido na chacara 26  Assentamento 3 Conquista, no prazo de 90 (noventa)
dias"
40,Substituição de Funções,nan,nan,nan,nan,nan,nan,nan,nan,nan,nan,nan,nan,nan,nan,"DESIGNAR, os titulares da Secao de Adminis-
tracao de Sede e da Divisao Administracao Geral, como executores relativos a execucao do Contrato
no/2000-SEA, processo no 030.002.990/99  SGA, processo no 030.009.906/99"
