,tipo,nome,matricula,simbolo,cargo_comissao,lotacao,orgao,vigencia,pedido,cargo_efetivo,siape,motivo,text
0,Exoneração, REGINA ALICE FREIRE COUTINHO,nan,nan,nan,nan,nan,nan,a pedido,nan,nan,nan,"EXONERAR, a pedido, REGINA ALICE FREIRE COUTINHO, Matricula no 141"
1,Exoneração, FRANKCELINA SANDRA DE SOUSA LIMA,nan,nan,nan,nan,nan,nan,a pedido,nan,nan,nan,"EXONERAR, a pedido, FRANKCELINA SANDRA DE SOUSA LIMA, Matricula no 139"
2,Exoneração, ANIZIO RODRIGUES DOS SAN,nan,DFA-05,nan,nan,nan,nan,nan,nan,nan,nan,"EXONERAR, a contar de 16 de janeiro de 2002, o servidor ANIZIO RODRIGUES DOS SAN-
TOS, do Cargo em Comissao, Simbolo DFA-05, de Assistente da Chefia Adjunta  da Casa Militar
do Gabinete do Governador do Distrito Federal"
3,Exoneração, SILVANE DE ABREU SOBRINHO,no,nan,nan,nan,nan,nan,nan,nan,nan,nan,"EXONERAR SILVANE DE ABREU SOBRINHO, matricula no 36"
4,Exoneração, CHRISTIANO LUIS DE MELO MORAIS,no,nan,nan,nan,nan,nan,a pedido,nan,nan,nan,"EXONERAR, a pedido, CHRISTIANO LUIS DE MELO MORAIS, matricula no 30"
5,Exoneração, GILVAN DE PADUA RODRI,no,nan,nan,nan,nan,nan,nan,nan,nan,nan,"EXONERAR, por estar sendo nomeado para outra funcao, GILVAN DE PADUA RODRI-
GUES, matricula no 26"
6,Exoneração, VICENTE DE PAULA BORGES,no,nan,nan,nan,nan,nan,a pedido,nan,nan,nan,"EXONERAR, a pedido, VICENTE DE PAULA BORGES, matricula no 77"
7,Exoneração,  PERPETUA AUXILIADORA LIMA SOLINO,no,nan,nan,nan,nan,nan,a pedido,nan,nan,nan,"EXONERAR, a pedido,  PERPETUA AUXILIADORA LIMA SOLINO, matricula no 62"
8,Exoneração, REJANE OLIVEIRA DOS SANTOS,no,nan,nan,nan,nan,nan,a pedido,nan,nan,nan,"EXONERAR, a pedido, REJANE OLIVEIRA DOS SANTOS, matricula no 66"
9,Exoneração, BEATRIZ PEREIRA DE SOUZA KREIN,no,nan,nan,nan,nan,nan,a pedido,nan,nan,nan,"EXONERAR, a pedido, BEATRIZ PEREIRA DE SOUZA KREIN, matricula no 44"
10,Exoneração, ANTONIO MARCELO RODRIGUES VIEIRA,no,nan,nan,nan,nan,nan,a pedido,nan,nan,nan,"EXONERAR, a pedido, ANTONIO MARCELO RODRIGUES VIEIRA, matricula no 39"
11,Exoneração, MARGARETH MACHADO AUGUSTO LOUREIRO,no,nan,nan,nan,nan,nan,a pedido,nan,nan,nan,"EXONERAR, a pedido, MARGARETH MACHADO AUGUSTO LOUREIRO, matricula no
38"
12,Exoneração, ILMA DE JESUS SILVA,no,nan,nan,nan,nan,nan,a pedido,nan,nan,nan,"EXONERAR, a pedido, ILMA DE JESUS SILVA, matricula no 35"
13,Exoneração, RAQUEL JESUS VASCONCELOS,no,nan,nan,nan,nan,nan,a pedido,nan,nan,nan,"EXONERAR, a pedido, RAQUEL JESUS VASCONCELOS, matricula no 31"
14,Exoneração, ELIESER ANTONIO DE LACERDA,no,nan,nan,nan,nan,nan,a pedido,nan,nan,nan,"EXONERAR, a pedido, ELIESER ANTONIO DE LACERDA, matricula no 43"
15,Exoneração, DANIELA ALESSANDRA BARNABE DE OLIVEIRA,no,nan,nan,nan,nan,nan,a pedido,nan,nan,nan,"EXONERAR, a pedido, DANIELA ALESSANDRA BARNABE DE OLIVEIRA, matricula no
29"
16,Exoneração, JULIA RIBEIRO DA COSTA,no,nan,nan,nan,nan,nan,a pedido,nan,nan,nan,"EXONERAR, a pedido, JULIA RIBEIRO DA COSTA, matricula no 61"
17,Exoneração, MANOEL DE SOUSA ROCHA,no,nan,nan,nan,nan,nan,nan,nan,nan,nan,"EXONERAR, por estar sendo nomeado para outra funcao, MANOEL DE SOUSA ROCHA,
matricula no 201"
18,Exoneração, SUZETE SOUSA DE MIRANDA ALVES,no,nan,nan,nan,nan,nan,nan,nan,nan,nan,"EXONERAR SUZETE SOUSA DE MIRANDA ALVES, matricula no 62"
19,Exoneração, NILIA RAQUEL DE OLIVEIRA,no,nan,nan,nan,nan,nan,a pedido,nan,nan,nan,"EXONERAR, a pedido, NILIA RAQUEL DE OLIVEIRA, matricula no 43"
20,Exoneração, HERMELINDA COSTA SARAIVA,no,nan,nan,nan,nan,nan,a pedido,nan,nan,nan,"EXONERAR, a pedido, HERMELINDA COSTA SARAIVA, matricula no 34"
21,Exoneração, VALGDAMIR FERREIRA COSTA THINASSI,no,nan,nan,nan,nan,nan,a pedido,nan,nan,nan,"EXONERAR, a pedido, VALGDAMIR FERREIRA COSTA THINASSI, matricula no 34"
22,Exoneração, VIVIANE PONTES DE SA MESQUITA DE MOURA,no,nan,nan,nan,nan,nan,a pedido,nan,nan,nan,"EXONERAR, a pedido, VIVIANE PONTES DE SA MESQUITA DE MOURA, matricula no
33"
23,Exoneração, CARMEM LUCIA PEREIRA DE MELO ARAUJO,no,nan,nan,nan,nan,nan,a pedido,nan,nan,nan,"EXONERAR, a pedido, CARMEM LUCIA PEREIRA DE MELO ARAUJO, matricula no 34"
24,Exoneração," MARITZA ANDREA LUCENA DE
BARRON",no,nan,nan,nan,nan,nan,nan,nan,nan,nan,"EXONERAR, por estar sendo nomeada para outra funcao, MARITZA ANDREA LUCENA DE
BARRON, matricula no 39"
25,Exoneração, ILDETE BATISTA DO CARMO,no,nan,nan,nan,nan,nan,nan,nan,nan,nan,"EXONERAR ILDETE BATISTA DO CARMO, matricula no 34"
26,Exoneração, MARIA DE LOURDES SANTOS,no,nan,nan,nan,nan,nan,nan,nan,nan,nan,"EXONERAR MARIA DE LOURDES SANTOS, matricula no 58"
27,Exoneração, YANA VANESSA PEREIRA LINHARES,no,nan,nan,nan,nan,nan,nan,nan,nan,nan,"EXONERAR YANA VANESSA PEREIRA LINHARES, matricula no 30"
28,Exoneração, MONICA TRINDADE MUNDIM,no,nan,nan,nan,nan,nan,nan,nan,nan,nan,"EXONERAR MONICA TRINDADE MUNDIM, matricula no 27"
29,Exoneração," MARIA DO CARMO BRASIL
MANGABEIRA",no,nan,nan,nan,nan,nan,nan,nan,nan,nan,"EXONERAR, por estar sendo nomeada para outra funcao, MARIA DO CARMO BRASIL
MANGABEIRA, matricula no 25"
30,Exoneração, GILENA MIRANDA DE CARVALH,no,nan,nan,nan,nan,nan,nan,nan,nan,nan,"EXONERAR GILENA MIRANDA DE CARVALH0, matricula no 71"
31,Exoneração, TATIANA JACOBINO LIMA,no,nan,nan,nan,nan,nan,nan,nan,nan,nan,"EXONERAR, por estar sendo nomeada para outra funcao, TATIANA JACOBINO LIMA,
matricula no 201"
32,Exoneração, ARTEMISA MARIA LIRA VIEIRA,no,nan,nan,nan,nan,nan,a pedido,nan,nan,nan,"EXONERAR, a pedido, ARTEMISA MARIA LIRA VIEIRA, matricula no 62"
33,Exoneração, MARIA APARECIDA CARNEIRO PORTELA,no,nan,nan,nan,nan,nan,a pedido,nan,nan,nan,"EXONERAR, a pedido, MARIA APARECIDA CARNEIRO PORTELA, matricula no 37"
34,Exoneração, KARLA CARVALHO VIEIRA MONTEIRO,no,nan,nan,nan,nan,nan,a pedido,nan,nan,nan,"EXONERAR, a pedido, KARLA CARVALHO VIEIRA MONTEIRO, matricula no 46"
35,Exoneração, RITA FERNANDES,no,nan,nan,nan,nan,nan,a pedido,nan,nan,nan,"EXONERAR, a pedido, RITA FERNANDES, matricula no 76"
36,Exoneração, SANDRA MARIA CARNEIRO MACEDO,no,nan,nan,nan,nan,nan,a pedido,nan,nan,nan,"EXONERAR, a pedido, SANDRA MARIA CARNEIRO MACEDO, matricula no 66"
37,Exoneração, MARCO ANTONIO MARTINS DIAS,no,nan,nan,nan,nan,nan,a pedido,nan,nan,nan,"EXONERAR, a pedido, MARCO ANTONIO MARTINS DIAS, matricula no 25"
38,Exoneração, DEILA DE OLIVEIRA PALHARES GONCALVES,no,nan,nan,nan,nan,nan,a pedido,nan,nan,nan,"EXONERAR, a pedido, DEILA DE OLIVEIRA PALHARES GONCALVES, matricula no 39"
39,Exoneração, LUCIENE DOS SANTOS BAN,no,nan,nan,nan,nan,nan,nan,nan,nan,nan,"EXONERAR, por estar sendo nomeada para outra funcao, LUCIENE DOS SANTOS BAN-
DEIRA DINIZ, matricula no 201"
40,Exoneração, RANIERI CARNEIRO FALCAO,no,nan,nan,nan,nan,nan,nan,nan,nan,nan,"EXONERAR, por estar sendo nomeado para outra funcao, RANIERI CARNEIRO FALCAO,
matricula no 36"
41,Exoneração, MARCIA LEMOS FRAGA,no,nan,nan,nan,nan,nan,a pedido,nan,nan,nan,"EXONERAR, a pedido, MARCIA LEMOS FRAGA, matricula no 32"
42,Exoneração, WALTER ANTONIO RODRIGUES,no,nan,nan,nan,nan,nan,a pedido,nan,nan,nan,"EXONERAR, a pedido, WALTER ANTONIO RODRIGUES, matricula no 71"
