,Tipo do Ato,SEI,Nome,Matrícula,Tipo de Aposentadoria,Cargo,Classe,Padrao,Quadro,Fundamento Legal,Orgao,Vigencia,Matricula SIAPE,text
0,Aposentadoria,030.003.801/2001,"viuva do ex-servidor WALTER
BORGES",n.o,nan,nan,nan,III,"Quadro: QPDF 
Processo: 070",nan, Distrito Federal,nan,nan,"Conceder aposentadoria aos servidores abaixo relacionados: DADOS DE IDENTIFICACAO  FUNDAMENTACAO LEGAL   
Nome: PATROCINIO OLIVEIRA MATOS 
Matricula: 99.921-0 
Cargo: AUXILIAR DE 
DESENVOLVIMENTO AGROPECUARIO 
Classe: ESPECIAL 
Padrao: III 
Quadro: QPDF 
Processo: 070.000.728/2001   
Artigos 186, inciso III, alinea a e 189, Paragrafo 
unico, da Lei n.o 8.112, de 11 de dezembro de l990, 
combinados com o artigo 41, inciso III, alinea a, e 
 4o, da LEI ORGANICA DO DISTRITO 
FEDERAL e o artigo 40,  1o, inciso III, alinea a e 
 8o, da CONSTITUICAO DA REPUBLICA 
FEDERATIVA DO BRASIL, com as vantagens 
previstas no artigo 7o, da Lei n.o 1.004, de 09 de 
janeiro de 1996, regulamentada pelo Decreto n.o 
17.182, de 06 de marco de l996, combinados com 
artigo 4o, da Lei n.o 1.141, de 10 de julho de l996, 
mantidos pelo Paragrafo Unico do artigo 4o, da Lei 
n.o 1.864, de 19 de janeiro de l998.   
Nome: MARIA ANGELA DE MACEDO 
FRANCA 
Matricula: 18.715-1 
Cargo: ANALISTA DE ADMINISTRACAO 
PUBLICA 
Classe: ESPECIAL 
Padrao: III 
Quadro: QPDF 
Processo: 030.004.183/2001   
Artigos 186, inciso III, alinea a e 189, Paragrafo 
unico, da Lei n.o 8.112, de 11 de dezembro de l990, 
combinados com o artigo 41, inciso III, alinea a, e 
 4o, da LEI ORGANICA DO DISTRITO 
FEDERAL, assegurados pelo artigo 8o, incisos I, II e 
III, alineas a e b, da Emenda Constitucional n.o 
20 da CONSTITUICAO DA REPUBLICA 
FEDERATIVA DO BRASIL, publicada no Diario 
Oficial da Uniao de 16 de dezembro de 1998, com as 
vantagens previstas no artigo 7o, da Lei n.o 1.004, de 
09 de janeiro de 1996, regulamentada pelo Decreto 
n.o 17.182, de 06 de marco de l996, combinados com 
artigo 4o, da Lei n.o 1.141, de 10 de julho de l996, 
mantidos pelo Paragrafo Unico do artigo 4o, da Lei 
n.o 1.864, de 19 de janeiro de l998.   Aposentar o servidor abaixo relacionado: 
 
Nome: MANOEL CORDEIRO VASCO 
Matricula: 101.989-9 
Cargo: ASSISTENTE BASICO EM 
SERVICOS SOCIAIS 
Classe: ESPECIAL 
Padrao: III 
Quadro: QPDF 
Processo: 030.003.406/2001   
Artigos 186, inciso I,  1o e 189, Paragrafo unico, da 
Lei n.o 8.112, de 11 de dezembro de l990, 
combinados com o artigo 41, inciso I e  4o, da LEI 
ORGANICA DO DISTRITO FEDERAL e artigo 
40,  1o, inciso I, in fine e  8o, da CONSTITUICAO 
DA REPUBLICA FEDERATIVA DO BRASIL.    MARIA CECILIA S. S. LANDIM PORTARIA N 627, DE 19 DE NOVEMBRO DE 2001 A SECRETARIA DE GESTAO ADMINISTRATIVA DO DISTRITO FEDERAL , no uso das atribui-
coes que lhe sao conferidas pelo Decreto  n 21.549. de resolve: Conceder aposentadoria aos servidores abaixo relacionados: 
DADOS DE IDENTIFICACAO  FUNDAMENTACAO LEGAL   
Nome: LIVINO RIBEIRO DA FONSECA 
Matricula: 77.810-9 
Cargo: AUXILIAR DE ADMINISTRACAO 
PUBLICA 
Classe: ESPECIAL 
Padrao: III 
Quadro: BELACAP 
Processo: 094000991/2001   
Artigos 186, inciso III, alinea d e 189, Paragrafo 
unico, da Lei n.o 8.112, de 11 de dezembro de 1990, 
combinados com o artigo 41, inciso III, alinea d, e  
4o, da LEI ORGANICA DO DISTRITO FEDERAL e 
o artigo 40,  1o, inciso III, alinea b e  8o, da 
CONSTITUICAO DA REPUBLICA FEDERATIVA 
DO BRASIL.   
Nome: FRANCISCO SEBASTIAO 
BATISTA 
Matricula: 72.379-7 
Cargo: AUXILIAR DE ADMINISTRACAO 
PUBLICA 
Classe: ESPECIAL 
Padrao: III 
Quadro: BELACAP 
Processo: 094000992/2001   
Artigos 186, inciso III, alinea d e 189, Paragrafo 
unico, da Lei n.o 8.112, de 11 de dezembro de 1990, 
combinados com o artigo 41, inciso III, alinea d, e  
4o, da LEI ORGANICA DO DISTRITO FEDERAL e 
o artigo 40,  1o, inciso III, alinea b e  8o, da 
CONSTITUICAO DA REPUBLICA FEDERATIVA 
DO BRASIL.   
Nome: LOURENCO DA CONCEICAO 
Matricula: 72.244-8 
Cargo: AUXILIAR DE ADMINISTRACAO 
PUBLICA 
Classe: ESPECIAL 
Padrao: III 
Quadro: BELACAP 
Processo: 094000979/2001   
Artigos 186, inciso III, alinea d e 189, Paragrafo 
unico, da Lei n.o 8.112, de 11 de dezembro de 1990, 
combinados com o artigo 41, inciso III, alinea d, e  
4o, da LEI ORGANICA DO DISTRITO FEDERAL e 
o artigo 40,  1o, inciso III, alinea b e  8o, da 
CONSTITUICAO DA REPUBLICA FEDERATIVA 
DO BRASIL.   
Nome: DORSIDES ALVES FERREIRA 
Matricula: 76.086-2 
Cargo: AUXILIAR DE ADMINISTRACAO 
PUBLICA 
Classe: ESPECIAL 
Padrao: III 
Quadro: BELACAP 
Processo: 094000967/2001   
Artigos 186, inciso III, alinea c e 189, Paragrafo 
unico, da Lei n.o 8.112, de 11 de dezembro de 1990, 
combinados com o artigo 41, inciso III, alinea c, e  
4o, da LEI ORGANICA DO DISTRITO FEDERAL, 
assegurados pelo artigo 3o da Emenda Constitucional 
n.o 20 da CONSTITUICAO DA REPUBLICA 
FEDERATIVA DO BRASIL, publicada no Diario 
Oficial da Uniao de 16 de dezembro de 1998.   
Nome: REINALDO JOSE  DE  JESUS 
Matricula: 79.052-4 
Cargo: AUXILIAR DE ADMINISTRACAO 
PUBLICA 
Classe: ESPECIAL 
Padrao: III 
Quadro: BELACAP 
Processo: 094000941/2001   
Artigos 186, inciso III, alinea d e 189, Paragrafo 
unico, da Lei n.o 8.112, de 11 de dezembro de 1990, 
combinados com o artigo 41, inciso III, alinea d, e  
4o, da LEI ORGANICA DO DISTRITO FEDERAL, e 
o artigo 40,1o, inciso III, alinea b e  8o da 
CONSTITUICAO DA REPUBLICA FEDERATIVA 
DO BRASIL.   
Conceder aposentadoria ao servidor abaixo relacionado: 
 
Nome: SEVERINO SOARES 
Matricula: 81.140-8 
Cargo: AUXILIAR DE ADMINISTRACAO 
PUBLICA 
Classe: ESPECIAL 
Padrao: III 
Quadro: BELACAP 
Processo: 094.000.937/2001   
Artigos 186, inciso III, alinea d e 189, Paragrafo 
unico, da Lei n.o 8.112, de 11 de dezembro de 1990, 
combinados com o artigo 41, inciso III, alinea d, e  
4o, da LEI ORGANICA DO DISTRITO FEDERAL, e 
o artigo 40,1o, inciso III, alinea b e  8o da 
CONSTITUICAO DA REPUBLICA FEDERATIVA 
DO BRASIL.    Aposentar os servidores abaixo relacionados: 
 
Nome: JOSE  RODRIGUES DE SOUZA 
Matricula: 77.025-6 
Cargo: AUXILIAR DE ADMINISTRACAO 
PUBLICA 
Classe: ESPECIAL 
Padrao: III 
Quadro: BELACAP 
Processo: 030.003.668/2001   
Artigos 186, inciso I, in fine e 189, Paragrafo unico, da 
Lei n.o 8.112, de 11 de dezembro de 1990, combinados 
com o artigo 41, inciso I, in fine e  4o, da LEI 
ORGANICA DO DISTRITO FEDERAL e artigo 40,  
1o, inciso I e  8o, da CONSTITUICAO DA 
REPUBLICA FEDERATIVA DO BRASIL.                                                                           Diario Oficial do Distrito Federal
PAGINA   13
No 221, terca-feira, 20 de novembro de 2001  
Nome: GERALDO REZENDE PARADELA 
Matricula: 73.591-4 
Cargo: AUXILIAR DE ADMINISTRACAO 
PUBLICA 
Classe: ESPECIAL 
Padrao: III 
Quadro: BELACAP 
Processo: 030.003.669/2001  Artigos 186, inciso I,  1o, 189, Paragrafo unico, da 
Lei no 8.112, de 11 de dezembro de 1990, combinados 
com o artigo 41, inciso I, e  4o, da LEI ORGANICA 
DO DISTRITO FEDERAL, e artigo 40,  1o, inciso I, 
in fine e  8o, da CONSTITUICAO DA REPUBLICA 
FEDERATIVA DO BRASIL.  
   
Nome: ANTONIO BENTO DA SILVA 
Matricula: 01.440-0 
Cargo: AUXILIAR DE ADMINISTRACAO 
PUBLICA 
Classe: ESPECIAL 
Padrao: III 
Quadro: BELACAP 
Processo: 030003504/2001   
Artigos 186, inciso I, in fine e 189, Paragrafo unico, da 
Lei n.o 8.112, de 11 de dezembro de 1990, combinados 
com o artigo 41, inciso I, in fine e  4o, da LEI 
ORGANICA DO DISTRITO FEDERAL, assegurados 
pelo artigo 3o da Emenda Constitucional n.o 20, da 
CONSTITUICAO DA REPUBLICA FEDERATIVA 
DO BRASIL, publicada no Diario Oficial da Uniao de 
16 de dezembro.   
Nome: MOZAR JOSE  DE CARVALHO 
Matricula: 78.748-5 
Cargo: TECNICO DE ADMINISTRACAO 
PUBLICA 
Classe: ESPECIAL 
Padrao: III 
Quadro: BELACAP 
Processo: 030003505/2001   
Artigos 186, inciso I,  1o, 189, Paragrafo unico, da 
Lei n.o 8.112, de 11 de dezembro de 1990, combinados 
com o artigo 41, inciso I, e  4o, da LEI ORGANICA 
DO DISTRITO FEDERAL, e artigo 40,  1o, inciso I, 
in fine e  8o, da CONSTITUICAO DA REPUBLICA 
FEDERATIVA DO BRASIL.  
   
MARIA CECILIA S. S. LANDIM PORTARIA No 628, DE 19 DE NOVEMBRO DE 2001 A SECRETARIA DE GESTAO ADMINISTRATIVA DO DISTRITO FEDERAL, no uso das atribui-
coes que lhe sao conferidas pelo Decreto n.o 21.549, de 22 de setembro de 2000, resolve: CONCEDER, nos termos dos artigos 215, 217, inciso I, alinea a, e 224, da Lei n.o 8.112, de 11/12/
1990, pensao vitalicia a JOANA APARECIDA DA COSTA BORGES, viuva do ex-servidor WALTER
BORGES, matricula n.o 100.334-8, Analista de Desenvolvimento Agropecuario, 1a Classe, Padrao
III, do Quadro de Pessoal do Distrito Federal, com as vantagens previstas nos artigos 3o e 7o, da Lei
n.o 1.004, de 09/01/1996, regulamentada pelo Decreto n.o 17.182, de 06/03/l996, combinados com
artigo 4o, da Lei n.o 1.141, de 10/07/l996, mantidos pelo Paragrafo Unico do artigo 4o, da Lei n.o
1.864, de 19/01/l998, a contar de 24/09/2001. Processo n.o 030.003.801/2001."
