,tipo,nome,matricula,simbolo,cargo_comissao,lotacao,orgao,vigencia,pedido,cargo_efetivo,siape,motivo,text
0,Exoneração, JOAO DE SOUSA PINHEIRO,nan,nan,nan,nan,nan,nan,nan,nan,nan,nan,"EXONERAR JOAO DE SOUSA PINHEIRO, Carreira Medica (Gineco"
1,Exoneração, RUBENS COELHO,nan,nan,nan,nan,nan,nan,a pedido,nan,nan,nan,"EXONERAR,  a pedido, RUBENS COELHO, Analista de Administracao Publica, Matricula no 100"
2,Exoneração, CYNTIA HORTA DE SOUZA BITTAR,nan,nan,nan,nan,nan,nan,nan,nan,nan,nan,"EXONERAR, por estar sendo nomeada para outro cargo, CYNTIA HORTA DE SOUZA BITTAR,
Carreira Medica (Pediatria), Matricula no 130"
3,Exoneração, MARIA DE LURDES OPPELT RAAB,nan,nan,nan,nan,nan,nan,nan,nan,nan,nan,"EXONERAR, por estar sendo nomeada para outro cargo, MARIA DE LURDES OPPELT RAAB,
Carreira Medica (Ginecologia e Obstetricia), Matricula no 137"
4,Exoneração, RODRIGO DIAS WALDECK PEDROSO,nan,nan,nan,nan,nan,nan,nan,nan,nan,nan,"EXONERAR RODRIGO DIAS WALDECK PEDROSO, Matricula no 141"
5,Exoneração, MARIA DAS GRACAS BEZERRA DOS SANTOS,nan,nan,nan,nan,nan,nan,a pedido,nan,nan,nan,"EXONERAR, a pedido, MARIA DAS GRACAS BEZERRA DOS SANTOS, Matricula no 140"
6,Exoneração, Q,nan,nan,nan,nan,nan,nan,a pedido,nan,nan,nan,"EXONERAR, a pedido, do Quadro de Pessoal do Distrito Federal com lotacao na Secretaria de Estado
de Saude do Distrito Federal, com base no art"
7,Exoneração, Q,nan,nan,nan,nan,nan,nan,a pedido,nan,nan,nan,"EXONERAR, a pedido, do Quadro de Pessoal do Distrito Federal com lotacao na Secretaria de Estado
de Saude do Distrito Federal, com base no art"
8,Exoneração, Q,nan,nan,nan,nan,nan,nan,a pedido,nan,nan,nan,"EXONERAR, a pedido, do Quadro de Pessoal do Distrito Federal com lotacao na Secretaria de Estado
de Saude do Distrito Federal, com base no art"
9,Exoneração, Q,nan,nan,nan,nan,nan,nan,a pedido,nan,nan,nan,"EXONERAR, a pedido, do Quadro de Pessoal do Distrito Federal com lotacao na Secretaria de
Estado de Saude do Distrito Federal, com base no art"
10,Exoneração, Q,nan,nan,nan,nan,nan,nan,a pedido,nan,nan,nan,"EXONERAR, a pedido, do Quadro de Pessoal do Distrito Federal com lotacao na Secretaria de
Estado de Saude do Distrito Federal, com base no art"
11,Exoneração, IVONE MEDEIROS SILVA,nan,nan,nan,nan,nan,nan,nan,nan,nan,nan,"EXONERAR IVONE MEDEIROS SILVA, Agente  de Policia, matricula 31"
12,Exoneração, LUIZ HENRIQUE RODRIGUES DE SOUZA,nan,nan,nan,nan,nan,nan,a pedido,nan,nan,nan,"EXONERAR, a pedido, LUIZ HENRIQUE RODRIGUES DE SOUZA, matricula 108"
13,Exoneração, KAJILLA CONTENTE JACOMO,nan,DFA-03,nan,nan,nan,nan,nan,nan,nan,nan,"EXONERAR KAJILLA CONTENTE JACOMO, do  Cargo em Comissao, Simbolo DFA-03,  de
Secretario Administrativo do Sistema Integrado de Vigilancia do Uso do Solo da Secretaria  de Estado
de Seguranca Publica do Distrito Federal"
14,Exoneração, A,nan,nan,nan,nan,nan,nan,nan,nan,nan,nan,"EXONERAR  o Agente Penitenciario JOAO PEDRO ALVES, matricula 19"
15,Exoneração, ARLETI DONZELI PEREIRA,nan,nan,nan,nan,nan,nan,nan,nan,nan,nan,"EXONERAR ARLETI DONZELI PEREIRA,  Agente de Policia, matricula 24"
16,Exoneração, Q,nan,nan,nan,nan,nan,nan,a pedido,nan,nan,nan,"EXONERAR, a pedido, do Quadro de Pessoal do Distrito Federal com lotacao na Secre-
taria de Estado de Saude do Distrito Federal, com base no art"
17,Exoneração, TEN CEL QOBM,nan,nan,nan,nan,nan,nan,nan,nan,nan,nan,EXONERAR o TEN CEL QOBM/Comb
