,Tipo do Ato,Nome do Servidor Substituto,Matrícula do Servidor Substituto,Nome do Servidor a ser Substituido,Matrícula do Servidor a ser SubstituidoCargo,Símbolo do cargo do servidor substituto,Cargo comissionado objeto da substituição,Símbolo do cargo do objeto da substituição,Símbolo do cargo comissionado objeto da substituição,Hierarquia da Lotação,Órgão,Data Inicial da Vigência,Data Final de Vigência,Matrícula SIAPE,Motivo,text
0,Substituição de Funções, como responsaveis para atestar as faturas de telefonia fixa,nan,nan,nan,nan,nan,nan,nan,nan,nan,nan,nan,nan,nan,"Designar como responsaveis para atestar as faturas de telefonia fixa, os titulares de cada
setorial, quais sejam, Chefe de Gabinete, Secretario-Adjunto, Subsecretarios, Chefes de Assesso-
rias, Diretores, Gerentes e Chefes de Nucleos, e para as faturas de telefonia movel celular, os
proprios usuarios do servico"
