,Tipo,Nome,Cargo Efetivo,Matricula,Siape,Simbolo,Cargo Comissao,Lotacao,Orgao,text
0,Nomeação, CLAUDINA MAGALHAES DOURADO BRANDAO,"Auxiliar de Administracao
Publica",34.756-6,nan,DFA-11," Assessor
da Gerencia de Administracao Geral",Diretoria de Apoio Operacional,"Secretaria de Estado
de Coordenacao das Administracoes Regionais do Distrito Federal","NOMEAR CLAUDINA MAGALHAES DOURADO BRANDAO, Auxiliar de Administracao
Publica, matricula no 34.756-6, para exercer o Cargo em Comissao, Simbolo DFA-11, de Assessor
da Gerencia de Administracao Geral, da Diretoria de Apoio Operacional, da Secretaria de Estado
de Coordenacao das Administracoes Regionais do Distrito Federal"
1,Nomeação, LUIZ ANTONIO DA COSTA E SILVA,"para exercer o Cargo em
Comissao",nan,nan,DFG-14, Diretor de Apoio Operacional,nan,nan,"NOMEAR LUIZ ANTONIO DA COSTA E SILVA, para exercer o Cargo em
Comissao,  Simbolo DFG-14, de Diretor de Apoio Operacional, da Secretaria de Estado de
Coordenacao das Administracoes Regionais do Distrito Federal"
2,Nomeação, LUIZ ANTONIO DA COSTA E SILVA," para exercer o Cargo em Comis-
sao",nan,nan,DFG-14, Diretor de Orientacao Normativa,nan,nan,"NOMEAR LUIZ ANTONIO DA COSTA E SILVA,  para exercer o Cargo em Comis-
sao, Simbolo DFG-14, de Diretor de Orientacao Normativa, da Secretaria de Estado de Coorde-
nacao das Administracoes Regionais do Distrito Federal"
