,Tipo do Ato,Nome do Servidor Substituto,Matrícula do Servidor Substituto,Nome do Servidor a ser Substituido,Matrícula do Servidor a ser SubstituidoCargo,Símbolo do cargo do servidor substituto,Cargo comissionado objeto da substituição,Símbolo do cargo do objeto da substituição,Símbolo do cargo comissionado objeto da substituição,Hierarquia da Lotação,Órgão,Data Inicial da Vigência,Data Final de Vigência,Matrícula SIAPE,Motivo,text
0,Substituição de Funções, ULISCES DE SOUZA MORENO,nan,nan,nan,nan,DFG-14,nan,,nan,"Secretaria
de Coordenacao das Administracoes Regionais, sem acumular vencimentos, ate a nomeacao do
novo Titular",nan,nan,nan,nan,"Designar ULISCES DE SOUZA MORENO, Chefe de Gabinete, da Administracao Regional do
Riacho Fundo, Simbolo DFG-14, para responder pelo Cargo de Natureza Especial, Simbolo
CNE-04, de Administrador Regional, da Administracao Regional do Riacho Fundo, da Secretaria
de Coordenacao das Administracoes Regionais, sem acumular vencimentos, ate a nomeacao do
novo Titular"
1,Substituição de Funções, a servidora JOSENILMA TAVARES MARIANI,o,"EMI BALDINI
RIBEIRO",o 97.392-0,"Simbolo DFG-11  do cargo em comissao de Gerente da
Gerencia de Turismo Receptivo da Diretoria de Planejamento e Projetos",DFA-05,nan,,nan,nan,nan,nan,nan,nan,"Designar a servidora JOSENILMA TAVARES MARIANI, matricula n o 106.504-1, do cargo em
comissao de Secretario Administrativo da Diretoria de Infra-Estrutra,  simbolo DFA-05, da
Agencia de Desenvolvimento do Turismo do Distrito Federal, para substituir EMI BALDINI
RIBEIRO, matricula n o 97.392-0, Simbolo DFG-11  do cargo em comissao de Gerente da
Gerencia de Turismo Receptivo da Diretoria de Planejamento e Projetos, da Agencia de Desen-
volvimento do Turismo do Distrito Federal, por motivo de ferias do titular, no periodo de
31.12.2001 a 29.01.2002"
2,Substituição de Funções, EDIR KARDEC SOARES,91.023-6,MARIA SOUZA NASCIMENTO,106.852-0,"Chefe do Nucleo de
Expediente",DFG-,nan,nan,nan,nan,nan,nan,nan,nan,"Designar EDIR KARDEC SOARES, matricula no 91.023-6, Tecnica de Administracao Publica,
para substituir MARIA SOUZA NASCIMENTO, matricula no 106.852-0, Chefe do Nucleo de
Expediente, do Centro de Assistencia Judiciaria do Distrito Federal  CEAJUR, simbolo DFG-
08, no periodo de 07 a 21/01/2002, por motivo de ferias"
3,Substituição de Funções, GILMAR PEREIRA DA SILVA,44.193-7,KARINE ZINATO SANTOS MACHADO,106.937-3,Encarregada de Atendimento Judiciario,DFG-03,nan,nan,nan,nan,nan,nan,nan,nan,"Designar GILMAR PEREIRA DA SILVA, matricula no 44.193-7, Auxiliar de Administracao
Publica, para substituir KARINE ZINATO SANTOS MACHADO, matricula no 106.937-3,
Encarregada de Atendimento Judiciario, do Centro de Assistencia Judiciaria do Distrito Federal 
CEAJUR, simbolo DFG-03, no periodo de 10/01 a 08/02/2002, por motivo de ferias"
4,Substituição de Funções, CELIA VIEIRA RAMOS DUARTE,34.436-2,"ZAINE
FERREIRA DE OLIVERA",106.845-8,Encarregada de Atendimento Judiciario,DFG-03,nan,nan,nan,nan,nan,nan,nan,nan,"Designar CELIA VIEIRA RAMOS DUARTE, matricula no 34.436-2, para substituir ZAINE
FERREIRA DE OLIVERA, matricula no 106.845-8, Encarregada de Atendimento Judiciario, do
Centro de Assistencia Judiciaria do Distrito Federal  CEAJUR, simbolo DFG-03, no periodo de
04/02 a 05/03/2002, por motivo de ferias"
5,Substituição de Funções, CLEUSA ANTONIA DA SILVA,103.334-4,"JOSELIA
MARIA PEREIRA LEITE",27.405-4,nan,DFG-03,nan,nan,nan,nan,nan,nan,nan,nan,"Designar CLEUSA ANTONIA DA SILVA, matricula no 103.334-4, para substituir JOSELIA
MARIA PEREIRA LEITE,  matricula no 27.405-4, Encarregada de Atendimento Judiciario, do
Centro de Assistencia Judiciaria do Distrito Federal  CEAJUR, simbolo DFG-03, no periodo de
07/01 a 05/02/2002, por motivo de ferias"
6,Substituição de Funções, ELTON EDMUNDO POLVEIRO JUNIOR,93.296-5,a Chefe de Gabinete da Secre,nan,nan,CNE-06,nan,nan,nan,nan,nan,nan,nan,nan,"DESIGNAR ELTON EDMUNDO POLVEIRO JUNIOR, matricula no 93.296-5, Assessor do
Departamento de Relacoes Politico-Institucionais, para substituir a Chefe de Gabinete da Secre-
taria de Governo, Cargo de Natureza Especial, Simbolo CNE-06, no periodo de 07 de janeiro a 05
de fevereiro de 2002, por motivo de ferias regulamentares da titular"
7,Substituição de Funções, a servidora HELOISA CRISTINA SILVA PIRES TORRES,n.o,a servidora GILVAN ALVES BATISTA,n.o 31.092-1,"Chefe do Nucleo
de Comunicacao Administrativa",DFG,nan,,nan,nan,nan,nan,nan,nan,"Designar a servidora HELOISA CRISTINA SILVA PIRES TORRES, matricula n.o 95.375-X,
Encarregada do Nucleo de Comunicacao Administrativa, Simbolo DFG 02, da Gerencia de Docu-
mentacao, da Diretoria de Suporte Institucional, da Subsecretaria de Logistica e Modernizacao,
para substituir a servidora GILVAN ALVES BATISTA, matricula n.o 31.092-1, Chefe do Nucleo
de Comunicacao Administrativa, Simbolo DFG 08, da Gerencia de Documentacao, da Diretoria
de Suporte Institucional, da Subsecretaria de Logistica e Modernizacao, por motivo de Licenca
Maternidade da titular, no periodo de 11/12/2001 a 09/04/2002"
8,Substituição de Funções,  o servidor HAROLDO DA SILVA,n.o,o servidor JOSE FRAN,nan,nan,DFA-,nan,,nan,nan,nan,nan,nan,nan,"Designar  o servidor HAROLDO DA SILVA,  matricula n.o 42.825-6, Assistente, simbolo DFA-
06, da Diretoria de Administracao de Recursos Humanos, para substituir o servidor JOSE FRAN-
CISCO BANDEIRA, gerente da Gerencia de Procedimentos Disciplinares e Judiciais, simbolo
DFG-11, da Diretoria de Administracao de Recursos Humanos, da Subsecretaria de Recursos
Humanos, por motivo de ferias regulamentares do titular, no periodo de 07.01.2002 a 20.01.2002"
9,Substituição de Funções, HELIO DE ARAUJO LOPES,30.842-0,KATE PE,30.843-9,nan,DFG-05,nan,nan,nan,nan,nan,nan,nan,nan,"Designar HELIO DE ARAUJO LOPES, matricula no 30.842-0, para substituir KATE PE-
REIRA LOPES, matricula no 30.843-9, Encarregado de Documentacao Contabil, Simbolo
DFG-05, da Diretoria Geral de Contabilidade da Subsecretaria de Financas da Secretaria de
Fazenda e Planejamento do Distrito Federal, no periodo de 7 a 16 de janeiro de 2002, por
motivo de ferias regulamentares"
10,Substituição de Funções, LAURINEA ARAUJO SILVEIRA,30.874-9,JOSE EMI,30.958-3,nan,DFG-12,nan,nan,nan,nan,nan,nan,nan,nan,"Designar LAURINEA ARAUJO SILVEIRA, matricula no 30.874-9, para substituir JOSE EMI-
LIO ASSUNCAO DA SILVA, matricula no 30.958-3, Gerente, Simbolo DFG-12, da Gerencia
Financeira da Subsecretaria de Financas da Secretaria de Fazenda e Planejamento do Distrito
Federal, no periodo de 10 de janeiro a 8 de fevereiro de 2002, por motivo de ferias regulamentares"
11,Substituição de Funções, VALERIA MARIA DE ARAUJO,24.899-1,IVANA FERNAN,107.335-4,nan,DFG-12,nan,nan,nan,nan,nan,nan,nan,nan,"Designar VALERIA MARIA DE ARAUJO, matricula no 24.899-1, para substituir IVANA FERNAN-
DES ALVES, matricula no 107.335-4, Chefe da Assessoria de Suporte as Licitacoes, Simbolo DFG-12, da                                      Diario Oficial do Distrito Federal
PAGINA   28
No 5, terca-feira, 8 de janeiro de 2002 Subsecretaria de Compras e Licitacoes da Secretaria de Fazenda e Planejamento do Distrito Federal, no
periodo de 14 de janeiro a 2 de fevereiro de 2002, por motivo de ferias regulamentares"
12,Substituição de Funções, JADSON VIEIRA CAMPOS,30.201-5,"AGOSTINA
SEBASTIANA ARRUDA BOMFIM",46.298-5,Chefe de Agencia,DFG-,nan,nan,nan,nan,nan,nan,nan,nan,"Designar JADSON VIEIRA CAMPOS, matricula no 30.201-5, para substituir AGOSTINA
SEBASTIANA ARRUDA BOMFIM, matricula no 46.298-5, Chefe de Agencia, Simbolo DFG-
11 da Agencia de Atendimento da Receita  Ceilandia, da Gerencia de Atendimento ao Contribu-
inte da Subsecretaria da Receita  da Secretaria de Fazenda e Planejamento do Distrito Federal, no
periodo de 7 a 26 de janeiro de 2002, por motivo de ferias regulamentares"
13,Substituição de Funções, a servidora BARBARA MATIAS SANTOS,99.769-2,"o
Titular do Cargo em Comissao de Chefe do Nucleo de Liquidacao de Despesa",33.542-8,nan,DFG-07,nan,,nan,nan,nan,nan,nan,nan,"Designar a servidora BARBARA MATIAS SANTOS, matricula 99.769-2, para substituir o
Titular do Cargo em Comissao de Chefe do Nucleo de Liquidacao de Despesa, da Gerencia de
Execucao Orcamentaria e Financeira da Diretoria Financeira, simbolo DFG-07, no periodo de 07/
01/2002 a 16/01/2002, por motivo de ferias do Titular; Designar o servidor GASPAR VILAS BOAS, matricula 33.542-8, Chefe do Nucleo de Inspecao, para
substituir o Cargo em Comissao de Gerente de Supervisao e Orientacao de Gestores Financeiros, simbolo
DFG-11, no periodo de 14/01/2002 a 12/02/2002, considerando que a titular estara de ferias, e indicar o
servidor PAULO ALEXANDRE RODRIGUES, matricula 29.733-X, para substituir o Cargo em Co-
missao do Chefe do Nucleo de Inspecao, simbolo DFG 07, no periodo supra mencionado"
14,Substituição de Funções, o servidor EDSON MANOEL CONCEICAO DOS SANTOS,nan,nan,nan,nan,nan,nan,nan,nan,nan,nan,nan,nan,nan,Designar o servidor EDSON MANOEL CONCEICAO DOS SANTOS..
15,Substituição de Funções, o servidor GERALDO JOSE DE SOUZA,nan,nan,nan,nan,nan,nan,nan,nan,nan,nan,nan,nan,nan,Designar o servidor GERALDO JOSE DE SOUZA..
16,Substituição de Funções, o servidor EDSON MANOEL CONCEICAO DOS SANTOS,nan,nan,nan,nan,nan,nan,nan,nan,nan,nan,nan,nan,nan,Designar o servidor EDSON MANOEL CONCEICAO DOS SANTOS..
17,Substituição de Funções, o servidor GERALDO JOSE DE SOUZA,nan,nan,nan,nan,nan,nan,nan,nan,nan,nan,nan,nan,nan,Designar o servidor GERALDO JOSE DE SOUZA..
18,Substituição de Funções, o servidor JOAO MACHADO DA SILVA,132.369-5,"o Chefe do Nucleo de Manutencao e Reparo da Gerencia
de Apoio Operacional do Hospital Regional da Asa Sul",nan,nan,DFG,nan,nan,nan,nan,nan,nan,nan,nan,"Designar o servidor JOAO MACHADO DA SILVA, Artifice Especializado em Obras Civis,
matricula  132.369-5, para substituir o Chefe do Nucleo de Manutencao e Reparo da Gerencia
de Apoio Operacional do Hospital Regional da Asa Sul, simbolo DFG 04, no periodo de 18.02.2002
a 19.03.2002, por motivo de Ferias do Titular"
19,Substituição de Funções, o servidor CARLOS ROBERTO VIEIRA,101.609-1,EXPEDITO FERREIRA MENDES,"n.o 101.723-3 ocupante do
Cargo em Comissao",Simbolo DFG 09,DFG,nan,nan,nan,nan,nan,nan,nan,nan,"Designar o servidor CARLOS ROBERTO VIEIRA, matricula no 101.609-1, Assistente Interme-
diario, para substituir EXPEDITO FERREIRA MENDES, matricula n.o 101.723-3 ocupante do
Cargo em Comissao, Simbolo DFG 09, de Chefe do Nucleo de Transporte da Diretoria de Apoio
Operacional, da Secretaria de Estado de Acao Social do Distrito Federal, no periodo de 07 a
26.01.2002, por motivo de ferias regulamentares do Titular"
20,Substituição de Funções,nan,nan,nan,84.317-2,nan,DFG-11,nan,nan,nan,nan,nan,nan,nan,nan,"Designar, GOMIDES JOSE VIANA, matricula no83.279-0, para Substituir, JOSE GOMES DA
SILVA PINTO, matricula no 84.317-2, Chefe da Divisao de Tratamento de Residuos Solidos,
Simbolo DFG-11,  da Diretoria de Operacoes, do Servico de Ajardinamento e Limpeza Urbana do
Distrito Federal, por motivo de ferias regulamentares, no periodo  de 03/12/2001 a 01/101.2002"
21,Substituição de Funções,nan,nan,nan,79.960-2,nan,DFG-03,nan,nan,nan,nan,nan,nan,nan,nan,"Designar, JOSE GERALDO COSTA, matricula no01.560-1, para Substituir, RAIMUNDO
LOPES DE OLIVEIRA, matricula no 79.960-2, Encarregado de Varricao e Operacoes Especiais,
Simbolo DFG-03, do Distrito de Limpeza de Samambaia, da Diretoria de Operacoes, do Servico
de Ajardinamento e Limpeza Urbana do Distrito Federal, por motivo de ferias regulamentares, no
periodo de 17/12/2001 a 15/01/.2002"
22,Substituição de Funções,nan,nan,nan,83.006-2,nan,DFG-03,nan,nan,nan,nan,nan,nan,nan,nan,"Designar, JOSE RIBAMAR AMORIM, matricula no 81.253-6, para Substituir, PEDRO LO-
PES DE OLIVEIRA, matricula no 83.006-2, Encarregado de Varricao Diurna, Simbolo DFG-03,
do Distrito de Limpeza Norte, da Diretoria de Operacoes, do Servico de Ajardinamento e
Limpeza Urbana do Distrito Federal, por motivo de ferias regulamentares, no periodo de 03/
12/2001 a 01/01/.2002"
23,Substituição de Funções,nan,nan,nan,79.034-6,nan,DFG-07,nan,nan,nan,nan,nan,nan,nan,nan,"Designar, JOSE MILTON RIBEIRO , matricula no 81.850-X, para Substituir, GUILHER-
ME CAETANO CORDEIRO, matricula no 79.034-6, Chefe da Secao de Coleta, Simbolo
DFG-07, do Distrito de Limpeza Sul, da Diretoria de Operacoes, do Servico de Ajardinamento
e Limpeza Urbana do Distrito Federal, por motivo de ferias regulamentares, no periodo de 02/
01/2002 a 31/01.2002"
24,Substituição de Funções,nan,nan,nan,nan,nan,nan,nan,nan,nan,nan,nan,nan,nan,nan,"Designar, IVAN CUNHA, matricula no 83.760-1, para Substituir, MARCIO CESAR C"
25,Substituição de Funções,nan,nan,nan,82.879-3 Encarregado de Operacao,nan,DFG-03,nan,nan,nan,nan,nan,nan,nan,nan,"Designar, FRANCISCO GOMES DE SOUZA, matricula no 79.336-1, para Substituir, SONIA
MOURA DE OLIVEIRA, matricula no 82.879-3 Encarregado de Operacao, Simbolo DFG-03, do
Servico de Operacao da Usina de Tratamento de Lixo, da Diretoria de Operacoes, do Servico de
Ajardinamento e Limpeza Urbana do Distrito Federal, por motivo de ferias regulamentares, no
periodo  de 17/12/2001 a 15/01/.2002"
26,Substituição de Funções,nan,nan,nan,81.160-2,nan,DFG-03,nan,nan,nan,nan,nan,nan,nan,nan,"Designar, CARLOS ALBERTO CAETANO, matricula no 80.566-1, para Substituir, JOSE NIL-
TON ARRAIS DA SILVA, matricula no 81.160-2, Encarregado de Maquinas e Implementos,
Simbolo DFG-03, do Servico de Oficina Mecanica, da Diretoria de Manutencao, do Servico de
Ajardinamento e Limpeza Urbana do Distrito Federal, por motivo de ferias regulamentares, no
periodo de 03/12/2001 a 10/01/.2002"
27,Substituição de Funções,nan,nan,nan,82.635-9,nan,DFG-03,nan,nan,nan,nan,nan,nan,nan,nan,"Designar, SINVAL FRANCISCO DOURADO, matricula no 82.904-8, para Substituir, DO-
MINGOS CARLOS MARINHO, matricula no 82.635-9, Encarregado de Varricao e Operacoes
Especiais, Simbolo DFG-03, do Distrito de Limpeza do Paranoa, da Diretoria de Operacoes, do
Servico de Ajardinamento e Limpeza Urbana do Distrito Federal, por motivo de ferias regulamen-
tares, no periodo de 02/01/2002 a 31/01/.2002"
28,Substituição de Funções,nan,nan,nan,84.325-3,nan,DFG-11,nan,nan,nan,nan,nan,nan,nan,nan,"Designar, MARIA DE FATIMA DO NASCIMENTO DIAS, matricula no 83.442-4, para Subs-
tituir, DEUZA MADUREIRA GUEDES DA SILVA, matricula no 84.325-3, Chefe da Divisao de
Material, Simbolo DFG-11, da Diretoria Administrativo Financeira, do Servico de Ajardinamento
e Limpeza Urbana do Distrito Federal, por motivo de ferias regulamentares, no periodo de 14/01/
2002 a 12/02/.2002"
29,Substituição de Funções,nan,nan,nan,75.249-5,nan,DFG-03,nan,nan,nan,nan,nan,nan,nan,nan,"Designar, LUCILIA SANTANA DE OLIVEIRA, matricula no 83.069-0, para Substituir, VANDENY
BATISTA DE BRITO, matricula no 75.249-5, Encarregado de Varricao Diurna, Simbolo DFG-03, do
Distrito de Limpeza Sul, da Diretoria de Operacoes, do Servico de Ajardinamento e Limpeza Urbana
do Distrito Federal, por motivo de ferias regulamentares, no periodo de 07/01/2002 a 05/02/.2002"
30,Substituição de Funções,nan,nan,nan,84.304-0,nan,DFG-03,nan,nan,nan,nan,nan,nan,nan,nan,"Designar, MARIA ALBURINA DE OLIVEIRA, matricula no 81.408-3, para Substituir, RICAR-
DO SETUBAL DE OLIVEIRA PEREIRA, matricula no 84.304-0,Encarregado de Varricao e
Operacoes Especiais, Simbolo DFG-03, do Distrito de Limpeza de Planaltina, da  Diretoria de
Operacoes,  do Servico de Ajardinamento e Limpeza Urbana do Distrito Federal, por motivo de
ferias regulamentares, no periodo  de 14/01/2002 a 12/02/.2002"
31,Substituição de Funções,nan,nan,nan,83.723-7 Encarregado de Operacao,nan,DFG-03,nan,nan,nan,nan,nan,nan,nan,nan,"Designar, ESTER DE SOUZA REIS, matricula no 83.461-0, para Substituir, COSTANCA MA-
RIA DE JESUS NETA, matricula no 83.723-7 Encarregado de Operacao, do Servico de Operacao
da Usina de Incineracao de Lixo Especial, Simbolo DFG-03, da Diretoria de Operacoes, do
Servico de Ajardinamento e Limpeza Urbana do Distrito Federal, por motivo de ferias regulamen-
tares, no periodo de 17/12/2001 a 15/01/.2002"
32,Substituição de Funções,nan,nan,nan,81.534-9 Chefe do Distrito de Limpeza de Planaltina,nan,nan,nan,nan,nan,nan,nan,nan,nan,nan,"Designar, ARISTIDES RIBEIRO FILHO, matricula no 81.457-7, para Substituir, EDSON PE-
DRO DA FONSECA, matricula no 81.534-9 Chefe do Distrito de Limpeza de Planaltina, Simbo-
lo DFG-09, da Diretoria de Operacoes, do Servico de Ajardinamento e Limpeza Urbana do
Distrito Federal, por motivo de ferias regulamentares, no periodo de 15/01/2002 a 29/01/.2002"
33,Substituição de Funções,nan,nan,nan,77.622-X Chefe do Servico de Cadastro Financeiro,nan,DFG-09,nan,nan,nan,nan,nan,nan,nan,nan,"Designar, ROSANGELA DA SILVA FONTENELE, matricula no 83.472-6, para Substituir, BEN-
TA LOPES CARDOSO, matricula no 77.622-X Chefe do Servico de Cadastro Financeiro, Simbolo
DFG-09, da Diretoria Administrativo Financeira, do Servico de Ajardinamento e Limpeza Urbana
do Distrito Federal, por motivo de ferias regulamentares, no periodo de 03/12/2001 a 22/12/.2001"
34,Substituição de Funções, COSME AUGUSTO DOS SANTOS RAUZIS,58.533-5,CARLOS ALBERTO SOUSA SANTOS,21.644-7,Codigo DFG-10,nan,nan,nan,nan,nan,nan,nan,nan,nan,"Designar COSME AUGUSTO DOS SANTOS RAUZIS, matricula no 58.533-5, para substituir
CARLOS ALBERTO SOUSA SANTOS, matricula 21.644-7,Chefe do Servico de Preparacao e
Transcricao de Dados da Coordenacao de Informatica da Secretaria de Estado de Seguranca Publica do
Distrito Federal, Codigo DFG-10,  no periodo de 10 a 24.01.2002, em virtude de ferias regulamentares"
35,Substituição de Funções, ALMIR DE SOUZA FONSECA FILHO,23.505-9,ADE,24.297-7,nan,nan,nan,nan,nan,nan,nan,nan,nan,nan,"Designar ALMIR DE SOUZA FONSECA FILHO, matricula no 23.505-9, para substituir ADE-
MIR DE SOUZA BRITO, matricula 24.297-7, Diretor da Divisao de Vigilancia do Centro de
Internamento e Reeducacao da Coordenacao do Sistema Penitenciario da Secretaria de Estado de
Seguranca Publica do Distrito Federal, Codigo DFG-10, no periodo de 10 a 24.01.2002, em
virtude de ferias regulamentares"
36,Substituição de Funções, EDINA DE CARVALHO MIRANDA,58.607-2,AURE,26.445-8,nan,nan,nan,nan,nan,nan,nan,nan,nan,nan,"Designar EDINA DE CARVALHO MIRANDA, matricula no 58.607-2, para substituir AURE-
MAR JUVENCIO MOURA, matricula 26.445-8,Chefe da Secao de Arquivos e  Prontuarios da
Divisao de Administracao Penitenciaria do Centro de Internamento e Reeducacao da Coordena-
cao do Sistema Penitenciario da Secretaria de Estado de Seguranca Publica do Distrito Federal,
Codigo DFG-02, no periodo de 10.01.2002 a 08.02.2002, em virtude de ferias regulamentares"
37,Substituição de Funções, JOSE BARBOSA CARNEIRO,20.722-5,"TEREZINHA
ANTONIA DE SOUZA",19.744-0,Codigo DFG-01,nan,nan,nan,nan,nan,nan,nan,nan,nan,"Designar JOSE BARBOSA CARNEIRO, matricula no 20.722-5, para substituir TEREZINHA
ANTONIA DE SOUZA, matricula 19.744-0,Chefe da Secao de Expediente da Divisao de Admi-
nistracao Penitenciaria do Centro de Internamento e Reeducacao da Coordenacao do Sistema
Penitenciario da Secretaria de Estado de Seguranca Publica do Distrito Federal, Codigo DFG-01,
no periodo de 10 a 24.01.2002, em virtude de ferias regulamentares"
38,Substituição de Funções, nos termos do Decreto,23.978-X,LUIZ RAN,n.o 105.054-0,nan,DFA-11,nan,,nan,nan,nan,nan,nan,nan,"Designar nos termos do Decreto 21.816 de 12.12.2000, a servidora SANTINA ELISETE DE
NOQUELI CASARI, matricula no 23.978-X, Assessora, simbolo DFA-11, da Diretoria de Ou-
torga, Cobranca, Licenciamento e Fiscalizacao de Recursos Hidricos, para substituir LUIZ RAN-
CAN, matricula n.o 105.054-0, Diretor, simbolo DFG-14,  da Diretoria de Outorga, Cobranca,
Licenciamento e Fiscalizacao de Recursos Hidricos, da Subsecretaria de Recursos Hidricos, da
Secretaria de Meio Ambiente e Recursos Hidricos, no periodo de 07.01.2002  a 26.01.2002,  por
motivo de ferias regulamentares do titular"
39,Substituição de Funções, nos termos do Decreto,n.o,nan,n.o 105.070-2,nan,DFG-09,nan,nan,nan,"Secretaria de Meio Ambiente e Recursos Hidricos, no periodo de 02.01.2002
a 31.01.2002,  por motivo de ferias regulamentares do titular",nan,nan,nan,nan,"Designar nos termos do Decreto 21.816 de 12.12.2000, o servidor ROGERIO DE FREITAS
SOUZA, matricula n.o 56.112-6, em exercicio nesta Secretaria, para substituir, ELIA BATISTA
DE OLIVEIRA, matricula n.o 105.070-2, Administrador de Parques Ecologico, Simbolo DFG-09,
da Gerencia  de Preservacao do Patrimonio Ecologico das Unidade de Conservacao e Parques
Ecologicos, da Diretoria de Preservacao, Conservacao e Educacao Ambiental, da Subsecretaria do
Meio Ambiente, da Secretaria de Meio Ambiente e Recursos Hidricos, no periodo de 02.01.2002
a 31.01.2002,  por motivo de ferias regulamentares do titular"
40,Substituição de Funções, nos termos do Decreto,n.o,nan,nan,nan,DFG-09,nan,nan,nan,nan,nan,nan,nan,nan,"Designar nos termos do Decreto 21.816 de 12.12.2000, a servidora LUCIANA DE AMO-
RIM HALUSHUCK, Professora, para substituir, MARIA PERPETUA DE ALMEIDA,
matricula n.o 95.949-9, Chefe do Nucleo de Articulacao e Fomento, simbolo DFG-09, da
Gerencia de Programas e Projetos de Educacao Ambiental, da Diretoria de Preservacao,
Conservacao e Educacao Ambiental, da Subsecretaria do Meio Ambiente, da Secretaria de
Meio Ambiente e Recursos Hidricos, no periodo de 02.01.2002 a 31.01.2002,  por motivo de
ferias regulamentares do titular"
41,Substituição de Funções, nos termos do Decreto,n.o,nan,n.o 105.125-3,nan,DFA-02,nan,,nan,"Secretaria de Meio Ambiente e
Recursos Hidricos, no periodo de 07.01.2002 a 26.01.2002,  por motivo de ferias regulamen-
tares do titular",nan,nan,nan,nan,"Designar nos termos do Decreto 21.816 de 12.12.2000, o servidor DARINALDO PEREIRA
MONTEIRO, matricula n.o 105.064-8, Encarregado, simbolo DFA-02, para substituir, CAR-
LOS MAGNO MIRANDA NETTO, matricula n.o 105.125-3, Administrador de Unidades
de Conservacao, simbolo DFG-09, da Gerencia  de Preservacao do Patrimonio Ecologico das
Unidade de Conservacao e Parques Ecologicos, da Diretoria de Preservacao, Conservacao e
Educacao Ambiental, da Subsecretaria do Meio Ambiente, da Secretaria de Meio Ambiente e
Recursos Hidricos, no periodo de 07.01.2002 a 26.01.2002,  por motivo de ferias regulamen-
tares do titular"
42,Substituição de Funções, CARMEM LUCIA DE CARVALHO SANTOS,40.579-5,MARCELO DE OLIVEIRA PEREIRA,nan,nan,DFG-13,nan,nan,nan,nan,nan,nan,nan,nan,"Designar CARMEM LUCIA DE CARVALHO SANTOS, Assistente de Apoio as Atividades
Juridicas, matricula no 40.579-5, para substituir MARCELO DE OLIVEIRA PEREIRA, matri-
cula no 34.437-0, Gerente de Atendimento ao Contribuinte, Simbolo DFG-13, da Procuradoria
Fiscal, da Procuradoria-Geral do Distrito Federal, no periodo de 07 a 20.01.2002, por motivo de
ferias do titular"
43,Substituição de Funções, HERMILIO PINHEIRO DE MACEDO FILHO,22.686-6,MARCELO DE OLIVEIRA PEREIRA,34.437-0,Gerente de Atendimento ao Contribuinte,DFG-13,nan,nan,nan,nan,nan,nan,nan,nan,"Designar HERMILIO PINHEIRO DE MACEDO FILHO, Assistente de Apoio as Ativida-
des Juridicas, matricula no 22.686-6, para substituir MARCELO DE OLIVEIRA PEREIRA,
matricula no 34.437-0, Gerente de Atendimento ao Contribuinte, Simbolo DFG-13,  da Procura-
doria Fiscal, da Procuradoria-Geral do Distrito Federal, no periodo de 21 a 26.01.2002, por
motivo de ferias do titular"
