,tipo,nome,matricula,simbolo,cargo_comissao,lotacao,orgao,vigencia,pedido,cargo_efetivo,siape,motivo,text
0,Exoneração, CARLOS WELLINGTON FERNANDES DOS SANTOS,no,nan,nan,nan,nan,nan,a pedido,nan,nan,nan,"EXONERAR, a pedido, os servidores abaixo mencionados, a contar da data especificada: CARLOS WELLINGTON FERNANDES DOS SANTOS, matricula no 39"
1,Exoneração, Q,nan,nan,nan,nan,nan,nan,a pedido,nan,nan,nan,"EXONERAR, a pedido, do Quadro de Pessoal do Distrito Federal com lotacao na Secretaria de Estado
de Saude do Distrito Federal, com base no art"
2,Exoneração, Q,nan,nan,nan,nan,nan,nan,a pedido,nan,nan,nan,"EXONERAR, a pedido, do Quadro de Pessoal do Distrito Federal com lotacao na Secretaria de Estado
de Saude do Distrito Federal, com base no art"
3,Exoneração, Q,nan,nan,nan,nan,nan,nan,a pedido,nan,nan,nan,"EXONERAR, a pedido, do Quadro de Pessoal do Distrito Federal com lotacao na Secretaria de Estado
de Saude do Distrito Federal, com base no art"
4,Exoneração, Q,nan,nan,nan,nan,nan,nan,a pedido,nan,nan,nan,"EXONERAR, a pedido, do Quadro de Pessoal do Distrito Federal com lotacao na Secretaria de Estado
de Saude do Distrito Federal, com base no art"
5,Exoneração, Q,nan,nan,nan,nan,nan,nan,a pedido,nan,nan,nan,"EXONERAR, a pedido, do Quadro de Pessoal do Distrito Federal com lotacao na Secretaria de Estado
de Saude do Distrito Federal, com base no art"
6,Exoneração, Q,nan,nan,nan,nan,nan,nan,a pedido,nan,nan,nan,"EXONERAR, a pedido, do Quadro de Pessoal do Distrito Federal com lotacao na Secretaria de Estado
de Saude do Distrito Federal, com base no art"
7,Exoneração, Q,nan,nan,nan,nan,nan,nan,a pedido,nan,nan,nan,"EXONERAR, a pedido, do Quadro de Pessoal do Distrito Federal com lotacao na Secretaria de Estado
de Saude do Distrito Federal, com base no art"
8,Exoneração, Q,nan,nan,nan,nan,nan,nan,a pedido,nan,nan,nan,"EXONERAR, a pedido, do Quadro de Pessoal do Distrito Federal com lotacao na Secretaria de Estado
de Saude do Distrito Federal, com base no art"
9,Exoneração, Q,nan,nan,nan,nan,nan,nan,a pedido,nan,nan,nan,"EXONERAR, a pedido, do Quadro de Pessoal do Distrito Federal com lotacao na Secretaria de Estado
de Saude do Distrito Federal, com base no art"
10,Exoneração, Q,nan,nan,nan,nan,nan,nan,a pedido,nan,nan,nan,"EXONERAR, a pedido, do Quadro de Pessoal do Distrito Federal com lotacao na Secretaria de Estado
de Saude do Distrito Federal, com base no art"
11,Exoneração, Q,nan,nan,nan,nan,nan,nan,a pedido,nan,nan,nan,"EXONERAR, a pedido, do Quadro de Pessoal do Distrito Federal com lotacao na Secretaria de Estado
de Saude do Distrito Federal, com base no art"
