,tipo,nome,matricula,simbolo,cargo_comissao,lotacao,orgao,vigencia,pedido,cargo_efetivo,siape,motivo,text
0,Exoneração, P,nan,nan,nan,nan,nan,nan,nan,nan,nan,nan,"EXONERAR do cargo de Presidente da Comissao Permanente de Licitacao, o Cel QOPM
FRANCISCO DAL MOLIN DA ROSA, mat"
1,Exoneração, M,nan,nan,nan,nan,nan,nan,nan,nan,nan,nan,"EXONERAR do cargo de Membro da Comissao Permanente de Licitacao, a contar de
02 de janeiro de 2002, o TC QOPM MARIO CELSO MANENTE - MAT"
2,Exoneração, M,nan,nan,nan,nan,nan,nan,nan,nan,nan,nan,"EXONERAR do cargo de Membro da Comissao Permanente de Licitacao, o MAJ QOPM
CLAUDIO FARIAS GONCALVES, mat"
3,Exoneração, M,nan,nan,nan,nan,nan,nan,nan,nan,nan,nan,"EXONERAR para o cargo de Membro da Comissao Permanente de Licitacao, o
Cap QOPMA ARIOSVALDO PINTO DA CUNHA, mat"
4,Exoneração, M,nan,nan,nan,nan,nan,nan,nan,nan,nan,nan,"EXONERAR para o cargo de Membro da Comissao Permanente de Licitacao, o Cap QOP-
MA RONALDO ALVES DE LIMA, mat"
5,Exoneração, M,nan,nan,nan,nan,nan,nan,nan,nan,nan,nan,"EXONERAR para o cargo de Membro da Comissao Permanente de Licitacao, o Cap
QOPMA NILTON GOMES DA ROCHA, mat"
6,Exoneração, M,nan,nan,nan,nan,nan,nan,nan,nan,nan,nan,"EXONERAR para o cargo de Membro da Comissao Permanente de Licitacao, o
CAP QOPM DIVANIO MARTINS DOS SANTOS, mat"
7,Exoneração, M,nan,nan,nan,nan,nan,nan,nan,nan,nan,nan,"EXONERAR para o cargo de Membro da Comissao Permanente de Licitacao,
o lo Ten QOPMA ANTONIO DA COSTA SILVA, mat"
8,Exoneração, S,nan,nan,nan,nan,nan,nan,nan,nan,nan,nan,"EXONERAR para o cargo de Secretario da Comissao Permanente de Licitacao, o 2o
Ten QOPMA EVALDO JOAQUIM DOS SANTOS - mat"
