,Tipo,Nome,Cargo Efetivo,Matricula,Siape,Simbolo,Cargo Comissao,Lotacao,Orgao,text
0,Nomeação, FERNANDA MARTINS DE MOURA FE,"para exercer o Cargo em Comissao
de Encarregada de Atendimento Judiciario",nan,nan,DFG-03,nan,nan,nan,"NOMEAR FERNANDA MARTINS DE MOURA FE, para exercer o Cargo em Comissao
de Encarregada de Atendimento Judiciario, Simbolo DFG-03, da Unidade de Assistencia
Judiciaria do Sobradinho, do Centro de Assistencia Judiciaria do Distrito Federal, do Gabi-
nete do Governador"
1,Nomeação, ROSILENE APARECIDA SIQUEIRA DA COSTA,"para exercer o Cargo em Comis-
sao de Secretaria Administrativa",nan,nan,DFA-03,nan,nan,nan,"NOMEAR ROSILENE APARECIDA SIQUEIRA DA COSTA, para exercer o Cargo em Comis-
sao de Secretaria Administrativa, Simbolo DFA-03, da Unidade de Assistencia Judiciaria do
Paranoa, do Centro de Assistencia Judiciaria do Distrito Federal, do Gabinete do Governador"
