,Tipo,Nome,Cargo Efetivo,Matricula,Siape,Simbolo,Cargo Comissao,Lotacao,Orgao,text
0,Nomeação, JADSON HELIO CANDIDO FILHO,"para exercer o Cargo em
Comissao",nan,nan,DFG-05," Chefe da Secao de Documentacao e Comunicacao Administrati-
va","Diretoria de Apoio Operacional, da Administracao Regional de Planaltina","Secretaria de
Coordenacao das Administracoes Regionais do Distrito Federal","NOMEAR JADSON HELIO CANDIDO FILHO, para exercer o Cargo em
Comissao, Simbolo DFG-05, de Chefe da Secao de Documentacao e Comunicacao Administrati-
va, da Diretoria de Apoio Operacional, da Administracao Regional de Planaltina, da Secretaria de
Coordenacao das Administracoes Regionais do Distrito Federal"
1,Nomeação, LUCIMAR VIANA OLIVEIRA NOGUEIRA,"para exercer o Cargo
em Comissao",nan,nan,DFG-05, Chefe da Secao de Arquivo Tecnico,"Administracao Regional
de Planaltina",Secretaria de Coordenacao das Administracoes Regionais do Distrito Federal,"NOMEAR LUCIMAR VIANA OLIVEIRA NOGUEIRA, para exercer o Cargo
em Comissao, Simbolo DFG-05, de Chefe da Secao de Arquivo Tecnico, da Administracao Regional
de Planaltina, da Secretaria de Coordenacao das Administracoes Regionais do Distrito Federal"
2,Nomeação, LUCIMAR VIANA OLIVEIRA NOGUEIRA,"para exercer o Cargo em
Comissao",nan,nan,DFG-05, Chefe da Secao de Arquivo Tecnico,"Divisao Regional de
Exame, Aprovacao e Elaboracao de Projetos, da Administracao Regional de Planaltina","Secre-
taria de Coordenacao das Administracoes Regionais do Distrito Federal","NOMEAR LUCIMAR VIANA OLIVEIRA NOGUEIRA, para exercer o Cargo em
Comissao, Simbolo DFG-05, de Chefe da Secao de Arquivo Tecnico, da Divisao Regional de
Exame, Aprovacao e Elaboracao de Projetos, da Administracao Regional de Planaltina, da Secre-
taria de Coordenacao das Administracoes Regionais do Distrito Federal"
