,Tipo do Ato,SEI,Nome,Matrícula,Tipo de Aposentadoria,Cargo,Classe,Padrao,Quadro,Fundamento Legal,Orgao,Vigencia,Matricula SIAPE,text
0,Aposentadoria,8.112/90,nan,nan,nan,nan,nan,nan,nan,nan,nan,nan,nan,"aposentarem pelas regras de transicao, com periodo adicional de contribuicao equivalente a 20% do
tempo que faltaria para atingir o limite para aposentadoria, desde que cumpridos os seguintes requisi-
tos, cumulativamente: Para aposentadoria voluntaria com proventos integrais Titulo I -  Aposentadoria  Capitulo 1 -   Tipos de Aposentadoria  Pagina:  1                                                                          Diario Oficial do Distrito Federal
PAGINA   7
No 200, quarta-feira, 17 de outubro de 2001 - 53 (cinquenta e tres) anos de idade, e, contar tempo igual, no minimo, a 35 anos de contri-
buicao, se homem; e
- 48 (quarenta e oito) anos de idade, e, contar tempo igual, no minimo,  a 30 (trinta) anos de
contribuicao, se mulher.        Fundamento legal: - art. 41, Inciso III, alinea a da LODF;
- art. 186, Inciso III, alinea a e art. 189 da Lei no 8.112/90,"
1,Aposentadoria,8.112/90,nan,nan,nan,nan,nan,nan,nan,nan,nan,nan,nan,"aposentar-se nas regras por transicao tera o tempo de servico exercido ate a publicacao da
Emenda Constitucional no 20 de 1998, acrescido em 17%, se homem, e 20%, se mulher, desde que se
aposente, exclusivamente, com tempo de efetivo exercicio das funcoes de magisterio        Requisitos:
- 30 (trinta) anos de efetivo exercicio em funcoes de magisterio, se professor;
- 25 (vinte e cinco) anos de efetivo exercicio em funcoes de magisterio, se professora.        Fundamento legal:
- art. 41, Inciso III, alinea b, da LODF;
- art. 186, Inciso III, alinea b e art. 189 da Lei no 8.112/90,"
