,Tipo do Ato,Nome do Servidor Substituto,Matrícula do Servidor Substituto,Nome do Servidor a ser Substituido,Matrícula do Servidor a ser SubstituidoCargo,Símbolo do cargo do servidor substituto,Cargo comissionado objeto da substituição,Símbolo do cargo do objeto da substituição,Símbolo do cargo comissionado objeto da substituição,Hierarquia da Lotação,Órgão,Data Inicial da Vigência,Data Final de Vigência,Matrícula SIAPE,Motivo,text
0,Substituição de Funções, e dispensar substitutos eventuais de ocupantes de cargos em comissao,nan,nan,nan,nan,nan,nan,nan,nan,nan,nan,nan,nan,nan,"designar e dispensar substitutos eventuais de ocupantes de cargos em comissao;
VIII  exercer o poder disciplinar na esfera da Secretaria;
IX  supervisionar, dirigir, coordenar e controlar as unidades administrativas da Secretaria;
X  baixar outros atos necessarios ao funcionamento da Secretaria;
XI  cumprir e fazer cumprir a legislacao vigente;
XII -  executar outras atribuicoes inerentes ao cargo ou a ele determinadas"
