,tipo,nome,matricula,simbolo,cargo_comissao,lotacao,orgao,vigencia,pedido,cargo_efetivo,siape,motivo,text
0,Exoneração, ADERLEI FARIAS DURAES,no,nan,nan,nan,nan,nan,a pedido,nan,nan,nan,"EXONERAR, a pedido, os servidores abaixo mencionados, a contar da data especificada: ADERLEI FARIAS DURAES , matricula no 37"
1,Exoneração,"
CARLOS LACERDA SANTANA",no,nan,nan,nan,nan,nan,a pedido,nan,nan,nan,"EXONERAR, a pedido, os servidores abaixo mencionados, a contar da data especificada:
CARLOS LACERDA SANTANA, matricula no 200"
