,Tipo do Ato,Nome do Servidor Substituto,Matrícula do Servidor Substituto,Nome do Servidor a ser Substituido,Matrícula do Servidor a ser SubstituidoCargo,Símbolo do cargo do servidor substituto,Cargo comissionado objeto da substituição,Símbolo do cargo do objeto da substituição,Símbolo do cargo comissionado objeto da substituição,Hierarquia da Lotação,Órgão,Data Inicial da Vigência,Data Final de Vigência,Matrícula SIAPE,Motivo,text
0,Substituição de Funções, o servidor CLEOFASIO BATISTA DE MORAES,39.122-0,IRVAL MIRANDA DE ARAUJO,nan,nan,DFG-11,nan,nan,nan,nan,nan,nan,nan,nan,"Designar o servidor CLEOFASIO BATISTA DE MORAES, matricula no 39.122-0, do cargo efetivo
de Tecnico de Administracao Publica, da Agencia de Desenvolvimento do Turismo do Distrito
Federal, para substituir IRVAL MIRANDA DE ARAUJO, do cargo em comissao de Gerente de Patri- monio, Simbolo DFG-11, da Agencia de Desenvolvimento do Turismo do Distrito Federal, por
motivo de substituicao da Diretora, no periodo de 31.12.2001  a  14.01.2002"
1,Substituição de Funções,  para compor a referida Comissao sob a presidencia do primeiro,98.440-X,nan,o 96.511-1,nan,nan,nan,nan,nan,nan,nan,nan,nan,nan,"Designar  para compor a referida Comissao sob a presidencia do primeiro, os seguintes servidores: ANTONIO SERGIO DA GAMA GOMES, matricula n 98.440-X, Presidente;
LUIZ EDUARDO FUNKE LOPES, matricula n o 96.511-1, Secretario;
HILDETE PINHEIRO SILVA, matricula n o  95.557-4, Membro;
JOSE GONCALVES RIBEIRO NETO, matricula n o 106.086-4, membro;
ANA PAULA MOREIRA COSTA CARNEIRO, matricula n o 106.497-5, membro"
2,Substituição de Funções, a servidora MARIA BASTOS MARTINS,97.620-2,JOSE GONCALVES RIBEIRO NETO,nan,nan,DFG-11,nan,,nan,nan,nan,nan,nan,nan,"Designar a servidora MARIA BASTOS MARTINS, matricula no 97.620-2, do cargo em comissao de
Gerente de Administracao e Orcamento, Simbolo DFG-11, da Agencia de Desenvolvimento do Turis-
mo do Distrito Federal, para substituir JOSE GONCALVES RIBEIRO NETO, do cargo em comissao
de Diretor de Apoio Operacional, Simbolo DFG-13, da Agencia de Desenvolvimento do Turismo do
Distrito Federal, por motivo de ferias do  titular, no periodo de 29.12.2001  a  27.01.2002"
3,Substituição de Funções, o servidor LUIZ EDUARDO FUNKE LOPES,96.511-1,MARIA BASTOS MARTINS,97.620-2,do cargo em comissao de Gerente de Administracao e Orcamento,DFA-04,nan,,nan,nan,nan,nan,nan,nan,"Designar o servidor LUIZ EDUARDO FUNKE LOPES, matricula no 96.511-1, do cargo em comissao
de Assistente do Nucleo de Orcamento e Financas, Simbolo DFA-04, da Agencia de Desenvolvimento
do Turismo do Distrito Federal, para substituir MARIA BASTOS MARTINS, matricula no 97.620-2,
do cargo em comissao de Gerente de Administracao e Orcamento, Simbolo DFG-11, da Agencia de
Desenvolvimento do Turismo do Distrito Federal, por motivo de substituicao do Diretor de Apoio
Operacional, no periodo de 29.12.2001 a 27.01.2002"
4,Substituição de Funções, JOAO ANTONIO ASSUNCAO E SILVA AIRES,42.093-X,RENATO ROMANO,22.211-9,"Chefe da Divisao de Planejamento e
Supervisao da Acao Governamental",nan,nan,nan,nan,nan,nan,nan,nan,nan,"Designar JOAO ANTONIO ASSUNCAO E SILVA AIRES,  matricula no 42.093-X, Analista de Financas e
Controle, para substituir RENATO ROMANO, matricula no 22.211-9, Chefe da Divisao de Planejamento e
Supervisao da Acao Governamental, do Departamento de Relacoes Politicos-Institucionais, da Secretaria de
Governo,  por motivo de ferias do titular no periodo de 28 de dezembro de 2001 a 26 de janeiro de 2002"
5,Substituição de Funções, FRANCISCO ALBERTINO DOS SANTOS,392.432-7,SANDRA MARIA DE LOYOLA PEREIRA MA,93.368-6,nan,nan,nan,nan,nan,nan,nan,nan,nan,nan,"Designar FRANCISCO ALBERTINO DOS SANTOS,  matricula no 392.432-7, Assistente da Divisao
de Articulacao e Desenvolvimento, para substituir SANDRA MARIA DE LOYOLA PEREIRA MA-
ZZARO, matricula no 93.368-6, Chefe da Divisao de Articulacao e Desenvolvimento, do Departa-
mento de Relacoes Politicos-Institucionais,  da Secretaria de Governo, por motivo de ferias do titular
no periodo de 14  de janeiro de 2001 a 22  de fevereiro  de 2002"
6,Substituição de Funções, MARIA SAMARA AIRES DE ALENCAR,46.328-0,"MARIA
EDWIGES PEREIRA GARCIA",28.544-7,Gerente,DFG-13,nan,nan,nan,nan,nan,nan,nan,nan,"Designar MARIA SAMARA AIRES DE ALENCAR, matricula no 46.328-0, para substituir MARIA
EDWIGES PEREIRA GARCIA, matricula no 28.544-7, Gerente, Simbolo DFG-13, da Gerencia de
Atendimento ao Contribuinte da Subsecretaria da Receita da Secretaria de Fazenda e Planejamento do
Distrito Federal, no periodo de 3 a 22 de dezembro de 2001, por motivo de ferias regulamentares"
7,Substituição de Funções, ANA LUCIA ARAUJO DE MIRANDA,28.560-9,"MARIA INEZ
COPPOLA ROMANCINI",24.465-1,Supervisora,DFG-11,nan,nan,nan,nan,nan,nan,nan,nan,"Designar ANA LUCIA ARAUJO DE MIRANDA, matricula no 28.560-9, para substituir MARIA INEZ
COPPOLA ROMANCINI, matricula no 24.465-1, Supervisora, Simbolo DFG-11, da Celula de Es-
clarecimento de Normas da Gerencia de Tributacao da Subsecretaria da Receita da Secretaria de
Fazenda e Planejamento do Distrito Federal, no periodo de 2 a 21 de janeiro de 2002, por motivo de
ferias regulamentares"
8,Substituição de Funções, GILSOMAR SILVA BARBALHO para compor,nan,nan,nan,nan,nan,nan,nan,nan,nan,nan,nan,nan,nan,"Designar GILSOMAR SILVA BARBALHO para compor, na qualidade de representante do
SINAFITE, a Comissao de que trata a Portaria no 536, de 1o/11/2001, publicada no DODF no 212, de
5/11/2001, criada para promover Estudos de Revisao do Codigo de Etica da Carreira Auditoria
Tributaria, instituido pela Lei no 845/94"
9,Substituição de Funções, PASCHOAL EUCLIDES CINTRA,31.110-6,ULYSSES ANTO,46.247-0,nan,DFG-11,nan,nan,nan,nan,nan,nan,nan,nan,"Designar PASCHOAL EUCLIDES CINTRA, matricula no 31.110-6, para substituir ULYSSES ANTO-
NIO CORREA, matricula no 46.247-0, Supervisor, Simbolo DFG-11, da Celula de Julgamento do
Contencioso Tributario da Gerencia de Tributacao da Subsecretaria da Receita da Secretaria de Fazen-
da e Planejamento do Distrito Federal, no periodo de 31 de dezembro de 2001 a 29 de janeiro de 2002,
por motivo de ferias regulamentares"
10,Substituição de Funções, CARLOS HENRIQUE DE AZEVEDO OLIVEIRA,46.235-7,JOSE HABLE,46.285-3,Gerente,DFG-13,nan,nan,nan,nan,nan,nan,nan,nan,"Designar CARLOS HENRIQUE DE AZEVEDO OLIVEIRA, matricula no 46.235-7, para substituir
JOSE HABLE, matricula no 46.285-3, Gerente, Simbolo DFG-13, da Gerencia de Tributacao da
Subsecretaria da Receita da Secretaria de Fazenda e Planejamento do Distrito Federal, no periodo de
31 de dezembro de 2001 a 14 de janeiro de 2002, por motivo de ferias regulamentares"
11,Substituição de Funções, JANETE CABRAL DA SILVA,30.183-3,"ANTONIO BORGES
DE SOUSA",92.317-6,Supervisor de Atendimento,DFG-09,nan,nan,nan,nan,nan,nan,nan,nan,"Designar JANETE CABRAL DA SILVA, matricula no 30.183-3, para substituir ANTONIO BORGES
DE SOUSA, matricula no 92.317-6, Supervisor de Atendimento, Simbolo DFG-09, da Agencia de
Atendimento da Receita  Sul, da Gerencia de Atendimento ao Contribuinte da Subsecretaria da
Receita da Secretaria de Fazenda e Planejamento do Distrito Federal, no periodo de 10 a 24 de
dezembro de 2001, por motivo de ferias regulamentares"
12,Substituição de Funções, ASTROGILDO CARNEIRO NETO,37.541-1,"IVO NEGREIRO
TORRES",30.176-0,Supervisor de Atendimento,DFG-07,nan,nan,nan,nan,nan,nan,nan,nan,"Designar ASTROGILDO CARNEIRO NETO, matricula no 37.541-1, para substituir IVO NEGREIRO
TORRES, matricula no 30.176-0, Supervisor de Atendimento, Simbolo DFG-07, da Agencia de Aten-
dimento da Receita  Sobradinho, da Gerencia de Atendimento ao Contribuinte da Subsecretaria da
Receita da Secretaria de Fazenda e Planejamento do Distrito Federal, no periodo de 26 de dezembro
de 2001 a 14 de janeiro de 2002, por motivo de ferias regulamentares"
13,Substituição de Funções, HELVIA MIRIDAN PARANAGUA FRAGA,300.692-1,nan,48.839-9,nan,nan,nan,nan,nan,nan,nan,nan,nan,nan,"Designar HELVIA MIRIDAN PARANAGUA FRAGA, matricula no 300.692-1 e ELIZABE-
TH MARANINI DAEMON, matricula no 48.839-9, como executoras do Contrato no 87/2001,
firmado entre a Secretaria de Estado de Educacao do Distrito Federal e a empresa Viagens e
Turismo Jovem Ltda"
14,Substituição de Funções, SELENE MARIA DA COSTA SOTERO,25.097-X,nan,nan,nan,nan,nan,nan,nan,nan,nan,nan,nan,nan,"Designar SELENE MARIA DA COSTA SOTERO, matricula no 25.097-X, como executora dos
Contratos nos 72/2001, 73/2001 e 74/2001, firmados entre a Secretaria de Estado de Educacao do
Distrito Federal,  Escola Superior de Gestao e Negocios, Empresa Brasileira de Negocios e Consultoria
e Empresa Brasileira de Negocios e Consultoria, respectivamente"
15,Substituição de Funções, HELVIA MIRIDAN PARANAGUA FRAGA,300.692-1,nan,48.839-9,nan,nan,nan,nan,nan,nan,nan,nan,nan,nan,"Designar HELVIA MIRIDAN PARANAGUA FRAGA, matricula no 300.692-1 e ELIZABETH
MARANINI DAEMON, matricula no 48.839-9, como executoras do Contrato no 88/2001, firmado
entre a Secretaria de Estado de Educacao do Distrito Federal e a empresa Moura Transportes Ltda"
16,Substituição de Funções, Sonia Benedita de Mello Beiral,62.141-2,"o titular do Cargo em
Comissao",nan,nan,DFG-13,nan,nan,nan,nan,nan,nan,nan,nan,"Designar Sonia Benedita de Mello Beiral, matricula no 62.141-2, para substituir o titular do Cargo em
Comissao, simbolo DFG-13, de Diretor da Diretoria de Educacao de Jovens e Adultos, no periodo de
10/01/2002 a 08/02/2002, por motivo de ferias do titular"
17,Substituição de Funções, os servidores abaixo relacionados,71.776-2,nan,nan,nan,nan,nan,nan,nan,nan,nan,nan,nan,nan,"Designar os servidores abaixo relacionados, para comporem a Comissao Permanente de Licitacao, diretamente subordinada a Subsecretaria de Apoio Operacional: ACHILLES DE SANTANA matricula 71.776-2   Presidente;
EDSON MANOEL DA C"
18,Substituição de Funções, a servidora MARIA GRACIMILDA RODRIGUES,201.476-9,"o
Titular do Cargo em Comissao de Chefe do Nucleo de Almoxarifado Central",nan,nan,DFG-07,nan,nan,nan,nan,nan,nan,nan,nan,"Designar a servidora MARIA GRACIMILDA RODRIGUES, matricula 201.476-9, para substituir o
Titular do Cargo em Comissao de Chefe do Nucleo de Almoxarifado Central, da Gerencia de Materiais
da Diretoria de Apoio Logistico e Material, simbolo DFG-07, no periodo de 14/01/2002 a 12/02/
2002, por motivo de ferias do Titular"
19,Substituição de Funções, a servidora SIMONE SOUSA SILVA,30.757-2,"o Titular do Cargo
em Comissao de Gerente da Gerencia de Documentacao e Comunicacao Administrativa da Diretoria
de Apoio Logistico e Material",nan,nan,DFG-11,nan,nan,nan,nan,nan,nan,nan,nan,"Designar a servidora SIMONE SOUSA SILVA, matricula 30.757-2, para substituir o Titular do Cargo
em Comissao de Gerente da Gerencia de Documentacao e Comunicacao Administrativa da Diretoria
de Apoio Logistico e Material, simbolo DFG-11, no periodo de 14/01/2002 a 12/02/2002, por
motivo de ferias do Titular ROSALVO GOMES CRUZ DIRETORIA DE ADMINISTRACAO DE RECURSOS HUMANOS ORDEM DE SERVICO DE 3 DE DEZEMBRO DE 2001 A DIRETORA DE ADMINISTRACAO DE RECURSOS HUMANOS, no uso das atribuicoes que lhe
sao conferidas pela Portaria no 210, de 07/06/2001, resolve: RETIFICAR o numero da Decisao do egregio Tribunal de Contas do Distrito Federal, publicado no
Diario Oficial do Distrito Federal no 228, de 29/11/2001, paginas 76 e 77, onde se le Decisao no 3858/
2001, leia-se Decisao no 5909/2001, referente ao processo no 082.008916/90"
20,Substituição de Funções, os senhores Diretores dos Hospitais Regionais da Asa Sul,nan,nan,nan,nan,nan,nan,nan,nan,nan,nan,nan,nan,nan,"Designar os senhores Diretores dos Hospitais Regionais da Asa Sul, Asa Norte, Taguatinga, Ceilandia,
Gama Sobradinho, Planaltina e Brazlandia e dos Hospitais de Base do Distrito Federal e de Apoio de
Brasilia, EXECUTORES do TERMO DE COOPERACAO TECNICA No 04/2001, celebrado entre o
Distrito Federal, por intermedio da Secretaria de Estado de Saude e a SECRETARIA DE ESTADO DE
EDUCACAO DO DISTRITO FEDERAL, em 06 de julho de 2001"
21,Substituição de Funções, o servidor Luiz Agrio Cavalcanti Teixeira,nan,"o Diretor Regional de Saude da Asa Norte da Secretaria de
Estado de Saude do Distrito Federal",nan,nan,DFG-13,nan,nan,nan,nan,nan,nan,nan,nan,"Designar o servidor Luiz Agrio Cavalcanti Teixeira, Carreira Medica (Cirurgia Geral), Matricu-
la no 120.493-9, para substituir o Diretor Regional de Saude da Asa Norte da Secretaria de
Estado de Saude do Distrito Federal, Simbolo DFG-13, no periodo de 06 a 26 de janeiro de
2002, por motivo de ferias"
22,Substituição de Funções, o servidor Ildo Joao Bastianello Cezar,127.127-X,"a Diretora Regional de Saude do Recanto das Emas da Secretaria
de Estado de Saude do Distrito Federal",nan,nan,DFG-13,nan,nan,nan,nan,nan,nan,nan,nan,"Designar o servidor Ildo Joao Bastianello Cezar, Carreira Medica (Clinica Medica), Matricula
no 127.127-X, para substituir a Diretora Regional de Saude do Recanto das Emas da Secretaria
de Estado de Saude do Distrito Federal, Simbolo DFG-13, no periodo de 07 a 21 de janeiro de
2002, por motivo de ferias"
23,Substituição de Funções, a servidora Petruza Damaceno de Brito,135.123-0,a Gerente de Enfermagem da Diretoria de Promocao e Assistencia a Saude da Subsecre,nan,nan,DFG-11,nan,nan,nan,nan,nan,nan,nan,nan,"Designar a servidora Petruza Damaceno de Brito, Carreira de Enfermeiro, Matricula no 135.123-0,
para substituir a Gerente de Enfermagem da Diretoria de Promocao e Assistencia a Saude da Subsecre-
taria de Atencao a Saude da Secretaria de Estado de Saude do Distrito Federal, Simbolo DFG-11, no
periodo de 13 a 22 de fevereiro de 2002, por motivo de ferias"
24,Substituição de Funções, a servidora Livia Ramos,131.021-,"o Chefe do Nucleo de Medicamentos da Gerencia de Abastecimento Farmaceutico da
Diretoria de Apoio Logistico e Material da Subsecretaria de Apoio Operacional da Secretaria de
Estado de Saude do Distrito Federal",nan,nan,DFG-07,nan,nan,nan,nan,nan,nan,nan,nan,"Designar a servidora Livia Ramos, Carreira Cirurgiao Dentista (Odontologo), Matricula no 131.021-
6, para substituir o Chefe do Nucleo de Medicamentos da Gerencia de Abastecimento Farmaceutico da
Diretoria de Apoio Logistico e Material da Subsecretaria de Apoio Operacional da Secretaria de
Estado de Saude do Distrito Federal, Simbolo DFG-07, no periodo de 07 a 26 de janeiro de 2002, por
motivo de ferias"
25,Substituição de Funções, o servidor Francisco Diogivan Filho,128.299-9,nan,nan,nan,DFG-07,nan,nan,nan,nan,nan,nan,nan,nan,"Designar o servidor Francisco Diogivan Filho, Assistente Intermediario de Saude I (Auxiliar
Operacional de Servicos Diversos  Operador de Maquina), Matricula no 128.299-9, para substi-
tuir o Chefe do Nucleo de Material de Enfermagem da Gerencia de Abastecimento Farmaceutico
da Diretoria de Apoio Logistico e Material da Subsecretaria de Apoio Operacional da Secretaria
de Estado de Saude do Distrito Federal, Simbolo DFG-07, no periodo de 07 a 16 de janeiro de
2002, por motivo de ferias"
26,Substituição de Funções, o servidor Francisco Diogivan Filho,128.299-9,"o Chefe
do Nucleo de Movimentacao de Materiais Medico",nan,nan,DFG-07,nan,nan,nan,nan,nan,nan,nan,nan,"Designar o servidor Francisco Diogivan Filho, Assistente Intermediario de Saude I (Auxiliar Operaci-
onal de Servicos Diversos  Operador de Maquina), Matricula no 128.299-9, para substituir o Chefe
do Nucleo de Movimentacao de Materiais Medico-Hospitalares da Gerencia de Abastecimento Far-
maceutico da Diretoria de Apoio Logistico e Material da Subsecretaria de Apoio Operacional da
Secretaria de Estado de Saude do Distrito Federal, Simbolo DFG-07, no periodo de 21 de janeiro a 09
de fevereiro de 2002, por motivo de ferias"
27,Substituição de Funções, o servidor RICARDO MARCOS LANDIM,n.o,"o Chefe do Nucleo de Coleta e Apresentacao de Dados da Gerencia de
Regulacao",nan,nan,DFG,nan,nan,nan,nan,nan,nan,nan,nan,"Designar o servidor RICARDO MARCOS LANDIM, AIS  Agente Administrativo, matricula n.o
137.859-7, para substituir o Chefe do Nucleo de Coleta e Apresentacao de Dados da Gerencia de
Regulacao, Controle e Avaliacao do HRAS, simbolo DFG 04, no periodo de 10.01.2002 a 08.02.2002,
por motivo de ferias do titular"
28,Substituição de Funções, o servidor ALEXANDRE PEIXOTO SERAFIM,n.o,"a Chefe da Unidade de Terapia Intensiva Adulto e Infantil
da Gerencia de Atencao a Saude do Hospital Regional da Asa Sul DFG",nan,nan,nan,nan,nan,nan,nan,nan,nan,nan,nan,"Designar o servidor ALEXANDRE PEIXOTO SERAFIM, ASS  Medico Terapia Intensiva Pediatri-
ca, matricula n.o 140.587-X, para substituir a Chefe da Unidade de Terapia Intensiva Adulto e Infantil
da Gerencia de Atencao a Saude do Hospital Regional da Asa Sul DFG 05, no periodo de 02.01.2002
a 31.01.2002, por motivo de ferias do titular"
29,Substituição de Funções, a servidora LUDMILLA BEATRIZ LUZIA DE PAULA LIMA ROCHA,n.o,o Gerente da Gerencia de Pessoal do Hospi,"n.o
131.847-0",nan,DFG,nan,,nan,nan,nan,nan,nan,nan,"Designar a servidora LUDMILLA BEATRIZ LUZIA DE PAULA LIMA ROCHA, AIS  Agente
Administrativo, matricula n.o  139.295-6, para substituir o Gerente da Gerencia de Pessoal do Hospi-
tal Regional da Asa Sul, simbolo DFG 08, no periodo de 21.01.2002 a 09.02.2002, por motivo de
ferias do titular Designar o servidor GEORGE BARBOSA PESSOA, ASS  Medico Anestesiologia, matricula n.o
131.847-0, para substituir a Gerente de Atencao a Saude do Hospital Regional da Asa Sul, simbolo DFG
09, no periodo de 02.01.2002 a 31.01.2002, por motivo de ferias da titular"
30,Substituição de Funções, a servidora SANDRA HELENA LEANDRO,n.o,"o chefe do Nucleo de Controle e Prestacao de Contas da Gerencia de
Apoio Operacional do HRAS",nan,nan,DFG,nan,nan,nan,nan,nan,nan,nan,nan,"Designar a servidora SANDRA HELENA LEANDRO, AIS  Agente Administrativo, matricula n.o
119.454-2, para substituir o chefe do Nucleo de Controle e Prestacao de Contas da Gerencia de
Apoio Operacional do HRAS, simbolo DFG 04, no periodo de 02.01.2002 a 31.01.2002, por
motivo de ferias do titular"
31,Substituição de Funções, o servidor JOELSON DONIZETTI DEVOTI,nan,"o Chefe do Nucleo de Patologia Clinica da Gerencia de
Diagnose e Tratamento do HRAS",nan,nan,DFG,nan,nan,nan,nan,nan,nan,nan,nan,"Designar o servidor JOELSON DONIZETTI DEVOTI, ASS  Medico Patologia Clinica, matri-
cula n.o 120.929-9, para substituir o Chefe do Nucleo de Patologia Clinica da Gerencia de
Diagnose e Tratamento do HRAS, simbolo DFG 05, no periodo de 02.01.2002 a 16.01.2002,
por motivo de ferias do titular"
32,Substituição de Funções, a servidora LILIAN RUTH RODRIGUES COSTA,n.o,"o Chefe do Nucleo de Atividades Gerais da Gerencia
de Apoio Operacional do HRAS",nan,nan,DFG,nan,nan,nan,nan,nan,nan,nan,nan,"Designar a servidora LILIAN RUTH RODRIGUES COSTA, AIS II  Agente de Portaria,
matricula n.o 135.928-2, para substituir o Chefe do Nucleo de Atividades Gerais da Gerencia
de Apoio Operacional do HRAS, simbolo DFG 04, no periodo de 02.01.2002 a 31.01.2002,
por motivo de ferias do titular"
33,Substituição de Funções, a servidora MARIA CELENE PEREIRA VIRGEM,n.o,nan,nan,nan,DFG,nan,nan,nan,nan,nan,nan,nan,nan,"Designar a servidora MARIA CELENE PEREIRA VIRGEM, AIS  Agente Administrativo, matricula
n.o 112.118-9, substituir o Chefe do Nucleo de Protocolo e Documentacao Administrativa da Geren-
cia de Apoio Operacional do HRAS, simbolo DFG 04, no periodo de 02.01.2002 a 31.01.2002, por
motivo de ferias do titular"
34,Substituição de Funções, a servidora ANA PAULA BONTEMPO DE ALMEIDA,n.o,"a Chefe do Nucleo de Apoio Burocratico as Unidade Medicas
da Gerencia de Atencao a Saude do HRAS",n.o 137.303-X,nan,DFG,nan,,nan,nan,nan,nan,nan,nan,"Designar a servidora ANA PAULA BONTEMPO DE ALMEIDA, AIS  Agente Administrativo,
matricula n.o 137.965-8, para substituir a Chefe do Nucleo de Apoio Burocratico as Unidade Medicas
da Gerencia de Atencao a Saude do HRAS, simbolo DFG 04, no periodo de 02.01.2002 a 11.01.2002,
por motivo de ferias do titular MARIO ANTONIO ALVARENGA HORTA BARBOSA DIRETORIA REGIONAL DE SAUDE DO GAMA ORDEM DE SERVICO No 133, DE 5 DE DEZEMBRO DE 2001 O DIRETOR DA DIRECAO REGIONAL DE SAUDE DO GAMA DA SUBSECRETARIA DE ATEN-
CAO A SAUDE DA SECRETARIA DE ESTADO DE SAUDE DO DISTRITO FEDERAL, no uso das
atribuicoes  que lhe foram delegadas atraves do subitem 3, da  Portaria n.o 2 de 16 de Janeiro de 2.001,
publicada no DODF, n.o 12 de 17 de Janeiro de 2001, pagina 19 e nos termos do Decreto n.o 21.816
de 12 de Dezembro de 2.000, republicado em 15.12.2.000, resolve: DESIGNAR a servidora, ANA PAULA APARECIDA BORGES, ASS (Medico Medicina do Trabalho)
matricula n.o 137.303-X, para substituir a Chefe do Nucleo de Seguranca Higiene e Medicina do
Trabalho do Hospital Regional do Gama,  simbolo DFG-05, no periodo de 02 a 16 de janeiro de 2002,
por motivos de ferias do titular, conforme Memorando n.o 169//2.001- NSHMT/HRG"
35,Substituição de Funções, a servidora,n.o,"o Chefe do Nucleo de Protocolo e Documentacao Administrativa do
Hospital Regional do Gama",nan,nan,DFG-04,nan,nan,nan,nan,nan,nan,nan,nan,"DESIGNAR a servidora, ISIS DOLORES E SILVA SOUZA, AIS (Agente Administrativo) matricula n.o
126.395-1, para substituir o Chefe do Nucleo de Protocolo e Documentacao Administrativa do
Hospital Regional do Gama,  simbolo DFG-04, no periodo de 02 a 31 de janeiro de 2002, por motivos
de ferias do titular, conforme Memorando n.o 040/2.001- NPDA/GAO/HRG"
36,Substituição de Funções, a servidora,n.o,o Chefe do Nucleo de Internacao e Alta do Hospital Regional do Gama,nan,nan,DFG-04,nan,nan,nan,nan,nan,nan,nan,nan,"DESIGNAR a servidora, LUZIA ARAGAO CARDOSO, AIS (Agente Administrativo) matricula n.o
123.271-1, para substituir o Chefe do Nucleo de Internacao e Alta do Hospital Regional do Gama,
simbolo DFG-04, no periodo de 07 a 26 de janeiro de 2002, por motivos de ferias do titular, conforme
Memorando n.o 067/2.001- NUCLEO DE INT"
37,Substituição de Funções, a servidora,n.o,o Chefe do Nucleo de Enfermagem do Centro de Saude no,nan,nan,DFG-05,nan,nan,nan,nan,nan,nan,nan,nan,"DESIGNAR a servidora, MARIA TILZA DA COSTA, ASS (Enfermeira) matricula n.o 129.828-3,
para substituir o Chefe do Nucleo de Enfermagem do Centro de Saude no 04 da Diretoria Regional de
Saude do Gama,  simbolo DFG-05, no periodo de 17 a 31 de janeiro de 2002, por motivos de ferias do
titular, conforme Memorando n.o 113/2.001-NA/CSG-04"
38,Substituição de Funções, o servidor,e,"o Chefe do Nucleo de Matricula e Arquivo Medico do Hospital
Regional do Gama",nan,nan,DFG-05,nan,nan,nan,nan,nan,nan,nan,nan,"DESIGNAR o servidor, PAULO JOSE ESMERALDO MOURAO, AIS (Agente Administrativo) ma-
tricula n.o 123.630-0, para substituir o Chefe do Nucleo de Matricula e Arquivo Medico do Hospital
Regional do Gama,  simbolo DFG-05, no periodo de 11 de dezembro de 2001 a 09 de janeiro de 2002,
por motivos de ferias do titular, conforme Memorando n.o 049/2.001-GRCA/HRG"
39,Substituição de Funções, o servidor,n.o,o Chefe da Unidade de Traumatologia e Ortopedia do Hospi,nan,nan,DFG-05,nan,nan,nan,nan,nan,nan,nan,nan,"DESIGNAR o servidor, MIVALDO DAMASO DOS SANTOS, ASS (Ortopedia e Traumatologia)
matricula n.o 131.189-1, para substituir o Chefe da Unidade de Traumatologia e Ortopedia do Hospi-
tal Regional do Gama,  simbolo DFG-05, no periodo de 15 de dezembro de 2001 a 03 de janeiro de
2002, por motivos de ferias do titular, conforme Memorando n.o 112/UTOF/HRG"
40,Substituição de Funções, a servidora,n.o,o Gerente de Regulacao,nan,nan,DFG-08,nan,nan,nan,nan,nan,nan,nan,nan,"DESIGNAR a servidora, MARILIZA TIVES PADILHA, AIS (Agente Administrativo) matricula n.o
137.919-4, para substituir o Gerente de Regulacao, Controle e Avaliacao do Hospital Regional do
Gama, simbolo DFG-08, no periodo de 17 a 31 de dezembro de 2001, por motivos de ferias do titular,
conforme Memorando n.o 050/2.001-GRCA/HRG"
41,Substituição de Funções,nan,nan,nan,"127460-0
e LAURA BATISTA DA CUNHA ( membro e secretaria )",nan,nan,nan,nan,nan,nan,nan,nan,nan,nan,"Designar, VALDIR DE AQUINO XIMENES, CM-Medico Pediatria, Matricula 129864-X, ADME-
MILSON SOARES DOS SANTOS, AIS-II-Supervisor de seguranca do Trabalho, Matricula 127460-0
e LAURA BATISTA DA CUNHA ( membro e secretaria ), AIS-II-Agente Administrativo, Matricula
130703-7, para, sob a presidencia do primeiro, constituirem Comissao de Sindicancia destinada a
apurar os fatos constantes dos processos No 278.000283/2001 e 278.000289/2001"
42,Substituição de Funções, a servidora TERESA CRISTINA FREITAS SOARES,n.o,"o cargo de Chefe do Nucleo de Nutricao e Dietetica da Diretoria Regional
de Saude de Sobradinho",nan,nan,DFG-05,nan,nan,nan,nan,nan,nan,nan,nan,"Designar a servidora TERESA CRISTINA FREITAS SOARES, ASS (Nutricionista), matricula n.o
132.466-7, para substituir o cargo de Chefe do Nucleo de Nutricao e Dietetica da Diretoria Regional
de Saude de Sobradinho, Simbolo DFG-05, do Quadro de Cargos em Comissao da Secretaria de Estado
de Saude do Distrito Federal, no periodo de 02 a 21.01.2002, por motivo de ferias do titular"
43,Substituição de Funções, o servidor CLAUDIO MOISES SALES,n.o,o cargo de Chefe do Nucleo de Transporte da Diretoria Regional de Saude de Sobradinho,nan,nan,DFG-04,nan,nan,nan,nan,nan,nan,nan,nan,"Designar o servidor CLAUDIO MOISES SALES, AIS (Motorista), matricula n.o 133.393-3, para
substituir o cargo de Chefe do Nucleo de Transporte da Diretoria Regional de Saude de Sobradinho,
Simbolo DFG-04, do Quadro de Cargos em Comissao da Secretaria de Estado de Saude do Distrito
Federal, no periodo de 01 a 31.10.2001, por motivo de Licenca Premio do titular"
44,Substituição de Funções, a servidora WILMA MARCELINO COELHO CAVALCANTE,nan,"o cargo de Chefe do Nucleo de Controle e Infeccao Hospitalar da
Diretoria Regional de Saude de Sobradinho",nan,nan,DFG-05,nan,nan,nan,nan,nan,nan,nan,nan,"Designar a servidora WILMA MARCELINO COELHO CAVALCANTE, ASS (Enfermeiro), matricu-
la n.o 127.147-4, para substituir o cargo de Chefe do Nucleo de Controle e Infeccao Hospitalar da
Diretoria Regional de Saude de Sobradinho, Simbolo DFG-05, do Quadro de Cargos em Comissao da
Secretaria de Estado de Saude do Distrito Federal, no periodo de 02 a 14.11.2001, por motivo de
Licenca Medica do titular"
45,Substituição de Funções, a servidora MARIA ISABEL PINHEIRO DOURADO MATOS,n.o,"o cargo de Chefe da Unidade de Anestesiologia e Gasoterapia
da Diretoria Regional de Saude de Sobradinho",nan,nan,DFG-05,nan,nan,nan,nan,nan,nan,nan,nan,"Designar a servidora MARIA ISABEL PINHEIRO DOURADO MATOS, Medico (Anestesiologista),
matricula n.o 129.191-2, para substituir o cargo de Chefe da Unidade de Anestesiologia e Gasoterapia
da Diretoria Regional de Saude de Sobradinho, Simbolo DFG-05, do Quadro de Cargos em Comissao da
Secretaria de Estado de Saude do Distrito Federal, no periodo de 03 a 17.12.2001, por motivo de
ferias do titular"
46,Substituição de Funções, a servidora ANTONIA DA MOTA E SILVA ARAUJO,n.o,"o cargo de Gerente da Gerencia de Enfermagem da Diretoria Regional de
Saude de Sobradinho",nan,nan,DFG-08,nan,nan,nan,nan,nan,nan,nan,nan,"Designar a servidora ANTONIA DA MOTA E SILVA ARAUJO, ASS (Enfermeiro), matricula n.o
123.482-X, para substituir o cargo de Gerente da Gerencia de Enfermagem da Diretoria Regional de
Saude de Sobradinho, Simbolo DFG-08, do Quadro de Cargos em Comissao da Secretaria de Estado de
Saude do Distrito Federal, no periodo de 10 a 24.01.2002, por motivo de ferias do titular"
47,Substituição de Funções, a servidora ROSANA GONCALVES DE BRITO,n.o,MARLENE DA SILVA COSTA BRASIL,n.o 102.149-4,"ocupante do Cargo em
Comissao",DFG,nan,nan,nan,"Secretaria de Estado de Acao Social do Distrito Federal, no periodo de 03
a 12.12.2001, por motivo de ferias regulamentares da Titular",nan,nan,nan,nan,"Designar a servidora ROSANA GONCALVES DE BRITO, matricula n.o 102.010-2, Encarregada, para
substituir MARLENE DA SILVA COSTA BRASIL, matricula n.o 102.149-4, ocupante do Cargo em
Comissao, Simbolo DFG 11, de Gerente da Gerencia de Acompanhamento e Controle, da Diretoria de
Contratos e Convenios, da Secretaria de Estado de Acao Social do Distrito Federal, no periodo de 03
a 12.12.2001, por motivo de ferias regulamentares da Titular"
48,Substituição de Funções, a servidora EDRIANE CRISTINA DANTAS,39.857-8,DIOGO RODRIGUES BORGES,93.149-7,Gerente de Controle/DPCO desta Secretaria,DFA-02,nan,,nan,nan,nan,nan,nan,nan,"Designar a servidora EDRIANE CRISTINA DANTAS, matricula no 39.857-8, lotada na Gerencia de
Controle/DPCO desta Secretaria, simbolo DFA-02, para substituir DIOGO RODRIGUES BORGES,
matricula no 93.149-7, Gerente de Controle/DPCO desta Secretaria, simbolo DFG -11, no periodo 07/
01/2002 a 05/02/2002, por motivo de ferias regulamentares "
49,Substituição de Funções, JOSE NAZARENO CORCINO DA SILVA,32.736-0,nan,nan,nan,nan,nan,nan,nan,nan,nan,nan,nan,nan,"Designar JOSE NAZARENO CORCINO DA SILVA, matricula no 32.736-0, como EXECUTOR do
Contrato no 014/2000-ST, tendo como objeto a prestacao servicos, de forma continua, de manuten-
cao preventiva e corretiva, com tecnico plantonista, e de assistencia tecnica de 06 (seis) elevadores,
com fornecimento de pecas originais e genuinas, instalados no edificio Sede da Estacao Rodoviaria de
Brasilia (ERB), conforme especificado no Edital de Tomada de Precos no 001/2000-CEL/ST-Port"
50,Substituição de Funções, JOSE NAZARENO CORCINO DA SILVA,32.736-0,nan,nan,nan,nan,nan,nan,nan,nan,nan,nan,nan,nan,"Designar JOSE NAZARENO CORCINO DA SILVA, matricula no 32.736-0, como EXECUTOR do
Contrato no 001/2000-ST, tendo como objeto a prestacao servicos, de forma continua, de manuten-
cao preventiva e corretiva, com tecnico plantonista, e de assistencia tecnica de 12 (doze) escadas
rolantes, com fornecimento de pecas originais e genuinas, instalados no edificio Sede da Estacao
Rodoviaria de Brasilia (ERB), conforme especificado no Edital de Tomada de Precos no 002/2000-
CEL/ST-Port"
51,Substituição de Funções, JOSE NAZARENO CORCINO DA SILVA,32.736-0,nan,nan,nan,nan,nan,nan,nan,nan,nan,nan,nan,nan,"Designar JOSE NAZARENO CORCINO DA SILVA, matricula no 32.736-0, como EXECUTOR
do Contrato no 012/2000-ST, tendo como objeto a execucao dos servicos de manutencao pre-
ventiva e corretiva dos sistemas contra incendio, eletrico, automacao predial, hidraulico, eleva-
torio, de esgoto, ar condicionado e geracao de energia eletrica de emergencia da Estacao Rodovi- aria de Brasilia (ERB), conforme especificado no Convite no 002/2000-CEL/ST-Port"
52,Substituição de Funções, a servidora SIMONE ROCHA GAY,57.558-5,nan,nan,nan,nan,nan,nan,nan,nan,nan,nan,nan,nan,"DESIGNAR a servidora SIMONE ROCHA GAY, Agente de Policia, matricula 57.558-5, para
desempenhar as funcoes de Executora do Convenio No 38/2001-SEDH/MJ celebrado entre o
entre o Distrito Federal com interveniencia da Policia Civil, e a Secretaria de Estado dos Direitos
Humanos, objeto do processo 052.000.754/2001, que dispoe sobre o aprimoramento do atendi-
mento as criancas e aos adolescentes vitimas da violencia fazendo cumprir o Estatuto da Crianca
e do Adolescente  ECA, cujas atribuicoes estao previstas na Instrucao Normativa No"
53,Substituição de Funções, o servidor LUIS HENRIQUE MONNERAT,31.832-9,nan,nan,nan,nan,nan,nan,nan,nan,nan,nan,nan,nan,"DESIGNAR o servidor LUIS HENRIQUE MONNERAT, Tecnico de Apoio as Atividades Poli-
ciais Civis, matricula 31.832-9, para desempenhar as funcoes de Executor do contrato celebra-
do entre o Distrito Federal, por intermedio da Policia Civil, e a empresa SITCOM Sistema
Integrado de Telecomunicacoes Ltda., objeto do processo 0052-001394/2001, que dispoe
sobre manutencao corretiva em duas centrais telefonicas da marca Nortel/Nortstar modelo
Meridian para a PCDF, cujas atribuicoes estao previstas na Instrucao Normativa no.10/97,
publicada no Diario Oficial do Distrito Federal no 88, de 12 de abril de 1997 e no Decreto no"
54,Substituição de Funções, TANIA DE RAMALHO DE R,nan,nan,nan,nan,nan,nan,nan,nan,nan,nan,nan,nan,nan,Designar TANIA DE RAMALHO DE R
55,Substituição de Funções, LIGIA DE MORAIS MENDES,n.o,CASSEMIRO SILVA DE SOUZA,n.o 91.575-0,"Chefe do Nucleo de
Tratamento e Recuperacao da Informacao",DFG-10,nan,nan,nan,nan,nan,nan,nan,nan,"Designar LIGIA DE MORAIS MENDES, matricula n.o 1650283-0, Tecnico de Administracao Publi-
ca, para substituir CASSEMIRO SILVA DE SOUZA, matricula n.o 91.575-0, Chefe do Nucleo de
Tratamento e Recuperacao da Informacao, Simbolo DFG-10, da Gerencia de Biblioteca, da  Diretoria
de Bibliotecas, da Secretaria de Estado de Cultura do Distrito Federal, no periodo de  31/12/2001 a 29/
01/2002, por motivo de ferias regulamentares"
56,Substituição de Funções, MARIA LUIZA COELHO DE SOUZA,n.o,MARILENE GONCALVES DE SOUSA,n.o 1650045-2," Chefe
do Nucleo de Documentacao e Memoria",DFG-10,nan,nan,nan,nan,nan,nan,nan,nan,"Designar MARIA LUIZA COELHO DE SOUZA, matricula n.o 1650055-6, Tecnico de Administra-
cao Publica,  para substituir MARILENE GONCALVES DE SOUSA, matricula n.o 1650045-2,  Chefe
do Nucleo de Documentacao e Memoria, da  Gerencia de Projetos,  Simbolo DFG-10, da Diretoria de
Bibliotecas, da Secretaria de Estado de Cultura do Distrito Federal, no periodo de 31/12/2001 a 29/01/
2002, por motivo de ferias regulamentares"
57,Substituição de Funções, ILANE  NOGUEIRA MATIAS,n.o,JARBAS SILVA MARQUES,n.o 96.796-3,"Diretor do
Departamento do Patrimonio Historico e Artistico",DFA-,nan,,nan,nan,nan,nan,nan,nan,"Designar ILANE  NOGUEIRA MATIAS, matricula  n.o 108080-6, Assessora,  Simbolo DFA-
10, da Diretoria do Patrimonio Historico e Artistico, da Secretaria de Estado de Cultura do
Distrito Federal, para substituir JARBAS SILVA MARQUES, matricula n.o 96.796-3, Diretor do
Departamento do Patrimonio Historico e Artistico, Simbolo DFG-14,  da Secretaria de Estado
de Cultura do Distrito Federal, no periodo de 31/12/2001 a 29/01/2002, por motivo de gozo de
ferias regulamentares"
58,Substituição de Funções, o servidor Rodson Raynal dos Santos,33.011-6,"Luiz Gonzaga
de Negreiros",93.297-3,Diretor,DFG-14,nan,nan,nan,nan,nan,nan,nan,nan,"Designar o servidor Rodson Raynal dos Santos, matricula no 33.011-6,  para substituir Luiz Gonzaga
de Negreiros, matricula no 93.297-3, Diretor, Simbolo DFG-14, da Diretoria de Divulgacao da Secre-
taria de Comunicacao Social, no periodo de 01.12.2001 a 30.12.2001,  por motivo de ferias regula-
mentares do titular"
59,Substituição de Funções, a servidora Maria do Carmo Silva,93.208-6,"Milton Dias
Guimaraes",97.790-X,Diretor,DFG-14,nan,nan,nan,nan,nan,nan,nan,nan,"Designar a servidora Maria do Carmo Silva, matricula no 93.208-6, para substituir Milton Dias
Guimaraes, matricula no 97.790-X, Diretor, Simbolo DFG-14, da Diretoria de Publicidade e Promo-
cao da Secretaria de Comunicacao Social, no periodo de 26.12.2001 a 09.01.2002, por motivo de
ferias regulamentares do titular"
60,Substituição de Funções, nos termos do Decreto,n.o,"JOSE CARLOS
RIBEIRO REINO",n.o 106.897-0,Gerente,DFG-12,nan,nan,nan,nan,nan,nan,nan,nan,"Designar nos termos do Decreto 21.816 de 12.12.2000, o servidor DALIO RIBEIRO DE MENDON-
CA FILHO, matricula n.o 37.709-0, Analista de Administracao Publica, para substituir JOSE CARLOS
RIBEIRO REINO, matricula n.o 106.897-0, Gerente, Simbolo DFG-12, da Gerencia de Licenciamen-
to de Obras e Exploracao Mineral, da Diretoria de Licenciamento Fiscalizacao e Monitoramento
Ambiental, da Subsecretaria do Meio Ambiente, da Secretaria de Meio Ambiente de Recursos Hidricos
do Distrito Federal, no periodo de 03 a 17.12.2001 e 31.12.2001 a 14.01.2002,  por motivo de ferias
regulamentares"
61,Substituição de Funções, nos termos do Decreto,n.o,ROBERTO TAVARES PETTERLE,n.o 105.038-9,Diretor,DFG-12,nan,,nan,nan,nan,nan,nan,nan,"Designar nos termos do Decreto 21.816 de 12.12.2000, o servidor MANOEL ALESSANDRO MA-
CHADO DE ARAUJO, matricula n.o 105.050-8, Gerente, Simbolo DFG-12,  da Gerencia de Preser-
vacao do Patrimonio Ecologico das Unidades de Conservacao e Parques Ecologicos, para substituir
ROBERTO TAVARES PETTERLE, matricula n.o 105.038-9, Diretor, Simbolo DFG-14, da Diretoria
de Preservacao, Conservacao e Educacao Ambiental, da Subsecretaria do Meio Ambiente, da Secreta-
ria de Meio Ambiente de Recursos Hidricos do Distrito Federal, no periodo de 29.11 a 28.12.2001,
por motivo de ferias regulamentares do titular"
62,Substituição de Funções, para compor a referida Comissao os seguintes servidores,nan,nan,nan,nan,nan,nan,nan,nan,nan,nan,nan,nan,nan,"Designar para compor a referida Comissao os seguintes servidores: Natal Regino, matr"
63,Substituição de Funções, e nomear o Grupo de Trabalho Revitalizacao do Comercio Local da QI,n.o,nan,"n.o
95.122-6",nan,nan,nan,nan,nan,nan,nan,nan,nan,nan,"Designar e nomear o Grupo de Trabalho Revitalizacao do Comercio Local da QI-15, objeto do
Processo Administrativo n.o 146.000.724/2000, composto dos seguintes membros: CLAUDIA MA-
RIA MATOS ARAUJO, Arquiteta, CREA n.o 5436/D-DF, matricula n.o 59.013-4  NOVACAP, que
exercera a funcao de Coordenadora; FLAVIO HENRIQUE ANDRADE DA SILVA, matricula n.o
95.122-6, Chefe do Servico de Fiscalizacao de Obras e Posturas  SFOP/DRALF/RA XVI; e CLELIA
MARIA DE AZEVEDO CALDERON, matricula n.o 91.329-4; sendo, todos esses, servidores lotados
nesta Administracao Regional"
