,Tipo,Nome,Cargo Efetivo,Matricula,Siape,Simbolo,Cargo Comissao,Lotacao,Orgao,text
0,Nomeação, ANTONIO SIQUEIRA CAMPOS,para exercer o Cargo em Comissao,nan,nan,DFA-05,  Secretario Administrativo  do Gabinete,nan,nan,"NOMEAR ANTONIO SIQUEIRA CAMPOS, para exercer o Cargo em Comissao, Simbolo
DFA-05, de  Secretario Administrativo  do Gabinete, da Secretaria de Estado de Coordenacao das
Administracoes Regionais do Distrito Federal"
1,Nomeação, ELAINE ALVES DAS NEVES,para exercer o Cargo em Comissao,nan,nan,DFG-, Encarregado do Gabinete,nan,nan,"NOMEAR ELAINE ALVES DAS NEVES, para exercer o Cargo em Comissao, Simbolo DFG-
03, de Encarregado do Gabinete, da Secretaria de Estado de Coordenacao das Administracoes
Regionais do Distrito Federal"
2,Nomeação, JAQUELINE PEREIRA PINHEIRO,para exercer o Cargo em Comissao,nan,nan,DFG-03, Encarregado do Gabinete,nan,nan,"NOMEAR JAQUELINE PEREIRA PINHEIRO, para exercer o Cargo em Comissao, Simbolo
DFG-03, de Encarregado do Gabinete, da Secretaria de Estado de Coordenacao das Administra-
coes Regionais do Distrito Federal"
3,Nomeação, FELICIANA PINTO DA SILVA,para exercer o Cargo em Comissao,nan,nan,DFG-, Encarregado do Gabinete,nan,nan,"NOMEAR FELICIANA PINTO DA SILVA, para exercer o Cargo em Comissao, Simbolo DFG-
03, de Encarregado do Gabinete, da Secretaria de Estado de Coordenacao das Administracoes
Regionais do Distrito Federal"
4,Nomeação, JORKJONE SILVA BATISTA,Tecnico de Administracao Publica,100.371-2,nan,DFA-07,nan,nan,nan,"NOMEAR JORKJONE SILVA BATISTA, Tecnico de Administracao Publica, Matricula no
100.371-2, para exercer o Cargo em Comissao, Simbolo DFA-07, de Assistente da Diretoria do
Laboratorio Central de Saude Publica da Subsecretaria de Vigilancia a Saude da Secretaria de
Estado de Saude do Distrito Federal"
5,Nomeação, BALTAZAR NOGUEIRA,"Assistente Intermediario de Saude (Auxiliar de Enferma-
gem)",127.024-9,nan,DFA-03,nan,nan,nan,"NOMEAR BALTAZAR NOGUEIRA, Assistente Intermediario de Saude (Auxiliar de Enferma-
gem), Matricula no 127.024-9, para exercer o Cargo em Comissao, Simbolo DFA-03, de Supervi-
sor de Enfermagem da Gerencia  de Enfermagem do Hospital Regional da Asa Norte da Secretaria
de Estado de Saude do Distrito Federal"
6,Nomeação, IRIS FERRARI,para exercer o Cargo em Comissao,nan,nan,DFG-10,nan,nan,nan,"NOMEAR IRIS FERRARI, para exercer o Cargo em Comissao, Simbolo DFG-10, de Chefe do
Nucleo de Bioestatistica da Gerencia de Pesquisa da Coordenacao de Pesquisa e Comunicacao
Cientifica da Escola Superior de Ciencias da Saude da Fundacao de Ensino e Pesquisa em Ciencias
da Saude da Secretaria de Estado de Saude do Distrito Federal"
7,Nomeação, CLAUDETE GONCALVES CAMARA,"Assistente Superior de Saude (Nutricio-
nista)",122.384-4,nan,DFG-05,nan,nan,nan,"NOMEAR CLAUDETE GONCALVES CAMARA, Assistente Superior de Saude (Nutricio-
nista), Matricula no 122.384-4, para exercer o Cargo em Comissao, Simbolo DFG-05, de Chefe do
Nucleo de Nutricao Dietetica da Gerencia de Atencao Medica e Assistencial do Hospital Regional
do Guara da Secretaria de Estado de Saude do Distrito Federal"
8,Nomeação, MARIA LETICIA DE SA NERY,Carreira Medica (Sanitarista),120.509-,nan,DFG-14,nan,nan,nan,"NOMEAR MARIA LETICIA DE SA NERY, Carreira Medica (Sanitarista), Matricula no 120.509-
9, lotada no Centro de Saude no 03 da Diretoria Regional de Saude de Sobradinho, para exercer o
Cargo em Comissao, Simbolo DFG-14, criado pela Lei no 2.733 de 04 de julho de 2001, publicado
no DODF no 128 de 05 de julho de 2001, da Secretaria de Estado de Saude do Distrito Federal"
9,Nomeação,nan,nan,nan,nan,nan,nan,nan,nan,"NOMEAR, o 2o SGT BM GERALDO ANDRIOLA PEREIRA  MAT"
10,Nomeação,nan,nan,nan,nan,nan,nan,nan,nan,NOMEAR o MAJ QOBM/Comb
