,Tipo do Ato,Nome do Servidor Substituto,Matrícula do Servidor Substituto,Nome do Servidor a ser Substituido,Matrícula do Servidor a ser SubstituidoCargo,Símbolo do cargo do servidor substituto,Cargo comissionado objeto da substituição,Símbolo do cargo do objeto da substituição,Símbolo do cargo comissionado objeto da substituição,Hierarquia da Lotação,Órgão,Data Inicial da Vigência,Data Final de Vigência,Matrícula SIAPE,Motivo,text
0,Substituição de Funções, a servidora MONICA MERCIA SILVA,o,JORGE DE JESUS,o 106.498-6,Gerente de Eventos,DFG-11,nan,nan,nan,nan,nan,nan,nan,nan,"Designar a servidora MONICA MERCIA SILVA, matricula n o 95.418-7, do cargo em
comissao de Assistente do Nucleo de Cadastro de Producao de Eventos, da Agencia de
Desenvolvimento do Turismo do Distrito Federal, para substituir JORGE DE JESUS,
matricula n o 106.498-6, Gerente de Eventos, simbolo DFG-11, da Agencia de Desenvol-
vimento do Turismo do Distrito Federal, por motivo de ferias do titular, no periodo de
03.12.2001 a 01.01.2002"
1,Substituição de Funções, o servidor JOSE LEONARDO COSTA DE QUEIROZ,1650043-,"LUIZ
FERNANDO CORREA SILVA",1650475-1,Chefe de Gabinete,DFG-12,nan,,nan,nan,nan,nan,nan,nan,"Designar o servidor JOSE LEONARDO COSTA DE QUEIROZ, matricula no 1650043-
7, Chefe da Divisao de Administracao Geral, Simbolo DFG-12, para substituir LUIZ
FERNANDO CORREA SILVA, matricula no 1650475-1, Chefe de Gabinete, Simbolo
DFG-14, no periodo de 04 a 18/12/2001, por motivo do titular estar substituindo  a
Superintendente"
2,Substituição de Funções, a servidora MARIA DE FATIMA BISPO RODRIGUES,,nan,n.o 165.0043-7,nan,DFG-08,nan,,nan,nan,nan,nan,nan,nan,"Designar a servidora MARIA DE FATIMA BISPO RODRIGUES, matricula no  27.408-9,
Chefe do Servico de Pessoal da Divisao de Administracao  Geral, Simbolo DFG-08, para substi-
tuir JOSE LEONARDO COSTA DE QUEIROZ, matricula n.o 165.0043-7, Chefe da Divisao de
Administracao Geral, Simbolo DFG-12, no periodo de 04 a 18/12/2001, por motivo do titular
estar substituindo o Chefe de Gabinete"
3,Substituição de Funções, a servidora MARIA DA CONCEICAO MARTINS C,nan,nan,nan,nan,nan,nan,nan,nan,nan,nan,nan,nan,nan,Designar a servidora MARIA DA CONCEICAO MARTINS C
4,Substituição de Funções, a servidor  OSVALDO PEREIRA NOVAIS NETO,,LUCIA MARIA DAMASCENO FERNANDES,32.046-3, Encarregada de Registro Funcional,DFG-02,nan,nan,nan,nan,nan,nan,nan,nan,"Designar a servidor  OSVALDO PEREIRA NOVAIS NETO, matricula no  21.898-7, Tecnico
de Administracao Publica, para substituir LUCIA MARIA DAMASCENO FERNANDES,
matricula no 32.046-3,  Encarregada de Registro Funcional, Simbolo DFG-02, no periodo de 03 a
17/12/2001, por motivo de ferias da  titular"
5,Substituição de Funções, CLEVERTON DE JESUS SILVA,90.062-1,nan,90.081-8,nan,nan,nan,nan,nan,nan,nan,nan,nan,nan,"Designar CLEVERTON DE JESUS SILVA, matricula no 90.062-1, Auxiliar de Administracao
Publica, ALDAIR SILVA COUTO, matricula no 90.081-8, Auxiliar de Administracao Publica,
LUCIANO JULIO ARRUDA DA SILVA, matricula no 90.171-7, Assistente da Gerencia Cultu-
ral, para sob a presidencia do primeiro comporem a Comissao para realizar o Inventario Fisico
dos Bens Moveis do Arquivo Publico do Distrito Federal, relativo ao exercicio de 2001, com
prazo de 60 (sessenta) dias"
6,Substituição de Funções," um servidor para auxiliar
nos trabalhos locais",nan,nan,nan,nan,nan,nan,nan,nan,nan,nan,nan,nan,nan,"designar um servidor para auxiliar
nos trabalhos locais, bem como favorecer de toda forma possivel o acesso da comissao aos
recintos onde existem bens a inventariar"
7,Substituição de Funções, JOAQUIM MOREIRA BARROS NETO,90.150-4,nan,32.046-3,nan,nan,nan,nan,nan,nan,nan,nan,nan,nan,"Designar JOAQUIM MOREIRA BARROS NETO, matricula no 90.150-4, Chefe
do Nucleo de Gestao Documental, LUCIA MARIA DAMASCENO FERNANDES,
matricula no 32.046-3, Auxiliar de Administracao Publica, OSVALDO PEREIRA NO-
VAIS NETO matricula no 21.898-7, Tecnico de Administracao Publica, para sob a
presidencia do primeiro comporem a Comissao incumbida da Tomada de Contas do
Agente de Material do Arquivo Publico do DF, relativo ao exercicio de 2001, com
prazo de 30 (trinta) dias"
8,Substituição de Funções, os servidores abaixo relacionados,51.693-7,nan,nan,nan,nan,nan,nan,nan,nan,nan,nan,nan,nan,"Designar os servidores abaixo relacionados, para, sob a presidencia do primeiro, constituirem a
referida Comissao: ANTONIO JOAO DO BONFIM  matricula 51.693-7 (Presidente);
RENE PEREIRA  matricula 53.173-1 (Membro Efetivo);
IRES MARIA DA SILVA AMORIM  matricula 28.982-5 (Membro Efetivo);
JOSEMAR SALVIANO DA SILVA  matricula 27.668-5 (Membro Efetivo);
VERONICA COELHO DOS SANTOS  matricula 49.987-0 (Membro Suplente);
AROLDO AMORIM ODORICO  matricula 37.209-9 (Membro Suplente);
FLAUNILDES CHAGAS DE M"
9,Substituição de Funções, o servidor GERALDO  AURELIO  CIPRIANO  RESENDE,45.124-X,"o Titular do Cargo em Comissao Chefe do Nucleo de Transporte da Gerencia de Apoio
Logistico da Diretoria de Apoio Logistico e Material",nan,nan,DFG-07,nan,nan,nan,nan,nan,nan,nan,nan,"Designar o servidor GERALDO  AURELIO  CIPRIANO  RESENDE, matricula 45.124-X, para
substituir o Titular do Cargo em Comissao Chefe do Nucleo de Transporte da Gerencia de Apoio
Logistico da Diretoria de Apoio Logistico e Material, simbolo DFG-07, no periodo de 07/01/
2002 a 05/02/2002, por motivo de ferias do Titular"
10,Substituição de Funções, a servidora MARIA GRACIMILDA RODRIGUES,nan,nan,nan,nan,nan,nan,nan,nan,nan,nan,nan,nan,nan,Designar a servidora MARIA GRACIMILDA RODRIGUES..
11,Substituição de Funções, a servidora SIMONE SOUSA SILVA,nan,nan,nan,nan,nan,nan,nan,nan,nan,nan,nan,nan,nan,"Designar a servidora SIMONE SOUSA SILVA, .."
12,Substituição de Funções, a servidora MARIA GRACIMILDA RODRIGUES,nan,nan,nan,nan,nan,nan,nan,nan,nan,nan,nan,nan,nan,Designar a servidora MARIA GRACIMILDA RODRIGUES..
13,Substituição de Funções, a servidora SIMONE SOUSA SILVA,nan,nan,nan,nan,nan,nan,nan,nan,nan,nan,nan,nan,nan,"Designar a servidora SIMONE SOUSA SILVA, .."
14,Substituição de Funções," os servidores abaixo relacionados para comporem as comissoes de Inventario
Fisico Financeiro dos Bens Moveis",nan,nan,nan,nan,nan,nan,nan,nan,nan,nan,nan,nan,nan,"Designar os servidores abaixo relacionados para comporem as comissoes de Inventario
Fisico Financeiro dos Bens Moveis, da Secretaria de Estado de Saude, referente ao exercicio de 2001"
15,Substituição de Funções," os servidores abaixo relacionados para comporem as comissoes de Inventario
Fisico Financeiro dos Materiais de Consumo em estoque na SES",nan,nan,nan,nan,nan,nan,nan,nan,nan,nan,nan,nan,nan,"Designar os servidores abaixo relacionados para comporem as comissoes de Inventario
Fisico Financeiro dos Materiais de Consumo em estoque na SES-DF, referente ao exercicio de 2001"
16,Substituição de Funções," os servidores abaixo relacionados para comporem as comissoes de Inventario
dos Bens Imoveis",nan,nan,nan,nan,nan,nan,nan,nan,nan,nan,nan,nan,nan,"Designar os servidores abaixo relacionados para comporem as comissoes de Inventario
dos Bens Imoveis, da Secretaria de Estado de Saude, referente ao exercicio de 2001"
17,Substituição de Funções, o servidor JOSE GUILHERME DA SILVA FILHO  AIS  Motorista,n.o,"a Gerente da Gerencia de Apoio Operacional do Hospital
Regional da Asa Sul",nan,nan,DFG,nan,nan,nan,nan,nan,nan,nan,nan,"Designar o servidor JOSE GUILHERME DA SILVA FILHO  AIS  Motorista, Matricula
n.o 132.334-2, para substituir a Gerente da Gerencia de Apoio Operacional do Hospital
Regional da Asa Sul, simbolo DFG 08, no periodo de 07.01.2002 a 21.01.2002, por motivo
de ferias da titular"
18,Substituição de Funções, a servidora Maria do Rosario de F,nan,nan,nan,nan,nan,nan,nan,nan,nan,nan,nan,nan,nan,Designar a servidora Maria do Rosario de F
19,Substituição de Funções, o servidor Leonardo de Araujo Tome,134.925-2,a  Gerente de Apoio Operacional do HRGu,nan,nan,DFG,nan,nan,nan,nan,nan,nan,nan,nan,"Designar o servidor Leonardo de Araujo Tome, Agente Administrativo, Terceira Classe, Padrao
VII, Matricula 134.925-2 , para substituir a  Gerente de Apoio Operacional do HRGu, simbolo
DFG - 08, no periodo de 03/12/2001 a 22/12/2001  , por motivo de ferias da titular, conforme
Memorando n.o 301/2001-GAB/HRGu, datado de 08 de novembro de 2001"
20,Substituição de Funções, o servidor JOSE OLIVEIRA DA SILVA,101.845-0,nan,nan,nan,nan,nan,nan,nan,nan,nan,nan,nan,nan,"Designar o servidor JOSE OLIVEIRA DA SILVA, matricula no 101.845-0, Executor do
Contrato no 10/98, celebrado entre o Distrito Federal, por intermedio da Secretaria de Estado
de Acao Social e a Empresa TECNOLTA EQUIPAMENTOS ELETRONICOS LTDA, ca-
bendo ao designado as atribuicoes previstas no artigo 13, inciso II, do Decreto no 16.098, de
29/11/94, publicado no Diario Oficial do Distrito Federal de 29/11/94 e demais normas
inerentes ao assunto"
21,Substituição de Funções, o servidor RAIMUNDO ALBERTO DUMONT,n.o,nan,nan,nan,nan,nan,nan,nan,nan,nan,nan,nan,nan,"Designar o servidor RAIMUNDO ALBERTO DUMONT, matricula n.o 102.054-4,
Executor  do Contrato no 02/99, celebrado entre o Distrito Federal, por intermedio da Secre-
taria de Estado de Acao Social e a Empresa CELSIUS AR CONDICIONADO LTDA, caben-
do ao designado as atribuicoes previstas no  artigo 13, inciso II, do Decreto  n.o 16.098, de 29/
11/94, publicado no Diario Oficial do Distrito Federal de 30/11/94, e demais normas ineren-
tes ao assunto"
22,Substituição de Funções, PAULO GAVIANO,39.229-4,ADRIANA CABRAL FER,98.567-8,nan,nan,nan,nan,nan,nan,nan,nan,nan,nan,"Designar PAULO GAVIANO, matricula 39.229-4, para substituir ADRIANA CABRAL FER-
REIRA, matricula 98.567-8, Chefe da Secao de Expediente da Divisao Penitenciaria de Opera-
coes Especiais da Coordenacao do Sistema Penitenciario da Secretaria de Estado de Seguranca
Publica do Distrito Federal, Codigo DFG-02, no periodo de 15.10.2001 a  11.02.2002, em virtude
de Licenca Maternidade"
23,Substituição de Funções, o servidor MARIO MAGALHAES,91.093-7,nan,nan,nan,nan,nan,nan,nan,nan,nan,nan,nan,nan,"Designar o servidor MARIO MAGALHAES, matricula no 91.093-7, Diretor de Planeja-
mento desta Secretaria, executor tecnico do Contrato de Prestacao de Servico no 005/2001, que
tem por objeto o desenvolvimento e implantacao do controle automatizado de frequencia, em
tempo real, dos alunos da Qualificacao Profissional, firmado entre o Distrito Federal/Secretaria de
Trabalho e Direitos Humanos e a Companhia de Desenvolvimento do Planalto Central - CODE-
PLAN, Processo no 170.000.234/2001"
24,Substituição de Funções, o servidor CLAUDIO CESAR AUGUSTO LIMA DE SOUSA,93.342-2,o executor tecnico nos seus  impedimentos legais,nan,nan,nan,nan,nan,nan,nan,nan,nan,nan,nan,"Designar o servidor CLAUDIO CESAR AUGUSTO LIMA DE SOUSA, matricula no
93.342-2, Chefe do Nucleo de Informatica, da Diretoria de Planejamento desta Secretaria, para
substituir o executor tecnico nos seus  impedimentos legais"
25,Substituição de Funções, a servidora JUSSARA BEATRIZ MARTINS NATAL,98.344-6,nan,nan,nan,nan,nan,nan,nan,nan,nan,nan,nan,nan,"Designar a servidora JUSSARA BEATRIZ MARTINS NATAL, matricula no 98.344-6,
Assessora da Diretoria de Desenvolvimento Profissional desta Secretaria, executora tecnica do
Contrato de Prestacao de Servico de Qualificacao Profissional CFP no 001/2001, firmado entre o
Distrito Federal/Secretaria de Trabalho e Direitos Humanos e o Servico Nacional de Aprendiza-
gem Industrial  SENAI, Processo no 170.000.176/2001"
26,Substituição de Funções, a servidora MARCIA REGINA SAAD GUIMARAES,95.207-9,a executora tecnica nos seus  impedimen,nan,nan,nan,nan,nan,nan,nan,nan,nan,nan,nan,"Designar a servidora MARCIA REGINA SAAD GUIMARAES, matricula no 95.207-9,
Assessora do Gabinete desta Secretaria, para substituir a executora tecnica nos seus  impedimen-
tos legais"
27,Substituição de Funções, os servidores Marcio Britto de Almeida,no,nan,o 41.790-4,nan,nan,nan,nan,nan,nan,nan,nan,nan,nan,"Designar os servidores Marcio Britto de Almeida, Assessor Administrativo da Divisao Regi-
onal de Obra e Servicos Publicos, matricula  no 99.625-4, Sebastiao Antonio Santiago Filho,
Encarregado da Divisao Regional de Obras e Servicos Publicos, matricula n o 41.790-4, Joao
Otavio de Oliveira e Souza, Encarregado da Divisao Regional de Obras e Servicos Publicos,
matricula no 94.297-9, Elane Adolfo dos Santos, Encarregado da Secao de Servicos Gerais,
matricula no 94.427-0, para sob a presidencia do primeiro e secretariado pelo ultimo, consti-
tuir comissao para elaboracao do Inventario Fisico de Bens Patrimoniais Moveis e Imoveis,
desta Administracao Regional, referente ao exercicio de 2000"
28,Substituição de Funções, os servidores Suzana Souza Lima,100.447-6,nan,34.617-9,nan,nan,nan,nan,nan,nan,nan,nan,nan,nan,"Designar os servidores Suzana Souza Lima, Chefe da Secao de Servicos Gerais, matricula no
100.447-6, Cesar Paranhos, Tecnico de Planejamento e Orcamento, matricula no 34.617-9,
Maria de Jesus Pereira da Costa, Encarregado do Servico de Aprovacao de Projetos, matricu-
la no 94.574-9, Adelaide Rodrigues de Mendonca, Encarregado da Divisao Regional de Obras
e Servicos Publicos, matricula no 99.620-3,  para soba presidencia do primeiro e secretariado
pelo ultimo, constituir comissao de Tomada de Contas do Material em Estoque na Secao de
Material e Patrimonio,  desta Administracao Regional, referente ao exercicio de 2000"
29,Substituição de Funções, os servidores,no92.462-8,nan,no38.760-6 e MARIA NEUMA SILVA SANTOS,nan,nan,nan,nan,nan,nan,nan,nan,nan,nan,"Designar os servidores, ANTONIO SOARES FEITOSA, Encarregado da Divisao Regi-
onal de Agricultura, matricula no92.462-8, ROSANGELA DAVI DE CARVALHO, Auxiliar                                      Diario Oficial do Distrito Federal
PAGINA   26
No 236, quarta-feira, 12 de dezembro de 2001 de Administracao Publica, matricula no38.760-6 e MARIA NEUMA SILVA SANTOS, As-
sistente de Topografia, matricula no98.253-9, para comporem a Comissao de Inventario do
Almoxarifado, desta Unidade Administrativa, ficando presidida pelo primeiro e secretariada
pelo segunda, para no prazo de 90 (noventa) dias proceder o levantamento do Almoxarifado
e apresentar o relatorio"
30,Substituição de Funções, o servidor,no34689-6,nan,no41.185-X,nan,nan,nan,nan,nan,nan,nan,nan,nan,nan,"Designar o servidor, JOSE RUBENE CUNHA DE MESQUITA, Tecnico em Admi-
nistracao Publica, matricula no34689-6, para presidir a Comissao designada pela Ordem
de Servico no45, de 03 de outubro de 2001, em substituicao ao Servidor FLAVIO DE
ANDRADE MONTEIRO, Fiscal de Posturas, matricula no41.185-X, permanecendo os
demais membros"
31,Substituição de Funções, CELIA DE LIMA FERREIRA,31.240-1,"ROSANGELA CARMEM ALMEIDA ALVES DE
SOUSA",31.308-4,Chefe do Servico de Apoio Administrativo,DFG-08,nan,nan,nan,nan,nan,nan,nan,nan,"Designar CELIA DE LIMA FERREIRA, matricula no 31.240-1, Assistente de Apoio as
Atividades Juridicas, para substituir ROSANGELA CARMEM ALMEIDA ALVES DE
SOUSA, matricula no 31.308-4, Chefe do Servico de Apoio Administrativo, Simbolo
DFG-08, do Departamento de Administracao Geral, da Procuradoria-Geral do Distrito
Federal, no periodo de 14.01.2002 a 02.02.2002, por motivo de ferias da titular"
32,Substituição de Funções, IVALDO CESAR PEREIRA,44.185-6,EDMILSON FELIX COELHO,"27.729-
0",Chefe de Servicos Gerais,DFG-08,nan,nan,nan,nan,nan,nan,nan,nan,"Designar IVALDO CESAR PEREIRA, matricula no 44.185-6, Assistente de Apoio as
Atividades Juridicas, para substituir EDMILSON FELIX COELHO, matricula no 27.729-
0, Chefe de Servicos Gerais, Simbolo DFG-08, do Departamento de Administracao Ge-
ral, da Procuradoria-Geral do Distrito Federal, no periodo de 31.12.2001 a 09.01.2002,
por motivo de ferias do titular"
33,Substituição de Funções, IZABELA FROTA MELO,96.936-2,CASSIMIRO MARQUES DE OLIVEIRA,96.927-3,Procurador-Chefe,CNE-06,nan,,nan,nan,nan,nan,nan,nan,"Designar IZABELA FROTA MELO, matricula no 96.936-2, Procuradora-Coordenadora,
Simbolo CNE-06, para substituir CASSIMIRO MARQUES DE OLIVEIRA, matricula
no 96.927-3, Procurador-Chefe, Simbolo CNE-05, da Procuradoria do Meio Ambiente,
Patrimonio Urbanistico e Imobiliario, da Procuradoria-Geral do Distrito Federal, no
periodo de 31.12.2001 a 29.01.2002, por motivo de ferias do titular"
34,Substituição de Funções, LENARD VIEIRA DE CARVALHO,96.925-7,ELZA HELENA SOARES MUSTAFA,38.811-4,Coordenadora do Patrimonio Urbanistico e Imobiliario,CNE-06,nan,nan,nan,nan,nan,nan,nan,nan,"Designar LENARD VIEIRA DE CARVALHO, matricula no 96.925-7, Procurador do
Distrito Federal de 2a Categoria, para substituir ELZA HELENA SOARES MUSTAFA,
matricula no 38.811-4, Coordenadora do Patrimonio Urbanistico e Imobiliario, Simbolo
CNE-06, da Procuradoria do Meio Ambiente, Patrimonio Urbanistico e Imobiliario, da
Procuradoria-Geral do Distrito Federal, no periodo de 02.01.2002 a 31.01.2002, por
motivo de ferias da titular"
35,Substituição de Funções, VALDINE FONSECA COELHO DE SOUSA,26.863-1,VALERIA PINHEIRO VIANA,37.907-7,Gerente da Gerencia de Estudos,DFG-13,nan,nan,nan,nan,nan,nan,nan,nan,"Designar VALDINE FONSECA COELHO DE SOUSA, matricula no 26.863-1, Assisten-
te de Apoio as Atividades Juridicas, para substituir VALERIA PINHEIRO VIANA,
matricula no 37.907-7, Gerente da Gerencia de Estudos, Pesquisas e Referencia Legisla-
tiva, Simbolo DFG-13, do Centro de Estudos, da Procuradoria-Geral do Distrito Fede-
ral, no periodo de 31.12.2001 a 19.01.2002, por motivo de ferias da titular"
