,Tipo do Ato,Nome do Servidor Substituto,Matrícula do Servidor Substituto,Nome do Servidor a ser Substituido,Matrícula do Servidor a ser SubstituidoCargo,Símbolo do cargo do servidor substituto,Cargo comissionado objeto da substituição,Símbolo do cargo do objeto da substituição,Símbolo do cargo comissionado objeto da substituição,Hierarquia da Lotação,Órgão,Data Inicial da Vigência,Data Final de Vigência,Matrícula SIAPE,Motivo,text
0,Substituição de Funções, SINVAL LUCAS DE SOUZA FILHO,62.264-8,nan,nan,nan,nan,nan,nan,nan,nan,nan,nan,nan,nan,"DESIGNAR SINVAL LUCAS DE SOUZA FILHO, matricula no 62.264-8, Chefe de Gabine-
te da Secretaria de Estado de Educacao do Distrito Federal, para responder pelo Cargo de
Natureza Especial, CNE-03, de Secretario de Estado de Educacao do Distrito Federal, no
periodo de 11 a  17 de novembro de 2002, por motivo da titular estar participando da  IV
Reuniao Ordinaria do Conselho Nacional de Secretarios de Educacao  CONSED/2002, em
Florianopolis  Santa Catarina"
1,Substituição de Funções, o Gerente da Gerencia de Residencia,nan,nan,nan,nan,nan,nan,nan,nan,nan,nan,nan,nan,nan,"Designar o Gerente da Gerencia de Residencia, Especializacao e Extensao  GREEx/ESCS, EXECU-
TOR do Convenio Tecnico-Cientifico, celebrado entre o Distrito Federal, por intermedio da Secretaria
de Estado de Saude a Fundacao de Ensino e Pesquisa em Ciencias da Saude e a Fundacao de Apoio ao
Desenvolvimento Cientifico e Tecnologico na Area de Saude, em 05 de setembro de 2002
Esta Portaria entra em vigor na data de sua publicacao"
2,Substituição de Funções, os servidores abaixo relacionados para,nan,nan,nan,nan,nan,nan,nan,nan,nan,nan,nan,nan,nan,"Designar os servidores abaixo relacionados para, sob a presidencia do primeiro, comporem
Grupo de Trabalho incumbido de elaborar o Manual Tecnico de Praticas Recomendadas em
Centro Cirurgico"
3,Substituição de Funções, as servidoras,103.114-7,nan,"102.032-3 e ANA LUCIA FLORENTINA FERREI-
RA",nan,nan,nan,nan,nan,nan,nan,nan,nan,nan,"DESIGNAR as servidoras, MONICA PATRICIA AZOLINO, matricula no 103.114-7,
MIRIAN CARVALHO NUNES, matricula no 102.032-3 e ANA LUCIA FLORENTINA FERREI-
RA, matricula no 103.542-8, para sob a presidencia da primeira, comporem Comissao de Sindicancia,                                      Diario Oficial do Distrito Federal
PAGINA   10
No 218, quarta-feira, 13 de novembro de 2002 para, no prazo de 30 (trinta) dias, apurar os fatos constantes do Processo acima referenciado"
4,Substituição de Funções, os servidores ANA MARIA GOMES,101.935-X,nan,101.717-9 e MARCELO AIRTON BARBOSA DOS ANJOS,nan,nan,nan,nan,nan,nan,nan,nan,nan,nan,"DESIGNAR os servidores ANA MARIA GOMES, matricula no 101.935-X, JOSE MARI-
ANO CUNHA VIEGAS, matricula no 101.717-9 e MARCELO AIRTON BARBOSA DOS ANJOS,
matricula no 102.227-X, para sob a presidencia do primeiro, comporem Comissao de Inquerito Admi-
nistrativo Disciplinar, para, no prazo de 60 (sessenta) dias, apurarem os fatos constantes do processo
acima referenciado que notifica infracao disciplinar praticada pelo servidor JOEL DA SILVA LAN-
DIM, matricula no 104.245-9, por infringir o artigo 116; incisos I, III ,IX, X, e XI da Lei no 8.112/90 "
5,Substituição de Funções, o servidor JULIO ALVES,93.814-9,nan,93.664-2,nan,nan,nan,nan,nan,nan,nan,nan,nan,nan,"Designar o servidor JULIO ALVES - matricula no 93.814-9, para coordenar o Grupo que sera
composto pelos servidores: RICARDO ANTONIO LAPA DE SOUZA - matricula no 93.664-2,
ELIAN AVELAR DE OLIVEIRA - matricula no 94.212-X, SEBASTIAO GOMES CALACIA -
matricula no 92.138-6 e ainda os representantes da Companhia de Policia Rodoviaria: 1o TEN"
6,Substituição de Funções, o servidor JOSEVILTON V,nan,nan,nan,nan,nan,nan,nan,nan,nan,nan,nan,nan,nan,Designar o servidor JOSEVILTON V
7,Substituição de Funções, os servidores MARCOS VINICIUS CUSTODIO LIMA,43.845-6;,nan,"100.537-
5; NILO MODESTO MOURA",nan,nan,nan,nan,nan,nan,nan,nan,nan,nan,"Designar os servidores MARCOS VINICIUS CUSTODIO LIMA, Auxiliar de Adminis-
tracao Publica, Matricula No 43.845-6; MARLENE DE BARROS PONTE, Matricula No 100.537-
5; NILO MODESTO MOURA, Matricula No 100.356-9; DAVI MARIANO DE ALMEIDA,
Matricula No 100.124-8; EDER SOUZA, Matricula No 100.484-0; OSMAN NUNES DE ARA-
UJO, Matricula No100.506-5; Tecnicos de Desenvolvimento Agropecuario; ILTON SANTOS,
Matricula No 100.677-0, FRANCISCA RODRIGUES DA SILVA BEZERRA, Matricula No
100.728-9 e NILSON DA SILVA MOTA, Matricula No 100.536-7, Auxiliares de Desenvolvi-
mento Agropecuario e ALEX FABIANO CARVALHO DE OLIVEIRA, Matricula No 101.269-
X, para, sob a coordenacao do primeiro, comporem a Comissao ora instituida"
8,Substituição de Funções, o servidor JALLES SALVIO GUIMARAES,100.936-2,nan,nan,nan,nan,nan,nan,nan,nan,nan,nan,nan,nan,"Designar o servidor JALLES SALVIO GUIMARAES, Auxiliar de Desenvolvimento Agrope-
cuario, Matricula No 100.936-2, executor do referido Convenio de Cooperacao Tecnica, cabendo-
lhe desempenhar as atribuicoes previstas no Art"
9,Substituição de Funções, os servidores CARLOS MAGNO FERREIRA,109.220-0;,nan,"93.867-X e CLAUDIA CRISTIANE CAVAL-
CANTE AIELLO",nan,nan,nan,nan,nan,nan,nan,nan,nan,nan,"Designar os servidores CARLOS MAGNO FERREIRA, Matricula No 109.220-0; HEI-
DE ERIKA PAIVA DE MACEDO, Matricula No 93.867-X e CLAUDIA CRISTIANE CAVAL-
CANTE AIELLO, Matricula No 100.723-8, para, sob a Presidencia do primeiro, compor a
Comissao ora instituida;
Art"
10,Substituição de Funções, WALTECIO DOS SANTOS LEITE,31.890-6,MARIA DE NAZARE XAVIER VIEGAS,34.435-4,"Chefe do Centro de
Observacao da Subsecretaria do Sistema Penitenciario da Secretaria de Estado de Seguranca
Publica e Defesa Social do Distrito Federal",nan,nan,nan,nan,nan,nan,nan,nan,nan,"Designar WALTECIO DOS SANTOS LEITE, Agente Penitenciario, matricula no 31.890-6, para
substituir MARIA DE NAZARE XAVIER VIEGAS, matricula 34.435-4, Chefe do Centro de
Observacao da Subsecretaria do Sistema Penitenciario da Secretaria de Estado de Seguranca
Publica e Defesa Social do Distrito Federal, Codigo DFG-12, no periodo de 11.10 a 09.11.2002,
em virtude de licenca medica"
11,Substituição de Funções, GETULIO SEIXAS CIROLINI,33.373-5,"CEZAR
TOSHIO FUGIVALA",58.560-2,"Chefe do Nucleo de Conservacao e Reparos da
Gerencia de Administracao Penitenciaria do Centro de Detencao Provisoria da Subsecretaria do
Sistema Penitenciario da Secretaria de Estado de Seguranca Publica e Defesa Social",nan,nan,nan,nan,nan,nan,nan,nan,nan,"Designar GETULIO SEIXAS CIROLINI, matricula no 33.373-5, para substituir CEZAR
TOSHIO FUGIVALA, matricula no 58.560-2, Chefe do Nucleo de Conservacao e Reparos da
Gerencia de Administracao Penitenciaria do Centro de Detencao Provisoria da Subsecretaria do
Sistema Penitenciario da Secretaria de Estado de Seguranca Publica e Defesa Social, DFG-10, no
periodo de 09.10.2002 a 23.10.2002, em virtude de ferias regulamentares"
12,Substituição de Funções, GILBERTO RODRIGUES NUNES,44.068-X,nan,nan,nan,DFA-03,nan,nan,nan,nan,nan,nan,nan,nan,"DESIGNAR GILBERTO RODRIGUES NUNES, Auxiliar de Apoio as Atividades Poli-
ciais Civis, matricula no 44.068-X, para responder pelo Cargo em Comissao, Simbolo
DFA-03, de Secretario Administrativo da Comissao Permanente de Tomada de Contas
Especial da Secretaria de Estado de Seguranca Publica e Defesa Social do Distrito Fede-
ral, a contar de 01.11.2002
ATHOS COSTA DE FARIA PORTARIA No 98, DE 11 DE NOVEMBRO DE 2002
O SECRETARIO DE ESTADO DE SEGURANCA PUBLICA DO DISTRITO FEDERAL, no
uso da delegacao de competencia que lhe confere o inciso I, item b, art"
13,Substituição de Funções, FRANCISCO DAS CHAGAS SOARES ARAUJO,110.124-2,nan,nan,nan,CNE-06,nan,nan,nan,nan,nan,nan,nan,nan,"DESIGNAR FRANCISCO DAS CHAGAS SOARES ARAUJO, matricula no 110.124-2, para
responder pelo Cargo de Natureza Especial, Simbolo CNE-06, de Subsecretario da Subsecretaria
de Doutrina, Ensino e Pesquisa da Secretaria de Estado de Seguranca Publica e Defesa Social do
Distrito Federal, a contar de 01.11.02"
14,Substituição de Funções, MARIA LUISA LOPES BATISTA AGUIAR,1.161-4,nan,68.961-0,nan,nan,nan,nan,nan,nan,nan,nan,nan,nan,"Designar MARIA LUISA LOPES BATISTA AGUIAR, matricula 1.161-4 e CLAUDIA DIE-
GUES MEUREN, matricula 68.961-0, para sob a presidencia da primeira comporem a referida
Comissao de Sindicancia"
15,Substituição de Funções, os servidores AURILENE DE SOUSA,30.732-7,nan,43.867-7 e ROSA MARIA NUNES FIGUEIREDO,nan,nan,nan,nan,nan,nan,nan,nan,nan,nan,"Designar os servidores AURILENE DE SOUSA, matricula no 30.732-7, FABRICIO SILVEI-
RA MARTINS, matricula no 43.867-7 e ROSA MARIA NUNES FIGUEIREDO, matricula no
39.619-2, para sob a presidencia do primeiro e secretariada pela ultima, comporem a Comissao de
Sindicancia, objetivando a apuracao dos fatos constantes do processo no 160.001.756/2002 Fixar
o prazo de 30 (trinta) dias para a conclusao dos trabalhos e a apresentacao do relatorio"
16,Substituição de Funções, nos termos do artigo,n.o,nan,nan,nan,DFG-,nan,nan,nan,nan,nan,nan,nan,nan,"Designar nos termos do artigo 11o, do Decreto 21.816, de 12.12.2000, o servidor GILSON
ROBERTO DE ABREU, matricula n.o 105.067-2, Administrador de Parques Ecologicos, Simbo-
lo DFG-09, para responder interinamente pelo Cargo em Comissao de Gerente, Simbolo DFG-
12, da Gerencia de Licenciamento do Uso e Ocupacao do Solo, da Diretoria de Licenciamento,
Fiscalizacao e Monitoramento Ambiental, da Subsecretaria do Meio Ambiente, da Secretaria de
Meio Ambiente e Recursos Hidricos do Distrito Federal, a contar de 29 de outubro de 2002"
17,Substituição de Funções, nos termos do artigo,n.o,nan,nan,nan,DFA-05,nan,,nan,nan,nan,nan,nan,nan,"Designar nos termos do artigo 11o, do Decreto 21.816, de 12.12.2000, a servidora LILIAN
FERNANDA GODOY LOPES, matricula n.o 109.604-4, Assistente do Gabinete do Secretario,
Simbolo DFA-05, para responder interinamente pelo Cargo em Comissao de Chefe, Simbolo
DFG-09, do Nucleo de Licenciamento de Atividades Primarias, da Gerencia de Licenciamento de
Industrias e Atividades, da Diretoria de Licenciamento, Fiscalizacao e Monitoramento Ambien-
tal, da Subsecretaria do Meio Ambiente, da Secretaria de Meio Ambiente e Recursos Hidricos do
Distrito Federal, a contar de 01 de novembro de 2002"
18,Substituição de Funções, CRISTIENE RODRIGUES SOUSA,80.175-5,nan,80.060-0,nan,nan,nan,nan,nan,nan,nan,nan,nan,nan,"Designar CRISTIENE RODRIGUES SOUSA, matricula no 80.175-5, Encarregada da Secao de
Documentacao e Comunicacao Administrativa, para executora do Contrato firmado entre o Distrito
Federal, por intermedio da Fundacao Polo Ecologico de Brasilia e a Empresa Meio & Midia
Comunicacao Ltda, Processo no 196.000229/2002
Designar MAURICIO ALFREDO TEIXEIRA, matricula no 80.060-0, Chefe da Secao de Patri-
monio, para executor do Contrato firmado entre o Distrito Federal, por intermedio da Fundacao
Polo Ecologico de Brasilia e a Empresa SKORPIOS RRC COMERCIO E SERVICOS LTDA,
Processo no 196.000177/2002
Designar CRISTIENE RODRIGUES SOUSA, matricula no 80.175-5, Encarregada da Secao de
Documentacao e Comunicacao Administrativa, para executora do Contrato firmado entre o Dis-
trito Federal, por intermedio da Fundacao Polo Ecologico de Brasilia e a Empresa Brasileira de
Correios e Telegrafos  ECT, Processo no 196.000151/2002
Designar FRANCISCO JOSE FEIJO PAIVA, matricula no 80.059-7, Chefe da Secao d Te-
souraria, para executor do Contrato firmado entre o Distrito Federal, por intermedio da
Fundacao Polo Ecologico de Brasilia e a Casa da Registradora Assistencia Tecnica Ltda,
Processo no 196.000180/2002
Aos executores caberao a observancia das Normas Orcamentaria e Financeira do Distrito Federal"
19,Substituição de Funções, os servidores JOSE RICARDO FIUZA LIMA,94.964-7;,nan,110.590-6; EDIMAR TEODORO GOMES,nan,nan,nan,nan,nan,nan,nan,nan,nan,nan,"Designar os servidores JOSE RICARDO FIUZA LIMA, Chefe de Elaboracao da Gerencia do
Setor P, matricula no 94.964-7; MARGARETH FELIPE DE MELO CINTRA, Assistente da
Gerencia do Condominio Prive, matricula no 110.590-6; EDIMAR TEODORO GOMES, Assis-
tente da DREAEP/RA IX, matricula no 95.447-0 e ANA PAULA GUIMARAES P"
