,Tipo do Ato,Nome do Servidor Substituto,Matrícula do Servidor Substituto,Nome do Servidor a ser Substituido,Matrícula do Servidor a ser SubstituidoCargo,Símbolo do cargo do servidor substituto,Cargo comissionado objeto da substituição,Símbolo do cargo do objeto da substituição,Símbolo do cargo comissionado objeto da substituição,Hierarquia da Lotação,Órgão,Data Inicial da Vigência,Data Final de Vigência,Matrícula SIAPE,Motivo,text
0,Substituição de Funções, MARCO AURELIO ALVES DE OLIVEIRA,27.363-5,nan,98.573-2,nan,DFG-12,nan,nan,nan,nan,nan,nan,nan,nan,"Designar MARCO AURELIO ALVES DE OLIVEIRA, matricula no 27.363-5, Assistente Juridico,
para  substituir MARIA GRACI DIAS SILVEIRA, matricula no 98.573-2, Gerente da Unidade de
Assistencia Judiciaria de  Brasilia, Simbolo DFG-12, do Centro de Assistencia Judiciaria do Distrito
Federal  CEAJUR, no periodo de 1o a 30 de outubro de 2001, por motivo de ferias regulamentares
da  titular"
1,Substituição de Funções, a servidora Lindalva Neta Ribeiro de Amorim Sampaio,130.311-2,"o Diretor Executivo do
Fundo de Saude do Distrito Federal",nan,nan,DFG-13,nan,nan,nan,nan,nan,nan,nan,nan,"DESIGNAR a servidora Lindalva Neta Ribeiro de Amorim Sampaio, Assistente Intermediario de
Saude (Agente Administrativo), Matricula no 130.311-2, para substituir o Diretor Executivo do
Fundo de Saude do Distrito Federal, Simbolo DFG-13, no periodo de 1 a 20 de outubro de 2001, por
motivo de ferias"
2,Substituição de Funções, a servidora RITA HELENA LEAL DA SILVA MATOS,115.490-7,a Chefe  do Nucleo de Regulacao,nan,nan,DFG,nan,nan,nan,nan,nan,nan,nan,nan,"Designar a servidora RITA HELENA LEAL DA SILVA MATOS, AIS  Agente Administrativo,
matricula 115.490-7 para substituir a Chefe  do Nucleo de Regulacao, Controle e Avaliacao da
Unidade Mista de Saude da Diretoria Regional de Saude da Asa Sul, simbolo DFG 04, por motivo de
afastamento por licenca medica da titular, no periodo de 04.10.2001 a 05.12.2001, conforme
documentacao comprobatoria"
3,Substituição de Funções, Marilene de Souza Lobato,136.934-2,nan,123.717-9,nan,nan,nan,nan,nan,nan,nan,nan,nan,nan,"Designar Marilene de Souza Lobato, matricula no 136.934-2, Gerente da Gerencia de Apoio
Operacional; Maria Silvia Caldeira, matricula no 123.717-9, Assistente Intermediario de Saude
II  Agente Administrativo; Vilma Dias de Lima, matricula no 139.359-6, Assistente Interme-
diario de Saude II  Agente Administrativo; Lucia Claudia Pereira Ramos, matricula no 127.589-
5, Assistente Intermediario de Saude II  Agente Administrativo e Rodrigo Vidal da Costa,
matricula no 137.819-8, Assistente Intermediario II -  Agente Administrativo, para sob a
Coordenacao da primeira comporem a Subcomissao de Avaliacao de Desempenho e Promocao
Funcional da Diretoria Regional de Saude da Candangolandia, Nucleo Bandeirante e Riacho
Fundo da Secretaria de Estado de Saude, de acordo com o Decreto no 14.647, de 25.03.93,
Portarias nos 01 e 02, de 05.01.95  SEA/GDF"
4,Substituição de Funções, os servidores EURIPEDES ALFREDO ALEIXO,n.o,nan,103.679-3,nan,nan,nan,nan,nan,nan,nan,nan,nan,nan,"Designar os servidores EURIPEDES ALFREDO ALEIXO, matricula n.o 102.214-8 e SANDRA REGI-
NA MORATO MARTINS, matricula no 103.679-3, como executores do Contrato no 04/2001, cele-
brado entre o Distrito Federal, por meio da Secretaria de Estado de Acao Social e  a EMPRESA
BRASILEIRA DE CORREIOS E TELEGRAFOS - ECT, cabendo aos designados as atribuicoes previs-
tas no  artigo 13, inciso II, do Decreto  n.o 16.098, de 29/11/94, publicado no Diario Oficial do
Distrito Federal de 30/11/94, e demais normas inerentes ao assunto, ficando o primeiro responsavel
pelo acompanhamento financeiro e o segundo pelo acompanhamento tecnico operacional"
5,Substituição de Funções,   a  servidora ANA LIGIA GOMES,n.o,nan,nan,nan,nan,nan,nan,nan,nan,nan,nan,nan,nan,"Designar   a  servidora ANA LIGIA GOMES, matricula n.o 102.551-1, Executora do Termo de
Responsabilidade no 2797/MPAS/SEAS/2000, celebrado entre a UNIAO, por intermedio do MINIS-
TERIO DA PREVIDENCIA E ASSISTENCIA SOCIAL/SECRETARIA DE ESTADO DE ASSISTEN-
CIA SOCIAL e o Governo do Distrito, cabendo a designada as atribuicoes previstas no  artigo 13,
inciso II, do Decreto  n.o 16.098, de 29/11/94, publicado no Diario Oficial do Distrito Federal de 30/
11/94, na Portaria no 140, de 17/11/99, e demais normas inerentes ao assunto"
6,Substituição de Funções, os servidores ANA MARIA GOMES,101.935-X,nan,101.717-9 e MONICA PATRICIA AZOLINO,nan,nan,nan,nan,nan,nan,nan,nan,nan,nan,"Designar os servidores ANA MARIA GOMES, matricula no 101.935-X, JOSE MARIANO
CUNHA VIEGAS, matricula no 101.717-9 e MONICA PATRICIA AZOLINO, matricula no 103114-
7, para sob a presidencia do primeiro, comporem Comissao de Sindicancia, com vistas a apurar os
fatos constantes do Processo acima referenciado"
7,Substituição de Funções, os servidores GERALDO ALOIZIO DA CUNHA,94.119-0,nan,94.049-6,nan,nan,nan,nan,nan,nan,nan,nan,nan,nan,"Designar os servidores GERALDO ALOIZIO DA CUNHA, matricula 94.119-0, Auxiliar de Ativi-
dades Rodoviarias, LEILA REGINA DA SILVA, matricula 94.049-6, Auxiliar de Atividades Rodovia-
rias e ELIANE CAVALCANTE SANTOS, matricula 93.776-2, Tecnico de Atividades Rodoviarias,
matricula 93.776-2, para sob a Presidencia do primeiro, comporem a Comissao de Avaliacao de
Desempenho, de acordo com a Portaria no 001/95-SEA, publicada no DODF de 11 de janeiro de 1995"
8,Substituição de Funções, para secretariar a referida comissao,93.574-3,nan,nan,nan,nan,nan,nan,nan,nan,nan,nan,nan,nan,"Designar para secretariar a referida comissao, a servidora MARIA SONIA OLIVEIRA MORAIS,
matricula 93.574-3, Tecnico de Atividades Rodoviarias"
9,Substituição de Funções, os servidores,91.871-7,nan,"93.705-3 e ELIAN AVELAR
OLIVEIRA",nan,nan,nan,nan,nan,nan,nan,nan,nan,nan,"Designar os servidores: EMIVAL JOSE DE PAULA,
matricula no 91.871-7, IVANILDES LIRA DOUDEMENT, matricula no 93.705-3 e ELIAN AVELAR
OLIVEIRA, matricula no 94.212-X, para sob a presidencia do primeiro, comporem comissao objeti-
vando apurar os fatos referidos no processo no 113.004157/2001, devendo apresentar resultado dos
trabalhos no prazo de 60 dias"
10,Substituição de Funções, as servidoras,nan,nan,nan,nan,nan,nan,nan,nan,nan,nan,nan,nan,nan,"Designar as servidoras: ELIAN AVELAR DE OLIVEIRA,
matricula n"
11,Substituição de Funções, o servidor PACIFICO COUTO  SILVA,106.932-2,nan,nan,nan,nan,nan,nan,nan,nan,nan,nan,nan,nan,"Designar o servidor PACIFICO COUTO  SILVA, Matricula No 106.932-2, Secretario Adminis-
trativo, como membro da Comissao instituida por meio da Portaria No 114, publicada no DODF No
174, de 10/SET/2001, a pag.24"
12,Substituição de Funções, para compor a Comissao ora instituida,93.380-5;,nan,101.273-8 e NECI FERNANDES VENTURA,nan,nan,nan,nan,nan,nan,nan,nan,nan,nan,"Designar para compor a Comissao ora instituida, sob a Presidencia do primeiro, os servidores
FRANCISCO RIOS PORTALES, Matricula No 93.380-5; MANOEL FERRAZ DE OLIVEIRA,
Matricula No 101.273-8 e NECI FERNANDES VENTURA, Matricula No 100.357-7"
13,Substituição de Funções, o Servidor CRISTINA MENDES GARCIA,91.272-7,nan,nan,nan,nan,nan,nan,nan,nan,nan,nan,nan,nan,"DESIGNAR o Servidor CRISTINA MENDES GARCIA,  Matricula no 91.272-7, Inspetora de Obras,
da Administracao de Brasilia, como EXECUTORA do Termo Padrao no 18/96, de Concessao de Direito Real de Uso de no 132/2001, sobre imovel do Distrito Federal, sito a Lote 12 - Quadra  02 -
Bloco F - SB/Norte, referente  ao Processo de no 141.007.282/98, firmado entre o Distrito Federal e
a Via Engenharia S.A"
14,Substituição de Funções, o Diretor da Divisao Regional de Obras,nan,nan,nan,nan,nan,nan,nan,nan,nan,nan,nan,nan,nan,"Designar o Diretor da Divisao Regional de Obras, para acompanhar a implementacao do
Programa de Melhoria  de Prestacao  dos Servicos de interesse publico  do Distrito Federal,
no ambito da Administracao  do Recanto das Emas, nas  acoes  referentes a manutencao de
areas urbanizadas"
15,Substituição de Funções, o Diretor de Divisao de Administracao Geral,nan,nan,nan,nan,nan,nan,nan,nan,nan,nan,nan,nan,nan,"Designar o Diretor de Divisao de Administracao Geral, para acompanhar a implementa-
cao do Programa de Melhoria da Prestacao  dos  Servicos de interesse publico do Distrito
Federal , no ambito  da Administracao do Recanto das Emas,  nas acoes  referente ao
desenvolvimento institucional"
16,Substituição de Funções, VALD,nan,ELZA HELENA SOARES MUSTAFA,38.811-4,nan,CNE-06,nan,nan,nan,nan,nan,nan,nan,nan,"Designar VALD-
SON GONCALVES DE AMORIM, Procurador do Distrito Federal de 2a Categoria, matricula no
49.008-3, para substituir ELZA HELENA SOARES MUSTAFA, Procuradora do Distrito Federal de
1a Categoria, matricula no 38.811-4, Coordenadora, Simbolo CNE-06, da Procuradoria do Meio
Ambiente, Patrimonio Urbanistico e Imobiliario, da Procuradoria-Geral do Distrito Federal, no
periodo de 11.10 a 09.11.2001, por motivo de ferias da titular"
17,Substituição de Funções," EMILIO
RIBEIRO",96.933-8,IZABELA FROTA MELO,96.936-2,nan,CNE-06,nan,nan,nan,nan,nan,nan,nan,nan,"Designar EMILIO
RIBEIRO, Procurador do Distrito Federal de 2a Categoria, matricula no 96.933-8, para substituir
IZABELA FROTA MELO, Procuradora do Distrito Federal de 2a Categoria, matricula no 96.936-2, Coordenadora, Simbolo CNE-06, da Procuradoria do Meio Ambiente, Patrimonio Urbanistico e
Imobiliario, da Procuradoria-Geral do Distrito Federal, no periodo de 15.10 a 13.11.2001, por motivo de ferias da titular"
