,Tipo do Ato,Nome do Servidor Substituto,Matrícula do Servidor Substituto,Nome do Servidor a ser Substituido,Matrícula do Servidor a ser SubstituidoCargo,Símbolo do cargo do servidor substituto,Cargo comissionado objeto da substituição,Símbolo do cargo do objeto da substituição,Símbolo do cargo comissionado objeto da substituição,Hierarquia da Lotação,Órgão,Data Inicial da Vigência,Data Final de Vigência,Matrícula SIAPE,Motivo,text
0,Substituição de Funções, PAULO ROBERTO SOARES,nan,DANIEL MARQUES DE SOUSA,nan,nan,CNE-03,nan,nan,nan,nan,nan,nan,nan,nan,"DESIGNAR PAULO ROBERTO SOARES, Secretario Adjunto da Secretaria de Trabalho e
Direitos Humanos, para substituir DANIEL MARQUES DE SOUSA, no Cargo de Natureza
Especial, Simbolo CNE-03, de Secretario de Trabalho e Direitos Humanos do Distrito Federal, no
periodo de 02 a 16 de janeiro de 2002, por motivo de ferias regulamentares do titular"
1,Substituição de Funções, o servidor ARITANAN LIMA DA SILVA,95.481-0,ANTONIO SERGIO DA GAMA GOMES,98.440-X,do cargo em comissao de Diretor de Planejamento e Projetos,DFG-13,nan,nan,nan,nan,nan,nan,nan,nan,"Designar o servidor ARITANAN LIMA DA SILVA, matricula no 95.481-0, do cargo em Comis-
sao de Secretario Administrativo, para substituir ANTONIO SERGIO DA GAMA GOMES,
matricula no 98.440-X, do cargo em comissao de Diretor de Planejamento e Projetos, Simbolo
DFG-13, da Agencia de Desenvolvimento do Turismo do Distrito Federal, por motivo de ferias
do titular, no periodo de 02.01.2002 a  16.01.2002, relativos ao Exercicio de 2001"
2,Substituição de Funções, o servidor LUCIMARCO PEREIRA DOS SANTOS,107.375-5,RAQUEL CARDOSO MACHADO,nan,nan,DFG-09,nan,,nan,nan,nan,nan,nan,nan,"Designar o servidor LUCIMARCO PEREIRA DOS SANTOS, matricula no 107.375-5, do cargo
em comissao de Chefe do Nucleo de Acompanhamento Tecnico de Projetos, Simbolo DFG-09,
para substituir RAQUEL CARDOSO MACHADO, do cargo em comissao de Diretora de Infra-
Estrutura, Simbolo DFG-13, da Agencia de Desenvolvimento do Turismo do Distrito Federal,
por motivo de ferias do  titular, no periodo de 15.01.2002 a 29.01.2002"
3,Substituição de Funções, a servidora ADALGISA MEDEIROS TEODORO,106.462-2,LUIZ RUFINO FREITAS FILHO,97.514-1,"do cargo em comissao de
Gerente de Administracao do Centro de Convencoes Ulysses Guimaraes",DFG-09,nan,,nan,nan,nan,nan,nan,nan,"Designar a servidora ADALGISA MEDEIROS TEODORO, matricula no 106.462-2, do cargo em
comissao de Chefe do Nucleo de Cadastro e Producao de Eventos, Simbolo DFG-09, para
substituir LUIZ RUFINO FREITAS FILHO, matricula no 97.514-1, do cargo em comissao de
Gerente de Administracao do Centro de Convencoes Ulysses Guimaraes, Simbolo DFG-11, da
Agencia de Desenvolvimento do Turismo do Distrito Federal, por motivo de ferias do titular, no
periodo de 14.01.2002  a  12.02.2002"
4,Substituição de Funções, a servidora MIRIAILDES SILVA ROCHA,39.196-4,ADALGISA MEDEIROS TEODORO,106.462-2,do cargo em comissao de Chefe do Nucleo de Cadastro e Producao de Eventos,DFG-09,nan,nan,nan,nan,nan,nan,nan,nan,"Designar a servidora MIRIAILDES SILVA ROCHA, matricula no 39.196-4, do cargo  de Auxiliar
de Administracao Publica, para substituir ADALGISA MEDEIROS TEODORO, matricula no
106.462-2, do cargo em comissao de Chefe do Nucleo de Cadastro e Producao de Eventos,
Simbolo DFG-09, da Agencia de Desenvolvimento do Turismo do Distrito Federal, por motivo
de substituicao do Gerente do CCUG, no periodo de 14.01.2002  a  12.02.2002"
5,Substituição de Funções, o servidor LEOPOLDO ANTONIO RAMOS,95.626-0,LUCIMARCO PEREIRA DOS SANTOS,107.375-3,"do cargo em
comissao de Chefe do Nucleo de Acompanhamento Tecnico de Projetos",DFA-07,nan,,nan,nan,nan,nan,nan,nan,"Designar o servidor LEOPOLDO ANTONIO RAMOS, matricula no 95.626-0, do cargo em
Comissao de Assistente do Nucleo de Acompanhamento Tecnico de Projetos, Simbolo DFA-07,
para substituir LUCIMARCO PEREIRA DOS SANTOS, matricula no 107.375-3, do cargo em
comissao de Chefe do Nucleo de Acompanhamento Tecnico de Projetos, Simbolo DFG-09, da
Agencia de Desenvolvimento do Turismo do Distrito Federal, por motivo de ferias do titular, no
periodo de 18.02.2002  a  19.03.2002"
6,Substituição de Funções, a servidora MARIA FERREIRA DIEB,95.558-2,ROBERTO RODRIGUES SILVA,97.516-8,"do cargo em comissao de Chefe do
Nucleo de Arquivo Administrativo e Turistico",DFA-04,nan,,nan,nan,nan,nan,nan,nan,"Designar a servidora MARIA FERREIRA DIEB, matricula no 95.558-2, do cargo em Comis-
sao de Assistente do Nucleo de Informatica Aplicada, Simbolo DFA-04, para substituir
ROBERTO RODRIGUES SILVA, matricula no 97.516-8, do cargo em comissao de Chefe do
Nucleo de Arquivo Administrativo e Turistico, Simbolo DFG-09, da Agencia de Desenvolvi-
mento do Turismo do Distrito Federal, por motivo de ferias do titular, no periodo de
04.02.2002  a  05.03.2002"
7,Substituição de Funções,  a servidora MARIA ESMERALDINA MARCOS,39.127-1,"MAURO
ANDRE DE JESUS",39.153-0,"do cargo em comissao de Encarregado do Nucleo
de Capacitacao e Educacao para o Turismo",DFG-02,nan,nan,nan,nan,nan,nan,nan,nan,"Designar  a servidora MARIA ESMERALDINA MARCOS, matricula no 39.127-1, do cargo
de Auxiliar de Administracao Publica, Classe Especial Padrao III, para substituir MAURO
ANDRE DE JESUS, matricula no 39.153-0, do cargo em comissao de Encarregado do Nucleo
de Capacitacao e Educacao para o Turismo, Simbolo DFG-02, da Agencia de Desenvolvi-
mento do Turismo do Distrito Federal, por motivo de ferias do titular, no periodo de
02.01.2002  a  31.01.2002"
8,Substituição de Funções, a  servidora  LUCIA MARIA DAMASCENO FERNANDES,,MARIA DE FATIMA B,nan,nan,DFG-02,nan,nan,nan,nan,nan,nan,nan,nan,"Designar a  servidora  LUCIA MARIA DAMASCENO FERNANDES, matricula no  32.046-3,
Encarregado de Registro Funcional, Simbolo DFG-02, do Nucleo de Pessoal, para substituir
MARIA DE FATIMA B"
9,Substituição de Funções, o servidor MANOEL PEDRO D,,JOSE CLAU,42.529-X,nan,DFG-02,nan,,nan,nan,nan,nan,nan,nan,"Designar o servidor MANOEL PEDRO D0S SANTOS,  matricula no  22.915-6,  Encarre-
gado de Patrimonio, Simbolo DFG-02, do Nucleo de Apoio, para substituir JOSE CLAU-
DIO SILVA FERREIRA, matricula no 42.529-X,  Chefe do Nucleo de Apoio,  Simbolo  DFG-
08, da Gerencia de Apoio Operacional, no periodo de 02 a 31/01/2002, por motivo de ferias
regulamentares do titular"
10,Substituição de Funções, o servidor OSVALDO PEREIRA NOVAIS NETO,21.898-7,MARIA DO CARMO PEREIRA DE SOUZA,nan,nan,DFG-02,nan,nan,nan,nan,nan,nan,nan,nan,"Designar o servidor OSVALDO PEREIRA NOVAIS NETO, matricula no 21.898-7, Tecnico
de Administracao Publica, para substituir MARIA DO CARMO PEREIRA DE SOUZA, matri-
cula no  90.061-3, Encarregado de Servicos Gerais, Simbolo DFG-02, do Nucleo de Apoio, no
periodo de 02 a 31/01/2002, por motivo de ferias regulamentares da  titular"
11,Substituição de Funções, o servidor  LUIZ CARLOS MARREIROS MARTINS,90.091-5,ELIZABETE SILVA OLIVEIRA,90.068-0,Encarregado de Protocolo,DFG-02,nan,nan,nan,nan,nan,nan,nan,nan,"Designar o servidor  LUIZ CARLOS MARREIROS MARTINS, matricula no 90.091-5,
Auxiliar de Administracao Publica, para substituir ELIZABETE SILVA OLIVEIRA, matricula no
90.068-0, Encarregado de Protocolo, Simbolo DFG-02, do Nucleo de Apoio, no periodo de 07 a
21/01/2002, por motivo de ferias regulamentares da  titular"
12,Substituição de Funções, a servidora VIVIANE IRENE F,nan,nan,nan,nan,nan,nan,nan,nan,nan,nan,nan,nan,nan,Designar a servidora VIVIANE IRENE F
13,Substituição de Funções, a servidora CLEMIA LUCAS DE BARROS TEIXEIRA,90.138-5,"ELAINE MARLY LEAL
LIMA",90.163-6,Chefe da Biblioteca,DFA-06,nan,,nan,nan,nan,nan,nan,nan,"Designar a servidora CLEMIA LUCAS DE BARROS TEIXEIRA, matricula no 90.138-5,
Assistente da Diretoria de Pesquisa, Simbolo DFA-06, para substituir ELAINE MARLY LEAL
LIMA, matricula no 90.163-6, Chefe da Biblioteca, Simbolo DFG-11, da Diretoria de Pesquisa,
no periodo de 21/01 a 09/02/2002, por motivo de ferias regulamentares da titular"
14,Substituição de Funções, o servidor ALDAIR SILVA COUTO matricula no,90.161-X,LYDIA FERNANDES BORGES,90.161-X,"Encarrega-
do de Pesquisa",DFG-02,nan,nan,nan,nan,nan,nan,nan,nan,"Designar o servidor ALDAIR SILVA COUTO matricula no 90.081-8, Auxiliar de Administra-
cao Publica, para substituir LYDIA FERNANDES BORGES, matricula no 90.161-X, Encarrega-
do de Pesquisa, Simbolo DFG-02, da Diretoria de Pesquisa, no periodo de 07/01 a 05/02/2002,
por motivo de ferias regulamentares da titular"
15,Substituição de Funções, IONE MORAES DE SOUSA,41.364-X,ABDIAS MAR,93.125-X,nan,DFG-11,nan,nan,nan,nan,nan,nan,nan,nan,"Designar IONE MORAES DE SOUSA, matricula no 41.364-X, para substituir ABDIAS MAR-
QUES DE CARVALHO, matricula no 93.125-X, Gerente, Simbolo DFG-11, da Gerencia de
Apoio Logistico da Diretoria Administrativo-Financeira da Subsecretaria de Apoio Operacional
da Secretaria de Fazenda e Planejamento do Distrito Federal, no periodo de 2 a 16 de janeiro de
2002, por motivo de ferias regulamentares"
16,Substituição de Funções, PATRICIA PASINI,23.746-9,nan,nan,nan,nan,nan,nan,nan,nan,nan,nan,nan,nan,"Designar PATRICIA PASINI, matricula no 23.746-9, como executor interno do Termo de
Doacao, firmado entre a Secretaria de Estado de Educacao do Distrito Federal e a Sun Microsys-
tems do Brasil Industria e Comercio Ltda"
17,Substituição de Funções, DEUSALINA DE LIMA VERAS,71.924-2,nan,nan,nan,nan,nan,nan,nan,nan,nan,nan,nan,nan,"Designar DEUSALINA DE LIMA VERAS, matricula no 71.924-2, como executor do 1o Termo
Aditivo ao Contrato no 79/2001, celebrado entre a Secretaria de Estado de Educacao do Distrito
Federal e a Empresa CHUBB do Brasil  Companhia de Seguros"
18,Substituição de Funções, os servidores abaixo relacionados,43.950-9,nan,nan,nan,nan,nan,nan,nan,nan,nan,nan,nan,nan,"Designar os servidores abaixo relacionados, para substituirem titulares de Cargos em Comissao
da Subsecretaria de Suporte Educacional, por motivo de ferias dos titulares, conforme discrimi-
nacao a seguir: DIEGO SORIA RODRIGUEZ JUNIOR, matricula no 43.950-9, Cargo em Comissao,  Simbolo,
DFG-13, de Diretor da Diretoria de Engenharia, Producao e Manutencao, no periodos de 01/01/
2002 a 15/01/2002 e de 18/02/2002 a 04/03/2002"
19,Substituição de Funções, a servidora abaixo relacionada,25.491-6,"a titular do cargo em comissao a
seguir especificado",nan,nan,DFG-02,nan,nan,nan,nan,nan,nan,nan,nan,"Designar a servidora abaixo relacionada, para substituir a titular do cargo em comissao a
seguir especificado: Aureni Farias dos Santos, matricula 25.491-6,  Especialista de Assistencia a Educacao SA401,
Chefe de Secretaria da Escola Classe 17 do Gama, simbolo DFG-02, no periodo de 22/12/2001 a
20/04/2002, por motivo de Licenca Gestante da titular"
20,Substituição de Funções, WELMA MARIA GAMA RIBEIRO DE SOUZA,203.174-4,a Chefe do Nucleo de Expediente da Gerencia Regional de Ensino de Brazlandia,nan,nan,DFG-07,nan,nan,nan,nan,nan,nan,nan,nan,"Designar WELMA MARIA GAMA RIBEIRO DE SOUZA, matricula no 203.174-4, para
substituir a Chefe do Nucleo de Expediente da Gerencia Regional de Ensino de Brazlandia,
Simbolo DFG-07,  pelo periodo de 05/12/001 a 02/01/2002, por motivo de licenca medica
da titular"
21,Substituição de Funções, NARCISO LOURENCO DA SILVA,43.304-7,"o Chefe de
Secretaria do Centro de Ensino Fundamental",nan,nan,DFG-04,nan,nan,nan,nan,nan,nan,nan,nan,"Designar NARCISO LOURENCO DA SILVA, matricula no 43.304-7, para substituir o Chefe de
Secretaria do Centro de Ensino Fundamental 01 de Brazlandia, Simbolo DFG-04,  pelo periodo
de 02/01/2002 a 16/01/2002, por motivo de ferias do titular"
22,Substituição de Funções, MARIA AUREA SANTOS DOMINGUES DE OLIVEIRA,300.532-1,o Vice,nan,nan,FG-05,nan,nan,nan,nan,nan,nan,nan,nan,"Designar MARIA AUREA SANTOS DOMINGUES DE OLIVEIRA, matricula no 300.532-1,
para substituir o Vice-Diretor da Escola Normal de Brazlandia, Simbolo FG-05, pelo periodo de
07/01/2002 a 26/01/2002,  por  motivo de ferias do titular"
23,Substituição de Funções, DIENIEIRE COSTA MARTINS,63.274-0,a Vice,nan,nan,FG-04,nan,nan,nan,nan,nan,nan,nan,nan,"Designar DIENIEIRE COSTA MARTINS, matricula no 63.274-0, para substituir a Vice-Diretora
do Centro de Ensino Especial 01 de Brazlandia, Simbolo FG-04, pelo periodo de 10/12/2001 a 24/
12/2001, por motivo de licenca medica da titular"
24,Substituição de Funções, JOSEFA BATISTA DA SILVA DE CARVALHO,94.977-9,a Chefe Secretaria do Centro Educacional,nan,nan,DFG-06,nan,nan,nan,nan,nan,nan,nan,nan,"Designar JOSEFA BATISTA DA SILVA DE CARVALHO, matricula no 94.977-9, para substituir
a Chefe Secretaria do Centro Educacional 02 de Brazlandia, Simbolo DFG-06, pelo periodo de 21/
01/2002 a 04/02/2002,  por  motivo de ferias da titular"
25,Substituição de Funções, CARLOS ROBERTO DA SILVA,28.666-4,"o Chefe de
Secretaria do Centro Educacional",nan,nan,DFG-06,nan,nan,nan,nan,nan,nan,nan,nan,"Designar CARLOS ROBERTO DA SILVA, matricula no 28.666-4, para substituir o Chefe de
Secretaria do Centro Educacional 03 de Brazlandia, Simbolo DFG-06, pelo periodo de 07/01/
2002 a 05/02/2002, por motivo de ferias do titular"
26,Substituição de Funções, ANTONIO LUIS TEIXEIRA DE BRITO,55.233-X,"a
Chefe de Secretaria do Centro de Ensino Especial",nan,nan,DFG-04,nan,nan,nan,nan,nan,nan,nan,nan,"Designar ANTONIO LUIS TEIXEIRA DE BRITO, matricula no 55.233-X, para substituir a
Chefe de Secretaria do Centro de Ensino Especial 01 de Brazlandia, Simbolo DFG-04, pelo
periodo de  14/01/2002 a 13/02/2002,  por  motivo de ferias da titular"
27,Substituição de Funções, DEUSILENE  PINHEIRO DA SILVA,32.764-6,"a Chefe do
Nucleo de Coordenacao Pedagogica da Gerencia Regional de Ensino de Brazlandia",nan,nan,DFG-07,nan,nan,nan,nan,nan,nan,nan,nan,"Designar DEUSILENE  PINHEIRO DA SILVA, matricula no 32.764-6, para substituir a Chefe do
Nucleo de Coordenacao Pedagogica da Gerencia Regional de Ensino de Brazlandia, Simbolo
DFG-07, pelo periodo de 07/01/2002 a 05/02/2002,  por  motivo de ferias da titular"
28,Substituição de Funções, FABIO DA SILVA SOUSA,24.414-7,"a Chefe de Secretaria
do Centro de Ensino Fundamental INCRA",nan,nan,DFG-04,nan,nan,nan,nan,nan,nan,nan,nan,"Designar FABIO DA SILVA SOUSA, matricula no 24.414-7, para substituir a Chefe de Secretaria
do Centro de Ensino Fundamental INCRA 08, Simbolo DFG-04, pelo periodo de 08/01/2002 a
06/02/2002, por motivo de ferias da  titular"
29,Substituição de Funções, JOSENY MARIA LOPES LACERDA,26.106-8,"a Chefe
do Nucleo de Apoio Escolar da Gerencia Regional de Brazlandia",nan,nan,DFG-07,nan,nan,nan,nan,nan,nan,nan,nan,"Designar JOSENY MARIA LOPES LACERDA, matricula no 26.106-8, para substituir a Chefe
do Nucleo de Apoio Escolar da Gerencia Regional de Brazlandia, Simbolo DFG-07, pelo periodo
de 07/01/2002 a 05/02/2002, por motivo de ferias da  titular"
30,Substituição de Funções,  FRANCISCA  DAS CHAGAS MENEZES SUGIMOTO,30.755-6,a Chefe de Secretaria da Escola Classe INCRA,nan,nan,DFG-02,nan,nan,nan,nan,nan,nan,nan,nan,"Designar  FRANCISCA  DAS CHAGAS MENEZES SUGIMOTO, matricula 30.755-6, para
substituir a Chefe de Secretaria da Escola Classe INCRA 09, Simbolo DFG-02, pelo periodo de
07/01/2002 a 05/02/2002, por motivo de ferias da  titular"
31,Substituição de Funções, ADAILZA  DE  AZEVEDO,67.013-8,"a Chefe de Secretaria
do Centro de Ensino Fundamental Rodeador",nan,nan,DFG-04,nan,nan,nan,nan,nan,nan,nan,nan,"Designar ADAILZA  DE  AZEVEDO, matricula 67.013-8, para substituir a Chefe de Secretaria
do Centro de Ensino Fundamental Rodeador, Simbolo DFG-04, pelo periodo de 07/01/2002 a 05/
02/2002, por motivo de ferias da titular"
32,Substituição de Funções, GERUZA CAVALCANTE DOS SANTOS,25.365-0,"a
Chefe de Secretaria do CAIC",nan,nan,DFG-06,nan,nan,nan,nan,nan,nan,nan,nan,"Designar GERUZA CAVALCANTE DOS SANTOS, matricula 25.365-0,  para substituir a
Chefe de Secretaria do CAIC - Benedito Carlos de Oliveira, Simbolo DFG-06, pelo periodo de 16/
10/2001 a 03/11/2001, por motivo de licenca  medica da titular"
33,Substituição de Funções, GERUZA CAVALCANTE DOS SANTOS,25.365-0,"a Chefe
de Secretaria do CAIC",nan,nan,DFG-06,nan,nan,nan,nan,nan,nan,nan,nan,"Designar GERUZA CAVALCANTE DOS SANTOS, matricula 25.365-0, para substituir a Chefe
de Secretaria do CAIC - Benedito Carlos de Oliveira, Simbolo DFG-06, pelo periodo de 25/01/
2002 a 08/02/2002, por motivo de ferias da titular"
34,Substituição de Funções, JOAQUINA PESSOA VIANA,38.241-8,a Vice,nan,nan,FG-02,nan,nan,nan,nan,nan,nan,nan,nan,"Designar JOAQUINA PESSOA VIANA, matricula 38.241-8, para substituir a Vice-Diretora da
Escola Classe 07 de Brazlandia, Simbolo FG-02, pelo periodo de 21/01/2002 a 19/02/2002, por
motivo de ferias da titular"
35,Substituição de Funções, JULIA DE ANDRADE COSTA,203.471-9,o Vice,nan,nan,FG-05,nan,nan,nan,nan,nan,nan,nan,nan,"Designar JULIA DE ANDRADE COSTA, matricula no 203.471-9, para substituir o Vice-Diretor
do CAIC Benedito Carlos de Oliveira, Simbolo FG-05, pelo periodo de 21/01/2002 a 19/02/2002,
por motivo de ferias da titular"
36,Substituição de Funções, a servidora EDILENA OLIVEIRA FREITAS BAIA,20.288-6,nan,nan,nan,nan,nan,nan,nan,nan,nan,nan,nan,nan,"DESIGNAR a servidora EDILENA OLIVEIRA FREITAS BAIA, matricula 20.288-6, para subs-
tituir  a Chefe de Secretaria Escolar da  Escola Classe 07 de Sobradinho, DFG-02, no periodo de
21.01.02 a 19.02.02, por motivo de ferias da titular"
37,Substituição de Funções, a servidora MILCE GABRIELE FERREIRA DE VASCONCELOS,202.505-1,o Chefe do Nucleo de Apoio Escolar,nan,nan,nan,nan,nan,nan,nan,nan,nan,nan,nan,"DESIGNAR a servidora MILCE GABRIELE FERREIRA DE VASCONCELOS, matricula
202.505-1, para substituir o Chefe do Nucleo de Apoio Escolar, DFG-07, no periodo de 01/01/
02 a 23/01/02, por  motivo de Licenca Tratamento Saude da Titular"
38,Substituição de Funções, a servidora CARMOZINA FERNANDES DA COSTA,25.459-2,o Chefe de Secretaria Escolar do Centro Educacional,nan,nan,nan,nan,nan,nan,nan,nan,nan,nan,nan,"DESIGNAR a servidora CARMOZINA FERNANDES DA COSTA, matricula 25.459-2, para
substituir o Chefe de Secretaria Escolar do Centro Educacional 04 de Sobradinho, DFG-06, no
periodo de 21/01/02 a 19/02/02, por motivo de ferias do titular"
39,Substituição de Funções, o servidor HELIO JOSE RODRIGUES,62.239-7,"o
Chefe do Nucleo de Material",nan,nan,nan,nan,nan,nan,nan,nan,nan,nan,nan,"DESIGNAR o servidor HELIO JOSE RODRIGUES, matricula 62.239-7, para substituir o
Chefe do Nucleo de Material, Patrimonio e Servicos, DFG-07, no periodo de 21/01/02 a 19/02/
02,  por motivo de ferias do titular"
40,Substituição de Funções, os servidores abaixo relacionados,202763-1,nan,nan,nan,nan,nan,nan,nan,nan,nan,nan,nan,nan,"Designar os servidores abaixo relacionados, para substituirem os titulares dos cargos em comis-
sao a seguir especificados: ANA MARIA SPINDOLA, Professora MG3Q, matricula 202763-1, Diretora da Escola
Classe Curral Queimado, FG-04, no periodo de 21/01/2002 a 19/02/2002,   por motivo de
ferias da titular"
41,Substituição de Funções, IRIS BORGES DA SILVA,43.768-9,"o titular do cargo em
comissao",nan,nan,DFG,nan,nan,nan,nan,nan,nan,nan,nan,"Designar IRIS BORGES DA SILVA, matricula 43.768-9, para substituir o titular do cargo em
comissao, simbolo DFG 04 de Chefe de Secretaria Escolar do Centro de Ensino Fundamental
Metropolitana, no periodo de 07/01/2002 a 05/02/2002, por motivo de ferias do titular"
42,Substituição de Funções, JANETE ARACI KOCH,200.432-1,"o titular do cargo em
comissao",nan,nan,DFG,nan,nan,nan,nan,nan,nan,nan,nan,"Designar JANETE ARACI KOCH, matricula 200.432-1, para substituir o titular do cargo em
comissao, simbolo DFG 07 de Chefe do Nucleo de Expediente da Gerencia Regional de Ensino do
Nucleo Bandeirante, no periodo de 07/01/2002 a 05/02/2002, por motivo de ferias do titular"
43,Substituição de Funções, AGUIDA MARIA LIMA BOTELHO FONSECA,63.447-6,nan,nan,nan,DFG,nan,nan,nan,nan,nan,nan,nan,nan,"Designar AGUIDA MARIA LIMA BOTELHO FONSECA, matricula 63.447-6, para substi-
tuir o titular do cargo em comissao, simbolo DFG 06 de Chefe de Secretaria Escolar do Centro
Educacional 01 da Candangolandia, no periodo de 21/01/2002 a 19/02/2002, por motivo de
ferias do titular"
44,Substituição de Funções, LUIZA DACIA LOPES VIEIRA DO NASCIMENTO,24.678-6,nan,nan,nan,DFG,nan,nan,nan,nan,nan,nan,nan,nan,"Designar LUIZA DACIA LOPES VIEIRA DO NASCIMENTO, matricula 24.678-6, para subs-
tituir o titular do cargo em comissao, simbolo DFG 02 de Chefe de Secretaria Escolar da Escola
Classe 05, no periodo de 08/01/2002 a 06/02/2002, por motivo de ferias do titular"
45,Substituição de Funções, CLAUDIA BRAGA BARRETO SAMPAIO,43.401-9,"o
titular do cargo em comissao",nan,nan,DFG,nan,nan,nan,nan,nan,nan,nan,nan,"Designar CLAUDIA BRAGA BARRETO SAMPAIO, matricula 43.401-9, para substituir o
titular do cargo em comissao, simbolo DFG 07 de Chefe do Nucleo de Recursos Humanos da
Gerencia Regional de Ensino do Nucleo Bandeirante, no periodo de 24/01/2002 a 02/02/2002, por
motivo de ferias do titular"
46,Substituição de Funções, MAGDA AVELINO DA SILVA,67.810-4,"o titular do cargo
em comissao",nan,nan,DFG,nan,nan,nan,nan,nan,nan,nan,nan,"Designar MAGDA AVELINO DA SILVA, matricula 67.810-4, para substituir o titular do cargo
em comissao, simbolo DFG 02 de Chefe de Secretaria Escolar da Escola Classe Ipe, no periodo de
31/12/2001 a 19/01/2002 por motivo de ferias do titular"
47,Substituição de Funções, CAROLINE DE OLIVEIRA GONCALVES,31.636-9,"o
titular do cargo em comissao",nan,nan,DFG,nan,nan,nan,nan,nan,nan,nan,nan,"Designar CAROLINE DE OLIVEIRA GONCALVES, matricula 31.636-9, para substituir o
titular do cargo em comissao, simbolo DFG 07 de Chefe do Nucleo de Coordenacao Pedagogica
da Gerencia Regional de Ensino do Nucleo Bandeirante, no periodo de 21/01/2002 a 19/02/2002,
por motivo de ferias do titular"
48,Substituição de Funções, MARLY ALBERTINA DA SILVA DUARTE,77.701-3,"o
titular do cargo em comissao",nan,nan,DFG,nan,nan,nan,nan,nan,nan,nan,nan,"Designar MARLY ALBERTINA DA SILVA DUARTE, matricula 77.701-3, para substituir o
titular do cargo em comissao, simbolo DFG 07 de Chefe do Nucleo de Material Patrimonio e
Servico da Gerencia Regional de Ensino do Nucleo Bandeirante, no periodo de 07/01/2002 a 05/
02/2002, por motivo de ferias do titular"
49,Substituição de Funções, GIDALVA DE OLIVEIRA SANTOS,51.528-0,"o titular do
cargo em comissao",nan,nan,DFG,nan,nan,nan,nan,nan,nan,nan,nan,"Designar GIDALVA DE OLIVEIRA SANTOS, matricula 51.528-0, para substituir o titular do
cargo em comissao, simbolo DFG 02 de Chefe de Secretaria Escolar da Escola Classe 04, no
periodo de 02/01/2002 a 31/01/2002, por motivo de ferias do titular"
50,Substituição de Funções, os servidores abaixo relacionados para substituirem os titulares dos cargos em comis,23.025-1,nan,nan,nan,DFG,nan,nan,nan,nan,nan,nan,nan,nan,"Designar os servidores abaixo relacionados para substituirem os titulares dos cargos em comis-
sao, a seguir especificados: DARLENE SAMARITANA BATISTA PINTO, matricula 23.025-1, Chefe de Secretaria Esco-
lar da Escola Classe 26 de Ceilandia, simbolo DFG  02, no periodo de 07/01/2002 a 05/02/2002,
por  motivo de ferias do titular"
51,Substituição de Funções, JOSILENE OLINDINA DE LIMA,67.203-3,"o titular do
cargo em comissao de Chefe de Secretaria Escolar do Centro de Ensino Especial",nan,nan,nan,nan,nan,nan,nan,nan,nan,nan,nan,"Designar JOSILENE OLINDINA DE LIMA, matricula 67.203-3, para substituir o titular do
cargo em comissao de Chefe de Secretaria Escolar do Centro de Ensino Especial 01 do Guara,
DFG-04  pelo periodo de 07/01/2002 a 05/02/2002, em razao de ferias do titular"
52,Substituição de Funções, BRUNO ANGELO CAMPOS DA SILVA,203.432-8,"o
titular do cargo em comissao de Chefe do Nucleo de Integracao Escola e Comunidade do Guara",nan,nan,nan,nan,nan,nan,nan,nan,nan,nan,nan,"Designar BRUNO ANGELO CAMPOS DA SILVA, matricula 203.432-8, para substituir o
titular do cargo em comissao de Chefe do Nucleo de Integracao Escola e Comunidade do Guara,
DFG-06, pelo periodo de 21/01/2002 a 19/02/2002, em razao de ferias do titular"
53,Substituição de Funções, MARIA DAS DORES MENDES SILVA,36.985-3,"o titular
do cargo em comissao de Chefe do Nucleo e Apoio Escolar do Guara",nan,nan,nan,nan,nan,nan,nan,nan,nan,nan,nan,"Designar MARIA DAS DORES MENDES SILVA, matricula 36.985-3, para substituir o titular
do cargo em comissao de Chefe do Nucleo e Apoio Escolar do Guara, DFG-06, pelo periodo de
02/01/2002 a 11/01/2002, em razao de ferias do titular"
54,Substituição de Funções, MARIA ISABEL FORTES DA SILVA,27.261-2,"o Chefe
do Nucleo de Material Patrimonio e Servico",nan,nan,nan,nan,nan,nan,nan,nan,nan,nan,nan,"Designar MARIA ISABEL FORTES DA SILVA, matricula n 27.261-2, para substituir o Chefe
do Nucleo de Material Patrimonio e Servico, DFG-07, pelo periodo de 07.01.2002 a 05.02.2002,
por motivo de ferias do titular"
55,Substituição de Funções, SILVIA ANTONIA OLIVEIRA PINHEIRO,202.636-8,"a
Diretora da Escola Classe Cachoeirinha",nan,nan,nan,nan,nan,nan,nan,nan,nan,nan,nan,"Designar SILVIA ANTONIA OLIVEIRA PINHEIRO, matricula n 202.636-8, para substituir a
Diretora da Escola Classe Cachoeirinha, FG-04, pelo periodo de 21.01.2002 a 19.02.2002, por
motivo de ferias do titular"
56,Substituição de Funções, o servidor Ednildo Borges Tenorio de Lima,117.775-5,o Diretor Regional de Saude de Ceilandia da Secreta,nan,nan,DFG-13,nan,nan,nan,nan,nan,nan,nan,nan,"Designar o servidor Ednildo Borges Tenorio de Lima, Carreira Medica (Ginecologia e Obstetri-
cia), Matricula no 117.775-5, para substituir o Diretor Regional de Saude de Ceilandia da Secreta-
ria de Estado de Saude do Distrito Federal, Simbolo DFG-13, no periodo de 21 a 31 de janeiro de
2002, por motivo de ferias"
57,Substituição de Funções, o servidor Luiz Carlos Belmonte de Barros,129.2765,o Diretor Regional de Saude de Brazlandia da Secre,nan,nan,DFG-13,nan,nan,nan,nan,nan,nan,nan,nan,"Designar o servidor Luiz Carlos Belmonte de Barros, Carreira Medica (Ginecologia e Obstetri-
cia), Matricula no 129.2765, para substituir o Diretor Regional de Saude de Brazlandia da Secre-
taria de Estado de Saude do Distrito Federal, Simbolo DFG-13, no periodo de 31 de dezembro de
2001 a 29 de janeiro de 2002, por motivo de ferias"
58,Substituição de Funções,  a servidora PATRICIA ALVES DE OLIVEIRA,n.o,a Chefe do Nucleo de Apoio Operacional do CSG,nan,nan,nan,nan,nan,nan,nan,nan,nan,nan,nan,"DESIGNAR  a servidora PATRICIA ALVES DE OLIVEIRA, AIS (Agente Administrativo),
matricula n.o 133.733-5, para substituir a Chefe do Nucleo de Apoio Operacional do CSG  05 da
Direcao Regional de Saude do Gama, DFG-05, no  periodo de 14 a 28 de fevereiro de 2002,  por
motivo de ferias do Titular, conforme Memorando n.o 158/2001-Gerencia/CSG-05 de  11 de
Dezembro/2001"
59,Substituição de Funções,nan,nan,nan,"n.o  126.854-6 e
MARIA IRANI DA SILVA DIAS",nan,nan,nan,nan,nan,nan,nan,nan,nan,nan,"DESIGNAR, os membros da Comissao Regional de Sindicancia, nomeados atraves da Ordem de
servico n.o 70, publicada no DODF de 24.09.99, para sob a presidencia do primeiros e nos seus
impedimentos, sob a do segundo, para comporem Comissao de Sindicancia com a finalidade de
apurar os fatos constantes no processo 275.000.003/2.002, devendo todos os envolvidos serem
notificados de tudo, desde o inicio dos trabalhos, os quais devem ser concluidos dentro de 30
(trinta) dias a partir da data de publicacao do presente ato, com base no paragrafo unico do artigo
145 da Lei 8.112/90 e Instrucao n.o 04/99  FHDF:
JOSE ADILSON BARBOZA, AIS (Auxiliar de Enfermagem), matricula n.o 126.809-1; MARI- LENE CARVALHO DE SOUZA, AIS (Auxiliar de Enfermagem), matricula n.o  126.854-6 e
MARIA IRANI DA SILVA DIAS, AIS (Auxiliar de Enfermagem), matricula n.o  121.801-8"
60,Substituição de Funções, o servidor SERGIO ANTONIO QUEIROZ,300286-1,"o
Chefe do Servico de Pessoal",nan,nan,DFG-09,nan,nan,nan,nan,nan,nan,nan,nan,"Designar o servidor SERGIO ANTONIO QUEIROZ, Matricula 300286-1, para substituir o
Chefe do Servico de Pessoal, Simbolo DFG-09, no periodo de 02 a 31/01/2002, por motivo de
ferias regulamentares do titular"
61,Substituição de Funções, a servidora TEREZINHA DE FATIMA SILVA,300227-6,"a
Chefe da Assessoria Juridica",nan,nan,DFG-12,nan,nan,nan,nan,nan,nan,nan,nan,"Designar a servidora TEREZINHA DE FATIMA SILVA, Matricula 300227-6, para substituir a
Chefe da Assessoria Juridica, Simbolo DFG-12, no periodo de 02/12/2001 a 31/03/2002 em
virtude de licenca gestante da titular"
62,Substituição de Funções, o servidor WILSON ALVES DA COSTA JUNIOR,300253-5,o Chefe do Servico de Administracao e Financas,nan,nan,DFG-09,nan,nan,nan,nan,nan,nan,nan,nan,"Designar o servidor WILSON ALVES DA COSTA JUNIOR, Matricula 300253-5 para substituir
o Chefe do Servico de Administracao e Financas, Simbolo DFG-09, no periodo de 07 a 16/01/
2002, em virtude de ferias regulamentares do titular MARIZA RODRIGUES NAVES E RIBEIRO SECRETARIA DE ACAO SOCIAL ATO DA CHEFE ORDEM DE SERVICO No 2, DE 8 DE JANEIRO DE 2002 A CHEFE DE GABINETE DA SECRETARIA DE ESTADO DE ACAO SOCIAL DO DISTRI-
TO FEDERAL, no uso das atribuicoes que lhe confere o Art"
63,Substituição de Funções, a servidora MARIA DO SOCORRO CASIMIRO SILVA,n.o,nan,nan,nan,nan,nan,nan,nan,nan,nan,nan,nan,nan,"Designar a servidora MARIA DO SOCORRO CASIMIRO SILVA, matricula n.o  102.176-1,
Executora do Contrato no 10/2001 , celebrado entre o Distrito Federal, por meio da Secretaria de
Estado de Acao Social e  a EMPRESA TELEPROM - EQUIPAMENTOS PARA TELECOMU-
NICACAO LTDA, cabendo a designada as atribuicoes previstas no  artigo 13, inciso II, do
Decreto  n.o 16.098, de 29/11/94, publicado no Diario Oficial do Distrito Federal de 30/11/94, na
Portaria no 140, de 17/11/99, e demais normas inerentes ao assunto"
64,Substituição de Funções,nan,nan,nan,55.180-5,nan,nan,nan,nan,nan,nan,nan,nan,nan,nan,"Designar, para comporem a Comissao de que trata o item anterior, os servidores RICARDO
SERGIO DE OLIVEIRA E SILVA, matricula no 55.454-5, Engenheiro, que a presidira; ELAINE
FREITAS ALVES DOS SANTOS, matricula no 55.180-5, Arquiteta, e JOSE ANTONIO CARA-
MORI BORGES, matricula no 55.161-9, Engenheiro"
65,Substituição de Funções, MANOEL CARDOSO DE SOUSA,n.o,"ESTEFANIA
MARQUES FREIRE QUEIROZ",n.o 97.396-3,Gerente Administrativo,DFG-10,nan,,nan,nan,nan,nan,nan,nan,"Designar MANOEL CARDOSO DE SOUSA, matricula n.o 1650050-2, Chefe  do Nucleo de
Suporte, Simbolo DFG-10, da Gerencia Administrativa, da Diretoria do Teatro Nacional Claudio
Santoro, da Secretaria de Estado de Cultura do Distrito Federal, para substituir ESTEFANIA
MARQUES FREIRE QUEIROZ, matricula n.o 97.396-3, Gerente Administrativo, Simbolo DFG-
12, da Diretoria do Teatro Nacional Claudio Santoro,  da Secretaria de Estado de  Cultura do Distrito
Federal,  no periodo de 02.12.2001 a 31.12.2001, por motivo de gozo de ferias regulamentares"
66,Substituição de Funções, DILTON BATISTA SILVA,,nan,nan,nan,nan,nan,nan,nan,nan,nan,nan,nan,nan,"Designar DILTON BATISTA SILVA,  matricula no  30.967-2, Diretor Administrativo e
Financeiro,  para executor do Contrato firmado entre o Distrito Federal, por intermedio da
Fundacao Polo Ecologico de Brasilia e Instituto Candango de Solidariedade - ICS, Processo
no 196.000.463/2001"
