,Tipo do Ato,Nome do Servidor Substituto,Matrícula do Servidor Substituto,Nome do Servidor a ser Substituido,Matrícula do Servidor a ser SubstituidoCargo,Símbolo do cargo do servidor substituto,Cargo comissionado objeto da substituição,Símbolo do cargo do objeto da substituição,Símbolo do cargo comissionado objeto da substituição,Hierarquia da Lotação,Órgão,Data Inicial da Vigência,Data Final de Vigência,Matrícula SIAPE,Motivo,text
0,Substituição de Funções, FERNANDO DE CASTRO LOPES e MAURICIO ATHAYDE,nan,nan,nan,nan,nan,nan,nan,nan,nan,nan,nan,nan,nan,"Designar FERNANDO DE CASTRO LOPES e MAURICIO ATHAYDE, como representantes desta
comunidade, para compor a  Comissao de Defesa do Meio Ambiente - COMDEMA, na Regiao
Administrativa do Cruzeiro,  em  substituicao a Maria Alice Caetano e Uguaraci Pereira de Oliveira FRANCISCO PIRES PROCURADORIA GERAL DO DISTRITO FEDERAL DESPACHO DO PROCURADOR GERAL
Em 20 de setembro de 2001 De conformidade com o que dispoe o Artigo 26, da Lei no 8.666, de 21.06.93, e as pecas que instruem os
processos, ratifico os procedimentos adotados, referente ao reconhecimento dos atos de inexigibilidade de
Licitacao e autorizacao de despesa em reforco as Notas de Empenho, relacionadas abaixo, emitida a favor
da BRASIL TELECOM e TELEBRASILIA CELULAR, conforme constante do quadro demonstrativo,
para fazer face as despesas com servicos de telefonia convencional e celular, para esta Casa  Juridica"
