,Tipo do Ato,Nome do Servidor Substituto,Matrícula do Servidor Substituto,Nome do Servidor a ser Substituido,Matrícula do Servidor a ser SubstituidoCargo,Símbolo do cargo do servidor substituto,Cargo comissionado objeto da substituição,Símbolo do cargo do objeto da substituição,Símbolo do cargo comissionado objeto da substituição,Hierarquia da Lotação,Órgão,Data Inicial da Vigência,Data Final de Vigência,Matrícula SIAPE,Motivo,text
0,Substituição de Funções, o servidor CHRISTOPHE DE ALMEIDA TELES,133.337-2,nan,nan,nan,nan,nan,nan,nan,nan,nan,nan,nan,nan,"Designar o servidor CHRISTOPHE DE ALMEIDA TELES, matricula no 133.337-2, Gerente da
Gerencia de Rede de Comunicacao de Dados/DITEC/SUPLAN/SES, EXECUTOR do Contrato no 025/
2002-SES/DF, celebrado entre o Distrito Federal, por intermedio da Secretaria de Estado de Saude e o
INSTITUTO BRASILEIRO DE INFORMACAO EM CIENCIA E TECNOLOGIA - IBICT, vinculado
ao Ministerio da Ciencia e Tecnologia  MCT, em 28 de maio de 2002
Esta Portaria entra em vigor na data de sua publicacao"
1,Substituição de Funções, TAKECO IKEDA,118.002-9,nan,nan,nan,nan,nan,nan,nan,nan,nan,nan,nan,nan,"Designar TAKECO IKEDA, matricula no 118.002-9, para atuar como Defensora Dativa da
servidora LESLEY DIVINA MATIAS SOARES, processo no 275.000.541/2001"
2,Substituição de Funções, o Senhor Coordenador da Coordenacao de Desenvolvimento de Recursos Humanos  CO,nan,nan,nan,nan,nan,nan,nan,nan,nan,nan,nan,nan,nan,"Designar o Senhor Coordenador da Coordenacao de Desenvolvimento de Recursos Humanos  CO-
DERH/FEPECS, EXECUTOR do Convenio no 006/2000-PJ-FHDF, celebrado entre o Distrito Fede-
ral, por intermedio da Secretaria de Estado de Saude e a LS  ESCOLA TECNICA DE ENFERMA-
GEM, em 25 de maio de 2000"
3,Substituição de Funções, o Sr,nan,nan,nan,nan,nan,nan,nan,nan,nan,nan,nan,nan,nan,Designar o Sr
4,Substituição de Funções, o servidor ELSO MONTEIRO DE BRITO,100.181-7,JOAQUIM SARAIVA LIRA,nan,nan,nan,nan,nan,nan,nan,nan,nan,nan,nan,"Designar o servidor ELSO MONTEIRO DE BRITO, Matricula No 100.181-7, Tecnico de Desen-
volvimento Agropecuario, para substituir JOAQUIM SARAIVA LIRA, Matricula"
5,Substituição de Funções, o servidor JOSEVILTON VITALIANO PIMENTA DE AGUIAR,100.094-,VALTER AZEVEDO ARAUJO,nan,nan,nan,nan,nan,nan,nan,nan,nan,nan,nan,"Designar o servidor JOSEVILTON VITALIANO PIMENTA DE AGUIAR, Matricula No 100.094-
2, Tecnico de Desenvolvimento Agropecuario, para substituir VALTER AZEVEDO ARAUJO, Matri-
cula"
6,Substituição de Funções, a servidora EUDETE DE SOUZA UCHOA,100.810-2,CARMEM LUCIA F,nan,nan,nan,nan,nan,nan,nan,nan,nan,nan,nan,"Designar a servidora EUDETE DE SOUZA UCHOA, Matricula No 100.810-2, Tecnico de Desen-
volvimento Agropecuario, para substituir CARMEM LUCIA F"
7,Substituição de Funções, o servidor GUILHERME AMANCIO LOULY CAMPOS,108.142-X,nan,nan,nan,nan,nan,nan,nan,nan,nan,nan,nan,nan,"Designar o servidor GUILHERME AMANCIO LOULY CAMPOS, Matricula No 108.142-X,
executor do Convenio de Cooperacao Tecnica - P.A No 070.000.784/2001 - celebrado entre o
Distrito Federal, por meio da Secretaria de Estado de Agricultura, Pecuaria e Abastecimento do
Distrito Federal e o Municipio de Planaltina de Goias, objetivando estabelecer acoes de cooperacao
tecnica entre os participes"
8,Substituição de Funções, o servidor Manoel Araujo Pinto,24.378-7,nan,nan,nan,nan,nan,nan,nan,nan,nan,nan,nan,nan,"DESIGNAR o servidor Manoel Araujo Pinto, Inspetor de Atividades Urbanas, matricula 24.378-7
como EXECUTOR do Contrato de Concessao de Uso de no 008/2001 sobre o imovel do Distrito
Federal e areas contiguas a Projecao 1, Quadra HN-5, SH/Norte (Num"
9,Substituição de Funções, a servidora TANIA MARA PEREIRA,19.057-8,nan,nan,nan,nan,nan,nan,nan,nan,nan,nan,nan,nan,"DESIGNAR a servidora TANIA MARA PEREIRA, Inspetora de Atividades Urbanas, matricula no
19.057-8, como EXECUTORA do Contrato de Concessao de Uso de no 004/2000, sobre o imovel do
Distrito Federal e areas contiguas ao Modulo C, Quadra 608, Setor de Grandes Areas Norte,
(Numeracao Predial  Setor de Grandes Areas Norte, Quadra 608, Conjunto C), referente ao
processo no 141.000.713/2000, firmado entre o Distrito Federal e a CAMPANHA NACIONAL DE
ESCOLAS DA COMUNIDADE - CNEC, representada por ALEXANDRE JOSE DOS SANTOS, na
qualidade de Presidente"
10,Substituição de Funções, os servidores,107.769-4,nan,37.041-X,nan,nan,nan,nan,nan,nan,nan,nan,nan,nan,"DESIGNAR os servidores: ELZA LUCIA FERREIRA DE MELO, matricula no 107.769-4,
Diretora da DREAEP/RA-X, RUTH DIAS MEIRELLES, Inspetora de Atividades Urbanas,
matricula no 37.041-X, ROBSON DE HOLANDA COSTA PEREIRA, matricula no 94.437-8,
Chefe da Secao de Pessoal/DAG,MANOEL DUARTE NORONHA, matricula no 109.279-0,
Gerente de Planejamento/GEPLAN/RA-X e VANEZA DE FATIMA SILVA AZEVEDO, As-
sessora do Gabinete, matricula no 109.666-4, para sob a presidencia do primeiro e secretariada pela ultima, constituirem Comissao de Sindicancia, para apurar os fatos relacionados nos
processos nos 137.002.788/2000, 137.002.786/2000, 137.003.658/2000, 137.002.802/
2000, 137.002.785/2000 e 137.002.784/2000, devendo apresentar relatorio conclusivo no
prazo de 30(trinta) dias"
11,Substituição de Funções, os servidores,109.631-1,ROSANGELA CARMEN ALMEIDA ALVES DE SOUSA,107.756-2,nan,DFG-08,nan,nan,nan,nan,nan,nan,nan,nan,"DESIGNAR os servidores: FULVIO ANTONIO MACHADO AVILA, matricula no 109.631-1, Dire-
tor da Divisao Regional de Licenciamento/RA-X, MARCIO ANTONIO DA SILVA, matricula no
107.756-2, Assessor de Gabinete/RA-X, MANOEL DUARTE NORONHA, matricula no 109.279-0,
Gerente de Planejamento/GEPLAN/RA-X e LUANDA ALVES DOS SANTOS, matricula no 91.342-
1, Tecnica de Administracao Publica/RA-X, para sob a presidencia do primeiro e secretariado pela
ultima, constituirem Comissao de Licitacao desta Administracao Regional, com o objetivo de licitar
a obra objeto do Processo no 137.000.621/2002
MARCIA DE S.M.FERNANDEZ PROCURADORIA GERAL DO DISTRITO FEDERAL PORTARIA No 87, DE 21 DE JUNHO DE 2002
O PROCURADOR-GERAL DO DISTRITO FEDERAL, no uso das atribuicoes que lhe confere o
artigo 6o, inciso XIV, da Lei Complementar no 395, de 31 de julho de 2001, resolve:
Designar CELIA DE LIMA FERREIRA, Assistente de Apoio as Atividades Juridicas, matricula no
31.240-1, para substituir ROSANGELA CARMEN ALMEIDA ALVES DE SOUSA, Chefe do
Servico de Apoio, matricula no 31.308-4, Simbolo DFG-08, do Departamento de Administracao
Geral, da Procuradoria-Geral do Distrito Federal, no periodo de 01 a 10.07.2002, por motivo de
ferias da titular"
