,Tipo do Ato,Nome do Servidor Substituto,Matrícula do Servidor Substituto,Nome do Servidor a ser Substituido,Matrícula do Servidor a ser SubstituidoCargo,Símbolo do cargo do servidor substituto,Cargo comissionado objeto da substituição,Símbolo do cargo do objeto da substituição,Símbolo do cargo comissionado objeto da substituição,Hierarquia da Lotação,Órgão,Data Inicial da Vigência,Data Final de Vigência,Matrícula SIAPE,Motivo,text
0,Substituição de Funções, o servidor JOAO LUIZ DE OLIVEIRA,43.837-5,"o servidor
JESUS PRADO DA SILVA",106.660-9,Encarregado do Nucleo de Aprovisionamento,nan,nan,nan,nan,nan,nan,nan,nan,nan,"Designar o servidor JOAO LUIZ DE OLIVEIRA, matricula no 43.837-5, para substituir o servidor
JESUS PRADO DA SILVA, matricula no 106.660-9, Encarregado do Nucleo de Aprovisionamento, da                                      Diario Oficial do Distrito Federal
PAGINA   32
No 218, terca-feira, 13 de novembro de 2001 Diretoria de Transporte da Subsecretaria de Logistica e Modernizacao, por motivo de ferias do titular
no periodo de 19/11/2001 a 18/12/2001"
1,Substituição de Funções, a servidora Lili Marleide Jose de Arruda,110.552-3,a Chefe do Nucleo de Regulacao,nan,nan,DFG,nan,nan,nan,nan,nan,nan,nan,nan,"Designar a servidora Lili Marleide Jose de Arruda, Agente Administrativo, Classe Especial, Padrao V,
Matricula 110.552-3, para substituir a Chefe do Nucleo de Regulacao, Controle e Avaliacao da
Gerencia de Apoio Operacional do HRGu, simbolo DFG - 05, no periodo de 10/12/2001 a 29/12/
2001,  por motivo de ferias da titular, conforme Memorando n.o 089/2001 - DRSGu, datado de 10 de
outubro 2001"
2,Substituição de Funções, o servidor Gilberto Martins  Pereira,122.451-4,"a  Chefe do  Nucleo de Processamento de Contas do SIA e SIH
da Gerencia de Apoio Operacional do HRGu",nan,nan,DFG,nan,nan,nan,nan,nan,nan,nan,nan,"Designar o servidor Gilberto Martins  Pereira, Agente Administrativo, Classe Especial, Padrao V,
Matricula 122.451-4 , para substituir a  Chefe do  Nucleo de Processamento de Contas do SIA e SIH
da Gerencia de Apoio Operacional do HRGu, simbolo DFG - 05, no periodo de 10/12/2001 a 29/12/
2001  , por motivo de ferias da titular, conforme Memorando n.o 071/2001 - GAO/HRGu ,  datado de
28 de setembro de  2001"
3,Substituição de Funções, a servidora Meire Luiza Silva Cardoso,042.904-X,"a Chefe do Nucleo de Apoio Operacional do Centro
de Saude N",nan,nan,DFG,nan,nan,nan,nan,nan,nan,nan,nan,"Designar a servidora Meire Luiza Silva Cardoso, Tecnico de Administracao Publica, Terceira Classe,
Padrao V, Matricula 042.904-X, para substituir a Chefe do Nucleo de Apoio Operacional do Centro
de Saude N.o 01 da Diretoria de Saude do Guara, simbolo DFG - 05, no periodo  de 02/10/2001 a 11/
10/2001, por motivo de Licenca Medica  da titular, conforme Memorando n.o 088/2001 - CSGu 01,
datado de 02 de outubro  de  2001"
4,Substituição de Funções, a servidora Fatima Monteiro Pereira,125.196-1,a Chefe do Nucleo de Apoio Operacional do Centro de Saude N,nan,nan,DFG,nan,nan,nan,nan,nan,nan,nan,nan,"Designar a servidora Fatima Monteiro Pereira, Agente de Saude Publica, Classe Especial, Padrao IV,
Matricula 125.196-1, para substituir a Chefe do Nucleo de Apoio Operacional do Centro de Saude N.o
01 da Diretoria de Saude do Guara, simbolo DFG - 05, no periodo  de 22/10/2001 a 05/11/2001, por
motivo de Licenca Medica  da titular, conforme Memorando n.o 095/2001 - CSGu 01, datado de 22
de outubro  de  2001"
5,Substituição de Funções, a servidora Angela Wzelly Cordeiro Gomes,116.920-3,"o Chefe do Nucleo de Recepcao de Emergencia da
Gerencia de Apoio Operacional  do HRGu",nan,nan,DFG,nan,nan,nan,nan,nan,nan,nan,nan,"Designar a servidora Angela Wzelly Cordeiro Gomes, Agente Administrativo, Classe Especial,
Padrao V, Matricula 116.920-3, para substituir o Chefe do Nucleo de Recepcao de Emergencia da
Gerencia de Apoio Operacional  do HRGu, simbolo DFG - 04, no periodo de 11/12/2001 a 09/01/
2002, por motivo de ferias do titular, conforme Memorando n.o 025 - DRSGu, datado de 28 de
setembro  de  2001"
6,Substituição de Funções, a servidora Leda Maria Morais da Silva,113.751-4,"o Chefe do Nucleo de Pessoal da Gerencia de Apoio Operacional
do HRGu",nan,nan,DFG,nan,nan,nan,nan,nan,nan,nan,nan,"Designar a servidora Leda Maria Morais da Silva, Analista de Sistemas, Classe Especial, Padrao V,
Matricula 113.751-4, para substituir o Chefe do Nucleo de Pessoal da Gerencia de Apoio Operacional
do HRGu, simbolo DFG - 05, no periodo 03/12/2001 a 17/12/2001, por motivo de ferias do titular,
conforme Memorando n.o 158/2001  - DRSGu, datado de 18 de outubro  de  2001"
7,Substituição de Funções, a servidora GENIVAN SILVA MORAES,n.o, a Gerente de Saude da Comunidade do Hospital Regional do Gama,nan,nan,DFG-09,nan,nan,nan,nan,nan,nan,nan,nan,"DESIGNAR a servidora GENIVAN SILVA MORAES , AIS (Agende Administrativo) matricula n.o
132.731-3, para substituir  a Gerente de Saude da Comunidade do Hospital Regional do Gama, Simbolo
DFG-09, no periodo de 15 a 24 de Outubro de 2001, por motivo de ferias  do titular, conforme Memo
n.o 214/2001-DRSG"
8,Substituição de Funções, a servidora GENIVAN SILVA MORAES,n.o, a Gerente de Saude da Comunidade do Hospital Regional do Gama,nan,nan,DFG-09,nan,nan,nan,nan,nan,nan,nan,nan,"DESIGNAR a servidora GENIVAN SILVA MORAES , AIS (Agende Administrativo) matricula n.o
132.731-3, para substituir  a Gerente de Saude da Comunidade do Hospital Regional do Gama, Simbolo
DFG-09, no periodo de 01 a 30 de novembro de 2001, por motivo de Licenca Premio do titular,
conforme Memo n.o 215/2001-DRSG"
9,Substituição de Funções, a servidora ROMILCE BESERRA CORREIA,n.o, a Chefia do Nucleo de Hemoterapia e Hematologia do Hospital Regional do Gama,nan,nan,DFG-05,nan,nan,nan,nan,nan,nan,nan,nan,"DESIGNAR a servidora ROMILCE BESERRA CORREIA , ASS (Biologo) matricula n.o 124.040-4,
para substituir  a Chefia do Nucleo de Hemoterapia e Hematologia do Hospital Regional do Gama,
Simbolo DFG-05, no periodo de 01 a 31 de Janeiro de 2002, por motivo de ferias  do titular, conforme
Memo n.o 33/2001-NHH/HRG"
10,Substituição de Funções, a servidora ALESSANDRA DE MOURA LIMA,n.o, a Chefia da Unidade de Clinicas Medicas do Hospital Regional do Gama,nan,nan,DFG-06,nan,nan,nan,nan,nan,nan,nan,nan,"DESIGNAR a servidora ALESSANDRA DE MOURA LIMA , ASS (Clinica Medica) matricula n.o
140.416-4, para substituir  a Chefia da Unidade de Clinicas Medicas do Hospital Regional do Gama,
Simbolo DFG-06, no periodo de 11/12/01 a 09/01/02, por motivo de ferias  do titular, conforme
Memo n.o 162/2001-U"
11,Substituição de Funções, o servidor,n.o,o Chefe do Nucleo de Manutencao do Hospital Regional do Gama,nan,nan,DFG-04,nan,nan,nan,nan,nan,nan,nan,nan,"DESIGNAR o servidor, JOSE HIPOLITO DA SILVA, AIS (Agente Administrativo), matricula n.o                                      Diario Oficial do Distrito Federal
PAGINA   38
No 218, terca-feira, 13 de novembro de 2001 117.760-5, para substituir o Chefe do Nucleo de Manutencao do Hospital Regional do Gama , Simbolo
DFG-04, no periodo de 02 a 11 de Janeiro de  2.001, por motivo de ferias do Titular, conforme
Memorando n.o 066/2001- DRSG, de 22 de Outubro de 2001"
12,Substituição de Funções, a servidora,n.o,o Chefe do Nucleo de Apoio Operacional do CSG,nan,nan,DFG-05,nan,nan,nan,nan,nan,nan,nan,nan,"DESIGNAR a servidora, SANDRA BENICIO CHAGAS, AIS (Agente Administrativo), matricula n.o
121.060-2, para substituir o Chefe do Nucleo de Apoio Operacional do CSG-03, Simbolo DFG-05, no
periodo de 17 a 31 de Dezembro de 2.001, por motivo de ferias do Titular, conforme Memorando n.o
066/2001- DRSG, de 22 de Outubro de 2001"
13,Substituição de Funções, ELEUSA CESAR FARIA DE SANTANA,n.o,ISABEL REGINA BRASIL PASCHOAL,n.o 92.838-0,"ocupante do Cargo em
Comissao",CNE,nan,nan,nan,nan,nan,nan,nan,nan,"Designar ELEUSA CESAR FARIA DE SANTANA, matricula n.o 97.841-8, Assessor de Gabinete, para
substituir ISABEL REGINA BRASIL PASCHOAL, matricula n.o 92.838-0, ocupante do Cargo em
Comissao, Simbolo CNE 06, de Chefe de Gabinete da Secretaria de Estado de Acao Social do Distrito
Federal, no periodo de 16 a 30.11.2001, por motivo de ferias regulamentares da Titular"
14,Substituição de Funções, a servidora ANGELA DA CONCEICAO MOREIRA,n.o,DIVINA TEIXEIRA SANTOS MACHADO,n.o 103.990-3,ocupante do Cargo em Comissao,DFG,nan,nan,nan,"Secretaria de Estado de Acao
Social do Distrito Federal, no periodo de 26.10.2001 a 22.02.2002, por motivo de Licenca
Maternidade da Titular",nan,nan,nan,nan,"Designar a servidora ANGELA DA CONCEICAO MOREIRA, matricula n.o 101.902-3, Assistente
Intermediario em Servicos Sociais, para substituir DIVINA TEIXEIRA SANTOS MACHADO,
matricula n.o 103.990-3, ocupante do Cargo em Comissao, Simbolo DFG 11, de Gerente da Geren-
cia de Prestacao de Contas, da Diretoria de Contratos e Convenios, da Secretaria de Estado de Acao
Social do Distrito Federal, no periodo de 26.10.2001 a 22.02.2002, por motivo de Licenca
Maternidade da Titular"
15,Substituição de Funções, os servidores ANA MARIA GOMES,101.935-X,nan,101.717-9 e MONICA PATRICIA AZOLINO,nan,nan,nan,nan,nan,nan,nan,nan,nan,nan,"Designar os servidores ANA MARIA GOMES, matricula no 101.935-X, JOSE MARIANO
CUNHA VIEGAS, matricula no 101.717-9 e MONICA PATRICIA AZOLINO, matricula no 103114-
7, para sob a presidencia do primeiro, comporem Comissao de Sindicancia, com vistas a apurar os
fatos constantes do Processo acima referenciado"
16,Substituição de Funções, EDILSON MARTINS JORGE RIBEIRO,00.886-9,"LEDA
RAETER MONTANDON BORGES",00.780-3,"Coordenadora de Planejamento e de
Organizacao Administrativa",nan,nan,nan,nan,nan,nan,nan,nan,nan,"Designar EDILSON MARTINS JORGE RIBEIRO, matricula no 00.886-9, para substituir LEDA
RAETER MONTANDON BORGES, matricula no 00.780-3, Coordenadora de Planejamento e de
Organizacao Administrativa, DFG-13, do Departamento de Transito do Distrito Federal, no periodo
de 05 a 24/11/2001, por motivo de ferias da titular"
17,Substituição de Funções, Evaldo Carneiro,nan,nan,nan,nan,nan,nan,nan,nan,nan,nan,nan,nan,nan,"Designar Evaldo Carneiro, Secretario Adjunto/SEADE, para atestar as despesas e os servicos constan-
tes das faturas com telefonia movel celular desta SEADE, referente aos numeros, 9964-7020, 9964-
7040, originarios da prestadora Telebrasilia Celular S/A"
18,Substituição de Funções, a servidor Luiz C,nan,nan,nan,nan,nan,nan,nan,nan,nan,nan,nan,nan,nan,Designar a servidor Luiz C.F.S
19,Substituição de Funções, o servidor Orlando Goncalves da Silva,nan,nan,nan,nan,nan,nan,nan,nan,nan,nan,nan,nan,nan,"Designar o servidor Orlando Goncalves da Silva, Chefe do Nucleo de Suporte Operacional/GEAD/
DAO, para atestar as despesas e os servicos, constantes das faturas com telefonia convencional desta
SEADE, relativo aos numeros: 322-5445, 321-1362, 321-1851, 321-1896, 322-4592, 322-7247,
323-4898,  323-4899, 323-4909, 323-4907, 323-4902, originarios da prestadora Brasil Telecon S/A"
20,Substituição de Funções, o servidor Silas Lemos Vilarins,nan,nan,nan,nan,nan,nan,nan,nan,nan,nan,nan,nan,nan,"Designar o servidor Silas Lemos Vilarins, Gerente de Informatica/ DAO, para atestar as despesas e o
servicos constantes das faturas relativas ao numero 323-4919, para acesso a Internet, desta SEADE
, originarios da prestadora Brasil Telecon S/A"
21,Substituição de Funções, Luiz,nan,nan,nan,nan,nan,nan,nan,nan,nan,nan,nan,nan,nan,Designar Luiz
22,Substituição de Funções, Evaldo Carneiro,nan,nan,nan,nan,nan,nan,nan,nan,nan,nan,nan,nan,nan,"Designar Evaldo Carneiro, Secretario Adjunto/SEADE, para atestar as despesas e os servicos constan-
tes das faturas com telefonia convencional desta SEADE, referente aos numeros 321-2932, origina-
rios da prestadora Brasil Telecon S/A"
23,Substituição de Funções, a servidora Tereza Goncalves Chaves Cavalcante,nan,nan,nan,nan,nan,nan,nan,nan,nan,nan,nan,nan,nan,"Designar a servidora Tereza Goncalves Chaves Cavalcante, Assessora/DAO, para atestar as despesas
e os servicos constantes das faturas relativas ao no 321-1964, para acesso a transmissao de fax, desta
SEADE,  originarios da prestadora Brasil Telecon S/A"
24,Substituição de Funções, o Chefe do Servico de Exame de Projetos,nan,nan,nan,nan,DFG-10,nan,nan,nan,nan,nan,nan,nan,nan,"DESIGNAR o Chefe do Servico de Exame de Projetos, simbolo DFG-10, para acompanhar,
supervisionar e fiscalizar os servicos constantes da Nota de Empenho n.o 287/2001, referente a
atender despesa com perfuracao e instalacao de 02 pocos tubulares profundo na Regiao Agricola de Nova Betania"
