,Tipo do Ato,Nome do Servidor Substituto,Matrícula do Servidor Substituto,Nome do Servidor a ser Substituido,Matrícula do Servidor a ser SubstituidoCargo,Símbolo do cargo do servidor substituto,Cargo comissionado objeto da substituição,Símbolo do cargo do objeto da substituição,Símbolo do cargo comissionado objeto da substituição,Hierarquia da Lotação,Órgão,Data Inicial da Vigência,Data Final de Vigência,Matrícula SIAPE,Motivo,text
0,Substituição de Funções, e dispensar substitutos eventuais de titulares de cargos em comissao,nan,nan,nan,nan,nan,nan,nan,nan,nan,nan,nan,nan,nan,"designar e dispensar substitutos eventuais de titulares de cargos em comissao;
XII - cumprir e fazer cumprir a legislacao vigente;
XIII - delegar atribuicoes;
XIV - aprovar a programacao anual de trabalho das unidades da SDE e a proposta
orcamentaria anual;
XV - praticar os atos pertinentes as atribuicoes outorgadas ou delegadas pelo Governador;
XVI - executar outras atividades inerentes a sua area de competencia"
