,Tipo,Nome,Cargo Efetivo,Matricula,Siape,Simbolo,Cargo Comissao,Lotacao,Orgao,text
0,Nomeação, CHARLES MIRANDA DE JESUS,nan,29.078-5,nan,DFG-05,nan,nan,nan,"NOMEAR CHARLES MIRANDA DE JESUS, matricula no 29.078-5, para exercer o Cargo em
Comissao, Simbolo DFG-05, de Assistente de Camaras do Conselho de Educacao do Distrito Federal"
1,Nomeação, CHARLES MIRANDA DE JESUS,nan,nan,nan,nan,nan,nan,nan,NOMEAR CHARLES MIRANDA DE JESUS..
2,Nomeação, CHARLEY MIRANDA DE JESUS,nan,nan,nan,nan,nan,nan,nan,NOMEAR CHARLEY MIRANDA DE JESUS..
3,Nomeação, CARLOS ROBERTO DO NASCIMENTO,nan,63.460-3,nan,DFG-05,nan,nan,nan,"NOMEAR CARLOS ROBERTO DO NASCIMENTO, matricula no 63.460-3, para exercer o Cargo
em Comissao, Simbolo DFG-05, de Assistente de Camaras do Conselho de Educacao do Distrito
Federal"
4,Nomeação, ALTAIR MACEDO LAUDE LOUREIRO,"como membro do Conselho de Educacao do
Distrito Federal",nan,nan,nan,nan,nan,nan,"NOMEAR ALTAIR MACEDO LAUDE LOUREIRO, como membro do Conselho de Educacao do
Distrito Federal, para complementar o mandato de quatro anos, em vaga decorrente da renuncia de
PAULO AMOZIR GOMES DE SOUZA"
5,Nomeação, LUCIENE ROSA REZENDE MONTEIRO,nan,95.941-3,nan,DFG-13,nan,nan,nan,"NOMEAR LUCIENE ROSA REZENDE MONTEIRO, matricula no 95.941-3, para exercer o Cargo
em Comissao, Simbolo DFG-13, de Diretor da Diretoria Financeira da Subsecretaria de Apoio Opera-
cional da Secretaria de Estado de Educacao do Distrito Federal"
