,tipo,nome,matricula,simbolo,cargo_comissao,lotacao,orgao,vigencia,pedido,cargo_efetivo,siape,motivo,text
0,Exoneração, ROBSON RUI CAMPOS DE ALMEIDA,nan,nan,nan,nan,nan,nan,nan,nan,nan,nan,"EXONERAR ROBSON RUI CAMPOS DE ALMEIDA, matricula 47"
1,Exoneração, ADRIANA PEREIRA MIRANDA OLYNTHO,nan,DFA-,nan,nan,nan,nan,nan,nan,nan,nan,"EXONERAR ADRIANA PEREIRA MIRANDA OLYNTHO, do Cargo em Comissao, Simbolo DFA- 09, de Assistente, da Diretoria para Integracao da Pessoa Portadora de Deficiencia da  Secretaria de
Trabalho e Direitos Humanos"
2,Exoneração, LARA CALAFELL ARAUJO,no,nan,nan,nan,nan,nan,nan,nan,nan,nan,"EXONERAR LARA CALAFELL ARAUJO, matricula no 107"
3,Exoneração, MELYSSA SOARES VITAL,nan,nan,nan,nan,nan,nan,a pedido,nan,nan,nan,"EXONERAR, a pedido, MELYSSA SOARES VITAL, do Cargo em Comissao, Simbolo, DFA-05, de
Secretaria Administrativa da Gerencia de Direitos Humanos da Subsecretaria de Diretos Humanos da
Secretaria de Trabalho e Direitos Humanos, a contar de 31 de agosto de 2001"
4,Exoneração, CHARLES CHRISTIAN ALVES FERNANDES DE DEUS,nan,nan,nan,nan,nan,nan,a pedido,nan,nan,nan,"EXONERAR, a pedido, CHARLES CHRISTIAN ALVES FERNANDES DE DEUS, do Cargo em
Comissao, Simbolo, DFA-05, de Secretaria Administrativa da Gerencia de Analise de Projetos do
Departamento de Desenvolvimento Profissional da Subsecretaria de Emprego e Renda da Secretaria
de Trabalho e Direitos Humanos, a contar de 16 de setembro de 2001"
5,Exoneração, DELIO PEREIRA DA FONSECA,nan,nan,nan,nan,nan,nan,nan,nan,nan,nan,"EXONERAR DELIO PEREIRA DA FONSECA, do Cargo em Comissao, Simbolo, DFA-07, de Assis-
tente da Gerencia de Credito Assistido da Subsecretaria de Emprego e Renda da Secretaria de Trabalho
e Direitos Humanos"
6,Exoneração, ZILDA GUARACI MONTEIRO ZENI,nan,nan,nan,nan,nan,nan,nan,nan,nan,nan,"EXONERAR ZILDA GUARACI MONTEIRO ZENI, do Cargo em Comissao, Simbolo, DFA-07, de
Assistente, da Gerencia de Credito Assistido, da Diretoria de Desenvolvimento Empresarial, da
Subsecretaria de Emprego e Renda da Secretaria de Trabalho e Direitos Humanos"
7,Exoneração, MARINES MARQUES BREVES,nan,nan,nan,nan,nan,nan,nan,nan,nan,nan,"EXONERAR MARINES MARQUES BREVES, do Cargo em Comissao, Simbolo, DFA-03, de Encar-
regado, do Nucleo de Material, da Gerencia Administrativa, da Diretoria de Apoio Operacional, da
Secretaria de Trabalho e Direitos Humanos"
8,Exoneração, MARCIA DA SILVA LEMES DE MELO,nan,nan,nan,nan,nan,nan,nan,nan,nan,nan,"EXONERAR MARCIA DA SILVA LEMES DE MELO, do Cargo em Comissao, Simbolo, DFA-03, de
Encarregado, do Nucleo de Execucao Orcamentaria, da Gerencia Financeira, da Diretoria de Apoio
Operacional, da Secretaria de Trabalho e Direitos Humanos"
9,Exoneração, EDSONINA OLIVEIRA DE SOUZA,no,nan,nan,nan,nan,nan,nan,nan,nan,nan,"EXONERAR, por estar sendo nomeada para outro cargo, EDSONINA OLIVEIRA DE SOUZA,
matricula no 108"
10,Exoneração, PAULO HENRIQUE RIBEIRO CORTES,no,nan,nan,nan,nan,nan,nan,nan,nan,nan,"EXONERAR, por estar sendo nomeado para outro cargo, PAULO HENRIQUE RIBEIRO CORTES,
matricula no 108"
11,Exoneração, DANIELA DA COSTA BARBOZA,no,nan,nan,nan,nan,nan,nan,nan,nan,nan,"EXONERAR DANIELA DA COSTA BARBOZA, matricula no 97"
12,Exoneração, ROBSON MACHADO,nan,nan,nan,nan,nan,nan,a pedido,nan,nan,nan,"EXONERAR, a pedido, ROBSON MACHADO, Agente Penitenciario, matricula 36"
13,Exoneração, GEOVANES GOMES DA SILVA,nan,nan,nan,nan,nan,nan,nan,nan,nan,nan,"EXONERAR, por estar sendo nomeado para outro cargo, GEOVANES GOMES DA SILVA, Carreira
Medica (Ginecologia e Obstetricia), Matricula no 128"
14,Exoneração, JOSE GATTO NETO,nan,nan,nan,nan,nan,nan,a pedido,nan,nan,nan,"EXONERAR, a pedido, JOSE GATTO NETO, Matricula no 140"
15,Exoneração, VERNON RODRIGUES DE OLIVEIRA,nan,nan,nan,nan,nan,nan,nan,nan,nan,nan,"EXONERAR VERNON RODRIGUES DE OLIVEIRA, Assistente Intermediario de Saude (Agente
Administrativo), Matricula no 110"
16,Exoneração, CESAR VIEIRA DA ROCHA,nan,nan,nan,nan,nan,nan,nan,nan,nan,nan,"EXONERAR CESAR VIEIRA DA ROCHA, Assistente Intermediario de Saude (Agente Administrati-
vo), Matricula no 132"
17,Exoneração, MARINALVA MURELLI SILVEIRA,nan,nan,nan,nan,nan,nan,nan,nan,nan,nan,"EXONERAR MARINALVA MURELLI SILVEIRA, Carreira Medica (Clinica Medica), Matricula no
118"
18,Exoneração, LUCIENE ROSA REZENDE MONTEIRO,nan,nan,nan,nan,nan,nan,nan,nan,nan,nan,"EXONERAR, por ter sido nomeada para outro cargo, LUCIENE ROSA REZENDE MONTEIRO,
matricula 95"
19,Exoneração, ANTONIA FRANCIMEIRE BEZERRA DE CAS,nan,nan,nan,nan,nan,nan,nan,nan,nan,nan,"EXONERAR, por ter sido nomeada para outro cargo, ANTONIA FRANCIMEIRE BEZERRA DE CAS-
TRO, matricula 63"
20,Exoneração, ROSANGELA NAZARE SE SOUZA,nan,nan,nan,nan,nan,nan,nan,nan,nan,nan,"EXONERAR, por ter sido nomeada para outro cargo, ROSANGELA NAZARE SE SOUZA, matricula
23"
21,Exoneração, JONAS PEDRO DA SILVA,nan,nan,nan,nan,nan,nan,nan,nan,nan,nan,"EXONERAR, por ter sido nomeado para outro cargo, JONAS PEDRO DA SILVA, matricula 51"
22,Exoneração, PAULO ROBERTO DA SILVEIRA LIMA,no,nan,nan,nan,nan,nan,nan,nan,nan,nan,"EXONERAR, por estar sendo nomeado para outro cargo, PAULO ROBERTO DA SILVEIRA LIMA,
matricula no 63"
23,Exoneração, ROBERTO NOBREGA,no,nan,nan,nan,nan,nan,nan,nan,nan,nan,"EXONERAR, por estar sendo nomeado para outro cargo, ROBERTO NOBREGA, matricula no
58"
24,Exoneração, PATRICIA CARLA VIEIRA PEIXOTO,no,nan,nan,nan,nan,nan,a pedido,nan,nan,nan,"EXONERAR, a pedido, PATRICIA CARLA VIEIRA PEIXOTO, matricula no 33"
25,Exoneração, Q,nan,nan,nan,nan,nan,nan,a pedido,nan,nan,nan,"EXONERAR, a pedido, do Quadro de Pessoal do Distrito Federal com lotacao na Secretaria de Estado
de Saude do Distrito Federal, com base no art"
26,Exoneração, Q,nan,nan,nan,nan,nan,nan,a pedido,nan,nan,nan,"EXONERAR, a pedido, do Quadro de Pessoal do Distrito Federal com lotacao na Secretaria de Estado
de Saude do Distrito Federal, com base no art"
27,Exoneração, ROBERTO DA COSTA COELHO,nan,nan,nan,nan,nan,nan,a pedido,nan,nan,nan,"EXONERAR, a pedido, ROBERTO DA COSTA COELHO, matricula 71"
28,Exoneração, LETICIA DE LOURDES CURADO TELES,no,nan,nan,nan,nan,nan,a pedido,nan,nan,nan,"EXONERAR, a pedido, LETICIA DE LOURDES CURADO TELES, matricula no 33"
29,Exoneração, EMILIO CARLOS VITALI,no,nan,nan,nan,nan,nan,a pedido,nan,nan,nan,"EXONERAR, a pedido, EMILIO CARLOS VITALI, matricula no 95"
30,Exoneração, WILTON ARAUJO CAMARA,no,nan,nan,nan,nan,nan,a pedido,nan,nan,nan,"EXONERAR, a pedido, WILTON ARAUJO CAMARA, matricula no 71"
31,Exoneração, SIMONE PIRES DE OLIVEIRA,no,nan,nan,nan,nan,nan,a pedido,nan,nan,nan,"EXONERAR, a pedido, SIMONE PIRES DE OLIVEIRA, matricula no 700"
32,Exoneração, MARIA JOSE COUTINHO MOREIRA,no,nan,nan,nan,nan,nan,nan,nan,nan,nan,"EXONERAR, para fins de regularizacao, MARIA JOSE COUTINHO MOREIRA, matricula no 71"
33,Exoneração, GILSA BENVINDA ROSA SILVA,no,nan,nan,nan,nan,nan,nan,nan,nan,nan,"EXONERAR, para fins de regularizacao, GILSA BENVINDA ROSA SILVA, matricula no 71"
34,Exoneração, CARLOS ROBERTO DO NASCIMENTO,no,nan,nan,nan,nan,nan,nan,nan,nan,nan,"EXONERAR, para fins de regularizacao, CARLOS ROBERTO DO NASCIMENTO, matricula no
97"
35,Exoneração, CHARLES MIRANDA DE JESUS,no,nan,nan,nan,nan,nan,nan,nan,nan,nan,"EXONERAR, para fins de regularizacao, CHARLES MIRANDA DE JESUS, matricula no 97"
36,Exoneração, OCLECIO AIRES DA FONSECA,no,nan,nan,nan,nan,nan,nan,nan,nan,nan,"EXONERAR, para fins de regularizacao, OCLECIO AIRES DA FONSECA, matricula no 93"
37,Exoneração,ALESSANDRA MATIAS DOS SANTOS SILVA,no,nan,nan,nan,nan,nan,a pedido,nan,nan,nan,"EXONERAR, a pedido, os servidores abaixo mencionados, a contar da data especificada:
-ALESSANDRA MATIAS DOS SANTOS SILVA, matricula no 25"
38,Exoneração, SGT QPPMC JOSE RIBEIRO DO NASCIMENTO,nan,nan,nan,nan,nan,nan,nan,nan,nan,nan,"EXONERAR o 3o SGT QPPMC JOSE RIBEIRO DO NASCIMENTO, MAT"
39,Exoneração, CB BM JAIR MAURICIO DA SILVA,nan,nan,nan,nan,nan,nan,nan,nan,nan,nan,"EXONERAR o CB BM JAIR MAURICIO DA SILVA, MAT"
40,Exoneração, SD QPPMC SCHEILA DA SILVA BERNARDES,nan,nan,nan,nan,nan,nan,nan,nan,nan,nan,"EXONERAR o SD QPPMC SCHEILA DA SILVA BERNARDES, MAT"
41,Exoneração,OUT,nan,nan,nan,nan,nan,nan,nan,nan,nan,nan,"EXONERAR, a contar de 14OUT2001,  o 3o SGT QPPMC ERALDO RANGEL, MAT"
