,Tipo,Nome,Cargo Efetivo,Matricula,Siape,Simbolo,Cargo Comissao,Lotacao,Orgao,text
0,Nomeação,nan,nan,nan,nan,nan,nan,nan,nan,"NOMEAR a candidata aprovada no concurso publico a que se refere o Edital Normativo no 52/99,
publicado no DODF no 225, de 25/11/99 e Edital de Resultado Final no 07/00, publicado no DODF no
20 de 28/01/00, para exercer o cargo de Musico, Classe Unica, Padrao I, Especialidade Oboe, da
Carreira de Musico da Orquestra Sinfonica do Teatro Nacional Claudio Santoro, conforme a seguir:
ADRIANA EVANGELISTA RUIZ DIAZ DE GUERRA CANTARELLI, 2o, em vaga originaria"
1,Nomeação, DAVID GOMES FRANCO,nan,27.639-1,nan,DFA-05,nan,nan,nan,"NOMEAR DAVID GOMES FRANCO, matricula 27.639-1, para exercer o Cargo  em Comissao,
Simbolo DFA-05,  de Assistente de Gabinete da Secretaria de Estado de Seguranca Publica do Distrito
Federal"
2,Nomeação, LARA CALAFELL ARAUJO,nan,nan,nan,DFA-09,"
Assistente",nan,nan,"NOMEAR LARA CALAFELL ARAUJO para exercer o Cargo em Comissao, Simbolo DFA-09, de
Assistente, da Diretoria para Integracao da Pessoa Portadora de Deficiencia da Secretaria de Trabalho
e Direitos Humanos"
3,Nomeação, ADRIANA FABRICIO DE SOUZA,nan,31.294-0,nan,DFA-05, Secretaria Administrativa,nan,nan,"NOMEAR ADRIANA FABRICIO DE SOUZA, matricula no 31.294-0, para exercer o Cargo em
Comissao, Simbolo DFA-05, de Secretaria Administrativa, da Diretoria para Integracao da Pessoa
Portadora de Deficiencia da Secretaria de Trabalho e Direitos Humanos"
4,Nomeação, WEBERTE MONTEIRO DUTRA,nan,nan,nan,nan,nan,nan,nan,"NOMEAR WEBERTE MONTEIRO DUTRA para exercer o Cargo em Comissao, Simbolo, DFA-05,
de Secretaria Administrativa da Gerencia de Direitos Humanos da Subsecretaria de Diretos Humanos
da Secretaria de Trabalho e Direitos Humanos"
5,Nomeação, KARINY DE CASTRO GONCALVES,nan,nan,nan,nan,nan,nan,nan,"NOMEAR KARINY DE CASTRO GONCALVES para exercer o Cargo em Comissao, Simbolo, DFA-
05, de Secretaria Administrativa da Gerencia de Analise de Projetos do Departamento de Desenvol-
vimento Profissional da Subsecretaria de Emprego e Renda da Secretaria de Trabalho e Direitos
Humanos, a contar de 16 de setembro de 2001"
6,Nomeação, HEGLISSON BENTO NOVAES,nan,nan,nan,nan,nan,nan,nan,"NOMEAR HEGLISSON BENTO NOVAES para exercer o Cargo em Comissao, Simbolo, DFA-07, de
Assistente, da Gerencia de Credito Assistido, da Diretoria de Desenvolvimento Empresarial, da
Subsecretaria de Emprego e Renda da Secretaria de Trabalho e Direitos Humanos"
7,Nomeação, GILDO ANTONIO PEDROSA,para exercer o Cargo em Comissao,nan,nan,nan,nan,nan,nan,"NOMEAR GILDO ANTONIO PEDROSA, para exercer o Cargo em Comissao, Simbolo, DFA-07, de
Assistente, da Gerencia de Credito Assistido, da Diretoria de Desenvolvimento Empresarial, da
Subsecretaria de Emprego e Renda da Secretaria de Trabalho e Direitos Humanos"
8,Nomeação, VANDERLEI FRANCISCO DA SILVA,para exercer o Cargo em Comissao,nan,nan,nan,nan,nan,nan,"NOMEAR VANDERLEI FRANCISCO DA SILVA, para exercer o Cargo em Comissao, Simbolo,
DFA-03, de Encarregado, do Nucleo de Material, da Gerencia Administrativa, da Diretoria de Apoio
Operacional, da Secretaria de Trabalho e Direitos Humanos"
9,Nomeação, ILTON DA SILVA OLIVEIRA,para exercer o Cargo em Comissao,nan,nan,nan,nan,nan,nan,"NOMEAR ILTON DA SILVA OLIVEIRA, para exercer o Cargo em Comissao, Simbolo, DFA-03, de
Encarregado, do Nucleo de Execucao Orcamentaria, da Gerencia Financeira, da Diretoria de Apoio
Operacional, da Secretaria de Trabalho e Direitos Humanos"
10,Nomeação, EDSONINA OLIVEIRA DE SOUZA,nan,108.187-X,nan,DFG-03,nan,nan,nan,"NOMEAR EDSONINA OLIVEIRA DE SOUZA, matricula no 108.187-X, para exercer o cargo em
comissao de Encarregada de Atendimento Judiciario, simbolo DFG-03, da Unidade de Assistencia
Judiciaria de Taguatinga, do Centro de Assistencia Judiciaria do Distrito Federal, do Gabinete do
Governador"
11,Nomeação, PAULO HENRIQUE RIBEIRO CORTES,nan,108.132-2,nan,DFG-03,nan,nan,nan,"NOMEAR PAULO HENRIQUE RIBEIRO CORTES, matricula no 108.132-2, para exercer o cargo
em comissao de Encarregado de Atendimento Judiciario, simbolo DFG-03, da Unidade de Assistencia
Judiciaria de Ceilandia, do Centro de Assistencia Judiciaria do Distrito Federal, do Gabinete do Gover-
nador"
12,Nomeação, ALINE GUIDA DE SOUZA,"para exercer o cargo em Comissao de Encarregada de Aten-
dimento Judiciario",nan,nan,DFG-03,nan,nan,nan,"NOMEAR ALINE GUIDA DE SOUZA, para exercer o cargo em Comissao de Encarregada de Aten-
dimento Judiciario, simbolo DFG-03, da Unidade de Assistencia Judiciaria de Sobradinho, do Centro de
Assistencia Judiciaria do Distrito Federal, do Gabinete do Governador"
13,Nomeação, JOSE MANUEL DE FREITAS SILVA,Agente Penitenciario,26.464-4,nan,DFG-02," Chefe da Secao de
Vigilancia Interna II da Divisao de Vigilancia do Nucleo de Custodia de Brasilia",nan,nan,"NOMEAR JOSE MANUEL DE FREITAS SILVA, Agente Penitenciario, matricula 26.464-4, para
exercer em virtude de vacancia, o Cargo em Comissao, Simbolo DFG-02, de Chefe da Secao de
Vigilancia Interna II da Divisao de Vigilancia do Nucleo de Custodia de Brasilia, da Coordenacao do
Sistema Penitenciario da Secretaria de Estado de Seguranca Publica do  Distrito Federal"
14,Nomeação, ROMILDO MARTINS REZENDE,Carreira Medica (Cirurgia Geral),115.797-3,nan,DFG-05,nan,nan,nan,"NOMEAR ROMILDO MARTINS REZENDE, Carreira Medica (Cirurgia Geral), Matricula no 115.797-3,
para exercer o Cargo em Comissao, Simbolo DFG-05, de Chefe da Unidade de Clinicas Cirurgicas da Gerencia
de Atencao a Saude do Hospital Regional de Sobradinho da Secretaria de Estado de Saude do Distrito Federal"
15,Nomeação, GEOVANES GOMES DA SILVA,Carreira Medica (Ginecologia e Obstetricia),128.075-9,nan,DFG-08,nan,nan,nan,"NOMEAR GEOVANES GOMES DA SILVA, Carreira Medica (Ginecologia e Obstetricia), Matricula no
128.075-9, para exercer o Cargo em Comissao, Simbolo DFG-08, de Gerente do Centro de Saude no
07 da Diretoria Regional de Saude de Ceilandia da Secretaria de Estado de Saude do Distrito Federal"
16,Nomeação, PAULO DA GAMA,nan,nan,nan,DFG-05," Chefe do Nucleo de
Seguranca",nan,nan,"NOMEAR PAULO DA GAMA-ROSA CARDOSO, Carreira Medica (Medicina do Trabalho), Matri-
cula no 135.311-X, para exercer o Cargo em Comissao, Simbolo DFG-05, de Chefe do Nucleo de
Seguranca, Higiene e Medicina do Trabalho da Gerencia Pessoal do Hospital Regional de Ceilandia da
Secretaria de Estado de Saude do Distrito Federal"
17,Nomeação, JULIANA BORGES TORRES,para exercer o Cargo em Comissao,nan,nan,DFG-09,"
Chefe do Nucleo de Biblioteca da Diretoria Administrativa e Financeira",nan,nan,"NOMEAR JULIANA BORGES TORRES, para exercer o Cargo em Comissao, Simbolo DFG-09, de
Chefe do Nucleo de Biblioteca da Diretoria Administrativa e Financeira, do Departamento de Estra-
das de Rodagem do Distrito Federal"
18,Nomeação, SULENE ANDRADE LEITE DE JESUS,para exercer o Cargo em Comissao,nan,nan,DFA-11, Assessor do Gabinete do Secretario,nan,nan,"NOMEAR SULENE ANDRADE LEITE DE JESUS, para exercer o Cargo em Comissao, Simbolo
DFA-11, de Assessor do Gabinete do Secretario, da Secretaria do Trabalho e Direitos Humanos do
Distrito Federal"
19,Nomeação, MARILIA BONFIM E SILVA DE MORAES,Carreira Medica (Terapia Intensiva Adulto),131.795-4,nan,DFG-05,nan,nan,nan,"NOMEAR MARILIA BONFIM E SILVA DE MORAES, Carreira Medica (Terapia Intensiva Adulto),
Matricula no 131.795-4, para exercer o Cargo em Comissao, Simbolo DFG-05, de Chefe da Unidade
de Terapia Intensiva Infantil e Adulta da Gerencia de Atencao a Saude do Hospital Regional de Saude
da Asa Sul da Secretaria de Estado de Saude do Distrito Federal"
20,Nomeação, ERISMAR LIMA LEITE DE SOUZA,"Assistente Intermediario de Saude (Artifice Opera-
dor de Maquinas - Lavanderia)",133.199-X,nan,DFG-04,nan,nan,nan,"NOMEAR ERISMAR LIMA LEITE DE SOUZA, Assistente Intermediario de Saude (Artifice Opera-
dor de Maquinas - Lavanderia), Matricula no 133.199-X, para exercer o Cargo em Comissao, Simbolo
DFG-04, de Chefe do Nucleo de Lavanderia e Rouparia da Gerencia de Apoio Operacional do Hospital
Regional de Taguatinga da Secretaria de Estado de Saude do Distrito Federal"
21,Nomeação, JOANA DARC DOS ANJOS VIGILATO,para exercer o Cargo em Comissao,nan,nan,DFG-04, Chefe do Nucleo de Regulacao,nan,nan,"NOMEAR JOANA DARC DOS ANJOS VIGILATO, para exercer o Cargo em Comissao, Simbolo
DFG-04, de Chefe do Nucleo de Regulacao, Controle e Avaliacao do Centro de Saude no 01 da
Diretoria Regional de Saude de Planaltina da Secretaria de Estado de Saude do Distrito Federal"
22,Nomeação, CLAUDIA MARIA FERREIRA MOREIRA,Carreira Medica (Pediatria),136.534-7,nan,DFG-14,nan,nan,nan,"NOMEAR CLAUDIA MARIA FERREIRA MOREIRA, Carreira Medica (Pediatria), Matricula no
136.534-7, lotada no Centro de Saude no 09 da Diretoria Regional de Saude de Ceilandia, para exercer
o Cargo em Comissao, Simbolo DFG-14, criado pela Lei no 2.733 de 04 de julho de 2001, publicado
no DODF no 128 de 05 de julho de 2001, da Secretaria de Estado de Saude do Distrito Federal"
23,Nomeação, ROSANIA DE LOURDES ARAUJO COELHO,Carreira Medica (Pediatria),nan,nan,DFG-14,nan,nan,nan,"NOMEAR ROSANIA DE LOURDES ARAUJO COELHO, Carreira Medica (Pediatria), Matri-
cula no 137.967-4, lotada no Centro de Saude no 02 da Diretoria Regional de Saude de
Taguatinga, para exercer o Cargo em Comissao, Simbolo DFG-14, criado pela Lei no 2.733 de
04 de julho de 2001, publicado no DODF no 128 de 05 de julho de 2001, da Secretaria de
Estado de Saude do Distrito Federal"
24,Nomeação, LUCIENE ROSA REZENDE MONTEIRO,nan,95.941-3,nan,DFG-13,nan,nan,nan,"NOMEAR LUCIENE ROSA REZENDE MONTEIRO, matricula 95.941-3, para exercer o Cargo em
Comissao, Simbolo DFG-13, de Diretora da Diretoria Financeira da Subsecretaria de Apoio Operaci-
onal da Secretaria de Estado de Educacao do Distrito Federal"
25,Nomeação, ANTONIA FRANCIMEIRE BEZERRA DE CASTRO,nan,63.458-1,nan,DFA-08,nan,nan,nan,"NOMEAR ANTONIA FRANCIMEIRE BEZERRA DE CASTRO, matricula 63.458-1, para exercer o
Cargo em Comissao, Simbolo DFA-08, de Assistente da Diretoria de Apoio Logistico e Material da
Subsecretaria de Apoio Operacional da Secretaria de Estado de Educacao do Distrito Federal"
26,Nomeação, ROBERTO NOBREGA,nan,58.795-8,nan,DFG-13,nan,nan,nan,"NOMEAR ROBERTO NOBREGA, matricula no 58.795-8, para exercer o Cargo em Comissao,
Simbolo DFG-13, de Diretor da Diretoria de Unidades Regionais da Subsecretaria de Suporte Educaci-
onal da Secretaria de Estado de Educacao do Distrito Federal"
27,Nomeação, ROSANGELA NAZARE SE SOUZA,nan,23.133-9,nan,DFA-08,nan,nan,nan,"NOMEAR ROSANGELA NAZARE SE SOUZA, matricula 23.133-9, para exercer o Cargo em Co-
missao, Simbolo DFA-08, de Assistente da Diretoria Financeira da Subsecretaria de Apoio Operacio-
nal da Secretaria de Estado de Educacao do Distrito Federal"
28,Nomeação, JONAS PEDRO DA SILVA,nan,51.082-3,nan,DFA-08,nan,nan,nan,"NOMEAR JONAS PEDRO DA SILVA, matricula 51.082-3, para exercer o Cargo em Comissao,
Simbolo DFA-08, de Assistente da Diretoria Financeira da Subsecretaria de Apoio Operacional da
Secretaria de Estado de Educacao do Distrito Federal"
29,Nomeação, SERGIO ANDRE BORDALO DUARTE,nan,37.102-5,nan,DFG-07,nan,nan,nan,"NOMEAR SERGIO ANDRE BORDALO DUARTE, matricula 37.102-5, para exercer o Cargo em
Comissao, Simbolo DFG-07, de Chefe Nucleo de Controle de Execucao da Gerencia de Execucao
Orcamentaria e Financeira da Diretoria Financeira da Subsecretaria de Apoio Operacional da Secreta-
ria de Estado de Educacao do Distrito Federal"
30,Nomeação, LUIZ ANTONIO DA COSTA,para exercer o Cargo em Comissao,nan,nan,DFA-11,nan,nan,nan,"NOMEAR LUIZ ANTONIO DA COSTA, para exercer o Cargo em Comissao, Simbolo DFA-11, de
Assessor da Subsecretaria de Apoio Operacional da Secretaria de Estado de Educacao do Distrito Federal"
31,Nomeação, JOSE EDUARDO FERNANDES DE SOUZA E SILVA,nan,26.816-X,nan,FG-05,nan,nan,nan,"NOMEAR JOSE EDUARDO FERNANDES DE SOUZA E SILVA, matricula no 26.816-X, para
exercer a Funcao Gratificada, Simbolo FG-05, de Vice-Diretor do Centro Interescolar de Educacao
Fisica da Subsecretaria de Educacao Publica da Secretaria de Estado de Educacao do Distrito Federal"
32,Nomeação, PAULO ROBERTO DA SILVEIRA LIMA,nan,63.626-6,nan,DFG-07,nan,nan,nan,"NOMEAR PAULO ROBERTO DA SILVEIRA LIMA, matricula no 63.626-6, para exercer o Cargo
em Comissao, Simbolo DFG-07, de Chefe do Nucleo de Tecnicas Desportivas da Gerencia de Despor-
to Escolar da Diretoria de Apoio Pedagogico da Subsecretaria de Educacao Publica da Secretaria de
Estado de Educacao do Distrito Federal"
33,Nomeação, SIRLENE CORREA TAVARES,nan,59.555-1,nan,FG-04,nan,nan,nan,"NOMEAR SIRLENE CORREA TAVARES, matricula no 59.555-1, para exercer a Funcao Gratificada,
Simbolo FG-04, de Assistente do Centro de Educacao Profissional - Escola Tecnica de Brasilia  CEP-
ETB da Subsecretaria de Educacao Publica da Secretaria de Estado de Educacao do Distrito Federal"
34,Nomeação, SILVIA FRANCA MAGALHAES,nan,58.655-2,nan,DFG-07,nan,nan,nan,"NOMEAR SILVIA FRANCA MAGALHAES, matricula 58.655-2, para exercer o Cargo em Comis-
sao, Simbolo DFG-07, de Chefe do Nucleo de Elaboracao de Contratos e Convenios da Gerencia de
Contratos e Convenios da Diretoria Financeira da Subsecretaria de Apoio Operacional da Secretaria
de Estado de Educacao do Distrito Federal"
35,Nomeação, MARIA GORETE GONTIJO RIBEIRO,nan,48.686-8,nan,DFA-08,nan,nan,nan,"NOMEAR MARIA GORETE GONTIJO RIBEIRO, matricula no 48.686-8, para exercer o Cargo em
Comissao, Simbolo DFA-08, de Assistente da Diretoria de Educacao de Jovens e Adultos da Subsecre-
taria de Educacao Publica da Secretaria de Estado de Educacao do Distrito Federal"
36,Nomeação, LUIS ANTONIO DA COSTA,para exercer o Cargo em Comissao,nan,nan,DFG-11,nan,nan,nan,"NOMEAR LUIS ANTONIO DA COSTA, para exercer o Cargo em Comissao, Simbolo DFG-11, de
Gerente de Patrimonio da Diretoria de Apoio Logistico da Subsecretaria de Apoio Operacional da
Secretaria de Estado de Educacao do Distrito Federal"
37,Nomeação, NOENEA CRISOSTOMO PEREIRA,nan,94.962-0,nan,DFG-07,nan,nan,nan,"NOMEAR NOENEA CRISOSTOMO PEREIRA, matricula no 94.962-0, para exercer o Cargo em
Comissao, Simbolo DFG-07, de Chefe do Nucleo de Manutencao da Gerencia de Informatica da
Diretoria de Apoio Logistico e Material da Subsecretaria de Apoio Operacional da Secretaria de
Estado de Educacao do Distrito Federal"
38,Nomeação, ELIENE LOPES MOREIRA,nan,65.517-1,nan,DFG-07,nan,nan,nan,"NOMEAR ELIENE LOPES MOREIRA, matricula no 65.517-1, para exercer o Cargo em Comissao,
Simbolo DFG-07, de Chefe do Nucleo de Execucao do Programa Bolsa-Escola da Gerencia de Integra-
cao Escola-Comunidade da Diretoria de Assistencia Escolar da Subsecretaria de Suporte Educacional
da Secretaria de Estado de Educacao do Distrito Federal"
39,Nomeação, MARIA JOSE COUTINHO MOREIRA,nan,31.769-1,nan,DFG-13, Diretor da Escola de Aperfeicoamento dos Profissionais da Educacao,nan,nan,"NOMEAR MARIA JOSE COUTINHO MOREIRA, matricula no 31.769-1, para exercer o Cargo em
Comissao, Simbolo DFG-13, de Diretor da Escola de Aperfeicoamento dos Profissionais da Educacao,
da Subsecretaria de Educacao Publica da Secretaria de Estado de Educacao do Distrito Federal"
40,Nomeação, GILSA BENVINDA ROSA SILVA,nan,31.510-9,nan,DFG-11,nan,nan,nan,"NOMEAR GILSA BENVINDA ROSA SILVA, matricula no 31.510-9, para exercer o Cargo em Comis-
sao, Simbolo DFG-11, de Gerente de Planejamento e Pesquisa da Escola de Aperfeicoamento dos
Profissionais da Educacao da Subsecretaria de Educacao Publica da Secretaria de Estado de Educacao
do Distrito Federal"
41,Nomeação, CARLOS ROBERTO DO NASCIMENTO,nan,63.460-3,nan,DFG-05,nan,nan,nan,"NOMEAR CARLOS ROBERTO DO NASCIMENTO, matricula no 63.460-3, para exercer o Cargo
em Comissao, Simbolo DFG-05, de Assistente de Camaras do Conselho de Educacao do Distrito
Federal"
42,Nomeação, CHARLES MIRANDA DE JESUS,nan,29.078-5,nan,DFG-05,nan,nan,nan,"NOMEAR CHARLES MIRANDA DE JESUS, matricula no 29.078-5, para exercer o Cargo em
Comissao, Simbolo DFG-05, de Assistente de Camaras do Conselho de Educacao do Distrito Federal"
43,Nomeação, OCLECIO AIRES DA FONSECA,nan,51.160-9,nan,DFG-10,nan,nan,nan,"NOMEAR OCLECIO AIRES DA FONSECA, matricula no 51.160-9, para exercer o Cargo em
Comissao, Simbolo DFG-10, de Secretario Executivo da Secretaria de Estado de Educacao do
Distrito Federal"
44,Nomeação,nan,nan,nan,nan,nan,nan,nan,nan,"NOMEAR o CAP QOPMA EVALDO ANTONIO DA SILVA, MAT"
45,Nomeação,nan,nan,nan,nan,nan,nan,nan,nan,"NOMEAR o 2o SGT BM JOSE FRANCISCO DE LIRA, MAT"
46,Nomeação,nan,nan,nan,nan,nan,nan,nan,nan,"NOMEAR o 3o SGT QPPMC SANDRO EVARISTO SANTOS, MAT"
47,Nomeação,nan,nan,nan,nan,nan,nan,nan,nan,"NOMEAR o 3o SGT QPPMC GILMAR MEDEIROS DOS SANTOS, MAT"
48,Nomeação,nan,nan,nan,nan,nan,nan,nan,nan,"NOMEAR o SD QPPMC RONALDO PORFIRIO DE SOUZA, MAT"
