,Tipo do Ato,SEI,Nome,Matrícula,Tipo de Aposentadoria,Cargo,Classe,Padrao,Quadro,Fundamento Legal,Orgao,Vigencia,Matricula SIAPE,text
0,Aposentadoria,075.000233/96,nan,nan,nan, Auditor. Antes do mais,nan,nan,nan,nan,nan,nan,nan,"aposentar-se por tempo de servico. Apesar de todas as dificuldades enfrentadas por um meni-
no pobre, formou-se em Contabilidade (1967) pelo entao famoso Centro de Ensino Medio Ave
Branca  o CEMAB , de Taguatinga-DF. Em 1975 bacharelou-se em Administracao pela
Universidade de Brasilia e em 1981 colou grau, ainda pela Universidade de Brasilia, como
bacharel em Direito. Profundamente interessado pelas lides do direito e da administracao
publica, nao se dava muito bem nos debates orais, sendo muitas vezes mal interpretado quando
na defesa apaixonada de suas teses. Ja com a pena e o papel (nossa geracao nao e muito afeita
ao computador, infelizmente) e brilhante. Suas monografias e artigos publicados em jornais e
revistas especializadas, cujo rol seria fastidioso reproduzir pois chegavam (ate 1999) a quase
uma centena, sao pecas brilhantes, de raciocinio limpido, ja tendo servido, nao raras vezes,
como fonte de referencia em inumeras decisoes judiciais, singulares e colegiadas. A vida lhe
pregou poucas e boas. Por duas vezes foi vitima de graves acidentes automobilisticos que o
prenderam ao leito por longos e dolorosos meses. Um de seus filhos (ja recuperado) foi
acometido de preocupante enfermidade que so o carinho e a dedicacao de sua insuperavel
companheira APARECIDA e sua inquebrantavel fe na misericordia divina conseguiram superar.
Na vida funcional, como todos nos, teve alegrias e tristezas. Lutou como um leao quando se
sentiu injusticado. Mas posso afirmar, como amigo que o conhece de perto, que jamais guardou
qualquer resquicio de odio ou rancor. E um puro de coracao. Sabe muito bem que o rancor so
consome quem o cultiva. Em 1986, foi admitido na Ordem do Merito de Brasilia no grau de
Cavaleiro. Em 1992, por indicacao do entao Presidente desta Casa, o nobre Conselheiro
JOSE EDUARDO BARBOSA (outro ser humano de inigualaveis qualidades, que ontem, 10 de
dezembro, infelizmente foi atingido pela idade limite para permanecer na ativa) foi promovido
ao grau de Comendador da mesma Ordem. Estamos, pois, falando do COMENDADOR OS-
VALDO RODRIGUES DE SOUZA. Finalizando estas breves palavras, quase divagacoes,
quero destacar que ja esperava a ausencia do nosso homenageado. Apesar da singeleza da
homenagem que o Tribunal lhe presta, sua alma pura e sensivel certamente o haveria de trair,
fazendo-o debulhar-se em lagrimas... e isto nao fica bem para um sertanejo que e acima de tudo
um forte. Sra. Presidente, Srs. Conselheiros, muito obrigado pela oportunidade que me deram
de poder representar a todos nesta homenagem tao merecida. Parabens Dr. OSVALDO RO-
DRIGUES DE SOUZA, meu amigo. Parabens Dra. APARECIDA. Parabens, LILLIAM, FER-
NANDO e GUSTAVO MENDES RODRIGUES PARAGUASSU. Voces agora podem cur-
tir com mais tempo e disponibilidade o marido e o pai que durante tantos anos so teve olhos
para este Tribunal. Espero ve-los em breve no sitio de Caldas Novas onde o nosso heroi
descansa e prepara seus novos artigos que tanto ilustram e ensinam a todos nos. Sejam muito
felizes ... e boa sorte !!!  Muito obrigado a todos pela presenca. Continuando, a Senhora Presidente leu a seguinte correspondencia, encaminhada pelo homenageado:  Brasilia, em 10 de dezembro de 2001, Egregio Plenario, Por razoes naturais, deixo de comparecer a essa
Sessao Especial em que o colendo Tribunal, seguindo praxe regimental, reune-se para homenagear-me, em
virtude de minha aposentadoria no cargo de Auditor. Antes do mais, antecipo meus agradecimentos a todos
por essa significativa homenagem, em especial ao ilustre Conselheiro DR. RONALDO COSTA COUTO,
autor da proposta, e ao nao menos ilustre Procurador-Geral, Dr. JORGE ULISSES JACOBY FERNAN-
DES, oradores designados, pelas eventuais referencias elogiosas a meu respeito. Nos palcos de um orgao                                      Diario Oficial do Distrito Federal
PAGINA   28
No 240, terca-feira, 18 de dezembro de 2001 como o Tribunal, nos do Servico Publico em geral, como tambem nos da propria existencia humana, os atores
se renovam no curso do tempo, infalivelmente. A vida funcional de cada um de nos e constituida de  uma
sucessao de etapas, de acontecimentos, em que de modo bem generico podemos identificar tres momentos
factuais: a hora da chegada, o tempo da permanencia e a hora da partida, esta podendo dar-se pelas variadas
formas de vacancia do cargo publico. Na hipotese de aposentadoria voluntaria, como a minha, atendido o
requisito temporal exigido pela ordem juridica, a sequencia do periodo de permanencia e a hora da partida sao
definidas pela conveniencia de cada um. Apos longa trajetoria nessa Corte de Contas, senti que havia chegado
a hora de partir. Sai de cabeca erguida, de consciencia tranquila, na firme conviccao de haver-me empenhado
ao maximo no desempenho das atribuicoes dos cargos que exerci. Se mais nao fiz, essa falta decorreu de
minhas limitacoes. Cada ato que pratiquei, cada manifestacao que emiti, cada solucao que aveitei, cada tese
que defendi, foi o resultado do exame dos fatos e legislacao de regencia, ou da observancia dos principios e
ensinamentos incidentes, nunca com a intencao preconcebida de beneficiar ou prejudicar a quem quer que
fosse o interessado. Por isso, penso poder dizer que, na vida de servidor publico, combati o bom combate.
A aposentadoria, sobretudo a voluntaria, e a premiacao final recebida do Estado pelo servidor publico,
e se inclui nos projetos de todos nos, por desejo ou necessidade. Representa uma etapa marcante em
nossa vida. Com as gracas divinas, espero continuar com boa saude para poder bem usufruir desse
beneficio. Nesse instante de formal despedida, Senhoras e Senhores, escuso-me por nao ocultar aqui a
indignacao com que deixei o servico ativo desse Colegiado, referente ao sistema que temos (ou tinha-
mos) de remuneracao dos servidores publicos do Distrito Federal e pais afora, numa nitida inversao da
ordem natural das coisas, visto que muitos subalternos servidores aposentados dos Servicos Auxiliares
recebem estipendios em torno de 40% superiores aos de membros desse Plenario, de que honrosamen-
te fiz parte por mais de 11 anos. Onde fica a hierarquia salarial? (e oportuno observar que a extensao,
no ano passado, aos membros da Corte, de vantagem financeira obtida pelos magistrados amenizou
essa distorcao). Finalizo essas singelas palavras com um afetuoso abraco a todos e votos de boa
disposicao para o trabalho e pleno exito nos projetos e realizacoes de cada um, com saude, paz e
harmonia. Atenciosamente, OSVALDO RODRIGUES DE SOUZA. Finalmente, a Senhora Presidente proferiu as seguintes palavras: E com muita honra que presido esta Sessao Especial. A ideia do Conselheiro RONALDO foi muito feliz
em propor esta sessao e eu tambem o parabenizo pela feliz iniciativa. Tinha preparado aqui algumas
palavras para eu dizer mas eu prefiro falar pelo coracao. O Dr. Osvaldo foi um companheiro de muitos
anos, ainda no Corpo Tecnico desta Casa. Como sempre, desempenho seus trabalhos com muito
brilhantismo, com muita competencia, com muita dedicacao, com muita seriedade. Quando da realizacao
de concurso para o cargo de Auditor, fomos companheiros de concurso e mais uma vez ficou evidenciada
a sua reconhecida competencia. Passamos a desempenhar cargo de Auditor e a partir do momento que
passei a ocupar uma cadeira neste Plenario pude ouvir os pronunciamentos do Dr. Osvaldo postos de
modo nao preparado, nao estudado, mais deixando extravasar a sua competencia nas avaliacoes que fazia
depois de ouvido o relato dos processos. Eu nao tive condicoes de terminar de ler as palavras que o Dr.
Osvaldo pediu a mim para ler. E, embora todos estejam se perguntando: e os acontecimentos? Nao
importam os acontecimentos. Sao coisas da vida, sao coisas que acontecem e que temos, todos nos, que
superar dificuldades. O que importa e que e um companheiro, e uma pessoa que luta, como todos nos,
galgando degraus, vencendo dificuldades, provendo familias, cuidando da assistencia moral, intelectual
dessas familias, convivendo com os companheiros de modo elegante e de modo correto. Ao Dr. Osvaldo
rendo as minhas homenagens, a Senhora Aparecida , aos filhos, aos amigos e tem ele, aqui, uma pessoa que
o admira e que, como ja tivemos oportunidade, eu ratifico aqui, estou sempre ao dispor do Dr. Osvaldo
e, mais uma vez declaro a minha admiracao e o meu respeito a  sua pessoa. Obrigado a todos agradeco a
presenca do Dr. Lincoln, da Senhora Aparecida, do Dr. Joel, Sra. Iza, Procurador-Geral, todos os amigos
e por uma oportunidade excelente para revermos amigos. Essas presenca dos amigos do Dr. Osvaldo
realmente contribuiram para abrilhantar esse momento, praticamente de saudosismo. Obrigado a todos. Nada mais havendo a tratar, as 18 horas, a Presidencia declarou encerrada a sessao. E, para
constar, eu, ROBERTO PARENTONI MARTINS, Secretario das Sessoes, lavrei a presente ata,
que, lida e achada conforme, vai assinada pela Presidente, Conselheiros, Auditor e representante
do Ministerio Publico junto a Corte. MARLI VINHADELI, RONALDO COSTA COUTO, JORGE CAETANO,
MAURILIO SILVA, MANOEL PAULO DE ANDRADE NETO,
JOSE ROBERTO DE PAIVA MARTINS, JORGE ULISSES JACOBY FERNANDES. EMENDA REGIMENTAL No 10 Altera a redacao dos arts. 84, XXXVI, 188, 189, 190, 191, 197, 200, 205, 206, 207 e 208 do
Regimento Interno do Tribunal de Contas do Distrito Federal, e da outras providencias.
O TRIBUNAL DE CONTAS DO DISTRITO FEDERAL, no uso da competencia conferida
pelos arts. 84, I, da Lei Organica do Distrito Federal, 4o, II, da Lei Complementar no 1, de 9 de
maio de 1994, e nos termos do disposto nos arts. 4o, I, e 210 a 212 do seu Regimento Interno,
decide aprovar e editar a seguinte Emenda Regimental:
Art. 1o Os arts. 84, XXXVI, 188, 189, 190, 191, 197, 200, 205, 206, 207 e 208 do Regimento
Interno passam a vigorar com a seguinte redacao:
Art. 84. ...
..................................................................................................................................
XXXVI  decidir, quando ausente o Relator, sobre os pedidos de prorrogacao de prazos e as
representacoes indicados no art. 200 deste Regimento;
................................................................................................................................ Art. 188. Das decisoes proferidas pelo Tribunal caberao os seguintes recursos:
I  em processo de tomada ou prestacao de contas:
a) reconsideracao;
b) embargos de declaracao;
c) revisao;
II  em processo concernente a admissao de pessoal ou concessao de aposentadoria, reforma ou
pensao, bem como a contratos e outros atos ou procedimentos sujeitos a fiscalizacao:
a) pedido de reexame;
b) embargos de declaracao;
c) revisao.
 1o Se, no prazo para interposicao de recurso, sobrevier o falecimento do responsavel ou interessa-
do, ou motivo de forca maior que suspenda o curso do processo, o prazo sera restituido ao herdeiro
ou sucessor, contra quem comecara a correr novamente, em dobro, apos cientificado pelo Tribunal.
 2o Havendo solidariedade, o recurso interposto por um dos interessados podera aproveitar aos
demais, quando comuns as circunstancias de fato e de direito em que se fundar.
 3o Os recursos previstos neste artigo, interpostos fora do prazo, nao serao conhecidos, salvo em
razao de fatos novos, efetivamente comprovados.
Subsecao I
Da Reconsideracao e Do Reexame
Art. 189. O recurso de reconsideracao e o pedido de reexame, que terao efeito suspensivo, poderao
ser apresentados por escrito, uma so vez, no prazo de trinta dias do conhecimento ou da publicacao
oficial do acordao ou da decisao, pelo responsavel ou seus sucessores e interessado, ou pelo
Ministerio Publico, devolvendo ao Tribunal apenas o conhecimento da materia impugnada.
 1o Os recursos de que trata este artigo deverao ser distribuidos, mediante sorteio, a Relator
diverso daquele que houver relatado o processo originario e, se vencido, do condutor da decisao
recorrida.
 2o O disposto no paragrafo anterior nao se aplica no caso de recurso interposto na fase de
saneamento dos autos.
 3o As questoes de fato, nao abordadas quando do julgamento anterior, somente poderao ser
suscitadas no recurso de reconsideracao e no pedido de reexame se o interessado provar que
deixou de faze-lo por motivo de forca maior.
Subsecao II
Dos Embargos
Art. 190. Os embargos de declaracao poderao ser formalmente interpostos pelo responsavel,
seus sucessores, e interessado, ou pelo Ministerio Publico, dentro de dez dias do conhecimento
ou da publicacao oficial da decisao ou do acordao, quando houver obscuridade, duvida, contradi-
cao ou omissao no pronunciamento do Tribunal.
 1o Sob pena de rejeicao in limine, os embargos indicarao, de modo preciso, o ponto obscuro,
duvidoso, contraditorio ou omisso.
 2o Os embargos de declaracao serao submetidos a deliberacao do Tribunal, ate a terceira sessao
seguinte a data do seu recebimento, pelo Conselheiro que tenha proferido em primeiro lugar o
voto vencedor ou pelo Auditor, na hipotese de proposta de decisao.
 3o A nova decisao limitar-se-a a declaracao pleiteada pelo embargante.
 4o Os embargos de declaracao suspendem os prazos para cumprimento da decisao embargada e
para interposicao dos recursos de reconsideracao e de revisao e do pedido de reexame.
Subsecao III
Da Revisao
Art. 191. O recurso de revisao, que nao tera efeito suspensivo, podera ser interposto contra
decisao definitiva, na hipotese de contas, ou final, nos demais casos, por escrito, uma so vez, pelo
responsavel, seus sucessores, ou pelo Ministerio Publico, dentro do prazo de cinco anos, conta-
do na forma prevista no art. 203 deste Regimento, e fundar-se-a:
I  em erro de calculo nas contas;
II  em falsidade ou ineficacia de documentos em que se tenha fundamentado o acordao ou a
decisao recorrida;
III  na superveniencia de documentos com eficacia sobre a prova produzida.
 1o O recurso de revisao sera imediatamente instruido e, apos manifestacao do Ministerio
Publico, submetido pelo Relator ao Plenario.
 2o O acordao ou a decisao que der provimento a recurso de revisao ensejara a correcao de todo
e qualquer erro ou engano apontado.
 3o Tendo por inadmissivel ou improcedente o recurso, o Tribunal ordenara seu arquivamento.
 4o Ao recurso de revisao aplica-se o disposto no  1o do art. 189 deste Regimento.
................................................................................................................................
Art. 197. O Relator presidira a instrucao do processo e, nessa condicao, podera determinar,
mediante despacho singular, de oficio ou por provocacao da unidade tecnica competente ou do
Ministerio Publico, as providencias necessarias ao saneamento dos autos.
 1o No caso de tomada ou prestacao de contas, o Relator podera ainda ordenar o sobrestamento
do processo e a audiencia ou citacao de responsaveis.
 2o O processo que apresentar pareceres discordantes, materia complexa ou questoes tecnico-
juridicas relevantes podera ser levado a apreciacao do Plenario.
 3o O Relator fixara prazo de ate sessenta dias para o cumprimento das diligencias que determi-
nar, podendo o periodo ser superior em caso excepcional, devidamente justificado.
 4o Saneado o processo, sera a materia submetida a apreciacao do Plenario, para decisao de merito.
...............................................................................................................................
Art. 200. Compete ao Relator decidir, mediante despacho singular, sobre:
I  pedidos de prorrogacao dos prazos previstos neste Regimento ou dos fixados para atendimen-                                                                       Diario Oficial do Distrito Federal
PAGINA   29
No 240, terca-feira, 18 de dezembro de 2001 to de diligencias determinadas;
II  representacoes de unidade tecnica do Tribunal, informando o descumprimento de prazo.
 1o Os pedidos referidos no inciso I deste artigo, devidamente fundamentados, deverao ingressar
no Tribunal antes do vencimento do prazo fixado.
 2o A prorrogacao de prazo, no caso de decisao favoravel, nao podera ser superior ao periodo
inicialmente fixado neste Regimento ou pelo Relator.
 3o Cabera ao Plenario decidir sobre a concessao de prorrogacao de prazo que ultrapasse o limite
indicado no paragrafo anterior.
 4o O pedido de prorrogacao de prazo nao sera conhecido se fundado em motivo ja apresentado
em solicitacao anterior, exceto quando se tratar de pendencia cuja solucao esteja fora do alcance do
orgao ou da entidade jurisdicionada.
 5o A falta de decisao tempestiva sobre o pedido, o prazo sera considerado prorrogado, na forma
solicitada ou por periodo igual ao anteriormente assinado, se menor.
..............................................................................................................................
Art. 205. O ato que ordenar diligencia assinara prazo razoavel para o seu cumprimento, findo o
qual a materia podera ser apreciada, inclusive para a imposicao de sancoes legais.
Paragrafo unico. A falta de fixacao expressa, sera de trinta dias o prazo para o cumprimento de
diligencia, ressalvada disposicao especial para o caso.
Art. 206. Na contagem dos prazos, salvo disposicao legal em contrario, sera excluido o dia do
inicio e incluido o do vencimento; recaindo esse em dia em que nao houver expediente, o prazo
sera prorrogado ate o primeiro dia util imediato.
Paragrafo unico. A contagem dos prazos sera suspensa durante o periodo nao compreendido
naquele indicado no art. 40 deste Regimento, salvo se houver expressa decisao em contrario.
Art. 207. O Relator tera o prazo de ate trinta dias, contado da data do recebimento do processo
no seu Gabinete, para submete-lo a deliberacao do Plenario ou, quando for o caso, para sobre ele
decidir, mediante despacho singular, nos termos dos arts. 197 e 200 deste Regimento.
 1o O Relator, antes de esgotado o prazo para deliberacao, podera, em sessao, solicitar sua
prorrogacao por igual periodo.
 2o No caso de afastamento do Relator do exercicio de suas funcoes, por periodo superior a
quinze dias, a assessoria do seu Gabinete providenciara a remessa a Presidencia dos processos
que requeiram decisao urgente.
Art. 208. Aplicam-se ao Ministerio Publico junto ao Tribunal o prazo indicado no caput do artigo
anterior e a medida de que trata o seu  1o.
Art. 2o Esta Emenda Regimental entra em vigor na data de sua publicacao.
Art. 3o Revogam-se o  6o do art. 84 e os arts. 192 e 193, todos do Regimento Interno, e demais
disposicoes em contrario. Sala das Sessoes, 13 de dezembro de 2001
MARLI VINHADELI
Presidente JORGE CAETANO
Conselheiro-Relator RONALDO COSTA COUTO
Conselheiro MAURILIO SILVA
Conselheiro MANOEL PAULO DE ANDRADE NETO
Conselheiro JORGE ULISSES JACOBY FERNANDES
Procurador-Geral  do Ministerio Publico
junto ao TCDF ACORDAOS ACORDAO No 200/2001 Ementa: Contas anuais julgadas regulares, da-se quitacao aos respectivos responsaveis. Processo TCDF no: 3347/99
Nome/Funcao/Periodo:
Antonio Augusto Huebel Rebello - Secretario de Estado - 01/01 a 31/12/98; Luiz Cesar Brandao
Maia - Secretario Adjunto - 01/01 a 31/12/98; Alexandre Magno da Cruz Oliveira - Chefe de
Gabinete - 01/01 a 31/12/98; Lylio Jose de Oliveira - Chefe da DAG - 01/01 a 31/12/98; Maristela
Seixas Dourado - 01/01 a 30/06/98 - 03/11 a 02/12/98.
Orgao/Entidade: Secretaria de Industria e Comercio
Relator: Conselheiro JORGE CAETANO
Unidade Tecnica da Instrucao:  Segunda Inspetoria de Controle Externo Vistos, relatados e discutidos os autos das Contas Anuais aqui antes especificadas,
considerando a manifestacao favoravel emitida pelo Controle Interno no seu Certificado de Auditoria e o que mais consta do processo, bem assim tendo em vista as conclusoes
uniformes da unidade tecnica da instrucao e a do parecer do Ministerio Publico junto a
esta Corte, acordam os Conselheiros, nos termos do voto proferido pelo Relator deste
feito, de acordo com o disposto nos arts. 17, inciso I, e 24, inciso I, da Lei Complementar
do DF no 1, de 9 de maio de 1994, em julgar regulares as contas em causa e dar quitacao
aos responsaveis indicados. Ata da Sessao Ordinaria no 3632, de 11 de dezembro de 2001.
Presentes os Conselheiros Ronaldo Costa Couto, Jorge Caetano, Maurilio Silva e Manoel Paulo
de Andrade Neto.
Decisao tomada por unanimidade.
Representante do MP presente: Procurador-Geral Jorge Ulisses Jacoby Fernandes. MARLI VINHADELI
Presidente JORGE CAETANO
Conselheiro-Relator Fui presente:
JORGE ULISSES JACOBY FERNANDES
Procurador-Geral do Ministerio Publico junto a Corte ACORDAO No 201/2001 Ementa: Contas anuais julgadas regulares, da-se quitacao plena aos respectivos responsaveis. Processo TCDF no: 1902/00
Nome/Funcao/Periodo:
Wellington Luiz Moraes - Secretario de Estado - 04.01 a 05.01.99; Sirlene Pereira de Carvalho -
Chefe do Servico de Apoio Administrativo - 01.01 a 03.01.99 e 08.02 a 31.12.99;
Prudencia Ferreira - Chefe de Gabinete - 06.01 a 21.01.99; Adevagner Bezerra - Chefe da Divisao
de Administracao Geral. - 22.01 a 07.02.99.
Orgao/Entidade: Secretaria de Industria e Comercio
Relator: Conselheiro JORGE CAETANO
Unidade Tecnica da Instrucao:  Segunda Inspetoria de Controle Externo Vistos, relatados e discutidos os autos das Contas Anuais aqui antes especificadas, considerando a
manifestacao favoravel emitida pela Gerencia de Tomada de Contas da Diretoria de Contas da Subse-
cretaria de Auditoria da Secretaria de Fazenda e Planejamento no seu Certificado de Auditoria no 005/
2001-GECET/DECON/SUAUD, e o que mais consta do processo, bem assim tendo em vista as
conclusoes uniformes da unidade tecnica da instrucao e a do parecer do Ministerio Publico junto a esta
Corte, acordam os Conselheiros, nos termos do Voto proferido pelo Relator deste feito, de acordo com
o disposto nos arts.  17, inciso I, e 24, inciso I, da Lei Complementar do DF no 1, de 9 de maio de 1994,
em julgar regulares as contas em causa e dar quitacao plena aos responsaveis indicados. Ata da Sessao Ordinaria no 3632, de 11 de dezembro de 2001.
Presentes os Conselheiros Ronaldo Costa Couto, Jorge Caetano, Maurilio Silva e Manoel Paulo
de Andrade Neto.
Decisao tomada por unanimidade.
Representante do MP presente: Procurador-Geral Jorge Ulisses Jacoby Fernandes. MARLI VINHADELI
Presidente JORGE CAETANO
Conselheiro-Relator Fui presente:
JORGE ULISSES JACOBY FERNANDES
Procurador-Geral do Ministerio Publico junto a Corte ACORDAO No 202/2001 Ementa: Contas anuais julgadas regulares, da-se quitacao aos respectivos responsaveis. Processo TCDF no: 2347/00
Nome/Funcao/Periodo:
Adevair Moreira Soares - Chefe da Secao de Material e Patrimonio  Respondendo - 01/01 a 04/01/99;
Adriano Mirelles Patti - Chefe da Secao de Material e Patrimonio  Respondendo - 07/01 a 09/02/99;
Eliovaldo Jose Ferreira - Chefe da Secao de Material e Patrimonio  Respondendo - 10/02 a 09/03/99;
Ronaldo da Costa - Chefe da Secao de Material e Patrimonio - 10/03 a 02/05  e 02/06 a 31/12/99; Licinio
Veiga Cardoso - Chefe da Secao de Material e Patrimonio  Respondendo - 03/05 a 01/06/99.
Orgao/Entidade: Administracao Regional de Brazlandia - RA IV
Relator: Conselheiro JORGE CAETANO                                      Diario Oficial do Distrito Federal
PAGINA   30
No 240, terca-feira, 18 de dezembro de 2001 Unidade Tecnica da Instrucao: Primeira Inspetoria de Controle Externo
Vistos, relatados e discutidos os autos das Contas Anuais aqui antes especificadas, considerando a
manifestacao favoravel emitida pela Divisao de Tomada de Contas do Departamento de Contas da
Subsecretaria de Auditoria da Secretaria de Fazenda e Planejamento no seu Certificado de Auditoria no
043/2000-DICET/DECON/SUAUD, e o que mais consta do processo, bem assim tendo em vista as
conclusoes uniformes da unidade tecnica da instrucao e a do parecer do Ministerio Publico junto a esta
Corte, acordam os Conselheiros, nos termos do Voto proferido pelo Relator deste feito, de acordo com
o disposto nos arts. 17, inciso I, e 24, inciso I, da Lei Complementar do DF no 1, de 9 de maio de 1994,
em julgar regulares as contas em causa e dar quitacao plena aos responsaveis indicados. Ata da Sessao Ordinaria no 3632, de 11 de dezembro de 2001.
Presentes os Conselheiros Ronaldo Costa Couto, Jorge Caetano, Maurilio Silva e Manoel Paulo
de Andrade Neto.
Decisao tomada por unanimidade.
Representante do MP presente: Procurador-Geral Jorge Ulisses Jacoby Fernandes. MARLI VINHADELI
Presidente JORGE CAETANO
Conselheiro-Relator Fui presente:
JORGE ULISSES JACOBY FERNANDES
Procurador-Geral do Ministerio Publico junto a Corte ACORDAO No 203/2001 Ementa: Contas anuais julgadas regulares, com ressalva de falhas formais, de que nao resultaram
danos ao Erario, da-se quitacao aos responsaveis respectivos, sem expedicao da recomendacao de
providencias corretivas. Processo TCDF no: 2400/97
Apensos nos 075.000233/96,"
