,tipo_ato,tipo_documento,processo,dodf_data,dodf_num,tornado_sem_efeito_publicacao,dodf_pagina,servidor,matricula,cargo,dodf_tipo_edicao,text
0,Atos tornados sem efeito - aposentadoria,Portaria,030.003.161/2000,29/12/2000,247,28/12/2000,nan, FRANCISCO BATISTA DE DEUS JUNIOR,99.842-7, Tecnico de Desenvolvimento Agropecuario,normal,"TORNAR SEM EFEITO na Portaria Coletiva de 28/12/2000, publicada no DODF n.o 247, de 29/12/2000, que retificou o Decreto Coletivo de 13/09/2000, publicado no DODF n.o 177, de 14/ 09/2000, o ato que concedeu aposentadoria a FRANCISCO BATISTA DE DEUS JUNIOR, matricula n.o 99.842-7, Tecnico de Desenvolvimento Agropecuario, Classe Especial, Padrao III, do Quadro de Pessoal do Distrito Federal. Processo n.o 030.003.161/2000. "
1,Atos tornados sem efeito - aposentadoria,Portaria,030.006.187/84,08/02/2001,28,16/05/2001,nan, JOSE ANDRADE DOS SAN,12.550-4, matricula n.o 12.550-4,normal,"TORNAR SEM EFEITO na Portaria Coletiva de 16/05/2001, publicada no DODF n.o 94, de 17/ 05/2001, que retificou na Portaria Coletiva n.o 63 de 07/02/2001, publicada no DODF n.o 28, de 08/02/2001, o ato que reviu os proventos da aposentadoria de JOSE ANDRADE DOS SAN-TOS, matricula n.o 12.550-4, no cargo de Tecnico de Administracao Publica, Classe Especial, Padrao III, do Quadro de Pessoal do Distrito Federal. Processo n.o 030.006.187/84. "
2,Atos tornados sem efeito - aposentadoria,Portaria,030.000.639/86,nan,nan,nan,nan, JULIO FREIRE LOBO,10.992-4, Fiscal de Obras,normal,"TORNAR SEM EFEITO na Portaria Coletiva de 01/08/95, publicada no DODF n.o 148, de 02/ 08/95, o ato n.o 1, que reviu os proventos da aposentadoria de JULIO FREIRE LOBO, matricula n.o 10.992-4, Fiscal de Obras, Classe Especial, Padrao II, do Quadro de Pessoal do Distrito Federal. Processo n.o 030.000.639/86. "
3,Atos tornados sem efeito - aposentadoria,Portaria,136.000.860/92,22/12/2000,243,21/12/2000,nan, ENIO DRUMOND MAGALHAES,02.488-0, Tecnico de Administracao Publica,normal,"TORNAR SEM EFEITO na Portaria Coletiva de 21/12/2000, publicada no DODF n.o 243, de 22/12/2000, que retificou o Decreto Coletivo de 06/07/99, publicado no DODF n.o 129, de 07/07/ 99, o ato que reviu os proventos da aposentadoria de ENIO DRUMOND MAGALHAES, matricula n.o 02.488-0, Tecnico de Administracao Publica, Classe Especial, Padrao II, do Quadro de Pessoal do Distrito Federal. Processo n.o 136.000.860/92. "
4,Atos tornados sem efeito - aposentadoria,Portaria,030.009.086/90,13/12/90,242,12/12/90,nan, ABIB ANY CURY,06.167-0, no cargo de Analista de Administracao Publica,normal,"TORNAR SEM EFEITO a Portaria de 12/12/90, publicada no DODF n.o 242, de 13/12/90, o ato que retificou a Portaria de 20/09/90, publicada no DODF n.o 184, de 21/09/90, referente a revisao dos proventos da aposentadoria de ABIB ANY CURY, matricula n.o 06.167-0, no cargo de Analista de Administracao Publica, 1a Classe, Padrao VI, do Quadro de Pessoal do Distrito Federal. Processo n.o 030.009.086/90. "
5,Atos tornados sem efeito - aposentadoria,Portaria,030.002.359/86,nan,nan,nan,nan, PIO BATISTA DE MORAES,16.605-7, no cargo de Tecnico de Administracao Publica,normal,"TORNAR SEM EFEITO na Portaria Coletiva de 09/05/95, publicada no DODF n.o 89, de 10/05/ 95, o ato que reviu os proventos da aposentadoria de PIO BATISTA DE MORAES, matricula n.o 16.605-7, no cargo de Tecnico de Administracao Publica, Classe Especial, Padrao I, do Quadro de Pessoal do Distrito Federal. Processo n.o 030.002.359/86. "
6,Atos tornados sem efeito - aposentadoria,Portaria,030.002.359/86,10/05/95,89,13/06/95,nan, PIO BATISTA DE MORAES,16.605-7, no cargo de Tecnico de Administracao Publica,normal,"TORNAR SEM EFEITO na Portaria Coletiva de 13/06/95, publicada no DODF n.o 114, de 14/ 06/95, que retificou na Portaria Coletiva de 09/05/95, publicada no DODF n.o 89, de 10/05/95, o ato que reviu os proventos da aposentadoria de PIO BATISTA DE MORAES, matricula n.o 16.605-7, no cargo de Tecnico de Administracao Publica, Classe Especial, Padrao I, do Quadro de Pessoal do Distrito Federal. Processo n.o 030.002.359/86. "
7,Atos tornados sem efeito - aposentadoria,Instrucao,101.000.569/97,06/05/97,84,30/04/97,nan, JOSE FERNANDES PEDRA SOBRINHO,00.523-1, no cargo de Assistente Intermediario em Servicos Sociais,normal,"TORNAR SEM EFEITO na Instrucao de 30/04/97, publicada no DODF n.o 84, de 06/05/97, que concedeu aposentadoria a JOSE FERNANDES PEDRA SOBRINHO, matricula n.o 00.523-1(FSS), no cargo de Assistente Intermediario em Servicos Sociais, Classe Especial, Padrao III, do Quadro de Pessoal da FSS do Distrito Federal. Processo n.o 101.000.569/97. "
8,Atos tornados sem efeito - aposentadoria,nan,030.009.487/99,01/06/2000,104,31/05/2000,nan, FRANCISCO TORRES DA SILVA,60.868-8, no cargo de Auxiliar de Administracao Publica,normal,"TORNAR SEM EFEITO no Decreto Coletivo de 31/05/2000, publicado no DODF n.o 104, de 01/06/2000, que retificou no Decreto Coletivo de 21/02/2000, publicado no DODF n.o 37, de 22/ 02/2000, o ato que concedeu aposentadoria a FRANCISCO TORRES DA SILVA, matricula n.o 60.868-8, no cargo de Auxiliar de Administracao Publica, Classe Especial, Padrao I, do Quadro de Pessoal do SLU do Distrito Federal. Processo n.o 030.009.487/99. "
9,Atos tornados sem efeito - aposentadoria,Portaria,132.001.029/94,07/11/2001,214,06/11/2001,nan, JOSE LOPES NEVES,11.824-9, Fiscal de Posturas,normal,"TORNAR SEM EFEITO na Portaria Coletiva de 06/11/2001, publicada no DODF n.o 214, de 07/11/2001, que retificou na Portaria Coletiva de 25/04/95, publicada no DODF n.o 80, de 26/04/ 95, o ato que reviu os proventos da aposentadoria de JOSE LOPES NEVES, matricula n.o 11.824-9, Fiscal de Posturas, 2a Classe, Padrao III, do Quadro de Pessoal do Distrito Federal. Processo n.o 132.001.029/94. "
10,Atos tornados sem efeito - aposentadoria,Portaria,006.600/83,10 de maio de 2001,89,09 de maio de 2001,nan,ARISTARCO CLEMENTINO DE CARVALHO MARTINS,20.030-1, Controlador da Ar- recadacao,normal,"TORNAR SEM EFEITO na Portaria Coletiva no 245, de 09 de maio de 2001, publicada no Diario Oficial do Distrito Federal no 89, de 10 de maio de 2001, o ato que retificou a revisao da pensao vitalicia concedida a MAGNOLIA PADILHA MARTINS, viuva, e temporaria a MARIA DO CARMO DE CARVALHO MARTINS, filha do ex-servidor ARISTARCO CLEMENTINO DE CARVALHO MARTINS, Matricula no 20.030-1, Controlador da Ar- recadacao,  Codigo TAF-302.2, Classe B, referencia NS-18, do Quadro de Pessoal do Distrito Federal. Processo no 006.600/83. RETIFICAR no Decreto Coletivo de 15 de setembro de 1998, publicado no Diario Oficial do Distrito Federal  no 176, de 16 de setembro de 1998, o ato que reviu a Portaria de 15 de julho de 1983, publicada no Diario Oficial do Distrito Federal no 142, de 27 de julho de 1983, retificada pela Portaria de 13 de janeiro de 1986, publicada no Diario Oficial do  Distrito Federal no 10, de 15 de janeiro de 1986, que concedeu pensao vitalicia a MAGNOLIA PADILHA MARTINS, viuva, e temporaria a MARIA DO CARMO DE CARVALHO MARTINS, filha do ex-servidor ARISTARCO CLEMENTINO DE CARVALHO MARTINS, matricula no 20.030-1, Controla-dor da Arrecadacao, Codigo TAF-302.2, Classe B, referencia NS-18, do Quadro de Pessoal do Distrito Federal, para considerar o ex-servidor no cargo de Auditor Tributario, 1a Classe, Padrao II, bem como, para excluir de sua fundamentacao legal as vantagens previstas no artigo 184, inciso I, da Lei no 1711, de 28 de outubro de 1952, e incluir as vantagens do artigo 184, inciso II, da mesma lei, ficando ratificados os demais termos da revisao. Processo no 06.600/83. MARIA CECILIA S. S. LANDIM PORTARIA No 676, DE 10 DE DEZEMBRO DE 2001 A SECRETARIA DE ESTADO DE GESTAO ADMINISTRATIVA DO DISTRITO FEDE-RAL, no uso de suas atribuicoes regimentais e tendo em vista o disposto no art. 7o do Decreto no 21.816 de 12 de dezembro de 2000, resolve: Designar o servidor JOAO BOSCO PANTALEAO, matricula no 38.887-4, Encarregado, da Subsecretaria de Logistica e Modernizacao, Simbolo DFG-02, para substituir ANA CLAUDIA BASTOS, matricula no 27.710-X, Chefe do Nucleo de Almoxarifado, da Gerencia de Gestao de Material, da Diretoria de Suporte Institucional, da Subsecretaria de Logistica e Modernizacao, Simbolo DFG-08, no periodo de 26/11/2001 a 25/03/2002, por motivo de licenca maternidade. MARIA CECILIA S.S. LANDIM PORTARIA No 677, DE 10 DE DEZEMBRO DE 2001 A SECRETARIA DE ESTADO DE GESTAO ADMINISTRATIVA DO DISTRITO FEDE-RAL, no uso de suas atribuicoes regimentais e tendo em vista o disposto no art. 7o do Decreto no 21.816 de 12 de dezembro de 2000, resolve: Designar o servidor DAVI EVANGELISTA DE MEDEIROS, matricula no 22.267-4, Tecni-co de Administracao Publica,  para substituir IVO DE CARVALHO CARREIRA, matricu-la no 94.194-1., Chefe do Nucleo de Manutencao Patrimonial, Simbolo DFG-10,  da Geren-cia de Gestao Patrimonial e Servicos Gerais, da Diretoria de Suporte Institucional, da Subsecretaria de Logistica e Modernizacao, por motivo de ferias regulamentares do titular no periodo de 02.01.2002 a 31.01.2002. Designar LUIS ROCHA DE SOUZA, matricula no 34.629-2, Auxiliar de Administracao publica, para substituir EDVALDO BARBOSA, matricula no46.447-3, Encarregado do Nucleo de Manu-tencao Patrimonial, Simbolo DFG-02, da Gerencia de Gestao Patrimonial e Servicos Gerais, da Diretoria de Suporte Institucional, da Subsecretaria de Logistica e Modernizacao, por motivo de ferias regulamentares do titular, no periodo de 07.01.2002 a 05.02.2002. Designar CLAUDIA HELENA DA SILVA SANTOS, matricula no 32.219-9, Auxiliar de Adminis-tracao Publica, 106.658-7, para substituir ROSENILDA MARIA DE SOUSA SANTOS, matri-cula no 31.054-9, Encarregado do Nucleo de Manutencao Patrimonial. Simbolo DFG-02, da Gerencia de Gestao Patrimonial e Servicos Gerais, da Diretoria de Suporte Institucional, da Subsecretaria de Logistica e Modernizacao, por motivo de ferias regulamentares da titular, no periodo de 02.01.2002 a 16.01.2002. Designar ROSIMAR GOMES DO NASCIMENTO, matricula no 22.320-4, Tecnico de Admi-nistracao Publica, para substituir JOSE JUREMA DE SOUSA, matricula no 23.428-3, Gerente da Gerencia de Gestao Patrimonial e Servicos Gerais , Simbolo DFG-11, da Diretoria de Suporte Institucional, da Subsecretaria de Logistica e Modernizacao, por motivo de ferias regulamentares do titular, no periodo de 31.12.2001 a 29.01.2002. Designar ANA MARIA DE SOUSA GERVASIO, matricula no 47.066-X, Auxiliar de Administra-cao Publica, para substituir GILROSSE BRITO DE MATOS, matricula no 106.658-7, Chefe do Nucleo de Telecomunicacoes, Simbolo DFG-08, da Gerencia de Gestao Patrimonial e Servicos                                                                       Diario Oficial do Distrito Federal PAGINA   39 No 235, terca-feira, 11 de dezembro de 2001 Gerais , da Diretoria de Suporte Institucional, da Subsecretaria de Logistica e Modernizacao, por motivo de ferias regulamentares do titular, no periodo de 07.01.2002 a 05.02.2002. Designar MARILSA BARBOSA PESSOA, matricula no 38.711-8, Auxiliar de Administracao Publica, para substituir OTACILIO BASTOS DOS SANTOS, matricula no 96.780-7, Encarrega-do da Diretoria de Suporte Institucional, Simbolo DFG-02, da Diretoria de Suporte Institucional, da Subsecretaria de Logistica e Modernizacao, por motivo de ferias regulamentares do titular, no periodo de 02.01.2002 a 31.01.2002. Designar ALAN JOSE CESAR P. DA COSTA, matricula no 30.552-9, Tecnico de Administracao Publica, para substituir NIUVA MOURA DE FREITAS, matricula no 93.565-4, Chefe do Nucleo de Arquivo e Microfilmagem, Simbolo DFG-08, da Gerencia de Documentacao, da Diretoria de Suporte Institucional, da Subsecretaria de Logistica e Modernizacao, por motivo de ferias regu-lamentares da titular, no periodo de 14.01.2002 a 02.02.2002. Designar RITA DE CASSIA RODRIGUES, matricula no 92.154-8, Auxiliar de Administracao Publica, para substituir LEILA CARLA DA SILVA, matricula no 32.166-4, Encarregado do Nu-cleo de Arquivo e Microfilmagem, Simbolo DFG-02, da Gerencia de Documentacao, da Diretoria de Suporte Institucional, Subsecretaria de Logistica e Modernizacao, por motivo de ferias regu-lamentares da titular no periodo de 31.12.2001 a 29.01.2002. Designar IRENE FERNANDES DA SILVA ANDRADE, matricula no 30.692-4, para substituir MANOEL L. GOMES FERREIRA NETO, matricula no 94.445-9, Encarregado do Nucleo de Aprovisionamento, Simbolo DFG-02, da Gerencia de Manutencao de Veiculos, da Diretoria de Transportes da Subsecretaria de Logistica e Modernizacao, por motivo de ferias regulamentares do titular no periodo de 03.12.2001 a 01.01.2002 MARIA CECILIA S. S. LANDIM SUBSECRETARIA DE RECURSOS HUMANOS ORDEM DE SERVICO DE 5 DE DEZEMBRO DE 2001 A SUBSECRETARIA DE RECURSOS HUMANOS DA SECRETARIA DE GESTAO ADMI-NISTRATIVA ,  no uso das atribuicoes que lhe confere o Decreto no 15.057, de  24 de setembro de 1993, resolve : 1- Averbar o tempo de servico  prestado  pelos  servidores  abaixo relacionados. Processo: 040.004.696/2001; Nome: JOSUE EVANGELISTA ALVES; Matricula: 35.236-5, Cargo: Tecnico de Administracao Publica; Averba: 796 dias, conforme certidao expedida pelo Ministerio da Defesa, no periodo de 18/01/1982 a 23/03/1984,contados para efeito de aposentadoria e adicional. Processo: 135.000.455/89; Nome: OSMAR DE OLIVEIRA PINHEIRO; Matricula: 19.111-6, Car-go: Analista de Planejamento e Orcamento; Averba: 273 dias, conforme certidao expedida pela Secre-taria de Saude, no periodo de 14/08/79 a 12/05/80, contados para efeito aposentadoria e adicional. Processo: 020.003.406/2001; Nome: TIAGO PIMENTEL SOUZA; Matricula: 96.951-6, Car-go: Procurador do Distrito Federal 2ocategoria; Averba: 194 dias, conforme certidao expedida pela Procuradoria Geral do Estado de Goias, no periodo de 05/02/1999 a 17/08/1999, contados para efeito de aposentadoria. Processo: 100.001.548/2001; Nome: JOAO DIAS; Matricula: 103.620-3, Cargo: ABSS; Averba: 365 dias, conforme certidao expedida pelo INSS, no periodo de 01/05/1981 a 30/04/1982, conta-dos para efeito de aposentadoria. Processo: 100.001.548/2001; Nome: JOAO DIAS; Matricula: 103.620-3, Cargo: ABSS; Averba: 1036 dias, conforme certidao expedida pelo INSS, no periodo de 23/02/1985 a 25/12/1987, contados para efeito de aposentadoria. Processo: 100.001.548/2001; Nome: JOAO DIAS; Matricula: 103.620-3, Cargo: ABSS; Averba: 92 dias, conforme certidao expedida pelo INSS, no periodo de 29/11/1980 a 28/02/1981, contados para efeito de aposentadoria. Processo: 100.001.548/2001; Nome: JOAO DIAS; Matricula: 103.620-3, Cargo: ABSS; Averba: 288 dias, conforme certidao expedida pelo INSS, no periodo de 29/06/1972 a 12/04/1973, conta-dos para efeito de aposentadoria. Processo: 040.004.878/2001; Nome: MANOEL APARECIDO ALVES DA SILVA; Matricula: 44.170-8, Cargo: Tecnico de Administracao Publica; Averba: 3.074 dias, conforme certidao expedida pelo DER, no periodo de 04/10/1974 a 05/03/1983, contados para efeito de aposentadoria e adicional. Processo: 040.004.878/2001; Nome: MANOEL APARECIDO ALVES DA SILVA; Matricula: 44.170-8, Cargo: Tecnico de Administracao Publica; Averba: 02 dias, conforme certidao expedida pelo INSS, no periodo de 25/01/72 a 26/01/72, contados para efeito de aposentadoria. Processo: 040.004.878/2001; Nome: MANOEL APARECIDO ALVES DA SILVA; Matricula: 44.170-8, Cargo: Tecnico de Administracao Publica; Averba: 108 dias, conforme certidao expedi-da pelo INSS, no periodo de 05/04/74 a 21/07/74, contados para efeito de aposentadoria. Processo: 040.004.878/2001; Nome: MANOEL APARECIDO ALVES DA SILVA; Matricula: 44.170-8, Cargo: Tecnico de Administracao Publica; Averba: 34 dias, conforme certidao expedida pelo INSS, no periodo de 09/01/84 a 08/02/84, contados para efeito de aposentadoria. Processo: 040.004.878/2001; Nome: MANOEL APARECIDO ALVES DA SILVA; Matricula: 44.170-8, Cargo: Tecnico de Administracao Publica; Averba: 114 dias, conforme certidao expedi-da pelo INSS, no periodo de 24/08/84 a 15/12/84, contados para efeito de aposentadoria. Processo: 040.004.878/2001; Nome: MANOEL APARECIDO ALVES DA SILVA; Matricula: 44.170-8, Cargo: Tecnico de Administracao Publica; Averba: 866 dias, conforme certidao expedi-da pelo INSS, no periodo de 17/09/85 a 30/01/88, contados para efeito de aposentadoria. Processo: 040.004.878/2001; Nome: MANOEL APARECIDO ALVES DA SILVA; Matricula: 44.170-8, Cargo: Tecnico de Administracao Publica; Averba: 299 dias, conforme certidao expedi-da pelo INSS, no periodo de 01/01/91 a 17/08/91, contados para efeito de aposentadoria. Processo: 040.004.878/2001; Nome: MANOEL APARECIDO ALVES DA SILVA; Matricula: 44.170-8, Cargo: Tecnico de Administracao Publica; Averba: 591 dias, conforme certidao expedi-da pelo INSS, no periodo de 06/06/88 a 17/01/90, contados para efeito de aposentadoria. Processo: 040.004.878/2001; Nome: MANOEL APARECIDO ALVES DA SILVA; Matricula: 44.170-8, Cargo: Tecnico de Administracao Publica; Averba: 1233 dias, conforme certidao expe-dida pelo INSS, no periodo de 16/10/91 a 01/03/95, contados para efeito de aposentadoria. Processo: 101.000.597/99; Nome: ORLANDO MIGUEL DE SOUZA;  Matricula: 102.653-4, Cargo: AISS ; Averba: 962 dias, conforme certidao expedida pelo INSS, no periodo de 01/06/64 a 18/01/67, contados para efeito de aposentadoria. Processo: 070.000.783/2001; Nome: WILSON FERREIRA; Matricula: 100.410-7; Cargo: Tec-nico de Desenvolvimento Agropecuario; Averba: 364 dias, conforme certidao expedida pelo Ministerio da Defesa Exercito Brasileiro, no periodo de 13/01/78 a 11/01/79, contado para efeito de aposentadoria e adicional. Processo: 101.001.878/94; Nome: FRANCISCO VANTUHILDO PONTES; Matricula: 102.011-0, Cargo: ABSS; Averba: 165 dias, conforme certidao expedida pelo GDF, no periodo de 19/07/66 a 30/12/66, contados para efeito de aposentadoria e adicional. Processo: 101.001.878/94; Nome: FRANCISCO VANTUHILDO PONTES; Matricula: 102.011-0, Cargo: ABSS; Averba: 106 dias, conforme certidao expedida pelo GDF, no periodo de 04/01/67 a 19/04/67, contados para efeito de aposentadoria e adicional. Processo: 101.001.878/94; Nome: FRANCISCO VANTUHILDO PONTES; Matricula: 102.011-0, Cargo: ABSS; Averba: 328 dias, conforme certidao expedida pelo GDF, no periodo de 08/05/67 a 30/03/68, contados para efeito de aposentadoria e adicional. Processo: 101.001.878/94; Nome: FRANCISCO VANTUHILDO PONTES; Matricula: 102.011-0, Cargo: ABSS; Averba: 1298 dias, conforme certidao expedida pelo INSS, no periodo de 17/11/ 75 a 06/06/79, contados para efeito de aposentadoria. Processo: 101.001.878/94; Nome: FRANCISCO VANTUHILDO PONTES; Matricula: 102.011-0, Cargo: ABSS; Averba: 270 dias, conforme certidao expedida pelo INSS, no periodo de 19/05/80 a 12/02/81, contados para efeito de aposentadoria. Processo: 101.001.878/94; Nome: FRANCISCO VANTUHILDO PONTES; Matricula: 102.011-0, Cargo: ABSS; Averba: 168 dias, conforme certidao expedida pelo INSS, no periodo de 01/04/81 a 15/09/81, contados para efeito de aposentadoria.                                      Diario Oficial do Distrito Federal PAGINA   40 No 235, terca-feira, 11 de dezembro de 2001 2- Tornar sem efeito a retificacao da averbacao concedida  ao servidor ANTONIO FRANCISCO , Matricula : 102.803-0,Cargo: ABSS, Processo : 101.000.076/2000, conforme publicacao no DODF no 133 de 13 de julho de 2000 pagina 31. 3- Retificar na ordem de servico de 07 de Julho de 2000, publicada no DODF No 130, de 10/07/2000, pagina 17, o ato que concedeu averbacao ao servidor ANTONIO FRANCISCO, matricula no 102.803-0. "
