,tipo,nome,matricula,simbolo,cargo_comissao,lotacao,orgao,vigencia,pedido,cargo_efetivo,siape,motivo,text
0,Exoneração, Q,nan,nan,nan,nan,nan,nan,a pedido,nan,nan,nan,"EXONERAR, a pedido, do Quadro de Pessoal do Distrito Federal com lotacao na Secretaria de
Estado de Saude do Distrito Federal, com base nos termos do caput e paragrafo 2o do art"
1,Exoneração, Q,nan,nan,nan,nan,nan,nan,a pedido,nan,nan,nan,"EXONERAR, a pedido, do Quadro de Pessoal do Distrito Federal com lotacao na Secretaria de
Estado de Saude do Distrito Federal, com base nos termos do caput e paragrafo 2o do art"
2,Exoneração, Q,nan,nan,nan,nan,nan,nan,a pedido,nan,nan,nan,"EXONERAR, a pedido, do Quadro de Pessoal do Distrito Federal com lotacao na Secretaria de
Estado de Saude do Distrito Federal, com base nos termos do caput e paragrafo 2o do art"
3,Exoneração, Q,nan,nan,nan,nan,nan,nan,nan,nan,nan,nan,"EXONERAR, do Quadro de Pessoal do Distrito Federal com lotacao na Secretaria de
Estado de Saude do Distrito Federal, com base no art"
4,Exoneração, Q,nan,nan,nan,nan,nan,nan,a pedido,nan,nan,nan,"EXONERAR, a pedido, do Quadro de Pessoal do Distrito Federal com lotacao na Secretaria de
Estado de Saude do Distrito Federal, com base nos termos do caput e paragrafo 2o do art"
5,Exoneração, Q,nan,nan,nan,nan,nan,nan,a pedido,nan,nan,nan,"EXONERAR, a pedido, do Quadro de Pessoal do Distrito Federal com lotacao na Secretaria de
Estado de Saude do Distrito Federal, com base nos termos do caput e paragrafo 2o do art"
6,Exoneração, Q,nan,nan,nan,nan,nan,nan,a pedido,nan,nan,nan,"EXONERAR, a pedido, do Quadro de Pessoal do Distrito Federal com lotacao na Secretaria de
Estado de Saude do Distrito Federal, com base nos termos do caput e paragrafo 2o do art"
7,Exoneração, Q,nan,nan,nan,nan,nan,nan,a pedido,nan,nan,nan,"EXONERAR, a pedido, do Quadro de Pessoal do Distrito Federal com lotacao na Secretaria de
Estado de Saude do Distrito Federal, com base nos termos do caput e paragrafo 2o do art"
8,Exoneração, Q,no,nan,nan,nan,nan,nan,a pedido,nan,nan,nan,"EXONERAR, a pedido, os servidores, abaixo mencionados, do Quadro de Pessoal do Dis-
trito Federal, lotados na Secretaria de Estado de Educacao do Distrito Federal, a contar da
data especificada:
EDUARDO SOARES DA SILVA, matricula no 36"
9,Exoneração, Q,no,nan,nan,nan,nan,nan,a pedido,nan,nan,nan,"EXONERAR, a pedido, os servidores, abaixo mencionados, do Quadro de Pessoal do
Distrito Federal, lotados na Secretaria de Estado de Educacao do Distrito Federal, a con-
tar da data especificada:
ADRIANO MARINI, matricula no 49"
10,Exoneração, JOAQUIM VIEIRA VALADAO,no,nan,nan,nan,nan,nan,nan,nan,nan,nan,"EXONERAR, de oficio, o servidor JOAQUIM VIEIRA VALADAO, matricula no 203"
