,Tipo do Ato,Nome do Servidor Substituto,Matrícula do Servidor Substituto,Nome do Servidor a ser Substituido,Matrícula do Servidor a ser SubstituidoCargo,Símbolo do cargo do servidor substituto,Cargo comissionado objeto da substituição,Símbolo do cargo do objeto da substituição,Símbolo do cargo comissionado objeto da substituição,Hierarquia da Lotação,Órgão,Data Inicial da Vigência,Data Final de Vigência,Matrícula SIAPE,Motivo,text
0,Substituição de Funções, GILSON LOBO,nan,nan,nan,nan,nan,nan,nan,nan,nan,nan,nan,nan,nan,"Designar GILSON LOBO, para exercer a funcao de Membro Efetivo da Junta Administra-
tiva de Recursos de Infracoes do Departamento Metropolitano de Transportes Urbanos do
Distrito Federal  JARI/DMTU/DF, na qualidade de representante do Sindicato das Empre-
sas de Transporte de Passageiros e das Empresas de Transporte Coletivo Urbano de Passa-
geiros do Distrito Federal"
1,Substituição de Funções, CELIA REGINA DE SOUZA,110.379-2,MARIA SOUZA NASCIMENTO,30.104-3,"Chefe da Secao de Expedi-
ente",DFG-08,nan,nan,nan,nan,nan,nan,nan,nan,"Designar CELIA REGINA DE SOUZA, matricula no 110.379-2, sAgente Administrativo, para
substituir MARIA SOUZA NASCIMENTO, matricula no 30.104-3, Chefe da Secao de Expedi-
ente, simbolo DFG-08, do Centro de Assistencia Judiciaria do Distrito Federal, no periodo de 06
a 20/09/2002, por motivo de licenca medica da titular"
2,Substituição de Funções, DANILO ALVES,24.453-8,"RUDSON DOMINGOS
BUENO",46.258-6,Chefe,DFG-10,nan,nan,nan,nan,nan,nan,nan,nan,"Designar DANILO ALVES, matricula no 24.453-8, para substituir RUDSON DOMINGOS
BUENO, matricula no 46.258-6, Chefe, Simbolo DFG-10, do Nucleo de Substituicao Tributaria
do ISS da Gerencia de Monitoramento e Auditorias Especiais da Diretoria de Fiscalizacao em
Estabelecimentos da Subsecretaria da Receita da Secretaria de Fazenda e Planejamento do Dis-
trito Federal, no periodo de 19 de setembro a 18 de outubro de 2002, por motivo de licenca-
premio por assiduidade do titular"
3,Substituição de Funções, DUARTE DA SILVA GOMES FILHO,121.133-1,nan,nan,nan,nan,nan,nan,nan,nan,nan,nan,nan,nan,"Designar DUARTE DA SILVA GOMES FILHO, matricula no 121.133-1, EXECUTOR DO
CONTRATO no 046/2002-SES/DF, celebrado entre o Distrito Federal, por intermedio da Secre-
taria de Estado de Saude e a firma ALACON ENGENHARIA LTDA, em 23 de agosto de 2002
2 - Esta Portaria entra em vigor na data de sua publicacao"
4,Substituição de Funções,nan,nan,nan,"121.801-8; EDNA MARIA
ALVES DE OLIVEIRA",nan,nan,nan,nan,nan,nan,nan,nan,nan,nan,"DESIGNAR, os membros da Comissao Regional de Sindicancia, nomeados atraves da Ordem
de servico no 70, publicada no DODF de 24.09.99, para sob a presidencia do primeiros e nos
seus impedimentos, sob a do segundo, para comporem Comissao de Sindicancia com a finalida-
de de apurar os fatos constantes no processo 275.000.472/2002, devendo todos os envolvidos
serem notificados de tudo, desde o inicio dos trabalhos, os quais devem ser concluidos dentro de
30 (trinta) dias a partir da data de publicacao do presente ato, com base no paragrafo unico do
artigo 145 da Lei 8.112/90 e Instrucao no 04/99  FHDF:
ADILSON BARBOZA, AIS (Auxiliar de Enfermagem), matricula no 126.809-1; MARIA IRA-
NI DA SILVA DIAS, AIS (Auxiliar de Enfermagem), matricula no 121.801-8; EDNA MARIA
ALVES DE OLIVEIRA, AIS (Auxiliar de Enfermagem), matricula no 126.849-X e MARILE-
NE CARVALHO DE SOUZA, AIS (Auxiliar de Enfermagem), matricula no 126.854-6"
5,Substituição de Funções,nan,nan,nan,"121.801-8; EDNA MARIA
ALVES DE OLIVEIRA",nan,nan,nan,nan,nan,nan,nan,nan,nan,nan,"DESIGNAR, os membros da Comissao Regional de Sindicancia, nomeados atraves da Ordem
de servico no 70, publicada no DODF de 24.09.99, para sob a presidencia do primeiros e nos
seus impedimentos, sob a do segundo, para comporem Comissao de Sindicancia com a finalida-
de de apurar os fatos constantes no processo***************, devendo todos os envolvidos
serem notificados de tudo, desde o inicio dos trabalhos, os quais devem ser concluidos dentro de
30 (trinta) dias a partir da data de publicacao do presente ato, com base no paragrafo unico do
artigo 145 da Lei 8.112/90 e Instrucao no 04/99  FHDF:
ADILSON BARBOZA, AIS (Auxiliar de Enfermagem), matricula no 126.809-1; MARIA IRA-
NI DA SILVA DIAS, AIS (Auxiliar de Enfermagem), matricula no 121.801-8; EDNA MARIA
ALVES DE OLIVEIRA, AIS (Auxiliar de Enfermagem), matricula no 126.849-X e MARILE-
NE CARVALHO DE SOUZA, AIS (Auxiliar de Enfermagem), matricula no 126.854-6"
6,Substituição de Funções, o servidor Rogerio Malaquias Braga,133.371-2,"a Chefe do Nucleo de Instrucao Processual e Preparacao de Atos
da Gerencia de Pessoal Inativo da Diretoria de Recursos Humanos da Subsecretaria de Apoio Operacional da
Secretaria de Estado de Saude do Distrito Federal",nan,nan,DFG-07,nan,nan,nan,nan,nan,nan,nan,nan,"Designar o servidor Rogerio Malaquias Braga, Assistente Intermediario de Saude II (Agente Administrati-
vo), Matricula no 133.371-2, para substituir a Chefe do Nucleo de Instrucao Processual e Preparacao de Atos
da Gerencia de Pessoal Inativo da Diretoria de Recursos Humanos da Subsecretaria de Apoio Operacional da
Secretaria de Estado de Saude do Distrito Federal, Simbolo DFG-07, no periodo de 09 a 28 de setembro e de
1o de outubro a 30 de novembro de 2002, por motivo de ferias e licenca premio, respectivamente"
7,Substituição de Funções, o servidor RANULFO RODRIGUES DA SILVA,94.112-3,o servidor COSME LUIZ DE OLIVEIRA,94.002-X,"Auxiliar de
Atividades Rodoviarias",DFG-01,nan,nan,nan,nan,nan,nan,nan,nan,"Designar o servidor RANULFO RODRIGUES DA SILVA, matricula 94.112-3, Tecnico de Atividades
Rodoviarias, para substituir o servidor COSME LUIZ DE OLIVEIRA, matricula 94.002-X, Auxiliar de
Atividades Rodoviarias, Encarregado de Obras de Arte II, simbolo DFG-01  4o DR/DIOB, no periodo de
09.10.2002 a 18.10.202, por motivo de ferias regulamentares do titular"
8,Substituição de Funções, o servidor PAULO ROBERTO RIBEIRO AMARAL,31.556-7,nan,nan,nan,nan,nan,nan,nan,nan,nan,nan,nan,nan,"DESIGNAR o servidor PAULO ROBERTO RIBEIRO AMARAL, Agente de Policia, matricula
31.556-7, para desempenhar as funcoes de Executor do contrato celebrado entre o Distrito Fede-
ral, por intermedio da Policia Civil, e a empresa COMPANHIA BRASILEIRA DE PETROLEO
IPIRANGA, objeto do processo 052.001.584/2001, que dispoe sobre o fornecimento de gasolina
comum tipo C para a PCDF durante o exercicio de 2002, cujas atribuicoes estao previstas na
Instrucao Normativa no.10/97, publicada no Diario Oficial do Distrito Federal no 88, de 12 de abril
de 1997 e no Decreto no"
9,Substituição de Funções, o servidor PETRONAH DE CASTRO E SILVA,25.525-,nan,nan,nan,nan,nan,nan,nan,nan,nan,nan,nan,nan,"DESIGNAR o servidor PETRONAH DE CASTRO E SILVA, Agente de Policia, matricula 25.525-
4, para desempenhar as funcoes de Executor dos contratos celebrados entre o Distrito Federal, por
intermedio da Policia Civil, e as empresas CESAR REIS OFFICE PRODUCTS LTDA, FIPEL
COMERCIAL DE FITAS E PAPEIS LTDA, GIMBA SUPRIMENTOS DE ESCRITORIO E IN-
FORMATICA LTDA, PEPELARIA BRITO COM"
10,Substituição de Funções, o servidor PETRONAH DE CASTRO E SILVA,25.525-4,nan,nan,nan,nan,nan,nan,nan,nan,nan,nan,nan,nan,"DESIGNAR o servidor PETRONAH DE CASTRO E SILVA, Agente de Policia, matricula 25.525-4,
para desempenhar as funcoes de Executor dos contratos celebrados entre o Distrito Federal, por inter-
medio da Policia Civil, e as empresas BRASIL SUPRI COMERCIAL LTDA, CINE FOTO UNIVER-
SITARIO LTDA, DIST"
11,Substituição de Funções, LUIZ ANTONIO VIDAL CHAMON,80,FRAN,"31 785 3 pelo cargo em comissao de
Chefe de contabilidade",nan,DFG-11,nan,nan,nan,"Secretaria de Estado
de Transportes  Membro; GLEISTON MARCOS DE PAULA, matricula 43.684-4, Fiscal de
Atividades Urbanas  Membro; TEODORICO JOSE LEAL DE MOURA, matricula 41.062-4,
Inspetor de Atividades Urbanas, Chefe do Nucleo de Inspecao de Vigilancia Sanitaria - Membro",nan,nan,nan,nan,"Designar LUIZ ANTONIO VIDAL CHAMON, matricula no 80 142 9, para substituir FRAN-
CISCO JORGIVAN MACHADO LEITAO, matricula 31 785 3 pelo cargo em comissao de
Chefe de contabilidade, Simbolo DFG-11, da Diretoria Administrativa e Financeira no pe-
riodo de ferias de 23/09/2002 a 07/10/2002
RAUL GONZALEZ ACOSTA SECRETARIA EXTRAORDINARIA DE FISCALIZACAO
DE ATIVIDADES URBANAS PORTARIA No 35, DE 18 DE SETEMBRO DE 2002
O SECRETARIO DA SECRETARIA EXTARORDINARIA DE FISCALIZACAO DE ATIVIDADES
URBANAS DO DISTRITO FEDERAL, no uso das atribuicoes que lhe confere o Decreto no 22.944, de
08 de maio de 2002, resolve:
Art 1o - Designar um Grupo Especial de Trabalho, composto de servidores lotados na Secretaria
Extraordinaria de Fiscalizacao de Atividades Urbanas e indicados por orgaos do Complexo do
Governo do Distrito Federal, cujos trabalhos formarao relatorio circunstanciado, a ser disponibili-
zado pelo Grupo, que servira para formatacao de Minuta de Decreto de Regulamentacao de que
trata a Lei 2.706, de 27 de abril de 2001, formado por: ANA REGINA VASQUES BERNARDO,
matricula 110.395-4, Assessora Especial do Gabinete da Secretaria Extraordinaria de Fiscalizacao
de Atividades Urbanas; ERLI TOLEDO DA SILVA, matricula 43.029-3, Chefe do Nucleo de
Analise de Cargo e Carreira da Subsecretaria de Recursos Humanos da Secretaria de Estado de
Gestao Administrativa  Membro; JORGE ERNANI MARINHO DOS SANTOS, matricula 32.441-
8, da Secretaria de Estado de Fazenda e Planejamento  Membro; SANDRA PEREZ DE SA
PONTES, matricula 91.459-2, da Secretaria de Estado de Coordenacao das Administracoes Regi-
onais  Membro; ARTUR CARLOS DE MORAIS, matricula 91.459-2, da Secretaria de Estado
de Transportes  Membro; GLEISTON MARCOS DE PAULA, matricula 43.684-4, Fiscal de
Atividades Urbanas  Membro; TEODORICO JOSE LEAL DE MOURA, matricula 41.062-4,
Inspetor de Atividades Urbanas, Chefe do Nucleo de Inspecao de Vigilancia Sanitaria - Membro"
12,Substituição de Funções, o servidor JOSE AQUILES TOLLSTADIUS LEAL,37.392-3,nan,nan,nan,nan,nan,nan,nan,nan,nan,nan,nan,nan,"Designar o servidor JOSE AQUILES TOLLSTADIUS LEAL, matricula 37.392-3, fiscal de
Atividades Urbanas especialidade Controle Ambiental, lotado na Secretaria Extraordinaria de Fiscaliza-
cao de Atividades Urbanas, para elaborar projeto de Acompanhamento das Demandas Diarias da Carreira
de Fiscalizacao de Atividades Urbanas"
