,Tipo do Ato,Nome do Servidor Substituto,Matrícula do Servidor Substituto,Nome do Servidor a ser Substituido,Matrícula do Servidor a ser SubstituidoCargo,Símbolo do cargo do servidor substituto,Cargo comissionado objeto da substituição,Símbolo do cargo do objeto da substituição,Símbolo do cargo comissionado objeto da substituição,Hierarquia da Lotação,Órgão,Data Inicial da Vigência,Data Final de Vigência,Matrícula SIAPE,Motivo,text
0,Substituição de Funções, a servidora ANTONIA PEREIRA LIMA,125.891-5,a Chefe do Nucleo de Educacao e Treina,nan,nan,DFG-05,nan,nan,nan,nan,nan,nan,nan,nan,"DESIGNAR a servidora ANTONIA PEREIRA LIMA, Assistente Intermediario de Saude II (Agente
Administrativo), matricula no 125.891-5, para substituir a Chefe do Nucleo de Educacao e Treina-
mento em Saude da Gerencia de Atencao a Saude da Diretoria Regional de Saude da Candangolandia,
Nucleo Bandeirante e Riacho Fundo, Simbolo DFG-05, no periodo de 22 de julho a 20 de agosto de
2002, por motivo de ferias da titular, conforme Memorando no 41/2002-NETS/DRS/CNBRF"
1,Substituição de Funções, o servidor Jose Sobral Neto,nan,nan,nan,nan,nan,nan,nan,nan,nan,nan,nan,nan,nan,"Designar o servidor Jose Sobral Neto, mat"
2,Substituição de Funções, o servidor Floresmar Montalvao Reis,nan,nan,nan,nan,nan,nan,nan,nan,nan,nan,nan,nan,nan,"Designar o servidor Floresmar Montalvao Reis, mat"
3,Substituição de Funções, o servidor Claudio Luiz Viegas,nan,nan,nan,nan,nan,nan,nan,nan,nan,nan,nan,nan,nan,"Designar o servidor Claudio Luiz Viegas, mat"
4,Substituição de Funções, a servidora Regina Marcia Carvalho,nan,nan,nan,nan,nan,nan,nan,nan,nan,nan,nan,nan,nan,"Designar a servidora Regina Marcia Carvalho, mat"
5,Substituição de Funções, o servidor David de Souza Geracy,nan,nan,nan,nan,nan,nan,nan,nan,nan,nan,nan,nan,nan,"Designar o servidor David de Souza Geracy, mat"
6,Substituição de Funções, a servidora Leticia Cruvinel E Palos Brito,nan,nan,nan,nan,nan,nan,nan,nan,nan,nan,nan,nan,nan,"Designar a servidora Leticia Cruvinel E Palos Brito, mat"
7,Substituição de Funções, a servidora Rita Cassia Paz Ribeiro,nan,nan,nan,nan,nan,nan,nan,nan,nan,nan,nan,nan,nan,"Designar a servidora Rita Cassia Paz Ribeiro, mat"
8,Substituição de Funções, os servidores Genesio Anacleto Tolentino,43.653-4,nan,93.246-9,nan,nan,nan,nan,nan,nan,nan,nan,nan,nan,"Designar os servidores Genesio Anacleto Tolentino, matricula no 43.653-4, Francisco Jose de Cam-
pos Amaral, matricula no 93.246-9, Armin Arnaldo Pfrimer, matricula no 93.837-8 e Mauricio
Canovas Segura, matricula no 23.791-4, para, sob a presidencia do primeiro, secretariada por Iara
Maria Martins dos Santos Miranda, matricula 95.587-6, constituirem Comissao Especial de Licita-
cao, com a finalidade de proceder a realizacao de licitacao, na modalidade Concorrencia Nacional,
para a contratacao de empresa de consultoria para elaboracao do Plano de Monitoramento Ambiental
da Bacia Hidrografica do Lago Paranoa, relativo ao Programa de Saneamento Basico no DF, confor-
me contrato no 1288/OC  BR firmado pelo Governo do Distrito Federal do Brasil com o Banco
Interamericano de Desenvolvimento  BID"
9,Substituição de Funções, os servidores Genesio Anacleto Tolentino,43.653-4,nan,93.246-9,nan,nan,nan,nan,nan,nan,nan,nan,nan,nan,"Designar os servidores Genesio Anacleto Tolentino, matricula no 43.653-4, Francisco Jose de Cam-
pos Amaral, matricula no 93.246-9, Armin Arnaldo Pfrimer, matricula no 93.837-8 e Mauricio
Canovas Segura, matricula no 23.791-4, para, sob a presidencia do primeiro, secretariada por Iara
Maria Martins dos Santos Miranda, matricula 95.587-6, constituirem Comissao Especial de Licita-
cao, com a finalidade de proceder a realizacao de licitacao, na modalidade Concorrencia Nacional,
para a contratacao de empresa de consultoria para elaboracao da Proposta Metodologica de Educacao
Ambiental, Especificacao e Acompanhamento da Producao dos Multimeios Necessarios relativo ao
Programa de Saneamento Basico no DF, conforme contrato no 1288/OC  BR firmado pelo Governo
do Distrito Federal do Brasil com o Banco Interamericano de Desenvolvimento  BID"
10,Substituição de Funções, MARLI BARRETO BRITO,76.854-5,"SOLANGE PEREIRA
DE BRITO",80.619-6,Encarregado de Armazenamento de Materiais Reciclaveis,nan,nan,nan,nan,nan,nan,nan,nan,nan,"Designar MARLI BARRETO BRITO, matricula no 76.854-5 para Substituir SOLANGE PEREIRA
DE BRITO, matricula no 80.619-6, Encarregado de Armazenamento de Materiais Reciclaveis, Sim-
bolo DFG-03, do Servico de Operacao da Usina de tratamento de Lixo, da Diretoria de Operacoes, do
Servico de Ajardinamento e Limpeza Urbana do Distrito Federal no periodo de 04/07/2002 a 02/08/
02002, em virtude de suas ferias regulamentares"
11,Substituição de Funções, EDVALDO DE JESUS,82.183-7,JOSE MILTON RIBEIRO,81.850-X,Chefe de Coleta,DFG-07,nan,nan,nan,nan,nan,nan,nan,nan,"Designar EDVALDO DE JESUS, matricula no 82.183-7, para Substituir JOSE MILTON RIBEIRO,
matricula no 81.850-X, Chefe de Coleta, Simbolo DFG-07, do Distrito de Limpeza Sul, da Diretoria
de Operacoes, do Servico de Ajardinamento e Limpeza Urbana do Distrito Federal no periodo de                                                                       Diario Oficial do Distrito Federal
PAGINA   31
No 119, terca-feira, 25 de junho de 2002 01/07/2002 a 30/07/2002, em virtude de suas ferias regulamentares"
12,Substituição de Funções, JOSE ROBERTO DE LIMA SOARES,82.740-7,OLAVO FER,80.053-8,nan,DFG-07,nan,nan,nan,nan,nan,nan,nan,nan,"Designar JOSE ROBERTO DE LIMA SOARES, matricula no 82.740-7, para Substituir OLAVO FER-
REIRA PONTES, matricula no 80.053-8, Chefe de Coleta, Simbolo DFG-07, do Distrito de Limpeza
de Ceilandia, da Diretoria de Operacoes, do Servico de Ajardinamento e Limpeza Urbana do Distrito
Federal, no periodo de 01/07/2002 a 30/07/2002, em virtude de suas ferias regulamentares"
13,Substituição de Funções, ANTONIO MACHADO DA SILVA,81.582-9,LEONEL BAR,78.647-0,nan,DFG-03,nan,nan,nan,nan,nan,nan,nan,nan,"Designar ANTONIO MACHADO DA SILVA, matricula no 81.582-9 para Substituir LEONEL BAR-
BOSA PIRES, matricula no 78.647-0, Encarregado de Coleta, Simbolo DFG-03, do Distrito de Lim-
peza de Brazlandia, da Diretoria de Operacoes do Servico de Ajardinamento e Limpeza Urbana do
Distrito Federal, no periodo de 03/06/2002 a 02/07/2002, em virtude de suas ferias regulamentares"
14,Substituição de Funções, ZELIA MARIA ANDRADE SANTANA,83.664-8,CONSTAN,83.723-7,nan,DFG-03,nan,nan,nan,nan,nan,nan,nan,nan,"Designar ZELIA MARIA ANDRADE SANTANA, matricula no 83.664-8 para Substituir CONSTAN-
CA MARIA DE JESUS NETA, matricula no 83.723-7, Encarregado de Operacao, Simbolo DFG-03, do
Servico de Operacao da Usina de Incineracao de Lixo Especial, da Diretoria de Operacoes, do Servico
de Ajardinamento e Limpeza Urbana do Distrito Federal, no periodo de 08.07.2002 a 06.08.2002,
em virtude de suas ferias regulamentares"
15,Substituição de Funções, NATAL ALVES RODRIGUES,82.518-2,"SONIA MOURA DE
OLIVEIRA",82.879-3,Encarregado de Operacao,DFG-03,nan,nan,nan,nan,nan,nan,nan,nan,"Designar NATAL ALVES RODRIGUES, matricula no 82.518-2 para Substituir SONIA MOURA DE
OLIVEIRA, matricula no 82.879-3, Encarregado de Operacao, Simbolo DFG-03, do Servico de
Operacao da Usina de Tratamento de Lixo, da Diretoria de Operacoes, do Servico de Ajardinamento
e Limpeza Urbana do Distrito Federal no periodo de 01.07.2002 a 30.07/2002, em virtude de suas
ferias regulamentares"
16,Substituição de Funções, AGUEDO FRANCISCO DA SILVA,79.587-9,ELIZEU EZE,81.701-5,nan,DFG-09,nan,nan,nan,nan,nan,nan,nan,nan,"Designar AGUEDO FRANCISCO DA SILVA, matricula no 79.587-9, para Substituir ELIZEU EZE-
QUIEL DOS SANTOS, matricula no 81.701-5, Chefe do Distrito de Limpeza de Samambaia, Simbolo
DFG-09, da Diretoria de Operacoes, do Servico de Ajardinamento e Limpeza Urbana do Distrito
Federal no periodo de 01/07/2002 a 30/07/2002, em virtude de suas ferias regulamentares"
17,Substituição de Funções, JANILDA MARIA DA SILVA,82.948-X,"RONALDO DE
SOUZA",82.758-4,Chefe do Servico de Almoxarifado,DFG-09,nan,nan,nan,nan,nan,nan,nan,nan,"Designar JANILDA MARIA DA SILVA, matricula no 82.948-X, para Substituir RONALDO DE
SOUZA, matricula no 82.758-4, Chefe do Servico de Almoxarifado, Simbolo DFG-09, da
Divisao de Material, da Diretoria Administrativo Financeira, do Servico de Ajardinamento e
Limpeza Urbana do Distrito Federal no periodo de 01/07/2002 a 31/07/2002, em virtude de
suas ferias regulamentares"
18,Substituição de Funções, CLADIMIRO FERREIRA DA SILVA,76.413-2,"JOSE
ALBERTO VITOR DE OLIVEIRA",81.004-5,Chefe de Coleta,DFG-07,nan,nan,nan,nan,nan,nan,nan,nan,"Designar CLADIMIRO FERREIRA DA SILVA, matricula no 76.413-2 para Substituir JOSE
ALBERTO VITOR DE OLIVEIRA, matricula no 81.004-5, Chefe de Coleta, Simbolo DFG-07,
do Distrito de Limpeza Norte, da Diretoria de Operacoes, do Servico de Ajardinamento e
Limpeza Urbana do Distrito Federal no periodo de 15.07.2002 a 13.08.2002, em virtude de
suas ferias regulamentares"
19,Substituição de Funções, JOAO FERREIRA FILHO,70.401-6,"ENOQUE CARLOS
DA SILVA",37.717-1,Encarregado de Coleta Noturna,DFG-03,nan,nan,nan,nan,nan,nan,nan,nan,"Designar JOAO FERREIRA FILHO, matricula no 70.401-6, para Substituir ENOQUE CARLOS
DA SILVA, matricula no 37.717-1, Encarregado de Coleta Noturna, Simbolo DFG-03 do Distri-
to de Limpeza Norte, da Diretoria de Operacoes, do Servico de Ajardinamento e Limpeza
Urbana do Distrito Federal no periodo de 01.07.2002 a 30/07/2002, em virtude de suas ferias
regulamentares"
20,Substituição de Funções, GILMAR VIANA,83.758-X,"ANADEGE APARECIDA
CARDOSO",80.103-8,Chefe da Divisao de Fiscalizacao,DFG-11,nan,nan,nan,nan,nan,nan,nan,nan,"Designar GILMAR VIANA, matricula no 83.758-X para Substituir ANADEGE APARECIDA
CARDOSO, matricula no 80.103-8, Chefe da Divisao de Fiscalizacao, Simbolo DFG-11, da
Diretoria de Operacoes do Servico de Ajardinamento e Limpeza Urbana do Distrito Federal, no
periodo de 20/05/2002 a 29/05/2002, e de 08/07/2002 a 27/07/2002, em virtude de suas ferias
regulamentares"
21,Substituição de Funções, VILMA SOBRAL CARVALHO,83.019-4,"CARLOS ALBERTO
DE LIMA",78.100-2,Chefe do Nucleo de Controle e Acompanhamento,DFG-,nan,nan,nan,nan,nan,nan,nan,nan,"Designar VILMA SOBRAL CARVALHO, matricula no 83.019-4 para Substituir CARLOS ALBERTO
DE LIMA, matricula no 78.100-2, Chefe do Nucleo de Controle e Acompanhamento, Simbolo DFG-
09, da Diretoria Geral, Servico de Ajardinamento e Limpeza Urbana do Distrito Federal no periodo de
03/06/2002 a 02/07/2002, em virtude de suas ferias regulamentares"
22,Substituição de Funções, LIGIA MARIA ANDRADE VASCONCELOS,83.914-0,"MARIA
DE NAZARE GAMA DE OLIVEIRA",82.827-0,Encarregado de Coleta,DFG-,nan,nan,nan,nan,nan,nan,nan,nan,"Designar LIGIA MARIA ANDRADE VASCONCELOS, matricula no 83.914-0 para Substituir MARIA
DE NAZARE GAMA DE OLIVEIRA, matricula no 82.827-0, Encarregado de Coleta, Simbolo DFG-
03, do Distrito de Limpeza de Taguatinga, da Diretoria de Operacoes, do Servico de Ajardinamento e
Limpeza Urbana do Distrito Federal no periodo de 03/06/2002 a 02/07/2002, em virtude de suas
ferias regulamentares"
23,Substituição de Funções, PAULO GUILHERME DOS SANTOS,79.194-6,"DONIZETE
BELMIRO DA SILVA",84.286-9,Encarregado de Coleta,DFG-03,nan,nan,nan,nan,nan,nan,nan,nan,"Designar PAULO GUILHERME DOS SANTOS, matricula no 79.194-6 para Substituir DONIZETE
BELMIRO DA SILVA, matricula no 84.286-9, Encarregado de Coleta, Simbolo DFG-03, do Distrito
de Limpeza do Gama, da Diretoria de Operacoes, do Servico de Ajardinamento e Limpeza Urbana do
Distrito Federal no periodo de 03/06/2002 a 02/07/2002, em virtude de suas ferias regulamentares"
24,Substituição de Funções, EDNA OLIVEIRA SILVA,82.936-6,CATIA YONE DOS SAN,83.263-4,nan,DFG-03,nan,nan,nan,nan,nan,nan,nan,nan,"Designar EDNA OLIVEIRA SILVA, matricula no 82.936-6 para Substituir CATIA YONE DOS SAN-
TOS FARIAS, matricula no 83.263-4, Encarregado de Controle de Trafego ,Simbolo DFG-03, da
Divisao de Transporte, da Diretoria de Manutencao, do Servico de Ajardinamento e Limpeza Urbana
do Distrito Federal no periodo de 08/07/2002 a 06/08/2002, em virtude de suas ferias regulamentares"
25,Substituição de Funções, MARIA DEULA DE OLIVEIRA,82.830-0,FRANCISCO CLAU,84.219-2,nan,DFG-,nan,nan,nan,nan,nan,nan,nan,nan,"Designar MARIA DEULA DE OLIVEIRA, matricula no 82.830-0 para Substituir FRANCISCO CLAU-
DIO SILVA DE ABREU, matricula no 84.219-2, Encarregado de Controle de Trafego ,Simbolo DFG-
03, da Divisao de Transporte, da Diretoria de Manutencao, do Servico de Ajardinamento e Limpeza
Urbana do Distrito Federal no periodo de 03/06/2002 a 02/07/2002, em virtude de suas ferias
regulamentares"
26,Substituição de Funções, FRANCISCO CLAUDIO SILVA DE ABREU,84.219-2,ADE,84.266-4,nan,DFG-11,nan,nan,nan,nan,nan,nan,nan,nan,"Designar FRANCISCO CLAUDIO SILVA DE ABREU, matricula no 84.219-2 para Substituir ADE-
MIR SEBASTIAO DE LIMA ABADIA, matricula no 84.266-4, Chefe da Divisao de Transporte,
Simbolo DFG-11, da Diretoria de Manutencao, do Servico de Ajardinamento e Limpeza Urbana do
Distrito Federal no periodo de 01/08/2002 a 30/08/2002, em virtude de suas ferias regulamentares"
27,Substituição de Funções, EDVAL CORREIA BORGES,84.223-0,"EDSON CAVALCANTE
DOS SANTOS",80.138-0,Chefe da Divisao de Manutencao de Frota,DFG-11,nan,nan,nan,nan,nan,nan,nan,nan,"Designar EDVAL CORREIA BORGES, matricula no 84.223-0 para Substituir EDSON CAVALCANTE
DOS SANTOS, matricula no 80.138-0, Chefe da Divisao de Manutencao de Frota, Simbolo DFG-11,
da Diretoria de Manutencao, do Servico de Ajardinamento e Limpeza Urbana do Distrito Federal no
periodo de 03/06/2002 a 02/07/2002, em virtude de suas ferias regulamentares"
28,Substituição de Funções, LUCRECIA DE CARVALHO SILVA,82.774-6,"EDUARDO
CARNEIRO GONCALVES",84.220-6,Chefe da Divisao de Servicos Gerais,DFG-11,nan,nan,nan,nan,nan,nan,nan,nan,"Designar LUCRECIA DE CARVALHO SILVA, matricula no 82.774-6 para Substituir EDUARDO
CARNEIRO GONCALVES, matricula no 84.220-6, Chefe da Divisao de Servicos Gerais,, Simbolo
DFG-11, da Diretoria de Administrativo Financeira, do Servico de Ajardinamento e Limpeza Urbana
do Distrito Federal no periodo de 01/07/2002 a 30/07/2002, em virtude de suas ferias regulamentares"
29,Substituição de Funções, RICARDO ALVES DE PAIVA,83.107-7,MARIA APARE,73.137-4,nan,DFG-,nan,nan,nan,nan,nan,nan,nan,nan,"Designar RICARDO ALVES DE PAIVA, matricula no 83.107-7 para Substituir MARIA APARE-
CIDA RACHID DIAS, matricula no 73.137-4, Encarregado de Varricao Diurna, Simbolo DFG-
03, do Distrito de Limpeza Sul, da Diretoria de Operacoes, do Servico de Ajardinamento e
Limpeza Urbana do Distrito Federal no periodo de 10/06/2002 a 07/09/2002, em virtude de
licenca premio por assiduidade"
30,Substituição de Funções, NORMA ENY DE ASSIS DA SILVA,81.032-0,"IVAN RESENDE
COUTO",83.231-6,Chefe de Coleta,DFG-07,nan,nan,nan,nan,nan,nan,nan,nan,"Designar NORMA ENY DE ASSIS DA SILVA, matricula no 81.032-0 para Substituir IVAN RESENDE
COUTO, matricula no 83.231-6, Chefe de Coleta, Simbolo DFG-07, do Distrito de Limpeza do Paranoa, da Diretoria de Operacoes, do Servico de Ajardinamento e Limpeza Urbana do Distrito
Federal no periodo de 18/07/2002 a 30/07/2002, em virtude de suas ferias regulamentares"
31,Substituição de Funções, RODOLFO JOSE VIEIRA DOS SANTOS,82.902-1,"RAIMUNDA
SOCORRO DOS SANTOS",83.129-8,Encarregado de Borracharia,DFG-03,nan,nan,nan,nan,nan,nan,nan,nan,"Designar RODOLFO JOSE VIEIRA DOS SANTOS, matricula no 82.902-1 para Substituir RAIMUNDA
SOCORRO DOS SANTOS, matricula no 83.129-8, Encarregado de Borracharia, Simbolo DFG-03, da
Divisao de Transporte, da Diretoria de Manutencao, do Servico de Ajardinamento e Limpeza Urbana do
Distrito Federal no periodo de 01/07/2002 a 30/07/2002, em virtude de suas ferias regulamentares"
32,Substituição de Funções, JOSE CARLOS ROMAO,81.536-5,"FRANCISCO GOMES DA
FONSECA FILHO",82.011-3,Encarregado de Ferramentaria,DFG-03,nan,nan,nan,nan,nan,nan,nan,nan,"Designar JOSE CARLOS ROMAO, matricula no 81.536-5 para Substituir FRANCISCO GOMES DA
FONSECA FILHO, matricula no 82.011-3, Encarregado de Ferramentaria, Simbolo DFG-03, da
Divisao de Manutencao de Manutencao de Usinas, da Diretoria de Manutencao, do Servico de
Ajardinamento e Limpeza Urbana do Distrito Federal no periodo de 15/07/2002 a 13/08/2002, em
virtude de suas ferias regulamentares"
33,Substituição de Funções, a servidora Marinalva Maria Pinheiro Borges,nan,nan,nan,nan,nan,nan,nan,nan,nan,nan,nan,nan,nan,"Designar a servidora Marinalva Maria Pinheiro Borges, mat"
34,Substituição de Funções, os servidores VALDECI DE LACERDA MOREIRA,83.877-2,nan,76.403-5 e VILMA BRITO DOS SANTOS,nan,nan,nan,nan,nan,nan,nan,nan,nan,nan,"DESIGNAR os servidores VALDECI DE LACERDA MOREIRA, matricula no 83.877-2,
EULALIA NAZARE AMORIM, matricula no 76.403-5 e VILMA BRITO DOS SANTOS, matri-
cula no 83.163-8, para, sob a presidencia do primeiro, comporem a Comissao incumbida de
apuracao dos fatos"
35,Substituição de Funções, o servidor PEDRO MAURICIO CABRAL TEIXEIRA,93.087-3,nan,nan,nan,nan,nan,nan,nan,nan,nan,nan,nan,nan,"Designar o servidor PEDRO MAURICIO CABRAL TEIXEIRA, matricula no 93.087-3, como
EXECUTOR do Contrato no 005/2002-ST, firmado entre o Distrito Federal, por intermedio da Secre-
taria de Transportes, e a firma Empresa Brasileira de Telecomunicacoes S/A - EMBRATEL., no que se
refere a parte do seu objeto a prestacao servicos de chamadas de longa distancia, nacionais inter-
regionais e internacionais, destinada ao Gabinete da Secretaria de Transportes, qual seja, as linhas de nos 225-0284, 225-0528, 226-9496, 322-4610, nos termos do Convite no 039/2002-CPL/SCL/SEFP"
36,Substituição de Funções, o servidor JORGE JUMITI MIURA,93.251-5,nan,nan,nan,nan,nan,nan,nan,nan,nan,nan,nan,nan,"Designar o servidor JORGE JUMITI MIURA, matricula no 93.251-5, como EXECUTOR do
Contrato no 005/2002-ST, firmado entre o Distrito Federal, por intermedio da Secretaria de Trans-
portes, e a firma Empresa Brasileira de Telecomunicacoes S/A - EMBRATEL., no que se refere a parte
do seu objeto a prestacao servicos de chamadas de longa distancia, nacionais inter-regionais e inter-
nacionais, destinada a Assessoria Tecnico Administrativa/ST, qual seja, as linhas de nos 322-2813,
226-9546, nos termos do Convite no 039/2002-CPL/SCL/SEFP"
37,Substituição de Funções, o servidor LUMAR GOTTI,107.505-5,nan,nan,nan,nan,nan,nan,nan,nan,nan,nan,nan,nan,"Designar o servidor LUMAR GOTTI, matricula no 107.505-5, como EXECUTOR do Contrato
no 005/2002-ST, firmado entre o Distrito Federal, por intermedio da Secretaria de Transportes, e a
firma Empresa Brasileira de Telecomunicacoes S/A - EMBRATEL., no que se refere a parte do seu
objeto a prestacao servicos de chamadas de longa distancia, nacionais inter-regionais e internacio-
nais, destinada ao Departamento de Concessoes e Permissoes/ST, qual seja, as linhas de nos 361-7122,
361-0371, 361-0335, nos termos do Convite no 039/2002-CPL/SCL/SEFP"
38,Substituição de Funções, o servidor EDIVANDO JEORGEO OLIVEIRA NEVES,46.525-9,nan,nan,nan,nan,nan,nan,nan,nan,nan,nan,nan,nan,"Designar o servidor EDIVANDO JEORGEO OLIVEIRA NEVES, matricula no 46.525-9, como
EXECUTOR do Contrato no 005/2002-ST, firmado entre o Distrito Federal, por intermedio da
Secretaria de Transportes, e a firma Empresa Brasileira de Telecomunicacoes S/A - EMBRATEL., no
que se refere a parte do seu objeto a prestacao servicos de chamadas de longa distancia, nacionais
inter-regionais e internacionais, destinada a Assessoria de Comunicacao Social/ST, qual seja, as linhas
de nos 225-5487, 224-8311, 224-3258, nos termos do Convite no 039/2002-CPL/SCL/SEFP"
39,Substituição de Funções, o servidor ONOFRE LUIZ SCORSIN,107.505-5,nan,nan,nan,nan,nan,nan,nan,nan,nan,nan,nan,nan,"Designar o servidor ONOFRE LUIZ SCORSIN, matricula no 107.505-5, como EXECUTOR do
Contrato no 005/2002-ST, firmado entre o Distrito Federal, por intermedio da Secretaria de Trans-
portes, e a firma Empresa Brasileira de Telecomunicacoes S/A - EMBRATEL., no que se refere a parte
do seu objeto a prestacao servicos de chamadas de longa distancia, nacionais inter-regionais e inter-
nacionais, destinada a Estacao Rodoviaria de Brasilia/ST, qual seja, as linhas de nos 327-5038, 327-
4637, 327-5020, 327-4631, 327-4608, 327-4634, 327-4642, 327-6863, 327-6864, 327-6866,
328-2634, nos termos do Convite no 039/2002-CPL/SCL/SEFP"
40,Substituição de Funções, o servidor ANTONIO COSTA DE MORAIS,107.694-9,nan,nan,nan,nan,nan,nan,nan,nan,nan,nan,nan,nan,"Designar o servidor ANTONIO COSTA DE MORAIS, matricula no 107.694-9, como EXECU-
TOR do Contrato no 005/2002-ST, firmado entre o Distrito Federal, por intermedio da Secretaria de
Transportes, e a firma Empresa Brasileira de Telecomunicacoes S/A - EMBRATEL., no que se refere
a parte do seu objeto a prestacao servicos de chamadas de longa distancia, nacionais inter-regionais e
internacionais, destinada a Estacao Rodoferroviaria de Brasilia/ST, qual seja, as linhas de nos 363-
3347, 363-2283, 363-4045, 363-4044, 363-2281, 363-2280, 363-1021, 361-0555, nos termos do
Convite no 039/2002-CPL/SCL/SEFP"
41,Substituição de Funções, o servidor JOSE JAIR MARTINS MIRANDA,97.742-X,nan,nan,nan,nan,nan,nan,nan,nan,nan,nan,nan,nan,"Designar o servidor JOSE JAIR MARTINS MIRANDA, matricula no 97.742-X, como EXECU-
TOR do Contrato no 005/2002-ST, firmado entre o Distrito Federal, por intermedio da Secretaria de
Transportes, e a firma Empresa Brasileira de Telecomunicacoes S/A - EMBRATEL., no que se refere
a parte do seu objeto a prestacao servicos de chamadas de longa distancia, nacionais inter-regionais e
internacionais, destinada ao Terminal da Asa Sul /ST, qual seja, as linhas de nos 445- 2535, 445-2580,
nos termos do Convite no 039/2002-CPL/SCL/SEFP"
42,Substituição de Funções, o servidor RAIMUNDO LEITE DA SILVA,93.054-7,nan,nan,nan,nan,nan,nan,nan,nan,nan,nan,nan,nan,"Designar o servidor RAIMUNDO LEITE DA SILVA, matricula no 93.054-7, como EXECUTOR do
Contrato no 005/2002-ST, firmado entre o Distrito Federal, por intermedio da Secretaria de Transpor-
tes, e a firma Empresa Brasileira de Telecomunicacoes S/A - EMBRATEL., no que se refere a parte do
seu objeto a prestacao servicos de chamadas de longa distancia, nacionais inter-regionais e internacio-
nais, destinada a Divisao de Administracao Geral/ST, qual seja, as linhas de nos 322-2685, 322-7166, 322-
7316, 322-3069, 322-2941, 226-9489, nos termos do Convite no 039/2002-CPL/SCL/SEFP"
43,Substituição de Funções, a servidora SANDRA LUCIA FURLAN RIBEIRO,93.225-6,nan,nan,nan,nan,nan,nan,nan,nan,nan,nan,nan,nan,"Designar a servidora SANDRA LUCIA FURLAN RIBEIRO, matricula no 93.225-6, como EXE-
CUTOR do Contrato no 005/2002-ST, firmado entre o Distrito Federal, por intermedio da Secretaria
de Transportes, e a firma Empresa Brasileira de Telecomunicacoes S/A - EMBRATEL., no que se
refere a parte do seu objeto a prestacao servicos de chamadas de longa distancia, nacionais inter-
regionais e internacionais, destinada a Asssessoria de Coordenacao e Integracao Setorial/ST, qual seja,
as linhas de nos 322-8346, nos termos do Convite no 039/2002-CPL/SCL/SEFP"
44,Substituição de Funções, a servidora ELVIRA VIEIRA DOS SANTOS,21.359-4,nan,nan,nan,nan,nan,nan,nan,nan,nan,nan,nan,nan,"Designar a servidora ELVIRA VIEIRA DOS SANTOS, matricula no 21.359-4, como EXECUTOR
do Contrato no 005/2002-ST, firmado entre o Distrito Federal, por intermedio da Secretaria de
Transportes, e a firma Empresa Brasileira de Telecomunicacoes S/A - EMBRATEL., no que se refere
a parte do seu objeto a prestacao servicos de chamadas de longa distancia, nacionais inter-regionais e
internacionais, destinada ao Departamento do Sistema Viario/ST, qual seja, as linhas de nos 234-1659,
361-5507, nos termos do Convite no 039/2002-CPL/SCL/SEFP"
45,Substituição de Funções, a Agente de Policia IVANETE PEREIRA BRITO,47.459-2,o Agente de Policia LUIZ DO NASCIMENTO ARAUJO,25.943-8,"Chefe da Secao de
Delitos de Transito/30a DP/DPC/PCDF",DFG-08,nan,nan,nan,nan,nan,nan,nan,nan,"Designar a Agente de Policia IVANETE PEREIRA BRITO, matricula no 47.459-2, para substituir
o Agente de Policia LUIZ DO NASCIMENTO ARAUJO, matricula no 25.943-8, Chefe da Secao de
Delitos de Transito/30a DP/DPC/PCDF, Simbolo DFG-08, por motivo de ferias regulamentares, no
periodo de 13.02 a 14.03.2002"
46,Substituição de Funções, a Perita Papiloscopista LILIAN KATIA PEREIRA,37.896-8,o Perito Papiloscopista ROBSON CARDOSO DOS SANTOS,37.282-X,Chefe do Posto de Identificacao no 02/DI/II/DPT/PCDF,DFG-08,nan,,nan,"15.06.2000, e o constante do processo no 052.000.732/2002, resolve:
CONCEDER o pagamento do Adicional de Insalubridade - GRAU MEDIO, a partir de 01/04/2002, ao
servidor ALEXANDRE FRANCA RICCIARDI, Perito Medico-Legista, matricula no 37.898-4, lota-
do na Divisao de Assistencia a Saude/DAG",nan,nan,nan,nan,"Designar a Perita Papiloscopista LILIAN KATIA PEREIRA, matricula no 37.896-8, para substi-
tuir o Perito Papiloscopista AILTON FRANCISCO FEREIRA, matricula no 37.282-X, Chefe da
Secao de Atendimentos Externos-Identidade Solidaria/DI/II/DPT/PCDF, Simbolo DFG-08, por moti-
vo de ferias regulamentares, no periodo de 02.05 a 16.05.2002
4  Designar o Perito Papiloscopista JAIRO DE AZEVEDO MATOS FILHO, matricula no 21.116-8,
para substituir o Perito Papiloscopista ROBSON CARDOSO DOS SANTOS, matricula no 23.775-2,
Chefe do Posto de Identificacao no 02/DI/II/DPT/PCDF, Simbolo DFG-08, por motivo de Licenca
Medica, no periodo de 19.05 a 31.05.2002
5  Designar o Delegado de Policia RARIO TEMPORIM DE LACERDA, matricula no 25.481-9, para
substituir o Delegado de Policia SERGIO FERNANDO GOMES ROLO, matricula no 25.558-0, Dele-
gado-Chefe da Delegacia da Crianca e do Adolescente, DPE/PCDF, Simbolo DFG-14, por motivo de
ferias regulamentares, no periodo de 26.06 a 05.07.2002
6  Designar o Agente de Policia LUCIANO DE ARAUJO DALCOL, matricula no 57.699-9, para
substituir o Agente de Policia WESLEY LUSTOSA TELES, matricula no 47.318-9, Chefe da Secao de
Apoio Administrativo/20a DP/DPC/PCDF, Simbolo DFG-08, por motivo de ferias regulamentares,
no periodo de 11.06 a 25.06.2002
7  Designar o Escrivao de Policia HERIVELTO RIBEIRO DOS SANTOS, matricula no 46.797-9,
para substituir a Escriva de Policia ELENA JOSE DOS SANTOS MAGALHAES, matricula no 21.605-
4, Chefe do Cartorio/20a DP/DPC/PCDF, Simbolo DFG-08, por motivo de ferias regulamentares, no
periodo de 11.06 a 20.06.2002
8  Designar a Agente de Policia MARCIA HELENA DA SILVA AMORIM, matricula no 57.956-4,
para substituir a Agente de Policia DEBORA MONTEIRO RAW, matricula no 57.159-8, Chefe da
Secao de Administracao/DEAM/DPE/PCDF, Simbolo DFG-08, por motivo de ferias regulamentares,
no periodo de 25.06 a 09.07.2002
9  Designar o Delegado de Policia GILBERTO ALVES MARANHAO BEZERRA, matricula no
57.433-3, para substituir o Delegado de Policia VALDEMAR GOMES RIBEIRO, matricula no 23.664-
0, Delegado-Chefe/10a DP/DPC/PCDF, Simbolo DFG-14, por motivo de licenca premio por assidui-
dade, no periodo de 27.05 a 22.11.2002
10  Designar o Escrivao de Policia PAULO SERGIO MELO PASSOS, matricula no 23.037-5, para
substituir o Escrivao de Policia LUIZ CLAUDIO PINHEIRO ARAUJO, matricula no 35.160-1, Chefe
do Cartorio/CGP/PCDF, Simbolo DFG-08, por motivo de ferias regulamentares, no periodo de 11.06
a 20.06.2002
11  Designar o Delegado de Policia APARICIO XAVIER MARTINS FONTES, matricula no 32.230-
X, para substituir a Delegada de Policia SELMA MARIA FROTA CARMONA, matricula no 28.636-
2, Delegada-Chefe/DPCA/DPE/PCDF, Simbolo DFG-14, por motivo de ferias regulamentares, no
periodo de 10.05 a 19.05.2002
12  Designar o Agente de Policia PEDRO MOACYR FRAGA MAIA FILHO, matricula no 57.875-
4, para substituir o Agente de Policia VANDER RODRIGUES DE SOUZA, matricula no 47.355-3,
Chefe da Secao de Informatica, Planejamento e Estatistica/DPCI/DPE/PCDF, Simbolo DFG-08, por
motivo de licenca premio por assiduidade, no periodo de 03.06 a 02.07.2002
13  Designar o Agente de Policia JOAQUIM FERREIRA DA PONTE, matricula no 47.431-2, para
substituir o Agente de policia JOSELITO PEREIRA DE AMORIM, matricula no 27.833-5, Chefe da
Secao de Investigacoes Criminais/13a DP/DPC/PCDF, Simbolo DFG-08, por motivo de ferias regula-
mentares, no periodo de 11.06 a 20.06.2002
14  Designar o Agente de Policia AILTON ALVES DE SOUSA, matricula no 37.425-3, para substituir
o Agente de Policia MARCO ANTONIO VENTURA RODRIGUES, matricula no 58.328-6Chefe da
Secao de Repressao a Toxicos e Entorpecentes/13a DP/DPC/PCDF, Simbolo DFG-08, por motivo de
ferias regulamentares, no periodo de 11.06 A 25.06.2002
15  Designar o Agente de Policia EUSTAQUIO ALBERI DE CARVALHO, matricula no 23.390-0,
para substitui o Agente de Policia LUIZ DO NASCIMENTO ARAUJO, matricula no 25.943-8, Chefe
da Secao de Delitos de Transito/30a DP/DPC/PCDF, Simbolo DFG-08, por motivo de ferias regula-
mentares, no periodo de 11.06 a 10.07.2002
16  Designar o Agente de Policia ALFREDO NASSER LAMAR ASSIS, matricula no 58.357-X, para
substituir o Agente de Policia JEFERSON FERNANDES DOS SANTOS, matricula no 57.038-9, Chefe
da Secao de Suporte Tecnico e Manutencao/ DINF/DAG/PCDF, Simbolo DFG-08, por motivo de
ferias regulamentares, no periodo de 07.07 a 21.07.2002
17  Designar o Agente de Policia LEUTON RODRIGUES DA SILVA, matricula no25.450-9, para
substituir o Agente Penitenciario FRANCISCO MENEZES DE SOUZA, matricula no 20.806-X,
Diretor da Divisao de Apoio e Servicos Gerais/DAG/PCDF, Simbolo DFG -13, por motivo de ferias
regulamentares, no periodo de 11.06 a 10.07.2002
O CHEFE DE POLICIA CIVIL DO DISTRITO FEDERAL, tendo em vista o contido no artigo 1o do
Decreto no 21.816, de 12.12.2000, e no uso da delegacao de competencia que lhe foi conferida pelo
artigo 7o, inciso VI, da mesma norma legal, resolve:
1  Designar a Agente de Policia IVANETE PEREIRA BRITO, matricula no 47.459-2, para substituir
o Agente de Policia LUIZ DO NASCIMENTO ARAUJO, matricula no 25.943-8, Chefe da Secao de
Delitos de Transito/30a DP/DPC/PCDF, Simbolo DFG-08, por motivo de ferias regulamentares, no
periodo de 13.02 a 14.03.2002
2  Tornar sem efeito o item 2 da Ordem de Servico de 03.06.2002, publicada no DODF no
107, de 07.06.2002, que designou a Perita Papiloscopista IVANILDES APARECIDA DOS
SANTOS, matricula no 48.058-4, para substituir o Perito Papiloscopista AILTON FRANCIS-
CO FEREIRA, matricula no 37.282-X, Chefe da Secao de Atendimentos Externos-Identidade
Solidaria/DI/II/DPT/PCDF, Simbolo DFG-08, por motivo de ferias regulamentares, no periodo
de 02.05 a 16.05.2002
3  Designar a Perita Papiloscopista LILIAN KATIA PEREIRA, matricula no 37.896-8, para substi-
tuir o Perito Papiloscopista AILTON FRANCISCO FEREIRA, matricula no 37.282-X, Chefe da
Secao de Atendimentos Externos-Identidade Solidaria/DI/II/DPT/PCDF, Simbolo DFG-08, por moti-
vo de ferias regulamentares, no periodo de 02.05 a 16.05.2002
4  Designar o Perito Papiloscopista JAIRO DE AZEVEDO MATOS FILHO, matricula no 21.116-8,
para substituir o Perito Papiloscopista ROBSON CARDOSO DOS SANTOS, matricula no 23.775-2, Chefe do Posto de Identificacao no 02/DI/II/DPT/PCDF, Simbolo DFG-08, por motivo de Licenca
Medica, no periodo de 19.05 a 31.05.2002
5  Designar o Delegado de Policia RARIO TEMPORIM DE LACERDA, matricula no 25.481-9, para
substituir o Delegado de Policia SERGIO FERNANDO GOMES ROLO, matricula no 25.558-0, Dele-
gado-Chefe da Delegacia da Crianca e do Adolescente, DPE/PCDF, Simbolo DFG-14, por motivo de
ferias regulamentares, no periodo de 26.06 a 05.07.2002
6  Designar o Agente de Policia LUCIANO DE ARAUJO DALCOL, matricula no 57.699-9, para
substituir o Agente de Policia WESLEY LUSTOSA TELES, matricula no 47.318-9, Chefe da Secao de
Apoio Administrativo/20a DP/DPC/PCDF, Simbolo DFG-08, por motivo de ferias regulamentares,
no periodo de 11.06 a 25.06.2002
7  Designar o Escrivao de Policia HERIVELTO RIBEIRO DOS SANTOS, matricula no 46.797-9,
para substituir a Escriva de Policia ELENA JOSE DOS SANTOS MAGALHAES, matricula no 21.605-
4, Chefe do Cartorio/20a DP/DPC/PCDF, Simbolo DFG-08, por motivo de ferias regulamentares, no
periodo de 11.06 a 20.06.2002
8  Designar a Agente de Policia MARCIA HELENA DA SILVA AMORIM, matricula no 57.956-4,
para substituir a Agente de Policia DEBORA MONTEIRO RAW, matricula no 57.159-8, Chefe da
Secao de Administracao/DEAM/DPE/PCDF, Simbolo DFG-08, por motivo de ferias regulamentares,
no periodo de 25.06 a 09.07.2002
9  Designar o Delegado de Policia GILBERTO ALVES MARANHAO BEZERRA, matricula no
57.433-3, para substituir o Delegado de Policia VALDEMAR GOMES RIBEIRO, matricula no 23.664-
0, Delegado-Chefe/10a DP/DPC/PCDF, Simbolo DFG-14, por motivo de licenca premio por assidui-
dade, no periodo de 27.05 a 22.11.2002
10  Designar o Escrivao de Policia PAULO SERGIO MELO PASSOS, matricula no 23.037-5, para
substituir o Escrivao de Policia LUIZ CLAUDIO PINHEIRO ARAUJO, matricula no 35.160-1, Chefe
do Cartorio/CGP/PCDF, Simbolo DFG-08, por motivo de ferias regulamentares, no periodo de 11.06
a 20.06.2002
11  Designar o Delegado de Policia APARICIO XAVIER MARTINS FONTES, matricula no 32.230-
X, para substituir a Delegada de Policia SELMA MARIA FROTA CARMONA, matricula no 28.636-
2, Delegada-Chefe/DPCA/DPE/PCDF, Simbolo DFG-14, por motivo de ferias regulamentares, no
periodo de 10.05 a 19.05.2002
12  Designar o Agente de Policia PEDRO MOACYR FRAGA MAIA FILHO, matricula no 57.875-
4, para substituir o Agente de Policia VANDER RODRIGUES DE SOUZA, matricula no 47.355-3,
Chefe da Secao de Informatica, Planejamento e Estatistica/DPCI/DPE/PCDF, Simbolo DFG-08, por
motivo de licenca premio por assiduidade, no periodo de 03.06 a 02.07.2002
13  Designar o Agente de Policia JOAQUIM FERREIRA DA PONTE, matricula no 47.431-2, para
substituir o Agente de policia JOSELITO PEREIRA DE AMORIM, matricula no 27.833-5, Chefe da
Secao de Investigacoes Criminais/13a DP/DPC/PCDF, Simbolo DFG-08, por motivo de ferias regula-
mentares, no periodo de 11.06 a 20.06.2002
14  Designar o Agente de Policia AILTON ALVES DE SOUSA, matricula no 37.425-3, para substituir
o Agente de Policia MARCO ANTONIO VENTURA RODRIGUES, matricula no 58.328-6Chefe da
Secao de Repressao a Toxicos e Entorpecentes/13a DP/DPC/PCDF, Simbolo DFG-08, por motivo de
ferias regulamentares, no periodo de 11.06 A 25.06.2002
15  Designar o Agente de Policia EUSTAQUIO ALBERI DE CARVALHO, matricula no 23.390-0,
para substitui o Agente de Policia LUIZ DO NASCIMENTO ARAUJO, matricula no 25.943-8, Chefe
da Secao de Delitos de Transito/30a DP/DPC/PCDF, Simbolo DFG-08, por motivo de ferias regula-
mentares, no periodo de 11.06 a 10.07.2002
16  Designar o Agente de Policia ALFREDO NASSER LAMAR ASSIS, matricula no 58.357-X, para
substituir o Agente de Policia JEFERSON FERNANDES DOS SANTOS, matricula no 57.038-9, Chefe
da Secao de Suporte Tecnico e Manutencao/ DINF/DAG/PCDF, Simbolo DFG-08, por motivo de
ferias regulamentares, no periodo de 07.07 a 21.07.2002
17  Designar o Agente de Policia LEUTON RODRIGUES DA SILVA, matricula no25.450-9, para
substituir o Agente Penitenciario FRANCISCO MENEZES DE SOUZA, matricula no 20.806-X,
Diretor da Divisao de Apoio e Servicos Gerais/DAG/PCDF, Simbolo DFG -13, por motivo de ferias
regulamentares, no periodo de 11.06 a 10.07.2002
LAERTE RODRIGUES DE BESSA DEPARTAMENTO DE ADMINISTRACAO GERAL
DIVISAO DE RECURSOS HUMANOS ORDEM DE SERVICO DE 19 DE JUNHO DE 2002
O DIRETOR DA DIVISAO DE RECURSOS HUMANOS, DO DEPARTAMENTO DE ADMINIS-
TRACAO GERAL DA POLICIA CIVIL DO DISTRITO FEDERAL, no uso da delegacao de compe-
tencia que lhe foi conferida pela Portaria no 160, de 08 de junho de 2000, publicada no DODF no 114,
de 15.06.2000, e o constante do processo no 052.000.732/2002, resolve:
CONCEDER o pagamento do Adicional de Insalubridade - GRAU MEDIO, a partir de 01/04/2002, ao
servidor ALEXANDRE FRANCA RICCIARDI, Perito Medico-Legista, matricula no 37.898-4, lota-
do na Divisao de Assistencia a Saude/DAG"
47,Substituição de Funções, DANIEL DO NASCIMENTO DOURADO,1650285-6,nan,38.980-3,nan,nan,nan,nan,nan,nan,nan,nan,nan,nan,"Designar DANIEL DO NASCIMENTO DOURADO, matricula no 1650285-6, Tecnico de Atividades
Culturais, 2a Classe, Padrao IV, lotado na Secretaria de Estado de Cultura, como Defensor Dativo do
servidor WILLIAN CLAUDIO PEREIRA DOS SANTOS, matricula no 38.980-3, Tecnico de Atividades
Culturais, 3a Classe, Padrao V, de acordo com o artigo 164,  2o da Lei no 8.112, de 11 de dezembro de
1990, para no prazo de 10 (dez) dias, apresentar defesa por escrito do referido servidor"
48,Substituição de Funções, nos termos do Artigo,109.729-6,RENATA HEGNER DE SOUSA E SILVA,98.466-3,"Secretaria Executiva do Conselho
do Meio Ambiente do Distrito Federal",DFA-02,nan,,nan,nan,nan,nan,nan,nan,"Designar nos termos do Artigo 4o do Decreto 21.816 de 12.12.2000, a servidora DEYSE BEZERRA
DE OLIVEIRA, matricula no 109.729-6, Encarregada da Gerencia de Acompanhamento e Avaliacao,
Simbolo DFA-02, da Diretoria de Planejamento, Programacao e Acompanhamento, para substituir
RENATA HEGNER DE SOUSA E SILVA, matricula no 98.466-3, Secretaria Executiva do Conselho
do Meio Ambiente do Distrito Federal, Simbolo DFA-10, da Secretaria de Meio Ambiente e Recursos
Hidricos do Distrito Federal, no periodo de 16 a 30 de julho de 2002, por motivo de ferias regulamen-
tares da titular"
49,Substituição de Funções, nos termos do Decreto,24.654-9,TANIA PEREIRA ALVES MONTEIRO,32.936-3,"Gerente
Administrativa",DFG-09,nan,,nan,nan,nan,nan,nan,nan,"Designar nos termos do Decreto 21.816 de 12.12.2000, a servidora MARIA LUCIA DA SILVA,
matricula no 24.654-9, Chefe do Nucleo de Suporte e Manutencao, Simbolo DFG-09, da Gerencia de
Informatica, para substituir TANIA PEREIRA ALVES MONTEIRO, matricula no 32.936-3, Gerente
Administrativa, Simbolo DFG-11, da Diretoria de Apoio Operacional da Secretaria de Meio Ambiente
de Recursos Hidricos do Distrito Federal, no periodo de 07.06.2002 a 16.06.2002, por motivo de
afastamento para tratamento de saude da titular"
50,Substituição de Funções, nos termos do Decreto,31.743-8,nan,38.027-X,nan,DFG-09,nan,nan,nan,nan,nan,nan,nan,nan,"Designar nos termos do Decreto 21.816 de 12.12.2000, a servidora ELIZABETE MOURA DE
CARVALHO, matricula no 31.743-8, Tecnico de Administracao Publica, para substituir, IZABEL
LAURINDA DA SILVA, matricula no 38.027-X, Chefe do Nucleo de Material e Patrimonio, Simbolo
DFG-09, da Gerencia Administrativa, da Diretoria de Apoio Operacional, da Secretaria de Meio
Ambiente e Recursos Hidricos, no periodo de 15.07.2002 a 03.08.2002, por motivo de ferias
regulamentares da titular"
51,Substituição de Funções, os servidores Ubirajara Gusmao Sobrinho,98.853-2,nan,98.965-7 e Fabio Rodrigues de Araujo,nan,nan,nan,nan,nan,nan,nan,nan,nan,nan,"Designar os servidores Ubirajara Gusmao Sobrinho, matricula no 98.853-2, Del Prete Cosen-
tino Rocha Junior, matricula no 98.965-7 e Fabio Rodrigues de Araujo, matricula no 98.887-1, para
constituirem Comissao destinada a proceder inventario dos bens, conforme processo no 260.024.128/
2002 sob a presidencia do primeiro e secretariado pelo ultimo"
52,Substituição de Funções, a servidora RAILENE RIBEIRO DA LUZ,110.127-7,nan,nan,nan,nan,nan,nan,nan,nan,nan,nan,nan,nan,"Designar a servidora RAILENE RIBEIRO DA LUZ, matricula no 110.127-7, executora
tecnica do Contrato de Locacao de Imovel no 009/2002, que tem por objeto a locacao do imovel da
Agencia Publica de Emprego e Cidadania  APEC/Gama, firmado entre o Distrito Federal/Secretaria
de Trabalho e Direitos Humanos e a Empresa FERNANDES Empreendimentos Imobiliarios e Repre-
sentacoes Ltda, Processo no 170.000.092/2002
Art"
53,Substituição de Funções, como suplente a servidora EDIMAR MARQUES DE OLIVEIRA,46.269-1,a executora tecnica nos seus impedimentos legais,nan,nan,nan,nan,nan,nan,nan,nan,nan,nan,nan,"Designar como suplente a servidora EDIMAR MARQUES DE OLIVEIRA, matricula no
46.269-1, para substituir a executora tecnica nos seus impedimentos legais"
54,Substituição de Funções, a servidora CLORIS AUTA COSTA CUNHA,96.528-6,VAONE ALVES DA SILVA,93.100-4,Simbolo DFG-09,DFA-06,nan,,nan,nan,nan,nan,nan,nan,"Designar a servidora CLORIS AUTA COSTA CUNHA, matricula no 96.528-6, Assistente, Simbolo
DFA-06, para substituir VAONE ALVES DA SILVA, matricula no 93.100-4, Simbolo DFG-09, Chefe
da Agencia Publica de Emprego e Cidadania/APEC, da Gerencia Atendimento ao Trabalhador, da
Diretoria de Atendimento ao Trabalhador e ao Empregador, da Subsecretaria de Emprego, da Secre-
taria de Trabalho e Direitos Humanos, no periodo de 17 de junho a 06 de julho de 2002, por motivo
de ferias regulamentares da titular"
55,Substituição de Funções, o Diretor Regional de Cultura,nan,nan,nan,nan,DFG-12,nan,nan,nan,nan,nan,nan,nan,nan,"DESIGNAR o Diretor Regional de Cultura, simbolo DFG-12 como executor do contrato firmado com
Total Entretenimentos LTDA ME referente locacao de equipamento de som e iluminacao, instalacao
de palco, stand VIP e contratacao de Bandas locais para Shows, em comemoracao o 9o Aniversario da cidade de Sao Sebastiao conforme Notas de Empenho no 145 e 146/2002 Cabera ao executor a
observancia do artigo 13, inciso II, paragrafo 3o, inciso I a VII, do Decreto no 16.098, de novembro
de 1994, que aprova as Normas de Execucao Orcamentaria, Financeira e Contabil do Distrito Federal"
56,Substituição de Funções, LYRIAN MAURA SOARES VELOSO,30.885-4,ESDRAS ALVES ROCHA QUEIROZ,19.045-4,nan,CNE-,nan,nan,nan,nan,nan,nan,nan,nan,"Designar LYRIAN MAURA SOARES VELOSO, Gerente de Calculos, matricula no 30.885-4,
para substituir ESDRAS ALVES ROCHA QUEIROZ, Diretor, matricula no 19.045-4, Simbolo CNE-
06, do Centro de Apoio Tecnico, da Procuradoria-Geral do Distrito Federal, no periodo de 15.07.2002
a 03.08.2002, por motivo de ferias do titular"
57,Substituição de Funções, MARIA DO ROSARIO DAMASCENO ANDRADE,36.673-0,LYRIAN MAURA SOARES VELOSO,30.885-4,nan,DFG-13,nan,nan,nan,nan,nan,nan,nan,nan,"Designar MARIA DO ROSARIO DAMASCENO ANDRADE, Chefe do Servico de Apoio
Administrativo, matricula no 36.673-0, para substituir LYRIAN MAURA SOARES VELOSO, Geren-
te de Calculos, matricula no 30.885-4, Simbolo DFG-13, do Centro de Apoio Tecnico, da Procurado-
ria-Geral do Distrito Federal, no periodo de 15.07.2002 a 03.08.2002, por estar a titular substituindo
o Diretor do Centro de Apoio Tecnico, da Procuradoria-Geral do Distrito Federal"
58,Substituição de Funções, NICOLAU MUNDIM DA COSTA,34.304-8,MARIA DO ROSARIO DAMASCENO ANDRADE,36.673-0,nan,DFG-08,nan,nan,nan,nan,nan,nan,nan,nan,"Designar NICOLAU MUNDIM DA COSTA, Auxiliar de Apoio as Atividades Juridicas,
matricula no 34.304-8, para substituir MARIA DO ROSARIO DAMASCENO ANDRADE, Chefe do
Servico de Apoio Administrativo, matricula no 36.673-0, Simbolo DFG-08, do Centro de Apoio
Tecnico, da Procuradoria-Geral do Distrito Federal, no periodo de 15.07.2002 a 03.08.2002, por
estar a titular substituindo a Gerente de Calculos do Centro de Apoio Tecnico, da Procuradoria-
Geral do Distrito Federal"
59,Substituição de Funções, ROSINEIDE RODRIGUES MUNIZ,39.776-8,CLAUDIA APARECIDA FERREIRA DOS SANTOS,nan,nan,DFG-13,nan,nan,nan,nan,nan,nan,nan,nan,"Designar ROSINEIDE RODRIGUES MUNIZ, Auxiliar de Apoio as Atividades Juridicas, matri-
cula no 41.616-9, para substituir CLAUDIA APARECIDA FERREIRA DOS SANTOS, Gerente de
Desenvolvimento e Capacitacao Profissional, matricula no 39.776-8, Simbolo DFG-13, do Centro de
Estudos, da Procuradoria-Geral do Distrito Federal, no periodo de 01.07.2002 a 15.07.2002, por
motivo de ferias da titular"
60,Substituição de Funções, DARCI LUIZ DOS SANTOS,43.302-0,ANA MARIA DE MOURA,31.040-9,nan,DFG-08,nan,nan,nan,nan,nan,nan,nan,nan,"Designar DARCI LUIZ DOS SANTOS, Assistente de Apoio as Atividades Juridicas, matricula
no 43.302-0, para substituir ANA MARIA DE MOURA, Chefe do Servico de Material, matricula no
31.040-9, Simbolo DFG-08, do Departamento de Administracao Geral, da Procuradoria-Geral do
Distrito Federal, no periodo de 01.07.2002 a 30.07.2002, por motivo de ferias da titular"
61,Substituição de Funções, MARISA DA SILVA DE SALES,39.014-3,MARIA DE FATIMA GOMES FER,22.978-4,nan,DFG-08,nan,nan,nan,nan,nan,nan,nan,nan,"Designar MARISA DA SILVA DE SALES, Auxiliar de Apoio as Atividades Juridicas, matricula
no 39.014-3, para substituir MARIA DE FATIMA GOMES FER, Chefe do Servico de Comunicacao
Administrativa e Arquivo Geral, matricula no 22.978-4, Simbolo DFG-08, do Departamento de
Administracao Geral, da Procuradoria-Geral do Distrito Federal, no periodo de 01.07.2002 a
30.07.2002, por motivo de ferias da titular"
