,Tipo do Ato,Nome do Servidor Substituto,Matrícula do Servidor Substituto,Nome do Servidor a ser Substituido,Matrícula do Servidor a ser SubstituidoCargo,Símbolo do cargo do servidor substituto,Cargo comissionado objeto da substituição,Símbolo do cargo do objeto da substituição,Símbolo do cargo comissionado objeto da substituição,Hierarquia da Lotação,Órgão,Data Inicial da Vigência,Data Final de Vigência,Matrícula SIAPE,Motivo,text
0,Substituição de Funções, a  servidora ADRIANA GONCALVES SILVA,90.178-4,"MARIA ELIZABETH OLIVEIRA
MARQUES",n.o 90.173-3,Gerente da Gerencia de Arquivo Permanente,nan,nan,nan,nan,nan,nan,nan,nan,nan,"Designar a  servidora ADRIANA GONCALVES SILVA, matricula no 90.178-4, Chefe do Nucleo de
Documentacao Nao Textual, Codigo DFG-11, para substituir MARIA ELIZABETH OLIVEIRA
MARQUES, matricula n.o 90.173-3, Gerente da Gerencia de Arquivo Permanente, Codigo DFG-12,
no periodo de 20/11 a 09/12/2001, por motivo de ferias regulamentares da titular"
1,Substituição de Funções, RODRIGO TORRES PONTES,44.154-6,MARCELO CADE,46.415-5,nan,DFG-14,nan,nan,nan,nan,nan,nan,nan,nan,"Designar RODRIGO TORRES PONTES, matricula no 44.154-6, para substituir MARCELO CADE-
TE DE ARAUJO LIMA, matricula no 46.415-5, Diretor, Simbolo DFG-14, da Diretoria Administra-
tivo-Financeira da Subsecretaria de Apoio Operacional da Secretaria de Fazenda e Planejamento do
Distrito Federal, no periodo de 3 a 22 de dezembro de 2001, por motivo de ferias regulamentares"
2,Substituição de Funções, ANTONIO FAUSTO DE MESQUITA,43.737-9,"CLAUDIA
GOMES PEREIRA",43.292-X,Encarregado,DFG-01,nan,nan,nan,nan,nan,nan,nan,nan,"Designar ANTONIO FAUSTO DE MESQUITA, matricula no 43.737-9, para substituir CLAUDIA
GOMES PEREIRA, matricula no 43.292-X, Encarregado, Simbolo DFG-01, da Subsecretaria de Apoio
Operacional da Secretaria de Fazenda e Planejamento do Distrito Federal, no periodo de 20 a 29 de
novembro de 2001, por motivo de ferias regulamentares"
3,Substituição de Funções, DEMERVAL PEREIRA SILVEIRA,30.204-X,"GERIVALDO
ALVES MAGALHAES",46.245-1,"Chefe da Agencia de Atendimento da Receita - Nucleo
Bandeirante",DFG-11,nan,nan,nan,nan,nan,nan,nan,nan,"Designar DEMERVAL PEREIRA SILVEIRA, matricula no 30.204-X, para substituir GERIVALDO
ALVES MAGALHAES, matricula no 46.245-1, Chefe da Agencia de Atendimento da Receita - Nucleo
Bandeirante, Simbolo DFG-11, da Gerencia de Atendimento ao Contribuinte da Subsecretaria da
Receita da Secretaria de Fazenda e Planejamento do Distrito Federal, no periodo de 10 a 29 de
dezembro de 2001, por motivo de ferias regulamentares"
4,Substituição de Funções, JOSE CORDEIRO ARAUJO,22.089-2,LAERTE DE OLIVEI,46.295-0,nan,DFG-07,nan,nan,nan,nan,nan,nan,nan,nan,"Designar JOSE CORDEIRO ARAUJO, matricula no 22.089-2, para substituir LAERTE DE OLIVEI-
RA SANTOS, matricula no 46.295-0, Supervisor de Suporte, Simbolo DFG-07, da Agencia de Atendi-
mento da Receita  Taguatinga, da Gerencia de Atendimento ao Contribuinte da Subsecretaria da
Receita da Secretaria de Fazenda e Planejamento do Distrito Federal, no periodo de 19 de novembro
a 8 de dezembro de 2001, por motivo de ferias regulamentares"
5,Substituição de Funções, os servidores abaixo relacionados para,nan,nan,nan,nan,nan,nan,nan,nan,nan,nan,nan,nan,nan,"Designar os servidores abaixo relacionados para, sob a coordenacao do primeiro, comporem
a Comissao Central de Lavanderias e Rouparias da Secretaria de Estado de Saude do Distrito Federal"
6,Substituição de Funções, KAZUMI KURODA SETTE SILVA,nan,nan,nan,nan,nan,nan,nan,nan,nan,nan,nan,nan,nan,"Designar KAZUMI KURODA SETTE SILVA, EXECUTORA do Contrato no 078/2001-SES/DF,
celebrado entre o Distrito Federal, por intermedio da Secretaria de Estado de Saude e a firma COILM
ENGENHARIA LTDA., em 06.11.2001"
7,Substituição de Funções, o servidor Fabio Siqueira,132.722-4,"a Gerente de Assistencia Farmaceutica da Diretoria de
Promocao e Assistencia a Saude da Subsecretaria de Atencao a Saude da Secretaria de Estado de Saude
do Distrito Federal",nan,nan,DFG-11,nan,nan,nan,nan,nan,nan,nan,nan,"Designar o servidor Fabio Siqueira, Assistente Superior de Saude (Farmaceutico Bioquimico  Farma-
cia), Matricula no 132.722-4, para substituir a Gerente de Assistencia Farmaceutica da Diretoria de
Promocao e Assistencia a Saude da Subsecretaria de Atencao a Saude da Secretaria de Estado de Saude
do Distrito Federal, Simbolo DFG-11, no periodo de 31 de dezembro de 2001 a 19 de janeiro de 2002,
por motivo de Ferias"
8,Substituição de Funções, a servidora Conceicao de Maria de Sousa Abdalla,nan,"a Subsecretaria de Atencao a Saude da Secretaria de Estado de Saude
do Distrito Federal",nan,nan,CNE-05,nan,nan,nan,nan,nan,nan,nan,nan,"Designar a servidora Conceicao de Maria de Sousa Abdalla, Carreira Medica (Clinica Medica), Matri-
cula no 118.026-6, para substituir a Subsecretaria de Atencao a Saude da Secretaria de Estado de Saude
do Distrito Federal, Simbolo CNE-05, em seus afastamentos ou impedimentos legais"
9,Substituição de Funções, a servidora Aline Pozzi Zoch,131.093-3,"a Gerente de Nutricao Diretoria de Promocao e Assistencia a Saude da
Subsecretaria de Atencao a Saude da Saude da Secretaria de Estado de Saude do Distrito Federal",nan,nan,DFG-11,nan,nan,nan,nan,nan,nan,nan,nan,"Designar a servidora Aline Pozzi Zoch, Assistente Superior de Saude (Nutricionista), Matricula no
131.093-3, para substituir a Gerente de Nutricao Diretoria de Promocao e Assistencia a Saude da
Subsecretaria de Atencao a Saude da Saude da Secretaria de Estado de Saude do Distrito Federal,
Simbolo DFG-11, no periodo de 21 a 30 de janeiro e de 04 a 23 de marco de 2002"
10,Substituição de Funções, os servidores ANA MARIA GOMES,101.935-X,nan,103.114-7 e JOSE MARIANO CUNHA VIEGAS,nan,nan,nan,nan,nan,nan,nan,nan,nan,nan,"DESIGNAR os servidores ANA MARIA GOMES, matricula no 101.935-X, MONICA PATRI-
CIA AZOLINO, matricula no 103.114-7 e JOSE MARIANO CUNHA VIEGAS, matricula no 101.717-
9, para sob a presidencia do primeiro, comporem Comissao de Inquerito Administrativo Disciplinar
com vistas a apurar os fatos constantes do processo acima referenciado que notifica infracao discipli-
nar praticada pelos servidores EDNALDO MARTINS DE SOUZA, matricula no 102.861-8, por
violacao ao disposto nos incisos IX e XII, do artigo 117, e RAQUEL COLACO SALES, matricula no
103.659-9, por violacao ao disposto nos incisos I e III, do artigo 116, da Lei no 8.112/90"
11,Substituição de Funções, os servidores ANA MARIA GOMES,101.935-X,nan,103.114-7 e JOSE MARIANO CUNHA VIEGAS,nan,nan,nan,nan,nan,nan,nan,nan,nan,nan,"DESIGNAR os servidores ANA MARIA GOMES, matricula no 101.935-X, MONICA PATRI-
CIA AZOLINO, matricula no 103.114-7 e JOSE MARIANO CUNHA VIEGAS, matricula no 101.717-
9, para sob a presidencia do primeiro, comporem Comissao de Inquerito Administrativo Disciplinar
com vistas a apurar os fatos constantes do processo acima referenciado que notifica infracao discipli-
nar praticada pelos servidores DOGMAR BRAS, matricula no 102.172-9, por violacao ao disposto
nos incisos I e II, do artigo 116, WILSON FERREIRA DA SILVA, matricula no 103.222-4 e CON-
STANTINO DE CASTRO SERRANO, matricula no 102.374-8, por violacao ao disposto nos incisos
I , II e XI, do artigo 116, da Lei no 8.112/90"
12,Substituição de Funções, o Agente de Policia GERALDO MACHADO GUIMARAES,19.788-2,nan,nan,nan,DFG-02,nan,nan,nan,nan,nan,nan,nan,nan,"Designar o Agente de Policia GERALDO MACHADO GUIMARAES, matricula no 19.788-2, para
exercer o Cargo em Comissao, Simbolo DFG-02, de Chefe da Secao de Vigilancia/ 16a DP/CPC/PCDF,
a partir de 05.11.2001"
13,Substituição de Funções, o Agente de Policia SILVANO DE JESUS MOURA,31.482-X,nan,nan,nan,DFG-02,nan,nan,nan,nan,nan,nan,nan,nan,"Designar o Agente de Policia SILVANO DE JESUS MOURA, matricula no 31.482-X, para exercer
o Cargo em Comissao, Simbolo DFG-02, de Chefe da Secao de Furtos ao Comercio/DRF/CPE/PCDF,
a partir de 05.11.2001"
14,Substituição de Funções, a Delegada de Policia DEUSELITA PEREIRA MARTINS,27.180-2,nan,nan,nan,DFA-05,nan,nan,nan,nan,nan,nan,nan,nan,"Designar a Delegada de Policia DEUSELITA PEREIRA MARTINS, matricula no 27.180-2, para
exercer o Cargo em Comissao, Simbolo DFA-05, de Assistente da 16a DP/CPC/PCDF, a partir de
01.11.2001"
15,Substituição de Funções, o Escrivao de Policia CARLOS FERNANDO MARTINS DURCO,57.058-,nan,nan,nan,DFG-02,nan,nan,nan,nan,nan,nan,nan,nan,"Designar o Escrivao de Policia CARLOS FERNANDO MARTINS DURCO, matricula no 57.058-
3, para exercer o Cargo em Comissao, Simbolo DFG-02, de Chefe do Cartorio/16a DP/CPC/PCDF, a
partir de 01.11.2001"
16,Substituição de Funções, o Delegado de Policia ALEXANDRE NICOLAU LINHARES,47.270-0,nan,nan,nan,DFA-05,nan,nan,nan,nan,nan,nan,nan,nan,"Designar o Delegado de Policia ALEXANDRE NICOLAU LINHARES, matricula no 47.270-0,
para exercer o Cargo em Comissao, Simbolo DFA-05, de Assistente da DEMA/CPE/PCDF, a partir de
25.10.2001"
17,Substituição de Funções, o Escrivao de Policia ALEXANDRE DE SOUZA JUNIOR,38.328-7,nan,nan,nan,DFG-02,nan,nan,nan,nan,nan,nan,nan,nan,"Designar o Escrivao de Policia ALEXANDRE DE SOUZA JUNIOR, matricula no 38.328-7, para
exercer o Cargo em Comissao, Simbolo DFG-02, de Chefe do Cartorio/DEMA/CPE/PCDF, a partir de
25.10.2001"
18,Substituição de Funções, o Agente de Policia LUIZ CLAUDIO NOGUEIRA DE SOUZA,35.329-9,nan,nan,nan,DFG-02,nan,nan,nan,nan,nan,nan,nan,nan,"Designar o Agente de Policia LUIZ CLAUDIO NOGUEIRA DE SOUZA, matricula no 35.329-9,
para exercer o Cargo em Comissao, Simbolo DFG-02, de Chefe da Secao de Investigacoes/DEMA/
CPE/PCDF, a partir de 25.10.2001"
19,Substituição de Funções, o Agente de Policia MAURO DA NATIVIDADE,24.082-6,nan,nan,nan,DFG-02,nan,nan,nan,nan,nan,nan,nan,nan,"Designar o Agente de Policia MAURO DA NATIVIDADE, matricula no 24.082-6, para exercer
o Cargo em Comissao, Simbolo DFG-02, de Chefe da Secao de Vigilancia/DEMA/CPE/PCDF, a partir
de 25.10.2001"
20,Substituição de Funções, o Agente de Policia WANDERLEY RIBEIRO,24.490-2,nan,nan,nan,DFG-02,nan,nan,nan,nan,nan,nan,nan,nan,"Designar o Agente de Policia WANDERLEY RIBEIRO, matricula no 24.490-2, para exercer o
Cargo em Comissao, Simbolo DFG-02, de Chefe da Secao de Apoio Administrativo/DEMA/CPE/
PCDF, a partir de 25.10.2001"
21,Substituição de Funções, o Agente de Policia OSMAN SOARES DA NOBREGA JUNIOR,35.503-,nan,nan,nan,DFG-02,nan,nan,nan,nan,nan,nan,nan,nan,"Designar o Agente de Policia OSMAN SOARES DA NOBREGA JUNIOR, matricula no 35.503-
8, para exercer o Cargo em Comissao, Simbolo DFG-02, de Chefe da Secao de Informatica/DEMA/
CPE/PCDF, a partir de 25.10.2001"
22,Substituição de Funções, o Delegado de Policia JORGE LUIZ XAVIER,57.656-5,nan,nan,nan,DFA-05,nan,nan,nan,nan,nan,nan,nan,nan,"Designar o Delegado de Policia JORGE LUIZ XAVIER, matricula no 57.656-5, para exercer o
Cargo em Comissao, Simbolo DFA-05, de Assistente da DRL/CPE/PCDF, a partir de 25.10.2001"
23,Substituição de Funções, o Escrivao de Policia ROBERTO CARLOS GOMES,no57.146-6,nan,nan,nan,DFG-02,nan,nan,nan,nan,nan,nan,nan,nan,"Designar o Escrivao de Policia ROBERTO CARLOS GOMES, matricula no57.146-6, para
exercer o Cargo em Comissao, Simbolo DFG-02, de Chefe do Cartorio/DRL/CPE/PCDF, a partir de
25.10.2001"
24,Substituição de Funções, o Agente de Policia IVANIO AMARAL OLIVEIRA,25.528-9,nan,nan,nan,DFG-02,nan,nan,nan,nan,nan,nan,nan,nan,"Designar o Agente de Policia IVANIO AMARAL OLIVEIRA, matricula no 25.528-9, para
exercer o Cargo em Comissao, Simbolo DFG-02, de Chefe da Secao de Investigacoes/ DRL/CPE/
PCDF, a partir de 25.10.2001"
25,Substituição de Funções, o Agente de Policia GILSON SIMOES RAMOS FILHO,24.315-9,nan,nan,nan,DFG-02,nan,nan,nan,nan,nan,nan,nan,nan,"Designar o Agente de Policia GILSON SIMOES RAMOS FILHO, matricula no 24.315-9, para
exercer o Cargo em Comissao, Simbolo DFG-02, de Chefe da Secao de Planejamento, Estatistica e
Informatica/DRL/CPE/PCDF, a partir de 25.10.2001"
26,Substituição de Funções, a Delegada de Policia NAICE LANDIM TEIXEIRENSE PINHEIRO,47.176-3,nan,nan,nan,DFA-05,nan,nan,nan,nan,nan,nan,nan,nan,"Designar a Delegada de Policia NAICE LANDIM TEIXEIRENSE PINHEIRO, matricula no
47.176-3, para exercer o Cargo em Comissao, Simbolo DFA-05, de Assistente/DECON/CPE/PCDF,
a partir de 25.10.2001"
27,Substituição de Funções, a Escriva de Policia MARIA  SUANI ALVES DA SILVA,39.450-5,nan,nan,nan,DFG-02,nan,nan,nan,nan,nan,nan,nan,nan,"Designar a Escriva de Policia MARIA  SUANI ALVES DA SILVA, matricula n 39.450-5, para
exercer o Cargo em Comissao, Simbolo DFG-02, de Chefe do Cartorio/DECON/CPE/PCDF, a partir
de 25.10.2001"
28,Substituição de Funções, o Agente de Policia FRANCISCO ALCIDES BORGES DE MACEDO,31.645-8,nan,nan,nan,DFG-02,nan,nan,nan,nan,nan,nan,nan,nan,"Designar o Agente de Policia FRANCISCO ALCIDES BORGES DE MACEDO, matricula no
31.645-8, para exercer o Cargo em Comissao, Simbolo DFG-02, de Chefe da Secao de Apoio Admi-
nistrativo/DECON/CPE/PCDF, a partir de 25.10.2001"
29,Substituição de Funções, o Agente de Policia LUIZ ALMADA BALBINO,47.409-6,nan,nan,nan,DFG-02,nan,nan,nan,nan,nan,nan,nan,nan,"Designar o Agente de Policia LUIZ ALMADA BALBINO, matricula no 47.409-6, para exercer
o Cargo em Comissao, Simbolo DFG-02 de Chefe da Secao de Informatica/DECON/CPE/PCDF, a
partir de 25.10.2001"
30,Substituição de Funções, o Agente de Policia WESLEY ARAUJO DA PONTE,27.592-1,nan,nan,nan,DFG-02,nan,nan,nan,nan,nan,nan,nan,nan,"Designar o Agente de Policia WESLEY ARAUJO DA PONTE, matricula no 27.592-1, para
exercer o Cargo em Comissao, Simbolo DFG-02, de Chefe da Secao de Investigacoes/DECON/CPE/
PCDF, a partir de 25.10.2001"
31,Substituição de Funções, o Agente de Policia ANTONIO CECILIO FEITOSA DOS SANTOS,34.161-4,nan,nan,nan,DFG-02,nan,nan,nan,nan,nan,nan,nan,nan,"Designar o Agente de Policia ANTONIO CECILIO FEITOSA DOS SANTOS, matricula no
34.161-4, para exercer o Cargo em Comissao, Simbolo DFG-02, de Chefe da Secao de Vigilancia e
Operacoes/DECON/CPE/PCDF, a partir de 25.10.2001"
32,Substituição de Funções, o Escrivao de Policia LICIVALDO TORRES ANTUNES,24.784-7,nan,nan,nan,DFG-08,nan,nan,nan,nan,nan,nan,nan,nan,"Designar o Escrivao de Policia LICIVALDO TORRES ANTUNES, matricula no 24.784-7, para
exercer o Cargo em Comissao, Simbolo DFG-08, de Chefe do Cartorio/DRPI/CPE/PCDF, a partir
de 25.10.2001"
33,Substituição de Funções, o Agente de Policia CARLOS TEIXEIRA DA SILVA NETO,34.216-5,nan,nan,nan,DFG-08,nan,nan,nan,nan,nan,nan,nan,nan,"Designar o Agente de Policia CARLOS TEIXEIRA DA SILVA NETO, matricula no 34.216-5,
para exercer o Cargo em Comissao, Simbolo DFG-08, de Chefe da Secao de Apoio Administrativo/
DRPI/CPE/PCDF, a partir de 25.10.2001"
34,Substituição de Funções, o Agente de Policia HELINTON VIEGAS ALVES,36.139-9,nan,nan,nan,DFG-08,nan,nan,nan,nan,nan,nan,nan,nan,"Designar o Agente de Policia HELINTON VIEGAS ALVES, matricula no 36.139-9, para exercer
o Cargo em Comissao, Simbolo DFG-08, de Chefe da Secao de Investigacoes/DRPI/CPE/PCDF, a
partir de 25.10.2001"
35,Substituição de Funções, o Agente de Policia GIDALTHI DE ALENCAR JUNIOR,47.905-5,nan,nan,nan,DFG-08,nan,nan,nan,nan,nan,nan,nan,nan,"Designar o Agente de Policia GIDALTHI DE ALENCAR JUNIOR, matricula no 47.905-5, para
exercer o Cargo em Comissao, Simbolo DFG-08, de Chefe da Secao de Planejamento, Estatistica e
Informatica/DRPI/CPE/PCDF, a partir de 25.10.2001"
36,Substituição de Funções, o Agente de Policia WILTON SILVA,31.658-X,nan,nan,nan,DFG-08,nan,nan,nan,nan,nan,nan,nan,nan,"Designar o Agente de Policia WILTON SILVA, matricula no 31.658-X, para exercer o Cargo em
Comissao, Simbolo DFG-08, de Chefe da Secao de Vigilancia/DRPI/CPE/PCDF, a partir de 25.10.2001"
37,Substituição de Funções, o Delegado de Policia ITAMAR DOMINGOS GUIMARAES,24.878-9,nan,nan,nan,DFA-05,nan,nan,nan,nan,nan,nan,nan,nan,"Designar o Delegado de Policia ITAMAR DOMINGOS GUIMARAES, matricula no 24.878-9,
para exercer o Cargo em Comissao, Simbolo DFA-05, de Assistente/DRFV/CPE/PCDF, a partir de
10.08.2001"
38,Substituição de Funções, o Agente de Policia JOSE RUBENS CABRA FILHO,34.128-2,nan,nan,nan,DFG-02,nan,nan,nan,nan,nan,nan,nan,nan,"Designar o Agente de Policia JOSE RUBENS CABRA FILHO, matricula no 34.128-2, para
exercer o Cargo em Comissao, Simbolo DFG-02, de Chefe da Secao de Acidentes de Veiculos/24a DP/
CPC/PCDF, a partir de 26.10.2001"
39,Substituição de Funções, o Perito Medico,25.302-2,a Perita Medico,37.888-7,nan,DFG-11,nan,nan,nan,nan,nan,nan,nan,nan,"Designar o Perito Medico-Legista RICARDO CORTES DE OLIVEIRA, matricula no 25.302-2,
para substituir a Perita Medico-Legista CRISTIANE ALVES COSTA, matricula no 37.888-7, Diretora
do Instituto de Medicina Legal/CPT/PCDF, simbolo DFG-11, por motivo de ferias regulamentares,
no periodo de 12.11"
40,Substituição de Funções, o Agente de Policia ROBERTO GAVIANO,34.244-0,"o
Agente de Policia MARCO ANTONIO DE SOUSA FERNANDES",57.961-0,"Chefe da
Secao de Manutencao de Equipamentos Eletronicos/DIMETEL/PCDF",DFG-02,nan,nan,nan,nan,nan,nan,nan,nan,"Designar o Agente de Policia ROBERTO GAVIANO, matricula no 34.244-0, para substituir o
Agente de Policia MARCO ANTONIO DE SOUSA FERNANDES, matricula no 57.961-0, Chefe da
Secao de Manutencao de Equipamentos Eletronicos/DIMETEL/PCDF, Simbolo DFG-02, por motivo
de licenca para tratamento de saude, no periodo de 12 a 19.11.2001"
41,Substituição de Funções, o Agente de Policia ROBERTO GAVIANO,34.244-0,"o
Agente de Policia MARCO ANTONIO DE SOUSA FERNANDES",57.961-0,"Chefe da
Secao de Manutencao de Equipamentos Eletronicos/DIMETEL/PCDF",DFG-02,nan,nan,nan,nan,nan,nan,nan,nan,"Designar o Agente de Policia ROBERTO GAVIANO, matricula no 34.244-0, para substituir o
Agente de Policia MARCO ANTONIO DE SOUSA FERNANDES, matricula no 57.961-0, Chefe da
Secao de Manutencao de Equipamentos Eletronicos/DIMETEL/PCDF, Simbolo DFG-02, por motivo
de ferias regulamentares, no periodo de 20 a 29.11.2001"
42,Substituição de Funções, a Agente de Policia MARLENE ESPINDOLA VIANA,57.825-8,a Agente Penitenciaria MARIA MIRANEIDE DO MONTE MARQUES,"19.691-
6",Chefe da Secao de Expediente e Intimacao/DAA/CPE/PCDF,DFG-02,nan,nan,nan,nan,nan,nan,nan,nan,"Designar a Agente de Policia MARLENE ESPINDOLA VIANA, matricula no 57.825-8, para
substituir a Agente Penitenciaria MARIA MIRANEIDE DO MONTE MARQUES, matricula no 19.691-
6, Chefe da Secao de Expediente e Intimacao/DAA/CPE/PCDF, Simbolo DFG-02, por motivo de
ferias regulamentares, no periodo de 19 a 28.11.2001"
43,Substituição de Funções, a Delegada de Policia ADRYANI DA SILVA GOMES,57.305-1,o Delegado de Policia ADAURI DA SILVA GOMES,26.490-3,"Delegado-Chefe
da 18a Delegacia de Policia/CPC/PCDF",DFG-11,nan,nan,nan,nan,nan,nan,nan,nan,"Designar a Delegada de Policia ADRYANI DA SILVA GOMES, matricula no 57.305-1, para
substituir o Delegado de Policia ADAURI DA SILVA GOMES, matricula no 26.490-3, Delegado-Chefe
da 18a Delegacia de Policia/CPC/PCDF, Simbolo DFG-11, por motivo de ferias regulamentares, no
periodo de 12 a 26.11.2001"
44,Substituição de Funções, o Agente de Policia EDMILSON RODRIGUES COELHO,57.783-9,nan,34.197-5,nan,DFG-02,nan,nan,nan,nan,nan,nan,nan,nan,"Designar o Agente de Policia EDMILSON RODRIGUES COELHO, matricula no 57.783-9, par
substituir o Agente de Policia JOSE MARIO DE ALMEIDA, matricula no 34.197-5, Chefe da Secao
de Investigacoes Criminais/27a DP/CPC/PCDF, Simbolo DFG-02, por motivo de ferias regulamenta-
res, no periodo de 12 a 21.11.2001"
45,Substituição de Funções, o Agente de Policia PEDRO MOACYR FRAGA MAIA FILHO,57.875-4,o Agente de Policia JULIO JOSE TEIXEIRA,34.150-9,"Chefe da Secao
de Informatica/27a DP/CPC/PCDF",DFG-02,nan,nan,nan,nan,nan,nan,nan,nan,"Designar o Agente de Policia PEDRO MOACYR FRAGA MAIA FILHO, matricula no 57.875-4,
para substituir o Agente de Policia JULIO JOSE TEIXEIRA, matricula no 34.150-9, Chefe da Secao
de Informatica/27a DP/CPC/PCDF, Simbolo DFG-02, por motivo de ferias regulamentares, no peri-
odo de 12 a 21.11.2001"
46,Substituição de Funções, o Escrivao de Policia JOSCELEM PEREIRA NUNES,46.972-6,o Escrivao de Policia FRANCISCO AURELIO DIAS PAES LEME,24.793-6,Chefe do Cartorio/DEAM/CPE/PCDF,DFG-02,nan,nan,nan,nan,nan,nan,nan,nan,"Designar o Escrivao de Policia JOSCELEM PEREIRA NUNES, matricula no 46.972-6, para
substituir o Escrivao de Policia FRANCISCO AURELIO DIAS PAES LEME, matricula no 24.793-6,
Chefe do Cartorio/DEAM/CPE/PCDF, Simbolo DFG-02, por motivo de licenca para tratamento de
saude, no periodo de 05 a 09.11.2001"
47,Substituição de Funções, o Agente de Policia TERESINO PINTO DE BARROS,57.565-8,o Agente de Policia LUZIMAR GOMES PEREIRA DA SILVA,31.447-1,"Chefe
da Secao de Informatica/6a DP/CPC/PCDF",DFG-02,nan,nan,nan,nan,nan,nan,nan,nan,"Designar o Agente de Policia TERESINO PINTO DE BARROS, matricula no 57.565-8, para
substituir o Agente de Policia LUZIMAR GOMES PEREIRA DA SILVA, matricula no 31.447-1, Chefe
da Secao de Informatica/6a DP/CPC/PCDF, Simbolo DFG-02 por motivo de  licenca premio por
assiduidade, no periodo de 01 a 30.11.2001"
48,Substituição de Funções, o Agente de Policia VICENTE DE PAULO VIEIRA,57.311-6,o Agente de Policia WELSON BATISTA DE SOUSA,31.388-2,"Chefe da Secao
de Apoio Administrativo/6a DP/CPC/PCDF",DFG-02,nan,nan,nan,nan,nan,nan,nan,nan,"Designar o Agente de Policia VICENTE DE PAULO VIEIRA, matricula no 57.311-6, para
substituir o Agente de Policia WELSON BATISTA DE SOUSA, matricula no 31.388-2, Chefe da Secao
de Apoio Administrativo/6a DP/CPC/PCDF, Simbolo DFG-02, por motivo de ferias regulamentares,
no periodo de 12 a 21.11.2001"
49,Substituição de Funções, o Delegado de Policia CARLOS LUIZ WOLFF DE PINA,57.597-6,a Delegada de Policia MARIA DE LOURDES DE ALENCAR COELHO,32.246-6,Chefe do Servico de Controle Permanente de Autos/CGP/PCDF,DFG-10,nan,nan,nan,nan,nan,nan,nan,nan,"Designar o Delegado de Policia CARLOS LUIZ WOLFF DE PINA, matricula no 57.597-6, para
substituir a Delegada de Policia MARIA DE LOURDES DE ALENCAR COELHO, matricula no
32.246-6, Chefe do Servico de Controle Permanente de Autos/CGP/PCDF, Simbolo DFG-10, por
motivo de licenca para tratamento de saude, no periodo de 07.11"
50,Substituição de Funções, o Agente de Policia ADAIR ALEXANDRE SILVA,35.341-8, a Agente de Policia IRIS HELENA ROSA,57.096-6,"Chefe da Biblioteca/DAE/
APC/PCDF",DFG-05,nan,nan,nan,nan,nan,nan,nan,nan,"Designar o Agente de Policia ADAIR ALEXANDRE SILVA, matricula no 35.341-8, para
substituir  a Agente de Policia IRIS HELENA ROSA, matricula no 57.096-6, Chefe da Biblioteca/DAE/
APC/PCDF, Simbolo DFG-05, por motivo de licenca premio por assiduidade, no periodo de 12.11"
51,Substituição de Funções, MARIA DAS GRACAS TEIXEIRA DE FARIAS,n.o,"AUREA
MARIA PEREIRA ERVILHA",n.o 92.950-5,Secretaria Adjunta de Cultura,CNE-06,nan,,nan,nan,nan,nan,nan,nan,"Designar MARIA DAS GRACAS TEIXEIRA DE FARIAS, matricula n.o 93.007-5, Chefe de Gabinete,
Simbolo CNE-06, da Secretaria de Estado de Cultura do Distrito Federal, para substituir AUREA
MARIA PEREIRA ERVILHA, matricula n.o 92.950-5, Secretaria Adjunta de Cultura, Simbolo CNE-
05, por motivo da servidora  esta substituindo outro cargo em Comissao, no periodo de 19/11/2001
a 18/12/2001"
52,Substituição de Funções, MAURICIO ALFREDO TEXEIRA,80.060-0,ROZETTI JA,80.166-6,nan,nan,nan,nan,nan,nan,nan,nan,nan,nan,"Designar MAURICIO ALFREDO TEXEIRA, matricula no 80.060-0, para substituir ROZETTI JA-
COME DE MEDEIROS matricula no 80.166-6, Chefe do Servico de Material e Patrimonio, de 12 a
26/11/2001 por motivo de doenca do titular"
53,Substituição de Funções, os servidores Silvania Delacelia Arruda,nan,nan,nan,nan,nan,nan,nan,nan,nan,nan,nan,nan,nan,"DESIGNAR os servidores Silvania Delacelia Arruda, matr"
54,Substituição de Funções, Julio Cesar de Martins e Pinheiro,108.453-4,nan,nan,nan,nan,nan,nan,nan,nan,nan,nan,nan,nan,"Designar Julio Cesar de Martins e Pinheiro, Chefe do Nucleo de Modernizacao e Informatica 
GEPLAN, matricula no 108.453-4, como executor do Contrato de Prestacao de Servicos celebrado
entre o Distrito Federal, por meio da Administracao Regional do Riacho Fundo e a CODEPLAN 
Companhia de Desenvolvimento do Planalto Central, conforme consta do Processo no 148.000.669/
2001, referente a manutencao corretiva e preventiva, com reposicao de pecas nos equipamentos de
informatica; II  O executor devera cumprir o que estabelece as Normas de Execucao Orcamentaria, Financeira e
Contabil do Distrito Federal; III  Esta Ordem de Servico entra em vigor na data de sua publicacao"
