,tipo,nome,matricula,simbolo,cargo_comissao,lotacao,orgao,vigencia,pedido,cargo_efetivo,siape,motivo,text
0,Exoneração, MARCIA SANTOS DE ALENCAR,nan,nan,nan,nan,nan,nan,a pedido,nan,nan,nan,"EXONERAR, a pedido, MARCIA SANTOS DE ALENCAR, Matricula no 137"
1,Exoneração, LARA REGINA ROCHA FERNAN,nan,nan,nan,nan,nan,nan,nan,nan,nan,nan,"EXONERAR, por estar sendo nomeada para outro cargo, LARA REGINA ROCHA FERNAN-
DES, Carreira Medica (Psiquiatria), Matricula no 119"
2,Exoneração, LEDA ALVES NEVES,nan,nan,nan,nan,nan,nan,nan,nan,nan,nan,"EXONERAR LEDA ALVES NEVES, Assistente Intermediario de Saude II (Agente Administra-
tivo), Matricula no 109"
3,Exoneração, F,no,nan,nan,nan,nan,nan,a pedido,nan,nan,nan,"EXONERAR, a pedido os seguintes ocupantes de Funcoes Gratificadas da Secretaria de
Estado de Educacao: I - GERENCIA REGIONAL DE ENSINO DE BRAZLANDIA
KATIA MARIA RAYMUNDO PIRES, matricula no 47"
4,Exoneração,  LUCIANA DE BRITO FREITAS,no,nan,nan,nan,nan,nan,nan,nan,nan,nan,"EXONERAR, por estar sendo nomeada para outra funcao,  LUCIANA DE BRITO FREITAS,
matricula no 200"
5,Exoneração, ZULEIDE GUIMARAES CAMA,no,nan,nan,nan,nan,nan,nan,nan,nan,nan,"EXONERAR, por estar sendo nomeada para outra funcao, ZULEIDE GUIMARAES CAMA-
RA, matricula no 53"
6,Exoneração, JOANA DARC DE OLIVEIRA,no,nan,nan,nan,nan,nan,nan,nan,nan,nan,"EXONERAR JOANA DARC DE OLIVEIRA, matricula no 46"
7,Exoneração,  ALDA RIBEIRO DE SOUZA,no,nan,nan,nan,nan,nan,nan,nan,nan,nan,"EXONERAR, por estar sendo nomeada para outra funcao,  ALDA RIBEIRO DE SOUZA,
matricula no 68"
8,Exoneração,  REJANE SANTOS UNRUH,no,nan,nan,nan,nan,nan,nan,nan,nan,nan,"EXONERAR, por estar sendo nomeada para outra funcao,  REJANE SANTOS UNRUH,
matricula no 200"
9,Exoneração,  GIZELDA GRIGORIO DE AN,no,nan,nan,nan,nan,nan,nan,nan,nan,nan,"EXONERAR, por estar sendo nomeada para outra funcao,  GIZELDA GRIGORIO DE AN-
DRADE, matricula no 44"
10,Exoneração,"  EDIVALDO CLAUDINO DA
SILVA",no,nan,nan,nan,nan,nan,nan,nan,nan,nan,"EXONERAR, por estar sendo nomeado para outra funcao,  EDIVALDO CLAUDINO DA
SILVA, matricula no 26"
11,Exoneração," LINDALVA ALVES DA SILVA
ROSA",no,nan,nan,nan,nan,nan,nan,nan,nan,nan,"EXONERAR, por estar sendo nomeada para outra funcao, LINDALVA ALVES DA SILVA
ROSA, matricula no 58"
12,Exoneração,"  JOSE ANTONIO RODRIGUES
DOROTHEU",no,nan,nan,nan,nan,nan,nan,nan,nan,nan,"EXONERAR, por estar sendo nomeado para outra funcao,  JOSE ANTONIO RODRIGUES
DOROTHEU, matricula no 62"
13,Exoneração,"  MARIA MADALENA SALVIANO
DE MEDEIROS",no,nan,nan,nan,nan,nan,nan,nan,nan,nan,"EXONERAR, por estar sendo nomeada para outra funcao,  MARIA MADALENA SALVIANO
DE MEDEIROS, matricula no 48"
14,Exoneração,  CLEONICE PEREIRA DO NASCI,no,nan,nan,nan,nan,nan,nan,nan,nan,nan,"EXONERAR, por estar sendo nomeada para outra funcao,  CLEONICE PEREIRA DO NASCI-
MENTO, matricula no 49"
15,Exoneração, LENIR BARROS TEIXEIRA,no,nan,nan,nan,nan,nan,nan,nan,nan,nan,"EXONERAR, por motivo de aposentadoria, LENIR BARROS TEIXEIRA, matricula no 74"
16,Exoneração,"  FREDERICO DOS SANTOS
VIANA",no,nan,nan,nan,nan,nan,nan,nan,nan,nan,"EXONERAR, por estar sendo nomeado para outra funcao,  FREDERICO DOS SANTOS
VIANA, matricula no 24"
17,Exoneração, FATIMA CANDIDO DE SOUZA,no,nan,nan,nan,nan,nan,nan,nan,nan,nan,"EXONERAR, por estar sendo nomeada para outra funcao, FATIMA CANDIDO DE SOUZA,
matricula no 34"
18,Exoneração,  CELMA LUIZA DA SILVA AGUI,no,nan,nan,nan,nan,nan,nan,nan,nan,nan,"EXONERAR, por estar sendo nomeada para outra funcao,  CELMA LUIZA DA SILVA AGUI-
AR, matricula no 32"
19,Exoneração,  MARIA APARECIDA DO NASCI,no,nan,nan,nan,nan,nan,nan,nan,nan,nan,"EXONERAR, por estar sendo nomeada para outra funcao,  MARIA APARECIDA DO NASCI-
MENTO CURY, matricula no 32"
20,Exoneração,  CLAUDIA DE OLIVEIRA MAR,no,nan,nan,nan,nan,nan,nan,nan,nan,nan,"EXONERAR, por estar sendo nomeada para outra funcao,  CLAUDIA DE OLIVEIRA MAR-
TINS,  matricula no 23"
21,Exoneração, SUELY ANDRADE DE OLIVEIRA,no,nan,nan,nan,nan,nan,nan,nan,nan,nan,"EXONERAR, por estar sendo nomeado para outra funcao, SUELY ANDRADE DE OLIVEIRA,
matricula no 23"
22,Exoneração, JOAO BATISTA RODRIGUES,no,nan,nan,nan,nan,nan,nan,nan,nan,nan,"EXONERAR, por estar sendo nomeado para outra funcao, JOAO BATISTA RODRIGUES,
matricula no 23"
23,Exoneração,  ANANIAS RESENDE DA CU,no,nan,nan,nan,nan,nan,nan,nan,nan,nan,"EXONERAR, por estar sendo nomeado para outra funcao,  ANANIAS RESENDE DA CU-
NHA, matricula no 45"
24,Exoneração, IVAN GUSMAO CAVALCANTE,no,nan,nan,nan,nan,nan,nan,nan,nan,nan,"EXONERAR, por estar sendo nomeado para outra funcao, IVAN GUSMAO CAVALCANTE,
matricula no 31"
25,Exoneração, IRONICE MACEDO DO PRADO SILVA,no,nan,nan,nan,nan,nan,a pedido,nan,nan,nan,"EXONERAR, a pedido, IRONICE MACEDO DO PRADO SILVA, matricula no 79"
26,Exoneração,"  RITA DE CASSIA REZENDE
SANTIAGO COELHO",no,nan,nan,nan,nan,nan,nan,nan,nan,nan,"EXONERAR, por estar sendo nomeada para outra funcao,  RITA DE CASSIA REZENDE
SANTIAGO COELHO, matricula no 74"
27,Exoneração,"  LINDONOR MARIA DA PAZ
RAUL DA SILVA",no,nan,nan,nan,nan,nan,nan,nan,nan,nan,"EXONERAR, por estar sendo nomeado para outra funcao,  LINDONOR MARIA DA PAZ
RAUL DA SILVA, matricula no 200"
28,Exoneração, IEDA MARIA VILAS BOAS PE,no,nan,nan,nan,nan,nan,nan,nan,nan,nan,"EXONERAR, por estar sendo nomeada para outra funcao, IEDA MARIA VILAS BOAS PE-
REIRA BUENO, matricula no 26"
29,Exoneração, MARCIA ADRIANNA DE MENE,no,nan,nan,nan,nan,nan,nan,nan,nan,nan,"EXONERAR, por estar sendo nomeada para outra funcao, MARCIA ADRIANNA DE MENE-
SES TEMOTEO, matricula no 21"
30,Exoneração,  ELIZABETH CRISTINA FERREI,no,nan,nan,nan,nan,nan,nan,nan,nan,nan,"EXONERAR, por estar sendo nomeada para outra funcao,  ELIZABETH CRISTINA FERREI-
RA, RIBEIRO, matricula no 203"
31,Exoneração,"  MARISTELA BENTES CORREA
MELO",no,nan,nan,nan,nan,nan,nan,nan,nan,nan,"EXONERAR, por estar sendo nomeada para outra funcao,  MARISTELA BENTES CORREA
MELO, matricula no 66"
32,Exoneração,  CLECI TEREZINHA LOPES AL,no,nan,nan,nan,nan,nan,nan,nan,nan,nan,"EXONERAR, por estar sendo nomeada para outra funcao,  CLECI TEREZINHA LOPES AL-
MEIDA, matricula no 44"
33,Exoneração, ASTROGILDO ALMEIDA MELO,no,nan,nan,nan,nan,nan,nan,nan,nan,nan,"EXONERAR, por estar sendo nomeado para outra funcao, ASTROGILDO ALMEIDA MELO,
matricula no 63"
34,Exoneração, ANA PAULA NOVAIS SOARES,no,nan,nan,nan,nan,nan,nan,nan,nan,nan,"EXONERAR, por estar sendo nomeada para outra funcao, ANA PAULA NOVAIS SOARES,
matricula no 203"
35,Exoneração,"  JOSE EDILBERTO DA LUZ
ZACARIAS",no,nan,nan,nan,nan,nan,nan,nan,nan,nan,"EXONERAR, por estar sendo nomeado para outra funcao,  JOSE EDILBERTO DA LUZ
ZACARIAS, matricula no 26"
36,Exoneração,"  MARIA APARECIDA BOTELHO
DA SILVA",,nan,nan,nan,nan,nan,nan,nan,nan,nan,"EXONERAR, por estar sendo nomeada para outra funcao,  MARIA APARECIDA BOTELHO
DA SILVA, matricula no  45"
37,Exoneração,  AMARILDO REINO DE LIMA,no,nan,nan,nan,nan,nan,nan,nan,nan,nan,"EXONERAR, por estar sendo nomeado para outra funcao,  AMARILDO REINO DE LIMA,
matricula no 39"
38,Exoneração,"  REGINA FATIMA RODRIGUES
DA SILVA OUTEIRO",no,nan,nan,nan,nan,nan,nan,nan,nan,nan,"EXONERAR, por estar sendo nomeada para outra funcao,  REGINA FATIMA RODRIGUES
DA SILVA OUTEIRO, matricula no 30"
39,Exoneração,  MILBENE DA CUNHA PAES,no,nan,nan,nan,nan,nan,nan,nan,nan,nan,"EXONERAR, por estar sendo nomeada para outra funcao,  MILBENE DA CUNHA PAES,
matricula no 59"
40,Exoneração,  GLEIDE MIRIAN DIONISIO,no,nan,nan,nan,nan,nan,nan,nan,nan,nan,"EXONERAR, por motivo de aposentadoria,  GLEIDE MIRIAN DIONISIO, matricula no
53"
41,Exoneração, CLAUDIO SERGIO DIONIZIO,no,nan,nan,nan,nan,nan,nan,nan,nan,nan,"EXONERAR, por estar sendo nomeado para outra funcao, CLAUDIO SERGIO DIONIZIO,
matricula no 99"
42,Exoneração," SONIA CHAVES MARCELO
MAGALHAES",no,nan,nan,nan,nan,nan,nan,nan,nan,nan,"EXONERAR, por estar sendo nomeado para outra funcao, SONIA CHAVES MARCELO
MAGALHAES, matricula no 64"
43,Exoneração, SIOMARA  SOUSA ESTEVES,no,nan,nan,nan,nan,nan,nan,nan,nan,nan,"EXONERAR, por estar sendo nomeada para outra funcao, SIOMARA  SOUSA ESTEVES,
matricula no 26"
44,Exoneração, L,nan,nan,nan,nan,nan,nan,nan,nan,nan,nan,"EXONERAR, por estar de Licenca sem Vencimento por motivo de Afastamento do Conjuge,
CAMILA VIANA COSTA LUENBERG, Carreira Medica (Ginecologia e Obstetricia), Matricu-
la n 137"
45,Exoneração, GEOVAM BAPTISTA CORDEIRO,nan,nan,nan,nan,nan,nan,nan,nan,nan,nan,"EXONERAR GEOVAM BAPTISTA CORDEIRO,  Agente Penitenciario, matricula 23"
