,Tipo do Ato,Nome do Servidor Substituto,Matrícula do Servidor Substituto,Nome do Servidor a ser Substituido,Matrícula do Servidor a ser SubstituidoCargo,Símbolo do cargo do servidor substituto,Cargo comissionado objeto da substituição,Símbolo do cargo do objeto da substituição,Símbolo do cargo comissionado objeto da substituição,Hierarquia da Lotação,Órgão,Data Inicial da Vigência,Data Final de Vigência,Matrícula SIAPE,Motivo,text
0,Substituição de Funções, ALEXANDRE JOSE BARBOSA DE SOUZA,23.580-6,nan,nan,nan,DFG-05,nan,nan,nan,nan,nan,nan,nan,nan,"DESIGNAR ALEXANDRE JOSE BARBOSA DE SOUZA, Agente Penitenciario, matricula
23.580-6, para responder pelo Cargo em Comissao, Simbolo DFG-05, de Chefe da Secao de
Ensino e Adestramento Profissional da Divisao de Assistencia ao Interno do Nucleo de Custodia
de Brasilia, da Coordenacao do Sistema Penitenciario da Secretaria de Estado de Seguranca Publi-
ca do Distrito Federal, a contar de 10.12.2001"
1,Substituição de Funções, EDUARDO ALVES DE ALMEIDA NETO,nan,nan,nan,nan,nan,nan,nan,nan,nan,nan,nan,nan,nan,"Designar EDUARDO ALVES DE ALMEIDA NETO, no periodo de 17 a 27 de
janeiro de 2002, por motivo de ferias regulamentares"
2,Substituição de Funções, EDUARDO ALVES DE ALMEIDA NETO,nan,nan,nan,nan,nan,nan,nan,nan,nan,nan,nan,nan,nan,"Designar EDUARDO ALVES DE ALMEIDA NETO, no periodo de 17 a 26 de janeiro
de 2002, por motivo de ferias regulamentares"
3,Substituição de Funções, GERALDINA SOARES,n.o,EDSON JOSE DA SILVA ANUNCIACAO,n.o 99.019-1,Encarregado de Registro Funcional,DFG-03,nan,nan,nan,nan,nan,nan,nan,nan,"Designar GERALDINA SOARES, Assistente Intermediario em Servicos Sociais do Distrito
Federal, matricula n.o 103.384-0, para substituir EDSON JOSE DA SILVA ANUNCIACAO,
matricula n.o 99.019-1, Encarregado de Registro Funcional, Simbolo DFG-03, do Servico de
Pessoal da Divisao de Administracao Geral do Departamento de Assuntos Administrativos, por
motivo de ferias regulamentares do titular no periodo de 28 de janeiro a 06 de fevereiro de 2002"
4,Substituição de Funções, a servidor IRON FERRO DE MORAIS,22.229-1,o servidor JOSE DO ESPIRITO SANTO FERREIRA,38.729-0,Encarregado da Secao de Borracharia da Diretoria de Transportes da Subsecretaria de Logistica e Modernizacao,DFG-02,nan,nan,nan,nan,nan,nan,nan,nan,"Designar a servidor IRON FERRO DE MORAIS, matricula no 22.229-1, Tecnico de Administra-
cao Publica,  para substituir o servidor JOSE DO ESPIRITO SANTO FERREIRA, matricula no
38.729-0, Encarregado da Secao de Borracharia da Diretoria de Transportes da Subsecretaria de Logistica e Modernizacao, Simbolo DFG-02, por motivo de ferias regulamentares do titular, no
periodo de 04/02/2002 a 05/03/2002"
5,Substituição de Funções, VANIA LUCIA BRITO BRANDAO,92.110-6,"ARLENE
CARVALHO DE OLIVEIRA",30.960-5,Encarregada de Expediente,DFG-,nan,nan,nan,nan,nan,nan,nan,nan,"Designar VANIA LUCIA BRITO BRANDAO, matricula no 92.110-6, para substituir ARLENE
CARVALHO DE OLIVEIRA, matricula no 30.960-5, Encarregada de Expediente, Simbolo DFG-
02, da Diretoria Geral de Contabilidade da Subsecretaria de Financas da Secretaria de Fazenda e
Planejamento do Distrito Federal, no periodo de 17 de janeiro a 19 de fevereiro de 2002, por
motivo de licenca medica"
6,Substituição de Funções, Lucia Helena Toledo Vilas Boas Lasmar,44.026-4,"o
titular do Cargo em Comissao",nan,nan,DFG-06,nan,nan,nan,nan,nan,nan,nan,nan,"Designar Lucia Helena Toledo Vilas Boas Lasmar, matricula no 44.026-4, para substituir o
titular do Cargo em Comissao, simbolo DFG-06, de Diretor do Centro de Educacao Profissio-
nal  - Escola de Musica de Brasilia, no periodo de 21/01/2002 a  19/02/2002, por motivo de
ferias do titular"
7,Substituição de Funções, a servidora ANA RITA BILAC DE AZEVEDO,67.946-1,"o Titular do
Cargo em Comissao de Gerente de Execucao Orcamentaria e Financeira da Diretoria Financeira",nan,nan,DFG-11,nan,nan,nan,nan,nan,nan,nan,nan,"Designar a servidora ANA RITA BILAC DE AZEVEDO, matricula 67.946-1, para substituir o Titular do
Cargo em Comissao de Gerente de Execucao Orcamentaria e Financeira da Diretoria Financeira,
simbolo DFG-11, no periodo de 14/02/2002 a 15/03/2002, por motivo de ferias do Titular"
8,Substituição de Funções, os servidores abaixo relacionados para,nan,nan,nan,nan,nan,nan,nan,nan,nan,nan,nan,nan,nan,"Designar os servidores abaixo relacionados para, sob a presidencia do primeiro, comporem
Comissao Especial de Inventario Fisico Financeiro dos Materiais de Consumo em Estoque no
Almoxarifado da Diretoria de Engenharia e Tecnologia/SES"
9,Substituição de Funções, o servidor Samuel Santos Assis,124.795-6,a servidora Ilza Maria Barros,nan,"Chefe do Nucleo de
Processamento de Contas do SIA e SIH",DFG,nan,nan,nan,nan,nan,nan,nan,nan,"DESIGNAR o servidor Samuel Santos Assis, Operador de Computador, Matricula: 047.666-6-
MS, para substituir a servidora Ilza Maria Barros, Matricula 124.795-6, Chefe do Nucleo de
Processamento de Contas do SIA e SIH, da Direcao Regional de Saude da Asa Norte, simbolo
DFG - 05, no periodo de 14 a 23 de fevereiro de 2002, por motivo de ferias, conforme MEMO
001/2002-NUPROC/HRAN"
10,Substituição de Funções, o servidor CICERO RIBEIRO DA SILVA,n.o,nan,n.o 102225-3,nan,nan,nan,nan,nan,nan,nan,nan,nan,nan,"Designar o servidor CICERO RIBEIRO DA SILVA, matricula n.o 102.164-8, como Sindicante na
apuracao do acidente em servico sofrido pela servidora MARLENE VIANA VIEIRA DE SA-
LES,   matricula n.o 102225-3, ocorrido em  1o/11/2001,  conforme processo n.o 100.001728/2001"
11,Substituição de Funções, o servidor CICERO RIBEIRO DA SILVA,102.164-8,nan,102.999-1,nan,nan,nan,nan,nan,nan,nan,nan,nan,nan,"Designar o servidor CICERO RIBEIRO DA SILVA, matricula no 102.164-8, como Sindi-
cante na apuracao do acidente em servico sofrido pelo servidor FRANCISCO ONESIO
VIANA CARDOSO, matricula no 102.999-1, ocorrido em 18/11/2001, conforme processo
no 100.001793/2001"
12,Substituição de Funções, os servidores,nan,nan,nan,nan,nan,nan,nan,nan,nan,nan,nan,nan,nan,"Designar os servidores: JOSE RICARDO ALMEIDA DE BRITTO, matricula n"
13,Substituição de Funções, os servidores MARCIO CUNHA LIMA,100.663-0;,nan,100.471-9; ANTONIO JOAO DE MORAES,nan,nan,nan,nan,nan,nan,nan,nan,nan,nan,"Designar os servidores MARCIO CUNHA LIMA, Tecnico de Desenvolvimento
Agropecuario, Matricula No 100.663-0; VALTER AZEVEDO ARAUJO, Tecnico de Desen-
volvimento Agropecuario, Matricula No 100.471-9; ANTONIO JOAO DE MORAES, Auxi-
liar de Desenvolvimento Agropecuario, Matricula No 100.358-5; JANETE MARIA MEN- DES DE MATOS, Auxiliar de Desenvolvimento Agropecuario, Matricula No 100.996-6 e
ROSELENE MARTINS DE OLIVEIRA, Tecnico de Desenvolvimento Agropecuario, Ma-
tricula No 101.161-8, para, sob a presidencia do primeiro, comporem Comissao de Inventa-
rio, para fim de proceder o levantamento do material existente no Almoxarifado do Nucleo de
Patrimonio e Material"
14,Substituição de Funções, o servidor CARLOS JOAO MENDES CARVALHO LEAL,107.571-,nan,101.319-X,nan,DFG,nan,nan,nan,nan,nan,nan,nan,nan,"Designar o servidor CARLOS JOAO MENDES CARVALHO LEAL, Matricula No 107.571-
9, para substituir, ROBERTO LEITE SEIBERT POZZATTI, Gerente de Administracao e Fisca-
lizacao de Areas Publicas Rurais, Matricula No 101.319-X, Simbolo DFG  11, da Secretaria de
Estado de Agricultura, Pecuaria e Abastecimento, no periodo de 30/01 a 08/02/2002, em virtude
de ferias do titular"
15,Substituição de Funções,nan,nan,nan,107.876-3,nan,nan,nan,nan,nan,nan,nan,nan,nan,nan,"Designar, para comporem a Comissao de que trata o item anterior, os servidores MAURO
SERGIO BARBOSA, matricula no 51.139-0, que a presidira; ENEIDA CARBONELL OLI-
VEIRA MOTA SILVA, matricula no 107.876-3, e ROLEMBERGUE DOS SANTOS REIS,
matricula no 96.700-9"
16,Substituição de Funções, BRUNO SOARES MACIEL,no96.385-2,EDER SIQUEIRA COELHO,66.241-0,Gerente,DFG-10,nan,,nan,nan,nan,nan,nan,nan,"Designar BRUNO SOARES MACIEL, matricula no96.385-2, Chefe do Nucleo de Cria-
cao e Impressao, Simbolo DFG-10, da Gerencia de Criacao e Impressao, da Diretoria de
Difusao Cultural, da Secretaria de Estado de Cultura do Distrito Federal, para substituir
EDER SIQUEIRA COELHO, matricula no 66.241-0, Gerente, Simbolo DFG-12, da Ge-
rencia de Criacao e Impressao, da Diretoria de Difusao Cultural, da Secretaria de Estado
de Cultura do Distrito Federal, no periodo de 07.01.2002 a 04.02.2002, por motivo de
ferias regulamentares"
17,Substituição de Funções, MARIA REIS ALVES PEREIRA,n.o,MARTA PADILHA BENEVOLO,n.o 92.848-8,Gerente do Museu de Artes de Brasilia,DFG-12,nan,nan,nan,nan,nan,nan,nan,nan,"Designar MARIA REIS ALVES PEREIRA, matricula n.o 1650383-5, Assistente, Simbo-
lo DFA-08, da Gerencia do Museu de Artes de Brasilia, da Secretaria  de Estado de
Cultura do Distrito Federal, para substituir MARTA PADILHA BENEVOLO, matricula
n.o 92.848-8, Gerente do Museu de Artes de Brasilia, Simbolo DFG-12, da  Secretaria de
Estado de Cultura do Distrito Federal, no periodo de 01/02/2002 a 02/03/2002,  por
motivo de  ferias regulamentares"
18,Substituição de Funções, SERGIO SIMAO FIDALGO,1650637-1,MARIA DAS GRACAS SOUSA COUTINHO,63.596-0,Gerente de Eventos Programas e Producoes,DFG-10,nan,,nan,nan,nan,nan,nan,nan,"Designar SERGIO SIMAO FIDALGO, matricula no 1650637-1, Chefe do Nucleo de
Programas,  Simbolo DFG-10, da Gerencia de Eventos, Programas e Producoes, da
Diretoria de Difusao Cultural,  da Secretaria de Estado de Cultura do Distrito Federal,
para substituir MARIA DAS GRACAS SOUSA COUTINHO, matricula no 63.596-0,
Gerente de Eventos Programas e Producoes, Simbolo DFG-12, da Gerencia de Progra-
mas, Eventos e Producoes, da Diretoria de Difusao Cultural, da Secretaria de Estado de
Cultura do Distrito Federal, no periodo de 21.01.2002 a 19.02.2002, por motivo de
ferias regulamentares"
19,Substituição de Funções, o servidor SERGIO SIMAO FIDALGO,1650.637-1,nan,nan,nan,nan,nan,nan,nan,nan,nan,nan,nan,nan,"Designar o servidor SERGIO SIMAO FIDALGO, matricula 1650.637-1, para, na qua-
lidade de Executor e sem prejuizo de suas atribuicoes normais, acompanhar o cumpri-
mento do Termo de Contrato de Concurso no003/2002, celebrado entre o Distrito
Federal atraves da Secretaria de Estado de  Cultura e a empresa GRUPO DE TEATRO
MAMULENGO PRESEPADA"
20,Substituição de Funções, o servidor SERGIO SIMAO FIDALGO,1650.637-1,nan,nan,nan,nan,nan,nan,nan,nan,nan,nan,nan,nan,"Designar o servidor SERGIO SIMAO FIDALGO, matricula 1650.637-1, para, na quali-
dade de Executor e sem prejuizo de suas atribuicoes normais, acompanhar o cumprimen-
to do Termo de Contrato de Concurso  no002/2002, celebrado entre o Distrito Federal
atraves da Secretaria de Estado de  Cultura e a empresa STUDIO DE DANCA PRODU-
COES E PROMOCOES LTDA"
21,Substituição de Funções, o  Chefe do Nucleo de  Servicos Gerais e Transporte,nan,nan,nan,nan,nan,nan,nan,nan,nan,nan,nan,nan,nan,"Designar o  Chefe do Nucleo de  Servicos Gerais e Transporte, sem prejuizo de suas
atribuicoes,  como executor do Contrato  n.o  011/2001,  firmado  entre   a  Secretaria de Meio
Ambiente e Recursos Hidricos  SEMARH e a empresa  TELEBRASILIA CELULAR S/A
competindo-lhe, as seguintes atribuicoes: a) acompanhar a execucao do contrato, em todas as suas fases, conforme paragrafos 1o e 2o do Art"
22,Substituição de Funções, os servidores,nan,nan,nan,nan,nan,nan,nan,nan,nan,nan,nan,nan,nan,Designar os servidores: Ayrton da Silva Lessa Junior mat
23,Substituição de Funções, os servidores WILLIAMS FONSECA DA CUNHA matricula,nan,nan,nan,nan,nan,nan,nan,nan,nan,nan,nan,nan,nan,Designar os servidores WILLIAMS FONSECA DA CUNHA matricula
