,tipo,nome,matricula,simbolo,cargo_comissao,lotacao,orgao,vigencia,pedido,cargo_efetivo,siape,motivo,text
0,Exoneração, PAULO UCHOA RIBEIRO FILHO,nan,CNE-04,nan,nan,nan,nan,a pedido,nan,nan,nan,"EXONERAR, a pedido, PAULO UCHOA RIBEIRO FILHO  do Cargo de Natureza Especial,
simbolo CNE-04, de Chefe do Cerimonial do Gabinete do Governador"
1,Exoneração, RICARDO CAMBIAGHI CARVA,nan,DFG-12,nan,nan,nan,nan,nan,nan,nan,nan,"EXONERAR, por estar sendo nomeado para outro cargo, RICARDO CAMBIAGHI CARVA-
LHO DE MORAES do Cargo em Comissao, Simbolo DFG-12, de Chefe da Divisao de Eventos
do Cerimonial do Gabinete do Governador"
2,Exoneração, VALDELICE PEREIRA SILVA,nan,DFG-10,nan,nan,nan,nan,nan,nan,nan,nan,"EXONERAR, por estar sendo nomeado para outro cargo, VALDELICE PEREIRA SILVA, do
Cargo em Comissao, Simbolo DFG-10, de Chefe do Servico de Apoio Administrativo do Cerimo-
nial do Gabinete do Governador"
3,Exoneração," LEONARDO FACCIN DE FARIA
PEREIRA",nan,DFA-07,nan,nan,nan,nan,nan,nan,nan,nan,"EXONERAR, por estar sendo nomeado para outro cargo, LEONARDO FACCIN DE FARIA
PEREIRA, do Cargo em Comissao, Simbolo DFA-07, de Assistente do Servico de Correspon-
dencia Protocolar do Cerimonial do Gabinete do Governador"
4,Exoneração, PATRICIA PIRENEUS CARDO,nan,DFA-11,nan,nan,nan,nan,nan,nan,nan,nan,"EXONERAR, por haver sido nomeada para outro cargo, PATRICIA PIRENEUS CARDO-
SO COSTA do Cargo em Comissao de Assessor, simbolo DFA-11, da Assessoria para As- suntos Parlamentares do Gabinete do Governador do Distrito Federal, a contar de 12 de
dezembro de 2001"
