,Tipo do Ato,Nome do Servidor Substituto,Matrícula do Servidor Substituto,Nome do Servidor a ser Substituido,Matrícula do Servidor a ser SubstituidoCargo,Símbolo do cargo do servidor substituto,Cargo comissionado objeto da substituição,Símbolo do cargo do objeto da substituição,Símbolo do cargo comissionado objeto da substituição,Hierarquia da Lotação,Órgão,Data Inicial da Vigência,Data Final de Vigência,Matrícula SIAPE,Motivo,text
0,Substituição de Funções, os Agentes de Desenvolvimento de Recursos Humanos  ADRH como repre,41.132-9,nan,nan,nan,nan,nan,nan,nan,nan,nan,nan,nan,nan,"Designar os Agentes de Desenvolvimento de Recursos Humanos  ADRH como repre-
sentante de seu orgao ou entidade junto a Secretaria de Estado de Gestao Administrativa, no que
concerne as atividades de capacitacao e desenvolvimento: 1.Adalberto Antonio Ventura  Matricula 41.132-9  Administracao Regional de Sao Sebastiao;
2.Adalto Geraldo Soares  Matricula 52.612-6- Jardim Botanico de Brasilia
3.Adjanira Maria Borges de Oliveira  Matricula 108.083-0  Administracao Regional do
Nucleo Bandeirante;
4.Alba Pereira dos Santos  Matricula 98.225-3  Administracao Regional de Samambaia;
5.Alzira Ribeiro de Araujo  Matricula 108.073-3  Administracao Regional de Sobradinho;
6.Ana Claudia Marinho Braz  Matricula 93.891-2  Administracao Regional do Cruzeiro;
7.Ana Claudia Teixeira Pires  Matricula 91.230-1  Administracao Regional de Brasilia;
8.Araci Maria Guedes  Matricula 21.748-4  Secretaria de Infra-Estrutura e Obras;
9.Avandy Martins de Oliveira  Matricula 300.272-1  Fundacao Hemocentro de Brasilia;
10.Celia Passos  Matricula 22.777-3  Administracao Regional de Taguatinga;
11.Claudia Aparecida F"
1,Substituição de Funções, a servidora MARIA CRISTINA ALVES VIANA,80.060-0,AMABILE MARIA GONCALVES E CASTRO,80.051-1,"Gerente de Desenvolvi-
mento de Carreiras da Diretoria de Formacao e Aperfeicoamento",DFG-11,nan,nan,nan,nan,nan,nan,nan,nan,"Designar a servidora MARIA CRISTINA ALVES VIANA, matricula 80.060-0, para substituir
AMABILE MARIA GONCALVES E CASTRO, matricula 80.051-1, Gerente de Desenvolvi-
mento de Carreiras da Diretoria de Formacao e Aperfeicoamento, Simbolo DFG-11, no periodo
de 31/12/2001 a 29/01/2002, por motivo de ferias regulamentares da titular"
2,Substituição de Funções, o servidor RAIMUNDO NONATO BISPO DE SOUSA,80.031-7,o servidor ENILSON DOMINGOS VIEIRA,80.008-2,"Chefe do Nucleo
de Suporte Didatico-Pedagogico",DFG-08,nan,nan,nan,nan,nan,nan,nan,nan,"Designar o servidor RAIMUNDO NONATO BISPO DE SOUSA, matricula no 80.031-7, para
substituir o servidor ENILSON DOMINGOS VIEIRA, matricula no 80.008-2, Chefe do Nucleo
de Suporte Didatico-Pedagogico, simbolo DFG-08, da Diretoria de Metodos e Tecnologias Edu-
cacionais, da Escola de Governo do Distrito Federal, por motivo de ferias regulamentares do
titular, no periodo de 14/01 a 02/02/2002"
3,Substituição de Funções,nan,nan,a servidora DILMA DIAS GUIMARAES,nan,nan,DF,nan,nan,nan,nan,nan,nan,nan,nan,"Designar, o servidor LUIS EUGENIO DE SOUZA FLAUZINA, matricula no 80.147-X,
para substituir a servidora DILMA DIAS GUIMARAES, Gerente de Melhoria de Gestao,
simbolo DF 11, da Diretoria de Projetos Especiais, por motivo de ferias regulamentares, no
periodo 03 a 23.12.2001"
4,Substituição de Funções,nan,nan,"a
servidora MARINEI RESENDE AGUIAR DE DEUS",nan,nan,DF,nan,nan,nan,nan,nan,nan,nan,nan,"Designar, a servidora MARIA APARECIDA ALVES, matricula no 0100462-X, para substituir a
servidora MARINEI RESENDE AGUIAR DE DEUS, Gerente de Cooperacao Tecnica e Articu-
lacao Institucional, simbolo DF 11, da Diretoria de Projetos Especiais, por motivo de ferias
regulamentares, no periodo 12 a 21.12.2001"
5,Substituição de Funções,nan,nan,"a
servidora ANA LUCIA DA SILVA REZENDE",nan,nan,DF,nan,nan,nan,nan,nan,nan,nan,nan,"Designar, a servidora DILMA DIAS GUIMARAES, matricula no 106.667-6, para substituir a
servidora ANA LUCIA DA SILVA REZENDE, Diretora de Projetos Especiais , simbolo DF 14,
da Escola de Governo do Distrito Federal, por motivo de ferias regulamentares, no periodo
31.12.2001 a 14.01.2002"
6,Substituição de Funções, NERIALDO PEREIRA DOS SANTOS,42.742-X,RO,42.822-1,nan,DFG-07,nan,nan,nan,nan,nan,nan,nan,nan,"Designar NERIALDO PEREIRA DOS SANTOS, matricula no 42.742-X, para substituir RO-
BERTO VIEIRA, matricula no 42.822-1, Chefe, Simbolo DFG-07, do Nucleo de Administracao
Predial da Gerencia de Apoio Logistico da Subsecretaria de Apoio Operacional da Secretaria de
Fazenda e Planejamento do Distrito Federal, no periodo de 7 a 21 de janeiro de 2002, por motivo
de ferias regulamentares"
7,Substituição de Funções, CLAUDIA GOMES PEREIRA,43.292-X,"ROSILENE
DE SOUZA SILVA",37.391-5,Chefe,DFG-06,nan,nan,nan,nan,nan,nan,nan,nan,"Designar CLAUDIA GOMES PEREIRA, matricula no 43.292-X, para substituir ROSILENE
DE SOUZA SILVA, matricula no 37.391-5, Chefe, Simbolo DFG-06, do Nucleo de Registros
Funcionais da Gerencia de Recursos Humanos da Subsecretaria de Apoio Operacional da Secre-
taria de Fazenda e Planejamento do Distrito Federal, no periodo de 7 a 16 de janeiro de 2002, por
motivo de ferias regulamentares"
8,Substituição de Funções, ANTONIO FAUSTO DE MESQUITA,43.737-9,CLAU,43.292-X,nan,DFG-01,nan,nan,nan,nan,nan,nan,nan,nan,"Designar ANTONIO FAUSTO DE MESQUITA, matricula no 43.737-9, para substituir CLAU-
DIA GOMES PEREIRA, matricula no 43.292-X, Encarregado, Simbolo DFG-01, da Subsecreta-
ria de Apoio Operacional da Secretaria de Fazenda e Planejamento do Distrito Federal, no periodo
de 21 de janeiro a 9 de fevereiro de 2002, por motivo de ferias regulamentares"
9,Substituição de Funções, FRANCISCO LEANDRO CAETANO,39.074-7,JUVE,33.151-1,nan,DFG-01,nan,nan,nan,nan,nan,nan,nan,nan,"Designar FRANCISCO LEANDRO CAETANO, matricula no 39.074-7, para substituir JUVE-
NAL LOPIS DA SILVA, matricula no 33.151-1, Encarregado, Simbolo DFG-01, da Subsecretaria
de Apoio Operacional da Secretaria de Fazenda e Planejamento do Distrito Federal, no periodo de
7 de janeiro a 5 de fevereiro de 2002, por motivo de ferias regulamentares"
10,Substituição de Funções, IVAN ALVES DOS SANTOS,33.762-5,"GLAUCIA DO
NASCIMENTO MELO",96.540-5,Diretor,DFG-14,nan,nan,nan,nan,nan,nan,nan,nan,"Designar IVAN ALVES DOS SANTOS, matricula no 33.762-5, para substituir GLAUCIA DO
NASCIMENTO MELO, matricula no 96.540-5, Diretor, Simbolo DFG-14, da Diretoria de
Pesquisa e Registro de Precos da Subsecretaria de Compras e Licitacoes da Secretaria de
Fazenda e Planejamento do Distrito Federal, no periodo de 2 a 15 de janeiro de 2002, por
motivo de ferias regulamentares"
11,Substituição de Funções, ADILSON MASCIANO DA SILVA,91.378-2,"IVAN
ALVES DOS SANTOS",33.762-5,Gerente,DFG-12,nan,nan,nan,nan,nan,nan,nan,nan,"Designar ADILSON MASCIANO DA SILVA, matricula no 91.378-2, para substituir IVAN
ALVES DOS SANTOS, matricula no 33.762-5, Gerente, Simbolo DFG-12, da Gerencia de
Registro de Precos da Subsecretaria de Compras e Licitacoes da Secretaria de Fazenda e Plane-
jamento do Distrito Federal, no periodo de 16 janeiro a 4 de fevereiro de 2002, por motivo de
ferias regulamentares"
12,Substituição de Funções, OSVALDO BARRETO ALVES,32.753-0,"APARECIDA
CLARET BRAGANCA ZAGO",33.835-4,Gerente,DFG-12,nan,nan,nan,nan,nan,nan,nan,nan,"Designar OSVALDO BARRETO ALVES, matricula no 32.753-0, para substituir APARECIDA
CLARET BRAGANCA ZAGO, matricula no 33.835-4, Gerente, Simbolo DFG-12, da Gerencia
de Pesquisa de Mercado da Subsecretaria de Compras e Licitacoes da Secretaria de Fazenda e
Planejamento do Distrito Federal, no periodo de 31 de dezembro de 2001 a 29 de janeiro de 2002,
por motivo de ferias regulamentares"
13,Substituição de Funções, NEIDE APARECIDA BARROS DA SILVA,31.020-4,ADEMAR FERRACIOLI,28.736-9,Gerente,DFG-12,nan,nan,nan,nan,nan,nan,nan,nan,"Designar NEIDE APARECIDA BARROS DA SILVA, matricula no 31.020-4, para substituir
ADEMAR FERRACIOLI, matricula no 28.736-9, Gerente, Simbolo DFG-12, da Gerencia de
Instrucao de Processos da Subsecretaria de Compras e Licitacoes da Secretaria de Fazenda e
Planejamento do Distrito Federal, no periodo de 31 de dezembro de 2001 a 9 de janeiro de 2002,
por motivo de ferias regulamentares"
14,Substituição de Funções, JUSCELITA FERREIRA,96.535-9,"FABIO PAIXAO DE
AZEVEDO",31.022-0,Gerente,DFG-12,nan,nan,nan,nan,nan,nan,nan,nan,"Designar JUSCELITA FERREIRA, matricula no 96.535-9, para substituir FABIO PAIXAO DE
AZEVEDO, matricula no 31.022-0, Gerente, Simbolo DFG-12, da Gerencia de Qualificacao e
Cadastro da Subsecretaria de Compras e Licitacoes da Secretaria de Fazenda e Planejamento do
Distrito Federal, no periodo de 2 a 31 de janeiro de 2002, por motivo de ferias regulamentares"
15,Substituição de Funções, a servidora KARINE DE ARAUJO CASTRO,nan,"a Chefe do Nucleo de Pessoal do Centro de Orientacao
Medico Psicopedagogica  COMPP",nan,nan,DFG-05,nan,nan,nan,nan,nan,nan,nan,nan,"DESIGNAR a servidora KARINE DE ARAUJO CASTRO, AIS  Agente Administrativo, ma-
tricula n.o 133.697-5, para substituir a Chefe do Nucleo de Pessoal do Centro de Orientacao
Medico Psicopedagogica  COMPP/SES, simbolo DFG-05, no periodo de 31/01/2002 a 09/02/
2002, por motivo de ferias da titular"
16,Substituição de Funções, MARIA IRES DINIZ SANTOS,01.271-8,ALCEU POLE,01.476-1,nan,nan,nan,nan,nan,nan,nan,nan,nan,nan,"Designar MARIA IRES DINIZ SANTOS, matricula no 01.271-8, para substituir ALCEU POLE-
TO, matricula no 01.476-1, Encarregado da Divisao Regional de Transito de Taguatinga, DFG-3,
do Departamento de Transito do Distrito Federal no periodo de 02 a 23/12/2001, por motivo de
licenca medica do titular"
17,Substituição de Funções, NEUZIMAR CARLOS NUNES,00.437-5,ROSA ARA,01.269-6,nan,nan,nan,nan,nan,nan,nan,nan,nan,nan,"Designar NEUZIMAR CARLOS NUNES, matricula no 00.437-5, para substituir ROSA ARA-
UJO LOPES, matricula no 01.269-6, Encarregada no Servico de Comunicacao e Documentacao
Administrativa, DFG-2, do Departamento de Transito do Distrito Federal, no periodo de 03 a
22/12/2001, por motivo de ferias da titular"
18,Substituição de Funções, MARIA DAS GRACAS SOUSA COUTINHO,n.o, MARIO VICOSO AMARAL,n.o 96.296-1, Diretor do Departamento de Difusao Cultural,DFG-12,nan,,nan,nan,nan,nan,nan,nan,"Designar MARIA DAS GRACAS SOUSA COUTINHO, matricula n.o 63596-0, Gerente de
Eventos, Programas e Producao, Simbolo DFG-12, da Diretoria de Difusao Cultural, da  Secreta-
ria de Estado de Cultura do Distrito Federal, para substituir  MARIO VICOSO AMARAL,
matricula n.o 96.296-1,  Diretor do Departamento de Difusao Cultural, Simbolo DFG-14, da
Secretaria de Estado de Cultura do Distrito Federal,  no periodo de 19/12/2001 a 17/01/2002,  por
motivo de  ferias regulamentares"
19,Substituição de Funções, RONALDO DE MEDEIROS SANTOS,n.o, CLAUDIO RIBEIRO SAN,nan,nan,DFG-10,nan,,nan,"Secretaria de Estado de Cultura do
Distrito Federal,  no periodo de 27/12/2001 a 25/01/2002,  por motivo de  ferias regulamentares",nan,nan,nan,nan,"Designar RONALDO DE MEDEIROS SANTOS, Chefe do Nucleo de Material e Patrimonio,
Simbolo DFG-10, da Gerente de Gestao Administrativa, da Diretoria  de Apoio Operacional, da
Secretaria de Estado de Cultura do Distrito Federal, para substituir  CLAUDIO RIBEIRO SAN-
TANA, matricula n.o 43.833-2, Gerente de Gestao Administrativa, Simbolo DFG-12, da Gerencia
de Gestao Administrativa, da Diretoria de Apoio Operacional, da Secretaria de Estado de Cultura do
Distrito Federal,  no periodo de 27/12/2001 a 25/01/2002,  por motivo de  ferias regulamentares"
20,Substituição de Funções, VERA JANE REGIS PIRES,n.o,TELMA FERREIRA F,nan,nan,nan,nan,nan,nan,nan,nan,nan,nan,nan,"Designar VERA JANE REGIS PIRES, matricula n.o 29.503-3, Secretario Administrativo, Simbo-
lo DFA-05, da Gerencia de Bibliotecas, da Diretoria de Bibliotecas, da Secretaria de Estado de
Cultura do Distrito Federal , para substituir TELMA FERREIRA F"
21,Substituição de Funções, KARLA CRISTINA MENDONCA DE CARVALHO,n.o,"MARGARETH TEIXEIRA DE FARIAS
MOURA",n.o 0096415-8,Chefe do Nucleo de Dinamizacao da Gerencia de Projetos,DFA-08,nan,,nan,nan,nan,nan,nan,nan,"Designar KARLA CRISTINA MENDONCA DE CARVALHO, matricula n.o 95.504-3, Assis-
tente, Simbolo DFA-08,  da Gerencia de Projetos, da Diretoria de Bibliotecas, da Secretaria de
Estado de Cultura do Distrito Federal, para substituir MARGARETH TEIXEIRA DE FARIAS
MOURA, matricula n.o 0096415-8, Chefe do Nucleo de Dinamizacao da Gerencia de Projetos,
Simbolo DFG-10, da Diretoria de Bibliotecas, da Secretaria de Estado de Cultura do Distrito
Federal, no periodo de 02.01.2002 a 31.01.2002, por motivo de ferias regulamentares"
22,Substituição de Funções, MARIA LUIZA COELHO DE SOUZA,n.o,MARILENE GONCALVES DE SOUSA,"n.o 1650045-
2", Chefe do Nucleo de Documentacao e Memoria,DFG-10,nan,nan,nan,nan,nan,nan,nan,nan,"Designar MARIA LUIZA COELHO DE SOUZA, matricula n.o 1650055-6, Tecnica de Ativida-
des Culturais,  para substituir MARILENE GONCALVES DE SOUSA, matricula n.o 1650045-
2,  Chefe do Nucleo de Documentacao e Memoria, da  Gerencia de Projetos,  Simbolo DFG-10,
da Diretoria de Bibliotecas, da Secretaria de Estado de Cultura do Distrito Federal, no periodo de
31/12/2001 a 29/01/2002, por motivo de ferias regulamentares"
23,Substituição de Funções, IEDA VANDERLEY RODRIGUES,n.o,MARIA JOSE LIRA VIEIRA,n.o 0096416-6,nan,DFG-10,nan,nan,nan,nan,nan,nan,nan,nan,"Designar IEDA VANDERLEY RODRIGUES, matricula n.o 1650512-6, Auxiliar de Atividades
Culturais,  para substituir MARIA JOSE LIRA VIEIRA,  matricula n.o 0096416-6, Chefe do
Nucleo de Bibliotecas Domiciliares Neusa Dourado,  Simbolo DFG-10, da Diretoria de Bibliote-
cas, da Secretaria de Estado de Cultura do Distrito Federal, no periodo de 15.01.2002 a 14.02.2002,
por motivo de ferias regulamentares"
24,Substituição de Funções, FRANCISCO NONATO CARNEIRO,n.o,ADAU,n.o 1650299-5,nan,DFG-10,nan,,nan,nan,nan,nan,nan,nan,"Designar FRANCISCO NONATO CARNEIRO, matricula n.o 1650822-3, Chefe do Nucleo
Tecnico, da Gerencia Tecnica Operacional, da Diretoria do Teatro Nacional Claudio Santoro,
Simbolo DFG-10, da Secretaria de Estado de Cultura do Distrito Federal,  para substituir ADAU-
TO DA SILVA MOREIRA, matricula n.o 1650299-5, Gerente Tecnico Operacional, da Diretoria
do Teatro Nacional Claudio Santoro,  Simbolo DFG-12, da Secretaria de Estado de Cultura do
Distrito Federal,  no periodo de 15.01.2002 a 29.01.2002, por motivo de ferias regulamentares"
25,Substituição de Funções, DAVI NOGUEIRA RAMOS,n.o,MARTA TEREZINHA SCHUSTER POLI,n.o 106.788-5,"Gerente do
Catetinho",DFA-08,nan,,nan,nan,nan,nan,nan,nan,"Designar DAVI NOGUEIRA RAMOS, matricula n.o 0096347-X, Assistente, da Gerencia do
Museu do Catetinho, Simbolo DFA-08, da Secretaria de Estado de Cultura do Distrito Federal ,
para substituir MARTA TEREZINHA SCHUSTER POLI, matricula n.o 106.788-5, Gerente do
Catetinho,  Simbolo DFG-12, da Diretoria de Patrimonio Historico e Artistico, da Secretaria de
Estado de Cultura do Distrito Federal, no periodo de 02.01.2002 a 17.01..2002,  por motivo de
ferias regulamentares"
26,Substituição de Funções, GETULIO KARDEC ALVES,n.o,FRANCISMARY DE FATIMA COELHO,n.o 1650217-6,nan,DFA-06,nan,,nan,nan,nan,nan,nan,nan,"Designar GETULIO KARDEC ALVES, matricula n.o 0097496-X, Assistente, do Nucleo de
Arrecadacao,  Simbolo DFA-06,   da Secretaria de Estado de Cultura do Distrito Federal, para
substituir FRANCISMARY DE FATIMA COELHO,  matricula n.o 1650217-6,  Chefe do
Nucleo de Arrecadacao,  Simbolo DFG-10,  da Secretaria de Estado de Cultura do Distrito
Federal, nos periodos de 02.01.2002 a 16.01.2002 e 15.07.2002 a 30.07.2002,  por motivo de
ferias regulamentares"
27,Substituição de Funções, RENATA MARIA FONTENELLE VARAO,n.o,CLAUDIO ALANO  CO,n.o1650154-8,nan,DFA-10,nan,,nan,nan,nan,nan,nan,nan,"Designar RENATA MARIA FONTENELLE VARAO, matricula n.o 1650843-3, Assessora, da
Diretoria da Orquestra Sinfonica do Teatro Nacional Claudio Santoro, Simbolo DFA-10, da
Secretaria de Estado de Cultura do Distrito Federal , para substituir CLAUDIO ALANO  CO-
HEN BEZERRA, matricula n.o1650154-8, Diretor da Diretoria da Orquestra Sinfonica do Teatro
Nacional Claudio Santoro,  Simbolo DFG-14,  da Secretaria de Estado de Cultura do Distrito
Federal, no periodo de 02.01.2002 a 31.01.2002,  por motivo de  ferias regulamentares"
28,Substituição de Funções, CARLOS KENNEDY PINTO DE ARAUJO,n.o," PAULO
ROBERTO BUSTAMANTE BARRETO",n.o 93.968-4," Chefe do Nucleo de Produ-
cao",DFA-06,nan,,nan,nan,nan,nan,nan,nan,"Designar CARLOS KENNEDY PINTO DE ARAUJO, matricula n.o 100.962-1, Assistente,
Simbolo DFA-06, do Nucleo de Producao, da Gerencia de Eventos, para substituir  PAULO
ROBERTO BUSTAMANTE BARRETO, matricula n.o 93.968-4,  Chefe do Nucleo de Produ-
cao,  Simbolo DFG-10, da Secretaria de Estado de Cultura do Distrito Federal  no periodo de
02.01.2002 a 31.01.2002,  por motivo de  ferias regulamentares"
29,Substituição de Funções, o servidor JORGE LUIZ GOMES MONTEIRO,1650008-3,nan,nan,nan,nan,nan,nan,nan,nan,nan,nan,nan,nan,"Designar o servidor JORGE LUIZ GOMES MONTEIRO, matricula 1650008-3, Tecnico de
Atividades Culturais, para, na qualidade de Executor e sem prejuizo de suas atribuicoes normais,                                      Diario Oficial do Distrito Federal
PAGINA   62
No 244, Quarta-feira, 26 de dezembro de 2001 acompanhar o cumprimento do Termo de Convenio no009/2001, celebrado entre o Distrito Fede-
ral atraves da Secretaria de Estado de Cultura e a LIESB  LIGA DAS ESCOLAS DE SAMBA
DE BRASILIA"
30,Substituição de Funções, as servidoras ERIDALVA  AMORIM  RIBEIRO,no,nan,"no 108.856-4 e MARIA DO ROSARIO
DA SILVA",nan,nan,nan,nan,nan,nan,nan,nan,nan,nan,"Designar as servidoras ERIDALVA  AMORIM  RIBEIRO,  matricula  no 43.188-5,  MARIA
MARGARIDA DA CONCEICAO MOTA, matricula  no 108.856-4 e MARIA DO ROSARIO
DA SILVA, matricula no 32.946-0, para sob a presidencia da primeira, compor a Comissao de
Avaliacao e Desempenho da Secretaria de Estado de Solidariedade do Distrito Federal"
