,Tipo,Nome,Cargo Efetivo,Matricula,Siape,Simbolo,Cargo Comissao,Lotacao,Orgao,text
0,Nomeação, ELAINE DIAS DE LIMA,para o Cargo em Comissao de Assistente,nan,nan,DFA-,nan,nan,nan,"NOMEAR ELAINE DIAS DE LIMA, para o Cargo em Comissao de Assistente, Simbolo DFA-
03, do Gabinete do Procurador-Geral, da Procuradoria-Geral do Distrito Federal"
1,Nomeação, LUCIANA ANGELICA DA CAMINO,"para o Cargo em Comissao de Secretaria
Administrativa",nan,nan,DFA-04,nan,nan,nan,"NOMEAR LUCIANA ANGELICA DA CAMINO, para o Cargo em Comissao de Secretaria
Administrativa, Simbolo DFA-04, da Corregedoria, da Procuradoria-Geral do Distrito Federal"
2,Nomeação, LIGIA DIAS DE LIMA,para o Cargo em Comissao de Assistente,nan,nan,DFA-03,nan,nan,nan,"NOMEAR LIGIA DIAS DE LIMA, para o Cargo em Comissao de Assistente, Simbolo DFA-03,
do Gabinete do Procurador-Geral, da Procuradoria-Geral do Distrito Federal"
3,Nomeação, ANA PAULA VIANNA DE SOUSA,para o Cargo em Comissao de Assistente,nan,nan,DFA-03,nan,nan,nan,"NOMEAR ANA PAULA VIANNA DE SOUSA, para o Cargo em Comissao de Assistente,
Simbolo DFA-03, do Gabinete do Procurador-Geral, da Procuradoria-Geral do Distrito Federal"
4,Nomeação, IVAN MENDES COSTA,para o Cargo em Comissao de Assessor,nan,nan,DFA-11,nan,nan,nan,"NOMEAR IVAN MENDES COSTA, para o Cargo em Comissao de Assessor, Simbolo DFA-11,
da Procuradoria de Pessoal, da Procuradoria-Geral do Distrito Federal"
