,Tipo do Ato,Nome do Servidor Substituto,Matrícula do Servidor Substituto,Nome do Servidor a ser Substituido,Matrícula do Servidor a ser SubstituidoCargo,Símbolo do cargo do servidor substituto,Cargo comissionado objeto da substituição,Símbolo do cargo do objeto da substituição,Símbolo do cargo comissionado objeto da substituição,Hierarquia da Lotação,Órgão,Data Inicial da Vigência,Data Final de Vigência,Matrícula SIAPE,Motivo,text
0,Substituição de Funções, NELSON GONCALVES DE BRITO como membro titular do Conselho de Ali,nan,nan,nan,nan,nan,nan,nan,nan,nan,nan,nan,nan,nan,"DESIGNAR NELSON GONCALVES DE BRITO como membro titular do Conselho de Ali-
mentacao Escolar do Distrito Federal, representante de pais de alunos"
1,Substituição de Funções, ETELMAR ANTONIO BRANDAO LOUREIRO,n.o,nan,110.395-4,nan,nan,nan,nan,nan,nan,nan,nan,nan,nan,"Designar ETELMAR ANTONIO BRANDAO LOUREIRO, matricula n.o 110.559-0, como
executor e ANA REGINA VASQUES BERNADO, matricula no 110.395-4, como eventual subs-
tituta do Contrato n.o 040/2002  SEG, referente ao contrato firmado entre a Secretaria de
Governo e a empresa Antonio Venancio da Silva & Cia.Ltda., objetivando a locacao das salas 102
a 104 (pares),1o andar e sobrelojas 07, 15, 87, 103 e 111 do Ed"
2,Substituição de Funções, o servidor JOAQUIM VIEIRA SANTANA,24.657-3,nan,nan,nan,nan,nan,nan,nan,nan,nan,nan,nan,nan,"Designar o servidor JOAQUIM VIEIRA SANTANA, matricula no 24.657-3, Gerente de
Suporte Operacional/DAO/SGA, lotado nesta Diretoria, para atuar como Executor e Super-
visor do Contrato no 12/99-IDR, assinado entre o Distrito Federal, por intermedio desta
Secretaria e a empresa Boeing Turismo Ltda, referente a prestacao de servicos de forneci-
mento de passagens aereas e terrestres, nacionais e internacionais, processo no 030.003.377/
2002 (extraviado no 031-000.088/99)"
3,Substituição de Funções, PATRICIA DANTAS TRAJANO,23.791-4,nan,nan,nan,nan,nan,nan,nan,nan,nan,nan,nan,nan,"DESIGNAR PATRICIA DANTAS TRAJANO, matricula no 23.791-4, como executora dos
Contratos nos 150/2002 e 151/2002, firmados entre o Distrito Federal, por intermedio da Secre-
taria de Estado de Educacao do Distrito Federal e as Empresas MICROTECNICA INFORMA-
TICA LTDA e MITRA COMERCIO LTDA"
4,Substituição de Funções, OSVALDO SILVA DE ALMEIDA,20.1837-3,nan,nan,nan,nan,nan,nan,nan,nan,nan,nan,nan,nan,"DESIGNAR OSVALDO SILVA DE ALMEIDA, matricula no 20.1837-3, como executor do
Convenio, firmado entre o Distrito Federal, por intermedio da Secretaria de Estado de Educacao
do Distrito Federal, e o Tribunal de Justica do Distrito Federal e dos Territorios"
5,Substituição de Funções,nan,nan,nan,nan,nan,nan,nan,nan,nan,nan,nan,nan,nan,nan,"Designar, para funcao de Membros Efetivos e Suplentes do Conselho Regional de Saude
de Riacho Fundo: 1"
6,Substituição de Funções,nan,nan,nan,nan,nan,nan,nan,nan,nan,nan,nan,nan,nan,nan,"Designar, para a funcao de Membros Efetivos e Suplentes do Conselho Regional de
Saude do Nucleo Bandeirante: 1"
7,Substituição de Funções, o servidor CLAUDIO PAIVA DE MENDONCA,136.379-4,"o Chefe do Nucleo de Material e
Atividades Gerais da Gerencia de Apoio Operacional da Diretoria Regional de Saude da Candan",nan,nan,DFG-04,nan,nan,nan,nan,nan,nan,nan,nan,"DESIGNAR o servidor CLAUDIO PAIVA DE MENDONCA, Assistente Intermediario de
Saude (Motorista), matricula no 136.379-4, para substituir o Chefe do Nucleo de Material e
Atividades Gerais da Gerencia de Apoio Operacional da Diretoria Regional de Saude da Candan-
golandia, Nucleo Bandeirante e Riacho Fundo, Simbolo DFG-04, no periodo de 18 de novembro
a 17 de dezembro de 2002, por motivo de ferias do titular, conforme Memorando no 123/2002-
GAO/DRS/CNBRF"
8,Substituição de Funções, a servidora SANDRA MARIA PEREIRA LIMA,n:,"o Chefe do Nucleo de Apoio Operacional do Centro
de Saude n",nan,nan,nan,nan,nan,nan,nan,nan,nan,nan,nan,"DESIGNAR a servidora SANDRA MARIA PEREIRA LIMA, AIS I  PATOLOGIA CLINI-
CA, Matricula n: 136.662-9, para substituir o Chefe do Nucleo de Apoio Operacional do Centro
de Saude n 01 da Diretoria Regional de Saude de Santa Maria do quadro de cargos em comissao
da Secretaria de Estado de Saude do Distrito Federal, Simbolo/DFG 05, no periodo de 11/11/02
a 30/11/02, em virtude de ferias do titular"
9,Substituição de Funções, a servidora JANE CORREA DA COSTA,104.872-4,nan,nan,nan,nan,nan,nan,nan,nan,nan,nan,nan,nan,"Designar a servidora JANE CORREA DA COSTA, matricula no 104.872-4, Executora
do Contrato no 06/2000, celebrado entre o Distrito Federal, por intermedio da Secretaria de
Estado de Acao Social - SEAS e a Empresa A"
10,Substituição de Funções, a servidora ANA ALICE MIANA CATER,109.617-6,nan,nan,nan,nan,nan,nan,nan,nan,nan,nan,nan,nan,"Designar a servidora ANA ALICE MIANA CATER, matricula no 109.617-6, Executora do
Convenio no"
11,Substituição de Funções,"a substituto para o Fiscal responsavel pelo trecho
de atuacao",nan,nan,nan,nan,nan,nan,nan,nan,nan,nan,nan,nan,nan,"designara substituto para o Fiscal responsavel pelo trecho
de atuacao"
12,Substituição de Funções, um Grupo Especial de Trabalho,41.108-6,nan,43.044-7,nan,nan,nan,nan,nan,nan,nan,nan,nan,nan,"Designar um Grupo Especial de Trabalho, composto de servidores lotados na
Secretaria Extraordinaria de Fiscalizacao de Atividades Urbanas e indicados por outros or-
gaos do Complexo do Governo do Distrito Federal, cujos trabalhos formarao relatorio cir-
cunstanciado, a ser disponibilizado pelo Grupo, que servira para formatacao de Minuta de
Projeto de Lei da Estrutura Organica da Secretaria de Atividades Urbanas, formado por:
JOSE DA LUZ ARAUJO, matricula 41.108-6, Chefe de Gabinete da Secretaria Extraordina-
ria de Fiscalizacao de Atividades Urbanas; ANA REGINA VASQUES BERNARDO, matri-
cula 110.395-4, Assessora Especial da Secretaria Extraordinaria de Fiscalizacao de Ativida-
des Urbanas  Membro; JOSE ESTAUQUIO DOS SANTOS, matricula 43.044-7, Gerente
de Normatizacao e Procedimentos Administrativos da Secretaria de Estado de Gestao Admi-
nistrativa  Membro; MARIA AUXILIADORA GORGA LUNA, matricula 22.568-1, Ana-
lista de Administracao Publica da Secretaria de Estado de Saude  Membro; sendo os traba-
lhos do Grupo presididos pelo primeiro e secretariado pelo ultimo"
