,Tipo do Ato,Nome do Servidor Substituto,Matrícula do Servidor Substituto,Nome do Servidor a ser Substituido,Matrícula do Servidor a ser SubstituidoCargo,Símbolo do cargo do servidor substituto,Cargo comissionado objeto da substituição,Símbolo do cargo do objeto da substituição,Símbolo do cargo comissionado objeto da substituição,Hierarquia da Lotação,Órgão,Data Inicial da Vigência,Data Final de Vigência,Matrícula SIAPE,Motivo,text
0,Substituição de Funções, comissoes,nan,nan,nan,nan,nan,nan,nan,nan,nan,nan,nan,nan,nan,"designar comissoes;
XXXIV"
1,Substituição de Funções, comissoes,nan,nan,nan,nan,nan,nan,nan,nan,nan,nan,nan,nan,nan,"designar comissoes;
XXXIV"
2,Substituição de Funções," para comporem as Comissoes de Junta
Medica Especial",nan,nan,nan,nan,nan,nan,nan,nan,nan,nan,nan,nan,nan,"designar para comporem as Comissoes de Junta
Medica Especial, pelo periodo de 60 dias a contar de 01.01.2002: Medico
1  Geraldo Jose de Souza, Cardiologista CRM 2357/DF Secretarios
1  Claudia Moreira dos Santos CPF: 620.438.111-34;
2  Simone Neves Ribeiro Marques CPF: 597.183.901-20; e
3  Reyson Santos de Lima CPF:.707.458.701-04"
